{
  "config": {
    "num_samples": 4,
    "ddim_steps": 50,
    "seed": 123
  },
  "results": {
    "fp32": {
      "time": 1.234860897064209,
      "time_per_sample": 0.30871522426605225
    },
    "int8": {
      "time": 0.6509270668029785,
      "time_per_sample": 0.16273176670074463
    },
    "int4": {
      "time": 0.3700265884399414,
      "time_per_sample": 0.09250664710998535
    }
  }
}