{
  "config": {
    "num_samples": 4,
    "ddim_steps": 50,
    "seed": 123
  },
  "results": {
    "fp32": {
      "time": 1.2171220779418945,
      "time_per_sample": 0.30428051948547363
    },
    "int8": {
      "time": 0.665682315826416,
      "time_per_sample": 0.166420578956604
    },
    "int4": {
      "time": 0.356032133102417,
      "time_per_sample": 0.08900803327560425
    }
  }
}