{
  "temb.dense.0": {
    "scale": 0.007854081530947873,
    "zero_point": 0.0,
    "dynamic_range": 0.9974683544303798,
    "min": -1.0,
    "max": 1.0,
    "absmax": 1.0,
    "shape": [
      8,
      128
    ],
    "n_bits": 8,
    "symmetric": true,
    "scale_method": "mse"
  },
  "temb.dense.1": {
    "scale": 0.010416375448895537,
    "zero_point": 0.0,
    "dynamic_range": 1.3228796820097333,
    "min": -0.27846458554267883,
    "max": 1.4180121421813965,
    "absmax": 1.4180121421813965,
    "shape": [
      8,
      512
    ],
    "n_bits": 8,
    "symmetric": true,
    "scale_method": "mse"
  },
  "conv_in": {
    "scale": 0.028214858213474307,
    "zero_point": 0.0,
    "dynamic_range": 3.583286993111237,
    "min": -5.580355644226074,
    "max": 5.137697696685791,
    "absmax": 5.580355644226074,
    "shape": [
      8,
      3,
      32,
      32
    ],
    "n_bits": 8,
    "symmetric": true,
    "scale_method": "mse"
  },
  "down.0.block.0.conv1": {
    "scale": 0.030347509839462754,
    "zero_point": 0.0,
    "dynamic_range": 3.85413374961177,
    "min": -0.27846458554267883,
    "max": 6.102024078369141,
    "absmax": 6.102024078369141,
    "shape": [
      8,
      128,
      32,
      32
    ],
    "n_bits": 8,
    "symmetric": true,
    "scale_method": "mse"
  },
  "down.0.block.0.temb_proj": {
    "scale": 0.0020658970354419165,
    "zero_point": 0.0,
    "dynamic_range": 0.2623689235011234,
    "min": -0.21819643676280975,
    "max": 0.360749751329422,
    "absmax": 0.360749751329422,
    "shape": [
      8,
      512
    ],
    "n_bits": 8,
    "symmetric": true,
    "scale_method": "mse"
  },
  "down.0.block.0.conv2": {
    "scale": 0.02504793937239775,
    "zero_point": 0.0,
    "dynamic_range": 3.181088300294514,
    "min": -0.27846458554267883,
    "max": 6.854822635650635,
    "absmax": 6.854822635650635,
    "shape": [
      8,
      128,
      32,
      32
    ],
    "n_bits": 8,
    "symmetric": true,
    "scale_method": "mse"
  },
  "down.0.block.1.conv1": {
    "scale": 0.02999932408796212,
    "zero_point": 0.0,
    "dynamic_range": 3.8099141591711896,
    "min": -0.27846458554267883,
    "max": 6.216407299041748,
    "absmax": 6.216407299041748,
    "shape": [
      8,
      128,
      32,
      32
    ],
    "n_bits": 8,
    "symmetric": true,
    "scale_method": "mse"
  },
  "down.0.block.1.temb_proj": {
    "scale": 0.0020658970354419165,
    "zero_point": 0.0,
    "dynamic_range": 0.2623689235011234,
    "min": -0.21819643676280975,
    "max": 0.360749751329422,
    "absmax": 0.360749751329422,
    "shape": [
      8,
      512
    ],
    "n_bits": 8,
    "symmetric": true,
    "scale_method": "mse"
  },
  "down.0.block.1.conv2": {
    "scale": 0.030213594393871324,
    "zero_point": 0.0,
    "dynamic_range": 3.8371264880216582,
    "min": -0.27846458554267883,
    "max": 6.524449348449707,
    "absmax": 6.524449348449707,
    "shape": [
      8,
      128,
      32,
      32
    ],
    "n_bits": 8,
    "symmetric": true,
    "scale_method": "mse"
  },
  "down.0.downsample.conv": {
    "scale": 0.019419962794500565,
    "zero_point": 0.0,
    "dynamic_range": 2.4663352749015717,
    "min": -4.7967071533203125,
    "max": 5.007312774658203,
    "absmax": 5.007312774658203,
    "shape": [
      8,
      128,
      33,
      33
    ],
    "n_bits": 8,
    "symmetric": true,
    "scale_method": "mse"
  },
  "down.1.block.0.conv1": {
    "scale": 0.030529198042478806,
    "zero_point": 0.0,
    "dynamic_range": 3.8772081513948082,
    "min": -0.27846458554267883,
    "max": 6.236472129821777,
    "absmax": 6.236472129821777,
    "shape": [
      8,
      128,
      16,
      16
    ],
    "n_bits": 8,
    "symmetric": true,
    "scale_method": "mse"
  },
  "down.1.block.0.temb_proj": {
    "scale": 0.0020658970354419165,
    "zero_point": 0.0,
    "dynamic_range": 0.2623689235011234,
    "min": -0.21819643676280975,
    "max": 0.360749751329422,
    "absmax": 0.360749751329422,
    "shape": [
      8,
      512
    ],
    "n_bits": 8,
    "symmetric": true,
    "scale_method": "mse"
  },
  "down.1.block.0.conv2": {
    "scale": 0.030512833554878032,
    "zero_point": 0.0,
    "dynamic_range": 3.87512986146951,
    "min": -0.27846458554267883,
    "max": 7.167349815368652,
    "absmax": 7.167349815368652,
    "shape": [
      8,
      256,
      16,
      16
    ],
    "n_bits": 8,
    "symmetric": true,
    "scale_method": "mse"
  },
  "down.1.block.0.nin_shortcut": {
    "scale": 0.013369583610664702,
    "zero_point": 0.0,
    "dynamic_range": 1.6979371185544172,
    "min": -2.545579433441162,
    "max": 2.5911948680877686,
    "absmax": 2.5911948680877686,
    "shape": [
      8,
      128,
      16,
      16
    ],
    "n_bits": 8,
    "symmetric": true,
    "scale_method": "mse"
  },
  "down.1.attn.0.q": {
    "scale": 0.03214582207313887,
    "zero_point": 0.0,
    "dynamic_range": 4.082519403288636,
    "min": -6.026617050170898,
    "max": 6.206547737121582,
    "absmax": 6.206547737121582,
    "shape": [
      8,
      256,
      16,
      16
    ],
    "n_bits": 8,
    "symmetric": true,
    "scale_method": "mse"
  },
  "down.1.attn.0.k": {
    "scale": 0.03214582207313887,
    "zero_point": 0.0,
    "dynamic_range": 4.082519403288636,
    "min": -6.026617050170898,
    "max": 6.206547737121582,
    "absmax": 6.206547737121582,
    "shape": [
      8,
      256,
      16,
      16
    ],
    "n_bits": 8,
    "symmetric": true,
    "scale_method": "mse"
  },
  "down.1.attn.0.v": {
    "scale": 0.03214582207313887,
    "zero_point": 0.0,
    "dynamic_range": 4.082519403288636,
    "min": -6.026617050170898,
    "max": 6.206547737121582,
    "absmax": 6.206547737121582,
    "shape": [
      8,
      256,
      16,
      16
    ],
    "n_bits": 8,
    "symmetric": true,
    "scale_method": "mse"
  },
  "down.1.attn.0.proj_out": {
    "scale": 0.003489900227915691,
    "zero_point": 0.0,
    "dynamic_range": 0.44321732894529275,
    "min": -0.773805558681488,
    "max": 0.9337649941444397,
    "absmax": 0.9337649941444397,
    "shape": [
      8,
      256,
      16,
      16
    ],
    "n_bits": 8,
    "symmetric": true,
    "scale_method": "mse"
  },
  "down.1.block.1.conv1": {
    "scale": 0.031241000548181845,
    "zero_point": 0.0,
    "dynamic_range": 3.967607069619094,
    "min": -0.27846458554267883,
    "max": 5.9483113288879395,
    "absmax": 5.9483113288879395,
    "shape": [
      8,
      256,
      16,
      16
    ],
    "n_bits": 8,
    "symmetric": true,
    "scale_method": "mse"
  },
  "down.1.block.1.temb_proj": {
    "scale": 0.0020658970354419165,
    "zero_point": 0.0,
    "dynamic_range": 0.2623689235011234,
    "min": -0.21819643676280975,
    "max": 0.360749751329422,
    "absmax": 0.360749751329422,
    "shape": [
      8,
      512
    ],
    "n_bits": 8,
    "symmetric": true,
    "scale_method": "mse"
  },
  "down.1.block.1.conv2": {
    "scale": 0.039111355647814545,
    "zero_point": 0.0,
    "dynamic_range": 4.967142167272447,
    "min": -0.27846458554267883,
    "max": 5.995513916015625,
    "absmax": 5.995513916015625,
    "shape": [
      8,
      256,
      16,
      16
    ],
    "n_bits": 8,
    "symmetric": true,
    "scale_method": "mse"
  },
  "down.1.attn.1.q": {
    "scale": 0.03378091461575544,
    "zero_point": 0.0,
    "dynamic_range": 4.290176156200941,
    "min": -5.834453582763672,
    "max": 6.187779903411865,
    "absmax": 6.187779903411865,
    "shape": [
      8,
      256,
      16,
      16
    ],
    "n_bits": 8,
    "symmetric": true,
    "scale_method": "mse"
  },
  "down.1.attn.1.k": {
    "scale": 0.03378091461575544,
    "zero_point": 0.0,
    "dynamic_range": 4.290176156200941,
    "min": -5.834453582763672,
    "max": 6.187779903411865,
    "absmax": 6.187779903411865,
    "shape": [
      8,
      256,
      16,
      16
    ],
    "n_bits": 8,
    "symmetric": true,
    "scale_method": "mse"
  },