model,precision,engine_size_mb,mean_ms,std_ms,min_ms,max_ms,p50_ms,p95_ms,p99_ms,throughput,mse,psnr_db,mae,cosine_similarity,max_error
FP32 (TensorRT),FP32-TRT,173.3,5.2315002699469915,0.04874571555903104,5.145414001162862,5.341085001418833,5.246755497864797,5.304966699441138,5.311819610724342,191.1497559781513,0.0,inf,0.0,1.0,0.0
INT8 (TensorRT),INT8,40.9,2.7792180401593214,0.029467888750884057,2.757739002845483,2.916518998972606,2.7683560001605656,2.8509055004178663,2.879692980350228,359.8134387263383,0.294749915599823,19.964646100997925,0.432877779006958,0.9668989777565002,1.8055754899978638
INT4 (TensorRT),INT4,71.5,2.9898118000710383,0.031510569461079684,2.9627139992953744,3.168100996845169,2.9801019991282374,3.0680800018672016,3.0857537919655447,334.46921307094976,0.0007951236329972744,43.16753387451172,0.01865249313414097,0.9996370077133179,0.1814197301864624
