model,precision,engine_size_mb,mean_ms,std_ms,min_ms,max_ms,p50_ms,p95_ms,p99_ms,throughput,mse,psnr_db,mae,cosine_similarity,max_error
FP32 (TensorRT),FP32-TRT,173.3,5.1760174400033065,0.024189848587000604,5.121484000028431,5.2360419999786245,5.177042499980189,5.212937700008524,5.229081310039305,193.19873079858888,0.0,inf,0.0,1.0,0.0
INT4 (TensorRT),INT4,71.5,2.9944392800007336,0.021034357642460907,2.9729370000382005,3.11458699997047,2.987804500008906,3.039228599999433,3.0557978300197424,333.9523384824671,0.0007951236329972744,43.16753387451172,0.01865249313414097,0.9996370077133179,0.1814197301864624
INT8 (TensorRT),INT8,73.3,2.9343435700002374,0.035099440604542044,2.904097999987698,3.0695930000206317,2.9216555000175504,3.027426350024598,3.052513520000275,340.7917226270539,0.0008177054114639759,43.04591655731201,0.016138644888997078,0.9996272325515747,0.1657947301864624
