model,precision,engine_size_mb,mean_ms,std_ms,min_ms,max_ms,p50_ms,p95_ms,p99_ms,throughput,mse,psnr_db,mae,cosine_similarity,max_error
FP32 (TensorRT),FP32-TRT,173.3,5.186493910068748,0.04247899166319377,5.075911999483651,5.258541999864974,5.1919135003117844,5.241678449692699,5.258038089341426,192.80847858678865,0.0,inf,0.0,1.0,0.0
INT4 (TensorRT),INT4,71.5,3.0250300300031085,0.04629334120473129,2.971128999888606,3.3571909998499905,3.029990000413818,3.0795813497661584,3.104826139924627,330.5752306858826,0.0007951236329972744,43.16753387451172,0.01865249313414097,0.9996370077133179,0.1814197301864624
INT8 (TensorRT),INT8,73.3,2.961298680056643,0.0436376620889655,2.904323000620934,3.1565680001222063,2.9631925003741344,3.025663300149972,3.1112715401377504,337.68967876650396,0.0008177054114639759,43.04591655731201,0.016138644888997078,0.9996272325515747,0.1657947301864624
