model,precision,engine_size_mb,mean_ms,std_ms,min_ms,max_ms,p50_ms,p95_ms,p99_ms,throughput,mse,psnr_db,mae,cosine_similarity,max_error
FP32 (TensorRT),FP32-TRT,173.3,5.028488250002283,0.025084817814851623,4.9252769999839074,5.078187999970396,5.03657450008177,5.058330650183507,5.0759862400695965,198.8669258597842,0.0,inf,0.0,1.0,0.0
INT8 (TensorRT),INT8,42.6,2.808270749987969,0.07172875029365405,2.775150999923426,3.4299030000966013,2.7881949998800337,2.9092159498532055,2.942692320007157,356.09102149580275,0.164118692278862,21.879558563232422,0.3224605619907379,0.9755136370658875,1.401726245880127
INT4 (TensorRT),INT4,71.5,2.980377380013124,0.008010957588907798,2.9687389999253355,3.007023999998637,2.978240000061305,2.996879549982623,3.005315260061252,335.5279793445475,0.0007951236329972744,43.16753387451172,0.01865249313414097,0.9996370077133179,0.1814197301864624
