{
  "temb.dense.0": {
    "act_scale": 0.008056947427026168,
    "act_zero_point": 0.0,
    "min": -1.0,
    "max": 1.0,
    "absmax": 1.0,
    "shape": [
      8,
      128
    ],
    "n_bits": 8,
    "symmetric": true,
    "scale_method": "mse"
  },
  "temb.dense.1": {
    "act_scale": 0.009912539764813285,
    "act_zero_point": 0.0,
    "min": -0.27846455574035645,
    "max": 1.5384438037872314,
    "absmax": 1.5384438037872314,
    "shape": [
      8,
      512
    ],
    "n_bits": 8,
    "symmetric": true,
    "scale_method": "mse"
  },
  "conv_in": {
    "act_scale": 0.030970481937638728,
    "act_zero_point": 0.0,
    "min": -5.580355644226074,
    "max": 5.557989120483398,
    "absmax": 5.580355644226074,
    "shape": [
      8,
      3,
      32,
      32
    ],
    "n_bits": 8,
    "symmetric": true,
    "scale_method": "mse"
  },
  "down.0.block.0.conv1": {
    "act_scale": 0.03028841474920376,
    "act_zero_point": 0.0,
    "min": -0.27846458554267883,
    "max": 6.809147357940674,
    "absmax": 6.809147357940674,
    "shape": [
      8,
      128,
      32,
      32
    ],
    "n_bits": 8,
    "symmetric": true,
    "scale_method": "mse"
  },
  "down.0.block.0.temb_proj": {
    "act_scale": 0.0020279468366887947,
    "act_zero_point": 0.0,
    "min": -0.18816077709197998,
    "max": 0.31078770756721497,
    "absmax": 0.31078770756721497,
    "shape": [
      8,
      512
    ],
    "n_bits": 8,
    "symmetric": true,
    "scale_method": "mse"
  },
  "down.0.block.0.conv2": {
    "act_scale": 0.024862444098331587,
    "act_zero_point": 0.0,
    "min": -0.27846458554267883,
    "max": 6.979055404663086,
    "absmax": 6.979055404663086,
    "shape": [
      8,
      128,
      32,
      32
    ],
    "n_bits": 8,
    "symmetric": true,
    "scale_method": "mse"
  },
  "down.0.block.1.conv1": {
    "act_scale": 0.027180667709718314,
    "act_zero_point": 0.0,
    "min": -0.27846458554267883,
    "max": 6.688236713409424,
    "absmax": 6.688236713409424,
    "shape": [
      8,
      128,
      32,
      32
    ],
    "n_bits": 8,
    "symmetric": true,
    "scale_method": "mse"
  },
  "down.0.block.1.temb_proj": {
    "act_scale": 0.0020279468366887947,
    "act_zero_point": 0.0,
    "min": -0.18816077709197998,
    "max": 0.31078770756721497,
    "absmax": 0.31078770756721497,
    "shape": [
      8,
      512
    ],
    "n_bits": 8,
    "symmetric": true,
    "scale_method": "mse"
  },
  "down.0.block.1.conv2": {
    "act_scale": 0.030724177125017384,
    "act_zero_point": 0.0,
    "min": -0.27846458554267883,
    "max": 6.5946879386901855,
    "absmax": 6.5946879386901855,
    "shape": [
      8,
      128,
      32,
      32
    ],
    "n_bits": 8,
    "symmetric": true,
    "scale_method": "mse"
  },
  "down.0.downsample.conv": {
    "act_scale": 0.02167588096429935,
    "act_zero_point": 0.0,
    "min": -4.926884651184082,
    "max": 4.809897422790527,
    "absmax": 4.926884651184082,
    "shape": [
      8,
      128,
      33,
      33
    ],
    "n_bits": 8,
    "symmetric": true,
    "scale_method": "mse"
  },
  "down.1.block.0.conv1": {
    "act_scale": 0.030204371253829538,
    "act_zero_point": 0.0,
    "min": -0.27846458554267883,
    "max": 6.4478983879089355,
    "absmax": 6.4478983879089355,
    "shape": [
      8,
      128,
      16,
      16
    ],
    "n_bits": 8,
    "symmetric": true,
    "scale_method": "mse"
  },
  "down.1.block.0.temb_proj": {
    "act_scale": 0.0020279468366887947,
    "act_zero_point": 0.0,
    "min": -0.18816077709197998,
    "max": 0.31078770756721497,
    "absmax": 0.31078770756721497,
    "shape": [
      8,
      512
    ],
    "n_bits": 8,
    "symmetric": true,
    "scale_method": "mse"
  },
  "down.1.block.0.conv2": {
    "act_scale": 0.02473483444028184,
    "act_zero_point": 0.0,
    "min": -0.27846458554267883,
    "max": 6.089529991149902,
    "absmax": 6.089529991149902,
    "shape": [
      8,
      256,
      16,
      16
    ],
    "n_bits": 8,
    "symmetric": true,
    "scale_method": "mse"
  },
  "down.1.block.0.nin_shortcut": {
    "act_scale": 0.011534722737098645,
    "act_zero_point": 0.0,
    "min": -2.503909111022949,
    "max": 2.8063058853149414,
    "absmax": 2.8063058853149414,
    "shape": [
      8,
      128,
      16,
      16
    ],
    "n_bits": 8,
    "symmetric": true,
    "scale_method": "mse"
  },
  "down.1.attn.0.q": {
    "act_scale": 0.03607803385837791,
    "act_zero_point": 0.0,
    "min": -6.664958953857422,
    "max": 6.324255466461182,
    "absmax": 6.664958953857422,
    "shape": [
      8,
      256,
      16,
      16
    ],
    "n_bits": 8,
    "symmetric": true,
    "scale_method": "mse"
  },
  "down.1.attn.0.k": {
    "act_scale": 0.03607803385837791,
    "act_zero_point": 0.0,
    "min": -6.664958953857422,
    "max": 6.324255466461182,
    "absmax": 6.664958953857422,
    "shape": [
      8,
      256,
      16,
      16
    ],
    "n_bits": 8,
    "symmetric": true,
    "scale_method": "mse"
  },
  "down.1.attn.0.v": {
    "act_scale": 0.03607803385837791,
    "act_zero_point": 0.0,
    "min": -6.664958953857422,
    "max": 6.324255466461182,
    "absmax": 6.664958953857422,
    "shape": [
      8,
      256,
      16,
      16
    ],
    "n_bits": 8,
    "symmetric": true,
    "scale_method": "mse"
  },
  "down.1.attn.0.proj_out": {
    "act_scale": 0.003916571760939915,
    "act_zero_point": 0.0,
    "min": -0.9043277502059937,
    "max": 0.8443566560745239,
    "absmax": 0.9043277502059937,
    "shape": [
      8,
      256,
      16,
      16
    ],
    "n_bits": 8,
    "symmetric": true,
    "scale_method": "mse"
  },
  "down.1.block.1.conv1": {
    "act_scale": 0.024935997790618246,
    "act_zero_point": 0.0,
    "min": -0.27846458554267883,
    "max": 6.302623271942139,
    "absmax": 6.302623271942139,
    "shape": [
      8,
      256,
      16,
      16
    ],
    "n_bits": 8,
    "symmetric": true,
    "scale_method": "mse"
  },
  "down.1.block.1.temb_proj": {
    "act_scale": 0.0020279468366887947,
    "act_zero_point": 0.0,
    "min": -0.18816077709197998,
    "max": 0.31078770756721497,
    "absmax": 0.31078770756721497,
    "shape": [
      8,
      512
    ],
    "n_bits": 8,
    "symmetric": true,
    "scale_method": "mse"
  },
  "down.1.block.1.conv2": {
    "act_scale": 0.025134353955131642,
    "act_zero_point": 0.0,
    "min": -0.27846458554267883,
    "max": 6.463146686553955,
    "absmax": 6.463146686553955,
    "shape": [
      8,
      256,
      16,
      16
    ],
    "n_bits": 8,
    "symmetric": true,
    "scale_method": "mse"
  },
  "down.1.attn.1.q": {
    "act_scale": 0.03426014890271042,
    "act_zero_point": 0.0,
    "min": -6.155674457550049,
    "max": 6.038541316986084,
    "absmax": 6.155674457550049,
    "shape": [
      8,
      256,
      16,
      16
    ],
    "n_bits": 8,
    "symmetric": true,
    "scale_method": "mse"
  },
  "down.1.attn.1.k": {
    "act_scale": 0.03426014890271042,
    "act_zero_point": 0.0,
    "min": -6.155674457550049,
    "max": 6.038541316986084,
    "absmax": 6.155674457550049,
    "shape": [
      8,
      256,
      16,
      16
    ],
    "n_bits": 8,
    "symmetric": true,
    "scale_method": "mse"
  },
  "down.1.attn.1.v": {
    "act_scale": 0.03426014890271042,
    "act_zero_point": 0.0,
    "min": -6.155674457550049,
    "max": 6.038541316986084,
    "absmax": 6.155674457550049,
    "shape": [
      8,
      256,
      16,
      16
    ],
    "n_bits": 8,
    "symmetric": true,
    "scale_method": "mse"
  },
  "down.1.attn.1.proj_out": {
    "act_scale": 0.003451854248685161,
    "act_zero_point": 0.0,
    "min": -1.1141142845153809,
    "max": 0.9168088436126709,
    "absmax": 1.1141142845153809,
    "shape": [
      8,
      256,
      16,
      16
    ],
    "n_bits": 8,
    "symmetric": true,
    "scale_method": "mse"
  },
  "down.1.downsample.conv": {
    "act_scale": 0.018652734519056174,
    "act_zero_point": 0.0,
    "min": -3.5756025314331055,