{
  "num_samples": 100000,
  "num_steps": 50,
  "seed": 42,
  "fp32_time": 27014.916746616364,
  "int8_time": 15475.431739807129,
  "int4_time": 15888.595582485199,
  "fid_fp32_cifar": 6.611816906280865,
  "fid_int8_cifar": 36.22041877842105,
  "fid_int4_cifar": 37.12292557453907,
  "speedup_int8": 1.7456648189740942,
  "speedup_int4": 1.700270902256224
}