{
  "num_samples": 50000,
  "num_steps": 50,
  "seed": 42,
  "fp32_time": 13251.346870422363,
  "int4_time": 7878.587865591049,
  "speedup": 1.6819444164983304,
  "fid_fp32_int4": 38.997985107139414,
  "fid_fp32_cifar": 9.005166992352429,
  "fid_int4_cifar": 39.73533002515853
}