L|attention|C192|T1024,"void flash_attn_int8_mma_kernel_t<(int)32, (int)8, (int)32, (bool)1, (bool)0, (bool)0, (bool)0, (int)24, (int)1024>(const signed char *, const signed char *, const signed char *, const float *, const float *, const float *, __half *, int, int, int, int, int, float, signed char *, float, int, float, const __half *, int, float, const signed char *, int)",138710313.0
L|attention|C192|T1024,"void gemm_w8a8_kernel_awq_out_i8<(int)1>(const signed char *, const signed char *, const float *, float, const float *, const __half *, signed char *, int, int, int, int, signed char *, signed char *, signed char *, int, int, int, int)",60419279.0
L|resblock_plain|C384|T1024,"void group_norm_silu_quantize_nhwc_vec2_kernel<__half, (bool)0>(const T1 *, signed char *, const T1 *, const T1 *, const T1 *, const T1 *, const float *, const float *, int, long, int, float, bool)",49124756.0
L|resblock_plain|C384|T1024,"void cutlass::Kernel<modiff::ImplicitGemmConvolutionEVT<cutlass::conv::threadblock::ImplicitGemmMultistage<cutlass::gemm::GemmShape<(int)128, (int)128, (int)128>, cutlass::conv::threadblock::Conv2dFpropActivationTileAccessIteratorOptimized<cutlass::MatrixShape<(int)128, (int)128>, signed char, cutlass::layout::TensorNHWC, cutlass::transform::PitchLinearWarpRakedThreadMap<cutlass::PitchLinearShape<(int)128, (int)128>, (int)256, cutlass::PitchLinearShape<(int)8, (int)4>, (int)16>, cutlass::AlignedArray<signed char, (int)16, (int)16>>, cutlass::transform::threadblock::RegularTileAccessIterator<cutlass::MatrixShape<(int)128, (int)128>, signed char, cutlass::layout::RowMajorTensorOpMultiplicandCrosswise<(int)8, (int)128>, (int)0, cutlass::transform::PitchLinearWarpRakedThreadMap<cutlass::PitchLinearShape<(int)128, (int)128>, (int)256, cutlass::PitchLinearShape<(int)8, (int)4>, (int)16>, (int)16>, (cutlass::arch::CacheOperation::Kind)0, cutlass::conv::threadblock::Conv2dFpropFilterTileAccessIteratorOptimized<cutlass::MatrixShape<(int)128, (int)128>, signed char, cutlass::layout::TensorNHWC, cutlass::transform::PitchLinearWarpRakedThreadMap<cutlass::PitchLinearShape<(int)128, (int)128>, (int)256, cutlass::PitchLinearShape<(int)8, (int)4>, (int)16>, cutlass::AlignedArray<signed char, (int)16, (int)16>, (bool)0>, cutlass::transform::threadblock::RegularTileAccessIterator<cutlass::MatrixShape<(int)128, (int)128>, signed char, cutlass::layout::ColumnMajorTensorOpMultiplicandCrosswise<(int)8, (int)128>, (int)1, cutlass::transform::PitchLinearWarpRakedThreadMap<cutlass::PitchLinearShape<(int)128, (int)128>, (int)256, cutlass::PitchLinearShape<(int)8, (int)4>, (int)16>, (int)16>, (cutlass::arch::CacheOperation::Kind)1, cutlass::gemm::threadblock::MmaPolicy<cutlass::gemm::warp::MmaTensorOp<cutlass::gemm::GemmShape<(int)64, (int)64, (int)64>, signed char, cutlass::layout::RowMajorTensorOpMultiplicandCrosswise<(int)8, (int)128>, signed char, cutlass::layout::ColumnMajorTensorOpMultiplicandCrosswise<(int)8, (int)128>, int, cutlass::layout::RowMajor, cutlass::gemm::warp::MmaTensorOpPolicy<cutlass::arch::Mma<cutlass::gemm::GemmShape<(int)16, (int)8, (int)32>, (int)32, signed char, cutlass::layout::RowMajor, signed char, cutlass::layout::ColumnMajor, int, cutlass::layout::RowMajor, cutlass::arch::OpMultiplyAddSaturate>, cutlass::MatrixShape<(int)1, (int)1>>, (int)2, (bool)0, bool>, cutlass::MatrixShape<(int)0, (int)0>, cutlass::MatrixShape<(int)0, (int)0>, (int)2>, (int)3, bool>, cutlass::epilogue::threadblock::EpilogueWithVisitorCallbacks<cutlass::epilogue::threadblock::Epilogue<cutlass::gemm::GemmShape<(int)128, (int)128, (int)128>, cutlass::gemm::warp::MmaTensorOp<cutlass::gemm::GemmShape<(int)64, (int)64, (int)64>, signed char, cutlass::layout::RowMajorTensorOpMultiplicandCrosswise<(int)8, (int)128>, signed char, cutlass::layout::ColumnMajorTensorOpMultiplicandCrosswise<(int)8, (int)128>, int, cutlass::layout::RowMajor, cutlass::gemm::warp::MmaTensorOpPolicy<cutlass::arch::Mma<cutlass::gemm::GemmShape<(int)16, (int)8, (int)32>, (int)32, signed char, cutlass::layout::RowMajor, signed char, cutlass::layout::ColumnMajor, int, cutlass::layout::RowMajor, cutlass::arch::OpMultiplyAddSaturate>, cutlass::MatrixShape<(int)1, (int)1>>, (int)2, (bool)0, bool>, (int)2, cutlass::epilogue::threadblock::PredicatedTileIteratorConv<cutlass::epilogue::threadblock::OutputTileOptimalThreadMap<cutlass::epilogue::threadblock::OutputTileShape<(int)128, (int)8, (int)2, (int)1, (int)1>, cutlass::epilogue::threadblock::OutputTileShape<(int)1, (int)8, (int)1, (int)1, (int)8>, (int)256, (int)8, (int)16>, cutlass::half_t, (bool)0, cutlass::layout::NoPermute, (bool)0, (int)4>, cutlass::epilogue::warp::FragmentIteratorTensorOp<cutlass::gemm::GemmShape<(int)64, (int)64, (int)64>, cutlass::gemm::GemmShape<(int)16, (int)8, (int)32>, int, cutlass::Array<int, (int)4, (bool)1>, cutlass::layout::RowMajor>, cutlass::epilogue::warp::TileIteratorTensorOpMixed<cutlass::gemm::GemmShape<(int)64, (int)64, (int)64>, cutlass::gemm::GemmShape<(int)16, (int)8, (int)32>, int, (int)32, (int)16, (int)8, (int)8, (bool)0>, cutlass::epilogue::threadblock::SharedLoadIteratorMixed<cutlass::epilogue::threadblock::OutputTileOptimalThreadMap<cutlass::epilogue::threadblock::OutputTileShape<(int)128, (int)8, (int)2, (int)1, (int)1>, cutlass::epilogue::threadblock::OutputTileShape<(int)1, (int)8, (int)1, (int)1, (int)8>, (int)256, (int)8, (int)16>::CompactedThreadMap, int, (int)32, (int)16, (int)8, (int)8, (bool)0>, cutlass::epilogue::thread::LinearCombination<cutlass::half_t, (int)8, int, float, (cutlass::epilogue::thread::ScaleType::Kind)0, (cutlass::FloatRoundStyle)2, cutlass::half_t>, cutlass::MatrixShape<(int)0, (int)8>, (int)1, (int)1>, cutlass::epilogue::threadblock::TreeVisitor2x<cutlass::epilogue::threadblock::VisitorAuxStore<cutlass::epilogue::threadblock::OutputTileThreadLayout<cutlass::gemm::GemmShape<(int)128, (int)128, (int)128>, cutlass::gemm::GemmShape<(int)64, (int)64, (int)64>, cutlass::half_t, (int)8, (int)1>, cutlass::half_t, (cutlass::FloatRoundStyle)2, cute::tuple<long, cute::C<(int)1>, long>>, cutlass::epilogue::threadblock::TreeVisitor2x<cutlass::epilogue::threadblock::VisitorCompute<cutlass::plus, float, float, (cutlass::FloatRoundStyle)2, void>, cutlass::epilogue::threadblock::TreeVisitor2x<cutlass::epilogue::threadblock::VisitorCompute<cutlass::multiplies, float, float, (cutlass::FloatRoundStyle)2, void>, cutlass::epilogue::threadblock::TreeVisitor2x<cutlass::epilogue::threadblock::VisitorCompute<cutlass::multiplies, float, float, (cutlass::FloatRoundStyle)2, void>, cutlass::epilogue::threadblock::VisitorAccFetch, cutlass::epilogue::threadblock::VisitorScalarBroadcast<float, cute::tuple<cute::C<(int)0>, cute::C<(int)0>, cute::C<(int)0>>, (int)1, cutlass::multiplies>>, cutlass::epilogue::threadblock::VisitorRowBroadcast<cutlass::epilogue::threadblock::OutputTileThreadLayout<cutlass::gemm::GemmShape<(int)128, (int)128, (int)128>, cutlass::gemm::GemmShape<(int)64, (int)64, (int)64>, cutlass::half_t, (int)8, (int)1>, float, cute::tuple<cute::C<(int)0>, cute::C<(int)1>, int>, (bool)1>>, cutlass::epilogue::threadblock::VisitorRowBroadcast<cutlass::epilogue::threadblock::OutputTileThreadLayout<cutlass::gemm::GemmShape<(int)128, (int)128, (int)128>, cutlass::gemm::GemmShape<(int)64, (int)64, (int)64>, cutlass::half_t, (int)8, (int)1>, float, cute::tuple<cute::C<(int)0>, cute::C<(int)1>, int>, (bool)1>>>, (int)1, (int)1>, cutlass::gemm::threadblock::GemmIdentityThreadblockSwizzle<(int)1>, (cutlass::conv::Operator)0, cutlass::conv::Conv2dProblemSize>>(T1::Params)",40105915.0
L|resblock_plain|C192|T1024,"void group_norm_silu_quantize_nhwc_vec2_kernel<__half, (bool)0>(const T1 *, signed char *, const T1 *, const T1 *, const T1 *, const T1 *, const float *, const float *, int, long, int, float, bool)",38812716.0
,"cat2_channels_last_fp16_kernel(const __half *, const __half *, __half *, long, int, int)",38392621.0
L|attention|C192|T1024,"gemm_w8a8_kernel_awq(const signed char *, const signed char *, const float *, float, __half *, int, int, int, int, const __half *, const __half *)",34248915.0
L|resblock_updown|C384|T256,"void cutlass::Kernel<modiff::ImplicitGemmConvolutionEVT<cutlass::conv::threadblock::ImplicitGemmMultistage<cutlass::gemm::GemmShape<(int)128, (int)128, (int)128>, cutlass::conv::threadblock::Conv2dFpropActivationTileAccessIteratorOptimized<cutlass::MatrixShape<(int)128, (int)128>, signed char, cutlass::layout::TensorNHWC, cutlass::transform::PitchLinearWarpRakedThreadMap<cutlass::PitchLinearShape<(int)128, (int)128>, (int)256, cutlass::PitchLinearShape<(int)8, (int)4>, (int)16>, cutlass::AlignedArray<signed char, (int)16, (int)16>>, cutlass::transform::threadblock::RegularTileAccessIterator<cutlass::MatrixShape<(int)128, (int)128>, signed char, cutlass::layout::RowMajorTensorOpMultiplicandCrosswise<(int)8, (int)128>, (int)0, cutlass::transform::PitchLinearWarpRakedThreadMap<cutlass::PitchLinearShape<(int)128, (int)128>, (int)256, cutlass::PitchLinearShape<(int)8, (int)4>, (int)16>, (int)16>, (cutlass::arch::CacheOperation::Kind)0, cutlass::conv::threadblock::Conv2dFpropFilterTileAccessIteratorOptimized<cutlass::MatrixShape<(int)128, (int)128>, signed char, cutlass::layout::TensorNHWC, cutlass::transform::PitchLinearWarpRakedThreadMap<cutlass::PitchLinearShape<(int)128, (int)128>, (int)256, cutlass::PitchLinearShape<(int)8, (int)4>, (int)16>, cutlass::AlignedArray<signed char, (int)16, (int)16>, (bool)0>, cutlass::transform::threadblock::RegularTileAccessIterator<cutlass::MatrixShape<(int)128, (int)128>, signed char, cutlass::layout::ColumnMajorTensorOpMultiplicandCrosswise<(int)8, (int)128>, (int)1, cutlass::transform::PitchLinearWarpRakedThreadMap<cutlass::PitchLinearShape<(int)128, (int)128>, (int)256, cutlass::PitchLinearShape<(int)8, (int)4>, (int)16>, (int)16>, (cutlass::arch::CacheOperation::Kind)1, cutlass::gemm::threadblock::MmaPolicy<cutlass::gemm::warp::MmaTensorOp<cutlass::gemm::GemmShape<(int)64, (int)64, (int)64>, signed char, cutlass::layout::RowMajorTensorOpMultiplicandCrosswise<(int)8, (int)128>, signed char, cutlass::layout::ColumnMajorTensorOpMultiplicandCrosswise<(int)8, (int)128>, int, cutlass::layout::RowMajor, cutlass::gemm::warp::MmaTensorOpPolicy<cutlass::arch::Mma<cutlass::gemm::GemmShape<(int)16, (int)8, (int)32>, (int)32, signed char, cutlass::layout::RowMajor, signed char, cutlass::layout::ColumnMajor, int, cutlass::layout::RowMajor, cutlass::arch::OpMultiplyAddSaturate>, cutlass::MatrixShape<(int)1, (int)1>>, (int)2, (bool)0, bool>, cutlass::MatrixShape<(int)0, (int)0>, cutlass::MatrixShape<(int)0, (int)0>, (int)2>, (int)3, bool>, cutlass::epilogue::threadblock::EpilogueWithVisitorCallbacks<cutlass::epilogue::threadblock::Epilogue<cutlass::gemm::GemmShape<(int)128, (int)128, (int)128>, cutlass::gemm::warp::MmaTensorOp<cutlass::gemm::GemmShape<(int)64, (int)64, (int)64>, signed char, cutlass::layout::RowMajorTensorOpMultiplicandCrosswise<(int)8, (int)128>, signed char, cutlass::layout::ColumnMajorTensorOpMultiplicandCrosswise<(int)8, (int)128>, int, cutlass::layout::RowMajor, cutlass::gemm::warp::MmaTensorOpPolicy<cutlass::arch::Mma<cutlass::gemm::GemmShape<(int)16, (int)8, (int)32>, (int)32, signed char, cutlass::layout::RowMajor, signed char, cutlass::layout::ColumnMajor, int, cutlass::layout::RowMajor, cutlass::arch::OpMultiplyAddSaturate>, cutlass::MatrixShape<(int)1, (int)1>>, (int)2, (bool)0, bool>, (int)2, cutlass::epilogue::threadblock::PredicatedTileIteratorConv<cutlass::epilogue::threadblock::OutputTileOptimalThreadMap<cutlass::epilogue::threadblock::OutputTileShape<(int)128, (int)8, (int)2, (int)1, (int)1>, cutlass::epilogue::threadblock::OutputTileShape<(int)1, (int)8, (int)1, (int)1, (int)8>, (int)256, (int)8, (int)16>, cutlass::half_t, (bool)0, cutlass::layout::NoPermute, (bool)0, (int)4>, cutlass::epilogue::warp::FragmentIteratorTensorOp<cutlass::gemm::GemmShape<(int)64, (int)64, (int)64>, cutlass::gemm::GemmShape<(int)16, (int)8, (int)32>, int, cutlass::Array<int, (int)4, (bool)1>, cutlass::layout::RowMajor>, cutlass::epilogue::warp::TileIteratorTensorOpMixed<cutlass::gemm::GemmShape<(int)64, (int)64, (int)64>, cutlass::gemm::GemmShape<(int)16, (int)8, (int)32>, int, (int)32, (int)16, (int)8, (int)8, (bool)0>, cutlass::epilogue::threadblock::SharedLoadIteratorMixed<cutlass::epilogue::threadblock::OutputTileOptimalThreadMap<cutlass::epilogue::threadblock::OutputTileShape<(int)128, (int)8, (int)2, (int)1, (int)1>, cutlass::epilogue::threadblock::OutputTileShape<(int)1, (int)8, (int)1, (int)1, (int)8>, (int)256, (int)8, (int)16>::CompactedThreadMap, int, (int)32, (int)16, (int)8, (int)8, (bool)0>, cutlass::epilogue::thread::LinearCombination<cutlass::half_t, (int)8, int, float, (cutlass::epilogue::thread::ScaleType::Kind)0, (cutlass::FloatRoundStyle)2, cutlass::half_t>, cutlass::MatrixShape<(int)0, (int)8>, (int)1, (int)1>, cutlass::epilogue::threadblock::TreeVisitor2x<cutlass::epilogue::threadblock::VisitorAuxStore<cutlass::epilogue::threadblock::OutputTileThreadLayout<cutlass::gemm::GemmShape<(int)128, (int)128, (int)128>, cutlass::gemm::GemmShape<(int)64, (int)64, (int)64>, cutlass::half_t, (int)8, (int)1>, cutlass::half_t, (cutlass::FloatRoundStyle)2, cute::tuple<long, cute::C<(int)1>, long>>, cutlass::epilogue::threadblock::TreeVisitor2x<cutlass::epilogue::threadblock::VisitorCompute<cutlass::plus, float, float, (cutlass::FloatRoundStyle)2, void>, cutlass::epilogue::threadblock::TreeVisitor2x<cutlass::epilogue::threadblock::VisitorCompute<cutlass::multiplies, float, float, (cutlass::FloatRoundStyle)2, void>, cutlass::epilogue::threadblock::TreeVisitor2x<cutlass::epilogue::threadblock::VisitorCompute<cutlass::multiplies, float, float, (cutlass::FloatRoundStyle)2, void>, cutlass::epilogue::threadblock::VisitorAccFetch, cutlass::epilogue::threadblock::VisitorScalarBroadcast<float, cute::tuple<cute::C<(int)0>, cute::C<(int)0>, cute::C<(int)0>>, (int)1, cutlass::multiplies>>, cutlass::epilogue::threadblock::VisitorRowBroadcast<cutlass::epilogue::threadblock::OutputTileThreadLayout<cutlass::gemm::GemmShape<(int)128, (int)128, (int)128>, cutlass::gemm::GemmShape<(int)64, (int)64, (int)64>, cutlass::half_t, (int)8, (int)1>, float, cute::tuple<cute::C<(int)0>, cute::C<(int)1>, int>, (bool)1>>, cutlass::epilogue::threadblock::VisitorRowBroadcast<cutlass::epilogue::threadblock::OutputTileThreadLayout<cutlass::gemm::GemmShape<(int)128, (int)128, (int)128>, cutlass::gemm::GemmShape<(int)64, (int)64, (int)64>, cutlass::half_t, (int)8, (int)1>, float, cute::tuple<cute::C<(int)0>, cute::C<(int)1>, int>, (bool)1>>>, (int)1, (int)1>, cutlass::gemm::threadblock::GemmIdentityThreadblockSwizzle<(int)1>, (cutlass::conv::Operator)0, cutlass::conv::Conv2dProblemSize>>(T1::Params)",32969677.0
L|resblock_updown|C384|T256,"void cutlass::Kernel<modiff::ImplicitGemmConvolutionEVT<cutlass::conv::threadblock::ImplicitGemmMultistage<cutlass::gemm::GemmShape<(int)128, (int)128, (int)128>, cutlass::conv::threadblock::Conv2dFpropActivationTileAccessIteratorOptimized<cutlass::MatrixShape<(int)128, (int)128>, signed char, cutlass::layout::TensorNHWC, cutlass::transform::PitchLinearWarpRakedThreadMap<cutlass::PitchLinearShape<(int)128, (int)128>, (int)256, cutlass::PitchLinearShape<(int)8, (int)4>, (int)16>, cutlass::AlignedArray<signed char, (int)16, (int)16>>, cutlass::transform::threadblock::RegularTileAccessIterator<cutlass::MatrixShape<(int)128, (int)128>, signed char, cutlass::layout::RowMajorTensorOpMultiplicandCrosswise<(int)8, (int)128>, (int)0, cutlass::transform::PitchLinearWarpRakedThreadMap<cutlass::PitchLinearShape<(int)128, (int)128>, (int)256, cutlass::PitchLinearShape<(int)8, (int)4>, (int)16>, (int)16>, (cutlass::arch::CacheOperation::Kind)0, cutlass::conv::threadblock::Conv2dFpropFilterTileAccessIteratorOptimized<cutlass::MatrixShape<(int)128, (int)128>, signed char, cutlass::layout::TensorNHWC, cutlass::transform::PitchLinearWarpRakedThreadMap<cutlass::PitchLinearShape<(int)128, (int)128>, (int)256, cutlass::PitchLinearShape<(int)8, (int)4>, (int)16>, cutlass::AlignedArray<signed char, (int)16, (int)16>, (bool)0>, cutlass::transform::threadblock::RegularTileAccessIterator<cutlass::MatrixShape<(int)128, (int)128>, signed char, cutlass::layout::ColumnMajorTensorOpMultiplicandCrosswise<(int)8, (int)128>, (int)1, cutlass::transform::PitchLinearWarpRakedThreadMap<cutlass::PitchLinearShape<(int)128, (int)128>, (int)256, cutlass::PitchLinearShape<(int)8, (int)4>, (int)16>, (int)16>, (cutlass::arch::CacheOperation::Kind)1, cutlass::gemm::threadblock::MmaPolicy<cutlass::gemm::warp::MmaTensorOp<cutlass::gemm::GemmShape<(int)64, (int)64, (int)64>, signed char, cutlass::layout::RowMajorTensorOpMultiplicandCrosswise<(int)8, (int)128>, signed char, cutlass::layout::ColumnMajorTensorOpMultiplicandCrosswise<(int)8, (int)128>, int, cutlass::layout::RowMajor, cutlass::gemm::warp::MmaTensorOpPolicy<cutlass::arch::Mma<cutlass::gemm::GemmShape<(int)16, (int)8, (int)32>, (int)32, signed char, cutlass::layout::RowMajor, signed char, cutlass::layout::ColumnMajor, int, cutlass::layout::RowMajor, cutlass::arch::OpMultiplyAddSaturate>, cutlass::MatrixShape<(int)1, (int)1>>, (int)2, (bool)0, bool>, cutlass::MatrixShape<(int)0, (int)0>, cutlass::MatrixShape<(int)0, (int)0>, (int)2>, (int)3, bool>, cutlass::epilogue::threadblock::EpilogueWithVisitorCallbacks<cutlass::epilogue::threadblock::Epilogue<cutlass::gemm::GemmShape<(int)128, (int)128, (int)128>, cutlass::gemm::warp::MmaTensorOp<cutlass::gemm::GemmShape<(int)64, (int)64, (int)64>, signed char, cutlass::layout::RowMajorTensorOpMultiplicandCrosswise<(int)8, (int)128>, signed char, cutlass::layout::ColumnMajorTensorOpMultiplicandCrosswise<(int)8, (int)128>, int, cutlass::layout::RowMajor, cutlass::gemm::warp::MmaTensorOpPolicy<cutlass::arch::Mma<cutlass::gemm::GemmShape<(int)16, (int)8, (int)32>, (int)32, signed char, cutlass::layout::RowMajor, signed char, cutlass::layout::ColumnMajor, int, cutlass::layout::RowMajor, cutlass::arch::OpMultiplyAddSaturate>, cutlass::MatrixShape<(int)1, (int)1>>, (int)2, (bool)0, bool>, (int)2, cutlass::epilogue::threadblock::PredicatedTileIteratorConv<cutlass::epilogue::threadblock::OutputTileOptimalThreadMap<cutlass::epilogue::threadblock::OutputTileShape<(int)128, (int)8, (int)2, (int)1, (int)1>, cutlass::epilogue::threadblock::OutputTileShape<(int)1, (int)8, (int)1, (int)1, (int)8>, (int)256, (int)8, (int)16>, cutlass::half_t, (bool)0, cutlass::layout::NoPermute, (bool)0, (int)4>, cutlass::epilogue::warp::FragmentIteratorTensorOp<cutlass::gemm::GemmShape<(int)64, (int)64, (int)64>, cutlass::gemm::GemmShape<(int)16, (int)8, (int)32>, int, cutlass::Array<int, (int)4, (bool)1>, cutlass::layout::RowMajor>, cutlass::epilogue::warp::TileIteratorTensorOpMixed<cutlass::gemm::GemmShape<(int)64, (int)64, (int)64>, cutlass::gemm::GemmShape<(int)16, (int)8, (int)32>, int, (int)32, (int)16, (int)8, (int)8, (bool)0>, cutlass::epilogue::threadblock::SharedLoadIteratorMixed<cutlass::epilogue::threadblock::OutputTileOptimalThreadMap<cutlass::epilogue::threadblock::OutputTileShape<(int)128, (int)8, (int)2, (int)1, (int)1>, cutlass::epilogue::threadblock::OutputTileShape<(int)1, (int)8, (int)1, (int)1, (int)8>, (int)256, (int)8, (int)16>::CompactedThreadMap, int, (int)32, (int)16, (int)8, (int)8, (bool)0>, cutlass::epilogue::thread::LinearCombination<cutlass::half_t, (int)8, int, float, (cutlass::epilogue::thread::ScaleType::Kind)0, (cutlass::FloatRoundStyle)2, cutlass::half_t>, cutlass::MatrixShape<(int)0, (int)8>, (int)1, (int)1>, cutlass::epilogue::threadblock::TreeVisitor2x<cutlass::epilogue::threadblock::VisitorAuxStore<cutlass::epilogue::threadblock::OutputTileThreadLayout<cutlass::gemm::GemmShape<(int)128, (int)128, (int)128>, cutlass::gemm::GemmShape<(int)64, (int)64, (int)64>, cutlass::half_t, (int)8, (int)1>, cutlass::half_t, (cutlass::FloatRoundStyle)2, cute::tuple<long, cute::C<(int)1>, long>>, cutlass::epilogue::threadblock::TreeVisitor2x<cutlass::epilogue::threadblock::VisitorCompute<cutlass::plus, float, float, (cutlass::FloatRoundStyle)2, void>, cutlass::epilogue::threadblock::TreeVisitor2x<cutlass::epilogue::threadblock::VisitorCompute<cutlass::plus, float, float, (cutlass::FloatRoundStyle)2, void>, cutlass::epilogue::threadblock::TreeVisitor2x<cutlass::epilogue::threadblock::VisitorCompute<cutlass::multiplies, float, float, (cutlass::FloatRoundStyle)2, void>, cutlass::epilogue::threadblock::TreeVisitor2x<cutlass::epilogue::threadblock::VisitorCompute<cutlass::multiplies, float, float, (cutlass::FloatRoundStyle)2, void>, cutlass::epilogue::threadblock::VisitorAccFetch, cutlass::epilogue::threadblock::VisitorScalarBroadcast<float, cute::tuple<cute::C<(int)0>, cute::C<(int)0>, cute::C<(int)0>>, (int)1, cutlass::multiplies>>, cutlass::epilogue::threadblock::VisitorRowBroadcast<cutlass::epilogue::threadblock::OutputTileThreadLayout<cutlass::gemm::GemmShape<(int)128, (int)128, (int)128>, cutlass::gemm::GemmShape<(int)64, (int)64, (int)64>, cutlass::half_t, (int)8, (int)1>, float, cute::tuple<cute::C<(int)0>, cute::C<(int)1>, int>, (bool)1>>, cutlass::epilogue::threadblock::VisitorRowBroadcast<cutlass::epilogue::threadblock::OutputTileThreadLayout<cutlass::gemm::GemmShape<(int)128, (int)128, (int)128>, cutlass::gemm::GemmShape<(int)64, (int)64, (int)64>, cutlass::half_t, (int)8, (int)1>, float, cute::tuple<cute::C<(int)0>, cute::C<(int)1>, int>, (bool)1>>, cutlass::epilogue::threadblock::VisitorAuxLoad<cutlass::epilogue::threadblock::OutputTileThreadLayout<cutlass::gemm::GemmShape<(int)128, (int)128, (int)128>, cutlass::gemm::GemmShape<(int)64, (int)64, (int)64>, cutlass::half_t, (int)8, (int)1>, cutlass::half_t, cute::tuple<long, cute::C<(int)1>, long>>>>, (int)1, (int)1>, cutlass::gemm::threadblock::GemmIdentityThreadblockSwizzle<(int)1>, (cutlass::conv::Operator)0, cutlass::conv::Conv2dProblemSize>>(T1::Params)",32935018.0
L|attention|C384|T256,"void gemm_w8a8_kernel_awq_out_i8<(int)2>(const signed char *, const signed char *, const float *, float, const float *, const __half *, signed char *, int, int, int, int, signed char *, signed char *, signed char *, int, int, int, int)",31642402.0
L|resblock_plain|C576|T1024,"void cutlass::Kernel<modiff::ImplicitGemmConvolutionEVT<cutlass::conv::threadblock::ImplicitGemmMultistage<cutlass::gemm::GemmShape<(int)128, (int)128, (int)128>, cutlass::conv::threadblock::Conv2dFpropActivationTileAccessIteratorOptimized<cutlass::MatrixShape<(int)128, (int)128>, signed char, cutlass::layout::TensorNHWC, cutlass::transform::PitchLinearWarpRakedThreadMap<cutlass::PitchLinearShape<(int)128, (int)128>, (int)256, cutlass::PitchLinearShape<(int)8, (int)4>, (int)16>, cutlass::AlignedArray<signed char, (int)16, (int)16>>, cutlass::transform::threadblock::RegularTileAccessIterator<cutlass::MatrixShape<(int)128, (int)128>, signed char, cutlass::layout::RowMajorTensorOpMultiplicandCrosswise<(int)8, (int)128>, (int)0, cutlass::transform::PitchLinearWarpRakedThreadMap<cutlass::PitchLinearShape<(int)128, (int)128>, (int)256, cutlass::PitchLinearShape<(int)8, (int)4>, (int)16>, (int)16>, (cutlass::arch::CacheOperation::Kind)0, cutlass::conv::threadblock::Conv2dFpropFilterTileAccessIteratorOptimized<cutlass::MatrixShape<(int)128, (int)128>, signed char, cutlass::layout::TensorNHWC, cutlass::transform::PitchLinearWarpRakedThreadMap<cutlass::PitchLinearShape<(int)128, (int)128>, (int)256, cutlass::PitchLinearShape<(int)8, (int)4>, (int)16>, cutlass::AlignedArray<signed char, (int)16, (int)16>, (bool)0>, cutlass::transform::threadblock::RegularTileAccessIterator<cutlass::MatrixShape<(int)128, (int)128>, signed char, cutlass::layout::ColumnMajorTensorOpMultiplicandCrosswise<(int)8, (int)128>, (int)1, cutlass::transform::PitchLinearWarpRakedThreadMap<cutlass::PitchLinearShape<(int)128, (int)128>, (int)256, cutlass::PitchLinearShape<(int)8, (int)4>, (int)16>, (int)16>, (cutlass::arch::CacheOperation::Kind)1, cutlass::gemm::threadblock::MmaPolicy<cutlass::gemm::warp::MmaTensorOp<cutlass::gemm::GemmShape<(int)64, (int)64, (int)64>, signed char, cutlass::layout::RowMajorTensorOpMultiplicandCrosswise<(int)8, (int)128>, signed char, cutlass::layout::ColumnMajorTensorOpMultiplicandCrosswise<(int)8, (int)128>, int, cutlass::layout::RowMajor, cutlass::gemm::warp::MmaTensorOpPolicy<cutlass::arch::Mma<cutlass::gemm::GemmShape<(int)16, (int)8, (int)32>, (int)32, signed char, cutlass::layout::RowMajor, signed char, cutlass::layout::ColumnMajor, int, cutlass::layout::RowMajor, cutlass::arch::OpMultiplyAddSaturate>, cutlass::MatrixShape<(int)1, (int)1>>, (int)2, (bool)0, bool>, cutlass::MatrixShape<(int)0, (int)0>, cutlass::MatrixShape<(int)0, (int)0>, (int)2>, (int)3, bool>, cutlass::epilogue::threadblock::EpilogueWithVisitorCallbacks<cutlass::epilogue::threadblock::Epilogue<cutlass::gemm::GemmShape<(int)128, (int)128, (int)128>, cutlass::gemm::warp::MmaTensorOp<cutlass::gemm::GemmShape<(int)64, (int)64, (int)64>, signed char, cutlass::layout::RowMajorTensorOpMultiplicandCrosswise<(int)8, (int)128>, signed char, cutlass::layout::ColumnMajorTensorOpMultiplicandCrosswise<(int)8, (int)128>, int, cutlass::layout::RowMajor, cutlass::gemm::warp::MmaTensorOpPolicy<cutlass::arch::Mma<cutlass::gemm::GemmShape<(int)16, (int)8, (int)32>, (int)32, signed char, cutlass::layout::RowMajor, signed char, cutlass::layout::ColumnMajor, int, cutlass::layout::RowMajor, cutlass::arch::OpMultiplyAddSaturate>, cutlass::MatrixShape<(int)1, (int)1>>, (int)2, (bool)0, bool>, (int)2, cutlass::epilogue::threadblock::PredicatedTileIteratorConv<cutlass::epilogue::threadblock::OutputTileOptimalThreadMap<cutlass::epilogue::threadblock::OutputTileShape<(int)128, (int)8, (int)2, (int)1, (int)1>, cutlass::epilogue::threadblock::OutputTileShape<(int)1, (int)8, (int)1, (int)1, (int)8>, (int)256, (int)8, (int)16>, cutlass::half_t, (bool)0, cutlass::layout::NoPermute, (bool)0, (int)4>, cutlass::epilogue::warp::FragmentIteratorTensorOp<cutlass::gemm::GemmShape<(int)64, (int)64, (int)64>, cutlass::gemm::GemmShape<(int)16, (int)8, (int)32>, int, cutlass::Array<int, (int)4, (bool)1>, cutlass::layout::RowMajor>, cutlass::epilogue::warp::TileIteratorTensorOpMixed<cutlass::gemm::GemmShape<(int)64, (int)64, (int)64>, cutlass::gemm::GemmShape<(int)16, (int)8, (int)32>, int, (int)32, (int)16, (int)8, (int)8, (bool)0>, cutlass::epilogue::threadblock::SharedLoadIteratorMixed<cutlass::epilogue::threadblock::OutputTileOptimalThreadMap<cutlass::epilogue::threadblock::OutputTileShape<(int)128, (int)8, (int)2, (int)1, (int)1>, cutlass::epilogue::threadblock::OutputTileShape<(int)1, (int)8, (int)1, (int)1, (int)8>, (int)256, (int)8, (int)16>::CompactedThreadMap, int, (int)32, (int)16, (int)8, (int)8, (bool)0>, cutlass::epilogue::thread::LinearCombination<cutlass::half_t, (int)8, int, float, (cutlass::epilogue::thread::ScaleType::Kind)0, (cutlass::FloatRoundStyle)2, cutlass::half_t>, cutlass::MatrixShape<(int)0, (int)8>, (int)1, (int)1>, cutlass::epilogue::threadblock::TreeVisitor2x<cutlass::epilogue::threadblock::VisitorAuxStore<cutlass::epilogue::threadblock::OutputTileThreadLayout<cutlass::gemm::GemmShape<(int)128, (int)128, (int)128>, cutlass::gemm::GemmShape<(int)64, (int)64, (int)64>, cutlass::half_t, (int)8, (int)1>, cutlass::half_t, (cutlass::FloatRoundStyle)2, cute::tuple<long, cute::C<(int)1>, long>>, cutlass::epilogue::threadblock::TreeVisitor2x<cutlass::epilogue::threadblock::VisitorCompute<cutlass::plus, float, float, (cutlass::FloatRoundStyle)2, void>, cutlass::epilogue::threadblock::TreeVisitor2x<cutlass::epilogue::threadblock::VisitorCompute<cutlass::multiplies, float, float, (cutlass::FloatRoundStyle)2, void>, cutlass::epilogue::threadblock::TreeVisitor2x<cutlass::epilogue::threadblock::VisitorCompute<cutlass::multiplies, float, float, (cutlass::FloatRoundStyle)2, void>, cutlass::epilogue::threadblock::VisitorAccFetch, cutlass::epilogue::threadblock::VisitorScalarBroadcast<float, cute::tuple<cute::C<(int)0>, cute::C<(int)0>, cute::C<(int)0>>, (int)1, cutlass::multiplies>>, cutlass::epilogue::threadblock::VisitorRowBroadcast<cutlass::epilogue::threadblock::OutputTileThreadLayout<cutlass::gemm::GemmShape<(int)128, (int)128, (int)128>, cutlass::gemm::GemmShape<(int)64, (int)64, (int)64>, cutlass::half_t, (int)8, (int)1>, float, cute::tuple<cute::C<(int)0>, cute::C<(int)1>, int>, (bool)1>>, cutlass::epilogue::threadblock::VisitorRowBroadcast<cutlass::epilogue::threadblock::OutputTileThreadLayout<cutlass::gemm::GemmShape<(int)128, (int)128, (int)128>, cutlass::gemm::GemmShape<(int)64, (int)64, (int)64>, cutlass::half_t, (int)8, (int)1>, float, cute::tuple<cute::C<(int)0>, cute::C<(int)1>, int>, (bool)1>>>, (int)1, (int)1>, cutlass::gemm::threadblock::GemmIdentityThreadblockSwizzle<(int)1>, (cutlass::conv::Operator)0, cutlass::conv::Conv2dProblemSize>>(T1::Params)",31464414.0
L|resblock_plain|C768|T256,"void cutlass::Kernel<modiff::ImplicitGemmConvolutionEVT<cutlass::conv::threadblock::ImplicitGemmMultistage<cutlass::gemm::GemmShape<(int)128, (int)128, (int)128>, cutlass::conv::threadblock::Conv2dFpropActivationTileAccessIteratorOptimized<cutlass::MatrixShape<(int)128, (int)128>, signed char, cutlass::layout::TensorNHWC, cutlass::transform::PitchLinearWarpRakedThreadMap<cutlass::PitchLinearShape<(int)128, (int)128>, (int)256, cutlass::PitchLinearShape<(int)8, (int)4>, (int)16>, cutlass::AlignedArray<signed char, (int)16, (int)16>>, cutlass::transform::threadblock::RegularTileAccessIterator<cutlass::MatrixShape<(int)128, (int)128>, signed char, cutlass::layout::RowMajorTensorOpMultiplicandCrosswise<(int)8, (int)128>, (int)0, cutlass::transform::PitchLinearWarpRakedThreadMap<cutlass::PitchLinearShape<(int)128, (int)128>, (int)256, cutlass::PitchLinearShape<(int)8, (int)4>, (int)16>, (int)16>, (cutlass::arch::CacheOperation::Kind)0, cutlass::conv::threadblock::Conv2dFpropFilterTileAccessIteratorOptimized<cutlass::MatrixShape<(int)128, (int)128>, signed char, cutlass::layout::TensorNHWC, cutlass::transform::PitchLinearWarpRakedThreadMap<cutlass::PitchLinearShape<(int)128, (int)128>, (int)256, cutlass::PitchLinearShape<(int)8, (int)4>, (int)16>, cutlass::AlignedArray<signed char, (int)16, (int)16>, (bool)0>, cutlass::transform::threadblock::RegularTileAccessIterator<cutlass::MatrixShape<(int)128, (int)128>, signed char, cutlass::layout::ColumnMajorTensorOpMultiplicandCrosswise<(int)8, (int)128>, (int)1, cutlass::transform::PitchLinearWarpRakedThreadMap<cutlass::PitchLinearShape<(int)128, (int)128>, (int)256, cutlass::PitchLinearShape<(int)8, (int)4>, (int)16>, (int)16>, (cutlass::arch::CacheOperation::Kind)1, cutlass::gemm::threadblock::MmaPolicy<cutlass::gemm::warp::MmaTensorOp<cutlass::gemm::GemmShape<(int)64, (int)64, (int)64>, signed char, cutlass::layout::RowMajorTensorOpMultiplicandCrosswise<(int)8, (int)128>, signed char, cutlass::layout::ColumnMajorTensorOpMultiplicandCrosswise<(int)8, (int)128>, int, cutlass::layout::RowMajor, cutlass::gemm::warp::MmaTensorOpPolicy<cutlass::arch::Mma<cutlass::gemm::GemmShape<(int)16, (int)8, (int)32>, (int)32, signed char, cutlass::layout::RowMajor, signed char, cutlass::layout::ColumnMajor, int, cutlass::layout::RowMajor, cutlass::arch::OpMultiplyAddSaturate>, cutlass::MatrixShape<(int)1, (int)1>>, (int)2, (bool)0, bool>, cutlass::MatrixShape<(int)0, (int)0>, cutlass::MatrixShape<(int)0, (int)0>, (int)2>, (int)3, bool>, cutlass::epilogue::threadblock::EpilogueWithVisitorCallbacks<cutlass::epilogue::threadblock::Epilogue<cutlass::gemm::GemmShape<(int)128, (int)128, (int)128>, cutlass::gemm::warp::MmaTensorOp<cutlass::gemm::GemmShape<(int)64, (int)64, (int)64>, signed char, cutlass::layout::RowMajorTensorOpMultiplicandCrosswise<(int)8, (int)128>, signed char, cutlass::layout::ColumnMajorTensorOpMultiplicandCrosswise<(int)8, (int)128>, int, cutlass::layout::RowMajor, cutlass::gemm::warp::MmaTensorOpPolicy<cutlass::arch::Mma<cutlass::gemm::GemmShape<(int)16, (int)8, (int)32>, (int)32, signed char, cutlass::layout::RowMajor, signed char, cutlass::layout::ColumnMajor, int, cutlass::layout::RowMajor, cutlass::arch::OpMultiplyAddSaturate>, cutlass::MatrixShape<(int)1, (int)1>>, (int)2, (bool)0, bool>, (int)2, cutlass::epilogue::threadblock::PredicatedTileIteratorConv<cutlass::epilogue::threadblock::OutputTileOptimalThreadMap<cutlass::epilogue::threadblock::OutputTileShape<(int)128, (int)8, (int)2, (int)1, (int)1>, cutlass::epilogue::threadblock::OutputTileShape<(int)1, (int)8, (int)1, (int)1, (int)8>, (int)256, (int)8, (int)16>, cutlass::half_t, (bool)0, cutlass::layout::NoPermute, (bool)0, (int)4>, cutlass::epilogue::warp::FragmentIteratorTensorOp<cutlass::gemm::GemmShape<(int)64, (int)64, (int)64>, cutlass::gemm::GemmShape<(int)16, (int)8, (int)32>, int, cutlass::Array<int, (int)4, (bool)1>, cutlass::layout::RowMajor>, cutlass::epilogue::warp::TileIteratorTensorOpMixed<cutlass::gemm::GemmShape<(int)64, (int)64, (int)64>, cutlass::gemm::GemmShape<(int)16, (int)8, (int)32>, int, (int)32, (int)16, (int)8, (int)8, (bool)0>, cutlass::epilogue::threadblock::SharedLoadIteratorMixed<cutlass::epilogue::threadblock::OutputTileOptimalThreadMap<cutlass::epilogue::threadblock::OutputTileShape<(int)128, (int)8, (int)2, (int)1, (int)1>, cutlass::epilogue::threadblock::OutputTileShape<(int)1, (int)8, (int)1, (int)1, (int)8>, (int)256, (int)8, (int)16>::CompactedThreadMap, int, (int)32, (int)16, (int)8, (int)8, (bool)0>, cutlass::epilogue::thread::LinearCombination<cutlass::half_t, (int)8, int, float, (cutlass::epilogue::thread::ScaleType::Kind)0, (cutlass::FloatRoundStyle)2, cutlass::half_t>, cutlass::MatrixShape<(int)0, (int)8>, (int)1, (int)1>, cutlass::epilogue::threadblock::TreeVisitor2x<cutlass::epilogue::threadblock::VisitorAuxStore<cutlass::epilogue::threadblock::OutputTileThreadLayout<cutlass::gemm::GemmShape<(int)128, (int)128, (int)128>, cutlass::gemm::GemmShape<(int)64, (int)64, (int)64>, cutlass::half_t, (int)8, (int)1>, cutlass::half_t, (cutlass::FloatRoundStyle)2, cute::tuple<long, cute::C<(int)1>, long>>, cutlass::epilogue::threadblock::TreeVisitor2x<cutlass::epilogue::threadblock::VisitorCompute<cutlass::plus, float, float, (cutlass::FloatRoundStyle)2, void>, cutlass::epilogue::threadblock::TreeVisitor2x<cutlass::epilogue::threadblock::VisitorCompute<cutlass::multiplies, float, float, (cutlass::FloatRoundStyle)2, void>, cutlass::epilogue::threadblock::TreeVisitor2x<cutlass::epilogue::threadblock::VisitorCompute<cutlass::multiplies, float, float, (cutlass::FloatRoundStyle)2, void>, cutlass::epilogue::threadblock::VisitorAccFetch, cutlass::epilogue::threadblock::VisitorScalarBroadcast<float, cute::tuple<cute::C<(int)0>, cute::C<(int)0>, cute::C<(int)0>>, (int)1, cutlass::multiplies>>, cutlass::epilogue::threadblock::VisitorRowBroadcast<cutlass::epilogue::threadblock::OutputTileThreadLayout<cutlass::gemm::GemmShape<(int)128, (int)128, (int)128>, cutlass::gemm::GemmShape<(int)64, (int)64, (int)64>, cutlass::half_t, (int)8, (int)1>, float, cute::tuple<cute::C<(int)0>, cute::C<(int)1>, int>, (bool)1>>, cutlass::epilogue::threadblock::VisitorRowBroadcast<cutlass::epilogue::threadblock::OutputTileThreadLayout<cutlass::gemm::GemmShape<(int)128, (int)128, (int)128>, cutlass::gemm::GemmShape<(int)64, (int)64, (int)64>, cutlass::half_t, (int)8, (int)1>, float, cute::tuple<cute::C<(int)0>, cute::C<(int)1>, int>, (bool)1>>>, (int)1, (int)1>, cutlass::gemm::threadblock::GemmIdentityThreadblockSwizzle<(int)1>, (cutlass::conv::Operator)0, cutlass::conv::Conv2dProblemSize>>(T1::Params)",30767002.0
L|resblock_plain|C576|T1024,"void group_norm_silu_quantize_nhwc_vec2_kernel<__half, (bool)0>(const T1 *, signed char *, const T1 *, const T1 *, const T1 *, const T1 *, const float *, const float *, int, long, int, float, bool)",30470232.0
L|resblock_plain|C192|T1024,"void cutlass::Kernel<modiff::ImplicitGemmConvolutionEVT<cutlass::conv::threadblock::ImplicitGemmMultistage<cutlass::gemm::GemmShape<(int)128, (int)128, (int)128>, cutlass::conv::threadblock::Conv2dFpropActivationTileAccessIteratorOptimized<cutlass::MatrixShape<(int)128, (int)128>, signed char, cutlass::layout::TensorNHWC, cutlass::transform::PitchLinearWarpRakedThreadMap<cutlass::PitchLinearShape<(int)128, (int)128>, (int)256, cutlass::PitchLinearShape<(int)8, (int)4>, (int)16>, cutlass::AlignedArray<signed char, (int)16, (int)16>>, cutlass::transform::threadblock::RegularTileAccessIterator<cutlass::MatrixShape<(int)128, (int)128>, signed char, cutlass::layout::RowMajorTensorOpMultiplicandCrosswise<(int)8, (int)128>, (int)0, cutlass::transform::PitchLinearWarpRakedThreadMap<cutlass::PitchLinearShape<(int)128, (int)128>, (int)256, cutlass::PitchLinearShape<(int)8, (int)4>, (int)16>, (int)16>, (cutlass::arch::CacheOperation::Kind)0, cutlass::conv::threadblock::Conv2dFpropFilterTileAccessIteratorOptimized<cutlass::MatrixShape<(int)128, (int)128>, signed char, cutlass::layout::TensorNHWC, cutlass::transform::PitchLinearWarpRakedThreadMap<cutlass::PitchLinearShape<(int)128, (int)128>, (int)256, cutlass::PitchLinearShape<(int)8, (int)4>, (int)16>, cutlass::AlignedArray<signed char, (int)16, (int)16>, (bool)0>, cutlass::transform::threadblock::RegularTileAccessIterator<cutlass::MatrixShape<(int)128, (int)128>, signed char, cutlass::layout::ColumnMajorTensorOpMultiplicandCrosswise<(int)8, (int)128>, (int)1, cutlass::transform::PitchLinearWarpRakedThreadMap<cutlass::PitchLinearShape<(int)128, (int)128>, (int)256, cutlass::PitchLinearShape<(int)8, (int)4>, (int)16>, (int)16>, (cutlass::arch::CacheOperation::Kind)1, cutlass::gemm::threadblock::MmaPolicy<cutlass::gemm::warp::MmaTensorOp<cutlass::gemm::GemmShape<(int)64, (int)64, (int)64>, signed char, cutlass::layout::RowMajorTensorOpMultiplicandCrosswise<(int)8, (int)128>, signed char, cutlass::layout::ColumnMajorTensorOpMultiplicandCrosswise<(int)8, (int)128>, int, cutlass::layout::RowMajor, cutlass::gemm::warp::MmaTensorOpPolicy<cutlass::arch::Mma<cutlass::gemm::GemmShape<(int)16, (int)8, (int)32>, (int)32, signed char, cutlass::layout::RowMajor, signed char, cutlass::layout::ColumnMajor, int, cutlass::layout::RowMajor, cutlass::arch::OpMultiplyAddSaturate>, cutlass::MatrixShape<(int)1, (int)1>>, (int)2, (bool)0, bool>, cutlass::MatrixShape<(int)0, (int)0>, cutlass::MatrixShape<(int)0, (int)0>, (int)2>, (int)3, bool>, cutlass::epilogue::threadblock::EpilogueWithVisitorCallbacks<cutlass::epilogue::threadblock::Epilogue<cutlass::gemm::GemmShape<(int)128, (int)128, (int)128>, cutlass::gemm::warp::MmaTensorOp<cutlass::gemm::GemmShape<(int)64, (int)64, (int)64>, signed char, cutlass::layout::RowMajorTensorOpMultiplicandCrosswise<(int)8, (int)128>, signed char, cutlass::layout::ColumnMajorTensorOpMultiplicandCrosswise<(int)8, (int)128>, int, cutlass::layout::RowMajor, cutlass::gemm::warp::MmaTensorOpPolicy<cutlass::arch::Mma<cutlass::gemm::GemmShape<(int)16, (int)8, (int)32>, (int)32, signed char, cutlass::layout::RowMajor, signed char, cutlass::layout::ColumnMajor, int, cutlass::layout::RowMajor, cutlass::arch::OpMultiplyAddSaturate>, cutlass::MatrixShape<(int)1, (int)1>>, (int)2, (bool)0, bool>, (int)2, cutlass::epilogue::threadblock::PredicatedTileIteratorConv<cutlass::epilogue::threadblock::OutputTileOptimalThreadMap<cutlass::epilogue::threadblock::OutputTileShape<(int)128, (int)8, (int)2, (int)1, (int)1>, cutlass::epilogue::threadblock::OutputTileShape<(int)1, (int)8, (int)1, (int)1, (int)8>, (int)256, (int)8, (int)16>, cutlass::half_t, (bool)0, cutlass::layout::NoPermute, (bool)0, (int)4>, cutlass::epilogue::warp::FragmentIteratorTensorOp<cutlass::gemm::GemmShape<(int)64, (int)64, (int)64>, cutlass::gemm::GemmShape<(int)16, (int)8, (int)32>, int, cutlass::Array<int, (int)4, (bool)1>, cutlass::layout::RowMajor>, cutlass::epilogue::warp::TileIteratorTensorOpMixed<cutlass::gemm::GemmShape<(int)64, (int)64, (int)64>, cutlass::gemm::GemmShape<(int)16, (int)8, (int)32>, int, (int)32, (int)16, (int)8, (int)8, (bool)0>, cutlass::epilogue::threadblock::SharedLoadIteratorMixed<cutlass::epilogue::threadblock::OutputTileOptimalThreadMap<cutlass::epilogue::threadblock::OutputTileShape<(int)128, (int)8, (int)2, (int)1, (int)1>, cutlass::epilogue::threadblock::OutputTileShape<(int)1, (int)8, (int)1, (int)1, (int)8>, (int)256, (int)8, (int)16>::CompactedThreadMap, int, (int)32, (int)16, (int)8, (int)8, (bool)0>, cutlass::epilogue::thread::LinearCombination<cutlass::half_t, (int)8, int, float, (cutlass::epilogue::thread::ScaleType::Kind)0, (cutlass::FloatRoundStyle)2, cutlass::half_t>, cutlass::MatrixShape<(int)0, (int)8>, (int)1, (int)1>, cutlass::epilogue::threadblock::TreeVisitor2x<cutlass::epilogue::threadblock::VisitorAuxStore<cutlass::epilogue::threadblock::OutputTileThreadLayout<cutlass::gemm::GemmShape<(int)128, (int)128, (int)128>, cutlass::gemm::GemmShape<(int)64, (int)64, (int)64>, cutlass::half_t, (int)8, (int)1>, cutlass::half_t, (cutlass::FloatRoundStyle)2, cute::tuple<long, cute::C<(int)1>, long>>, cutlass::epilogue::threadblock::TreeVisitor2x<cutlass::epilogue::threadblock::VisitorCompute<cutlass::plus, float, float, (cutlass::FloatRoundStyle)2, void>, cutlass::epilogue::threadblock::TreeVisitor2x<cutlass::epilogue::threadblock::VisitorCompute<cutlass::plus, float, float, (cutlass::FloatRoundStyle)2, void>, cutlass::epilogue::threadblock::TreeVisitor2x<cutlass::epilogue::threadblock::VisitorCompute<cutlass::multiplies, float, float, (cutlass::FloatRoundStyle)2, void>, cutlass::epilogue::threadblock::TreeVisitor2x<cutlass::epilogue::threadblock::VisitorCompute<cutlass::multiplies, float, float, (cutlass::FloatRoundStyle)2, void>, cutlass::epilogue::threadblock::VisitorAccFetch, cutlass::epilogue::threadblock::VisitorScalarBroadcast<float, cute::tuple<cute::C<(int)0>, cute::C<(int)0>, cute::C<(int)0>>, (int)1, cutlass::multiplies>>, cutlass::epilogue::threadblock::VisitorRowBroadcast<cutlass::epilogue::threadblock::OutputTileThreadLayout<cutlass::gemm::GemmShape<(int)128, (int)128, (int)128>, cutlass::gemm::GemmShape<(int)64, (int)64, (int)64>, cutlass::half_t, (int)8, (int)1>, float, cute::tuple<cute::C<(int)0>, cute::C<(int)1>, int>, (bool)1>>, cutlass::epilogue::threadblock::VisitorRowBroadcast<cutlass::epilogue::threadblock::OutputTileThreadLayout<cutlass::gemm::GemmShape<(int)128, (int)128, (int)128>, cutlass::gemm::GemmShape<(int)64, (int)64, (int)64>, cutlass::half_t, (int)8, (int)1>, float, cute::tuple<cute::C<(int)0>, cute::C<(int)1>, int>, (bool)1>>, cutlass::epilogue::threadblock::VisitorAuxLoad<cutlass::epilogue::threadblock::OutputTileThreadLayout<cutlass::gemm::GemmShape<(int)128, (int)128, (int)128>, cutlass::gemm::GemmShape<(int)64, (int)64, (int)64>, cutlass::half_t, (int)8, (int)1>, cutlass::half_t, cute::tuple<long, cute::C<(int)1>, long>>>>, (int)1, (int)1>, cutlass::gemm::threadblock::GemmIdentityThreadblockSwizzle<(int)1>, (cutlass::conv::Operator)0, cutlass::conv::Conv2dProblemSize>>(T1::Params)",30266552.0
L|resblock_plain|C384|T1024,"void cutlass::Kernel<modiff::ImplicitGemmConvolutionEVT<cutlass::conv::threadblock::ImplicitGemmMultistage<cutlass::gemm::GemmShape<(int)128, (int)128, (int)128>, cutlass::conv::threadblock::Conv2dFpropActivationTileAccessIteratorOptimized<cutlass::MatrixShape<(int)128, (int)128>, signed char, cutlass::layout::TensorNHWC, cutlass::transform::PitchLinearWarpRakedThreadMap<cutlass::PitchLinearShape<(int)128, (int)128>, (int)256, cutlass::PitchLinearShape<(int)8, (int)4>, (int)16>, cutlass::AlignedArray<signed char, (int)16, (int)16>>, cutlass::transform::threadblock::RegularTileAccessIterator<cutlass::MatrixShape<(int)128, (int)128>, signed char, cutlass::layout::RowMajorTensorOpMultiplicandCrosswise<(int)8, (int)128>, (int)0, cutlass::transform::PitchLinearWarpRakedThreadMap<cutlass::PitchLinearShape<(int)128, (int)128>, (int)256, cutlass::PitchLinearShape<(int)8, (int)4>, (int)16>, (int)16>, (cutlass::arch::CacheOperation::Kind)0, cutlass::conv::threadblock::Conv2dFpropFilterTileAccessIteratorOptimized<cutlass::MatrixShape<(int)128, (int)128>, signed char, cutlass::layout::TensorNHWC, cutlass::transform::PitchLinearWarpRakedThreadMap<cutlass::PitchLinearShape<(int)128, (int)128>, (int)256, cutlass::PitchLinearShape<(int)8, (int)4>, (int)16>, cutlass::AlignedArray<signed char, (int)16, (int)16>, (bool)0>, cutlass::transform::threadblock::RegularTileAccessIterator<cutlass::MatrixShape<(int)128, (int)128>, signed char, cutlass::layout::ColumnMajorTensorOpMultiplicandCrosswise<(int)8, (int)128>, (int)1, cutlass::transform::PitchLinearWarpRakedThreadMap<cutlass::PitchLinearShape<(int)128, (int)128>, (int)256, cutlass::PitchLinearShape<(int)8, (int)4>, (int)16>, (int)16>, (cutlass::arch::CacheOperation::Kind)1, cutlass::gemm::threadblock::MmaPolicy<cutlass::gemm::warp::MmaTensorOp<cutlass::gemm::GemmShape<(int)64, (int)64, (int)64>, signed char, cutlass::layout::RowMajorTensorOpMultiplicandCrosswise<(int)8, (int)128>, signed char, cutlass::layout::ColumnMajorTensorOpMultiplicandCrosswise<(int)8, (int)128>, int, cutlass::layout::RowMajor, cutlass::gemm::warp::MmaTensorOpPolicy<cutlass::arch::Mma<cutlass::gemm::GemmShape<(int)16, (int)8, (int)32>, (int)32, signed char, cutlass::layout::RowMajor, signed char, cutlass::layout::ColumnMajor, int, cutlass::layout::RowMajor, cutlass::arch::OpMultiplyAddSaturate>, cutlass::MatrixShape<(int)1, (int)1>>, (int)2, (bool)0, bool>, cutlass::MatrixShape<(int)0, (int)0>, cutlass::MatrixShape<(int)0, (int)0>, (int)2>, (int)3, bool>, cutlass::epilogue::threadblock::EpilogueWithVisitorCallbacks<cutlass::epilogue::threadblock::Epilogue<cutlass::gemm::GemmShape<(int)128, (int)128, (int)128>, cutlass::gemm::warp::MmaTensorOp<cutlass::gemm::GemmShape<(int)64, (int)64, (int)64>, signed char, cutlass::layout::RowMajorTensorOpMultiplicandCrosswise<(int)8, (int)128>, signed char, cutlass::layout::ColumnMajorTensorOpMultiplicandCrosswise<(int)8, (int)128>, int, cutlass::layout::RowMajor, cutlass::gemm::warp::MmaTensorOpPolicy<cutlass::arch::Mma<cutlass::gemm::GemmShape<(int)16, (int)8, (int)32>, (int)32, signed char, cutlass::layout::RowMajor, signed char, cutlass::layout::ColumnMajor, int, cutlass::layout::RowMajor, cutlass::arch::OpMultiplyAddSaturate>, cutlass::MatrixShape<(int)1, (int)1>>, (int)2, (bool)0, bool>, (int)2, cutlass::epilogue::threadblock::PredicatedTileIteratorConv<cutlass::epilogue::threadblock::OutputTileOptimalThreadMap<cutlass::epilogue::threadblock::OutputTileShape<(int)128, (int)8, (int)2, (int)1, (int)1>, cutlass::epilogue::threadblock::OutputTileShape<(int)1, (int)8, (int)1, (int)1, (int)8>, (int)256, (int)8, (int)16>, cutlass::half_t, (bool)0, cutlass::layout::NoPermute, (bool)0, (int)4>, cutlass::epilogue::warp::FragmentIteratorTensorOp<cutlass::gemm::GemmShape<(int)64, (int)64, (int)64>, cutlass::gemm::GemmShape<(int)16, (int)8, (int)32>, int, cutlass::Array<int, (int)4, (bool)1>, cutlass::layout::RowMajor>, cutlass::epilogue::warp::TileIteratorTensorOpMixed<cutlass::gemm::GemmShape<(int)64, (int)64, (int)64>, cutlass::gemm::GemmShape<(int)16, (int)8, (int)32>, int, (int)32, (int)16, (int)8, (int)8, (bool)0>, cutlass::epilogue::threadblock::SharedLoadIteratorMixed<cutlass::epilogue::threadblock::OutputTileOptimalThreadMap<cutlass::epilogue::threadblock::OutputTileShape<(int)128, (int)8, (int)2, (int)1, (int)1>, cutlass::epilogue::threadblock::OutputTileShape<(int)1, (int)8, (int)1, (int)1, (int)8>, (int)256, (int)8, (int)16>::CompactedThreadMap, int, (int)32, (int)16, (int)8, (int)8, (bool)0>, cutlass::epilogue::thread::LinearCombination<cutlass::half_t, (int)8, int, float, (cutlass::epilogue::thread::ScaleType::Kind)0, (cutlass::FloatRoundStyle)2, cutlass::half_t>, cutlass::MatrixShape<(int)0, (int)8>, (int)1, (int)1>, cutlass::epilogue::threadblock::TreeVisitor2x<cutlass::epilogue::threadblock::VisitorAuxStore<cutlass::epilogue::threadblock::OutputTileThreadLayout<cutlass::gemm::GemmShape<(int)128, (int)128, (int)128>, cutlass::gemm::GemmShape<(int)64, (int)64, (int)64>, cutlass::half_t, (int)8, (int)1>, cutlass::half_t, (cutlass::FloatRoundStyle)2, cute::tuple<long, cute::C<(int)1>, long>>, cutlass::epilogue::threadblock::TreeVisitor2x<cutlass::epilogue::threadblock::VisitorCompute<cutlass::plus, float, float, (cutlass::FloatRoundStyle)2, void>, cutlass::epilogue::threadblock::TreeVisitor2x<cutlass::epilogue::threadblock::VisitorCompute<cutlass::plus, float, float, (cutlass::FloatRoundStyle)2, void>, cutlass::epilogue::threadblock::TreeVisitor2x<cutlass::epilogue::threadblock::VisitorCompute<cutlass::multiplies, float, float, (cutlass::FloatRoundStyle)2, void>, cutlass::epilogue::threadblock::TreeVisitor2x<cutlass::epilogue::threadblock::VisitorCompute<cutlass::multiplies, float, float, (cutlass::FloatRoundStyle)2, void>, cutlass::epilogue::threadblock::VisitorAccFetch, cutlass::epilogue::threadblock::VisitorScalarBroadcast<float, cute::tuple<cute::C<(int)0>, cute::C<(int)0>, cute::C<(int)0>>, (int)1, cutlass::multiplies>>, cutlass::epilogue::threadblock::VisitorRowBroadcast<cutlass::epilogue::threadblock::OutputTileThreadLayout<cutlass::gemm::GemmShape<(int)128, (int)128, (int)128>, cutlass::gemm::GemmShape<(int)64, (int)64, (int)64>, cutlass::half_t, (int)8, (int)1>, float, cute::tuple<cute::C<(int)0>, cute::C<(int)1>, int>, (bool)1>>, cutlass::epilogue::threadblock::VisitorRowBroadcast<cutlass::epilogue::threadblock::OutputTileThreadLayout<cutlass::gemm::GemmShape<(int)128, (int)128, (int)128>, cutlass::gemm::GemmShape<(int)64, (int)64, (int)64>, cutlass::half_t, (int)8, (int)1>, float, cute::tuple<cute::C<(int)0>, cute::C<(int)1>, int>, (bool)1>>, cutlass::epilogue::threadblock::VisitorAuxLoad<cutlass::epilogue::threadblock::OutputTileThreadLayout<cutlass::gemm::GemmShape<(int)128, (int)128, (int)128>, cutlass::gemm::GemmShape<(int)64, (int)64, (int)64>, cutlass::half_t, (int)8, (int)1>, cutlass::half_t, cute::tuple<long, cute::C<(int)1>, long>>>>, (int)1, (int)1>, cutlass::gemm::threadblock::GemmIdentityThreadblockSwizzle<(int)1>, (cutlass::conv::Operator)0, cutlass::conv::Conv2dProblemSize>>(T1::Params)",29733075.0
L|resblock_plain|C192|T1024,"void cutlass::Kernel<modiff::ImplicitGemmConvolutionEVT<cutlass::conv::threadblock::ImplicitGemmMultistage<cutlass::gemm::GemmShape<(int)128, (int)128, (int)128>, cutlass::conv::threadblock::Conv2dFpropActivationTileAccessIteratorOptimized<cutlass::MatrixShape<(int)128, (int)128>, signed char, cutlass::layout::TensorNHWC, cutlass::transform::PitchLinearWarpRakedThreadMap<cutlass::PitchLinearShape<(int)128, (int)128>, (int)256, cutlass::PitchLinearShape<(int)8, (int)4>, (int)16>, cutlass::AlignedArray<signed char, (int)16, (int)16>>, cutlass::transform::threadblock::RegularTileAccessIterator<cutlass::MatrixShape<(int)128, (int)128>, signed char, cutlass::layout::RowMajorTensorOpMultiplicandCrosswise<(int)8, (int)128>, (int)0, cutlass::transform::PitchLinearWarpRakedThreadMap<cutlass::PitchLinearShape<(int)128, (int)128>, (int)256, cutlass::PitchLinearShape<(int)8, (int)4>, (int)16>, (int)16>, (cutlass::arch::CacheOperation::Kind)0, cutlass::conv::threadblock::Conv2dFpropFilterTileAccessIteratorOptimized<cutlass::MatrixShape<(int)128, (int)128>, signed char, cutlass::layout::TensorNHWC, cutlass::transform::PitchLinearWarpRakedThreadMap<cutlass::PitchLinearShape<(int)128, (int)128>, (int)256, cutlass::PitchLinearShape<(int)8, (int)4>, (int)16>, cutlass::AlignedArray<signed char, (int)16, (int)16>, (bool)0>, cutlass::transform::threadblock::RegularTileAccessIterator<cutlass::MatrixShape<(int)128, (int)128>, signed char, cutlass::layout::ColumnMajorTensorOpMultiplicandCrosswise<(int)8, (int)128>, (int)1, cutlass::transform::PitchLinearWarpRakedThreadMap<cutlass::PitchLinearShape<(int)128, (int)128>, (int)256, cutlass::PitchLinearShape<(int)8, (int)4>, (int)16>, (int)16>, (cutlass::arch::CacheOperation::Kind)1, cutlass::gemm::threadblock::MmaPolicy<cutlass::gemm::warp::MmaTensorOp<cutlass::gemm::GemmShape<(int)64, (int)64, (int)64>, signed char, cutlass::layout::RowMajorTensorOpMultiplicandCrosswise<(int)8, (int)128>, signed char, cutlass::layout::ColumnMajorTensorOpMultiplicandCrosswise<(int)8, (int)128>, int, cutlass::layout::RowMajor, cutlass::gemm::warp::MmaTensorOpPolicy<cutlass::arch::Mma<cutlass::gemm::GemmShape<(int)16, (int)8, (int)32>, (int)32, signed char, cutlass::layout::RowMajor, signed char, cutlass::layout::ColumnMajor, int, cutlass::layout::RowMajor, cutlass::arch::OpMultiplyAddSaturate>, cutlass::MatrixShape<(int)1, (int)1>>, (int)2, (bool)0, bool>, cutlass::MatrixShape<(int)0, (int)0>, cutlass::MatrixShape<(int)0, (int)0>, (int)2>, (int)3, bool>, cutlass::epilogue::threadblock::EpilogueWithVisitorCallbacks<cutlass::epilogue::threadblock::Epilogue<cutlass::gemm::GemmShape<(int)128, (int)128, (int)128>, cutlass::gemm::warp::MmaTensorOp<cutlass::gemm::GemmShape<(int)64, (int)64, (int)64>, signed char, cutlass::layout::RowMajorTensorOpMultiplicandCrosswise<(int)8, (int)128>, signed char, cutlass::layout::ColumnMajorTensorOpMultiplicandCrosswise<(int)8, (int)128>, int, cutlass::layout::RowMajor, cutlass::gemm::warp::MmaTensorOpPolicy<cutlass::arch::Mma<cutlass::gemm::GemmShape<(int)16, (int)8, (int)32>, (int)32, signed char, cutlass::layout::RowMajor, signed char, cutlass::layout::ColumnMajor, int, cutlass::layout::RowMajor, cutlass::arch::OpMultiplyAddSaturate>, cutlass::MatrixShape<(int)1, (int)1>>, (int)2, (bool)0, bool>, (int)2, cutlass::epilogue::threadblock::PredicatedTileIteratorConv<cutlass::epilogue::threadblock::OutputTileOptimalThreadMap<cutlass::epilogue::threadblock::OutputTileShape<(int)128, (int)8, (int)2, (int)1, (int)1>, cutlass::epilogue::threadblock::OutputTileShape<(int)1, (int)8, (int)1, (int)1, (int)8>, (int)256, (int)8, (int)16>, cutlass::half_t, (bool)0, cutlass::layout::NoPermute, (bool)0, (int)4>, cutlass::epilogue::warp::FragmentIteratorTensorOp<cutlass::gemm::GemmShape<(int)64, (int)64, (int)64>, cutlass::gemm::GemmShape<(int)16, (int)8, (int)32>, int, cutlass::Array<int, (int)4, (bool)1>, cutlass::layout::RowMajor>, cutlass::epilogue::warp::TileIteratorTensorOpMixed<cutlass::gemm::GemmShape<(int)64, (int)64, (int)64>, cutlass::gemm::GemmShape<(int)16, (int)8, (int)32>, int, (int)32, (int)16, (int)8, (int)8, (bool)0>, cutlass::epilogue::threadblock::SharedLoadIteratorMixed<cutlass::epilogue::threadblock::OutputTileOptimalThreadMap<cutlass::epilogue::threadblock::OutputTileShape<(int)128, (int)8, (int)2, (int)1, (int)1>, cutlass::epilogue::threadblock::OutputTileShape<(int)1, (int)8, (int)1, (int)1, (int)8>, (int)256, (int)8, (int)16>::CompactedThreadMap, int, (int)32, (int)16, (int)8, (int)8, (bool)0>, cutlass::epilogue::thread::LinearCombination<cutlass::half_t, (int)8, int, float, (cutlass::epilogue::thread::ScaleType::Kind)0, (cutlass::FloatRoundStyle)2, cutlass::half_t>, cutlass::MatrixShape<(int)0, (int)8>, (int)1, (int)1>, cutlass::epilogue::threadblock::TreeVisitor2x<cutlass::epilogue::threadblock::VisitorAuxStore<cutlass::epilogue::threadblock::OutputTileThreadLayout<cutlass::gemm::GemmShape<(int)128, (int)128, (int)128>, cutlass::gemm::GemmShape<(int)64, (int)64, (int)64>, cutlass::half_t, (int)8, (int)1>, cutlass::half_t, (cutlass::FloatRoundStyle)2, cute::tuple<long, cute::C<(int)1>, long>>, cutlass::epilogue::threadblock::TreeVisitor2x<cutlass::epilogue::threadblock::VisitorCompute<cutlass::plus, float, float, (cutlass::FloatRoundStyle)2, void>, cutlass::epilogue::threadblock::TreeVisitor2x<cutlass::epilogue::threadblock::VisitorCompute<cutlass::multiplies, float, float, (cutlass::FloatRoundStyle)2, void>, cutlass::epilogue::threadblock::TreeVisitor2x<cutlass::epilogue::threadblock::VisitorCompute<cutlass::multiplies, float, float, (cutlass::FloatRoundStyle)2, void>, cutlass::epilogue::threadblock::VisitorAccFetch, cutlass::epilogue::threadblock::VisitorScalarBroadcast<float, cute::tuple<cute::C<(int)0>, cute::C<(int)0>, cute::C<(int)0>>, (int)1, cutlass::multiplies>>, cutlass::epilogue::threadblock::VisitorRowBroadcast<cutlass::epilogue::threadblock::OutputTileThreadLayout<cutlass::gemm::GemmShape<(int)128, (int)128, (int)128>, cutlass::gemm::GemmShape<(int)64, (int)64, (int)64>, cutlass::half_t, (int)8, (int)1>, float, cute::tuple<cute::C<(int)0>, cute::C<(int)1>, int>, (bool)1>>, cutlass::epilogue::threadblock::VisitorRowBroadcast<cutlass::epilogue::threadblock::OutputTileThreadLayout<cutlass::gemm::GemmShape<(int)128, (int)128, (int)128>, cutlass::gemm::GemmShape<(int)64, (int)64, (int)64>, cutlass::half_t, (int)8, (int)1>, float, cute::tuple<cute::C<(int)0>, cute::C<(int)1>, int>, (bool)1>>>, (int)1, (int)1>, cutlass::gemm::threadblock::GemmIdentityThreadblockSwizzle<(int)1>, (cutlass::conv::Operator)0, cutlass::conv::Conv2dProblemSize>>(T1::Params)",29600752.0
L|resblock_plain|C768|T256,"void group_norm_silu_quantize_nhwc_vec2_kernel<__half, (bool)0>(const T1 *, signed char *, const T1 *, const T1 *, const T1 *, const T1 *, const float *, const float *, int, long, int, float, bool)",29406385.0
L|attention|C384|T256,"void flash_attn_int8_mma_kernel_t<(int)64, (int)8, (int)64, (bool)1, (bool)0, (bool)0, (bool)0, (int)0, (int)0>(const signed char *, const signed char *, const signed char *, const float *, const float *, const float *, __half *, int, int, int, int, int, float, signed char *, float, int, float, const __half *, int, float, const signed char *, int)",25592338.0
L|attention|C192|T1024,"void group_norm_silu_quantize_nhwc_vec2_kernel<__half, (bool)1>(const T1 *, signed char *, const T1 *, const T1 *, const T1 *, const T1 *, const float *, const float *, int, long, int, float, bool)",25400909.0
L|resblock_updown|C384|T256,"void group_norm_silu_quantize_nhwc_vec2_kernel<__half, (bool)0>(const T1 *, signed char *, const T1 *, const T1 *, const T1 *, const T1 *, const float *, const float *, int, long, int, float, bool)",19254818.0
L|attention|C384|T256,"gemm_w8a8_kernel_awq(const signed char *, const signed char *, const float *, float, __half *, int, int, int, int, const __half *, const __half *)",18609161.0
L|resblock_updown|C384|T256,"void at::native::<unnamed>::upsample_nearest2d_nhwc_out_frame<float, &at::native::nearest_neighbor_compute_source_index>(const T1 *, T1 *, unsigned long, unsigned long, unsigned long, unsigned long, unsigned long, float, float, unsigned long)",17095256.0
L|resblock_plain|C768|T256,"void cutlass::Kernel<modiff::ImplicitGemmConvolutionEVT<cutlass::conv::threadblock::ImplicitGemmMultistage<cutlass::gemm::GemmShape<(int)128, (int)128, (int)128>, cutlass::conv::threadblock::Conv2dFpropActivationTileAccessIteratorOptimized<cutlass::MatrixShape<(int)128, (int)128>, signed char, cutlass::layout::TensorNHWC, cutlass::transform::PitchLinearWarpRakedThreadMap<cutlass::PitchLinearShape<(int)128, (int)128>, (int)256, cutlass::PitchLinearShape<(int)8, (int)4>, (int)16>, cutlass::AlignedArray<signed char, (int)16, (int)16>>, cutlass::transform::threadblock::RegularTileAccessIterator<cutlass::MatrixShape<(int)128, (int)128>, signed char, cutlass::layout::RowMajorTensorOpMultiplicandCrosswise<(int)8, (int)128>, (int)0, cutlass::transform::PitchLinearWarpRakedThreadMap<cutlass::PitchLinearShape<(int)128, (int)128>, (int)256, cutlass::PitchLinearShape<(int)8, (int)4>, (int)16>, (int)16>, (cutlass::arch::CacheOperation::Kind)0, cutlass::conv::threadblock::Conv2dFpropFilterTileAccessIteratorOptimized<cutlass::MatrixShape<(int)128, (int)128>, signed char, cutlass::layout::TensorNHWC, cutlass::transform::PitchLinearWarpRakedThreadMap<cutlass::PitchLinearShape<(int)128, (int)128>, (int)256, cutlass::PitchLinearShape<(int)8, (int)4>, (int)16>, cutlass::AlignedArray<signed char, (int)16, (int)16>, (bool)0>, cutlass::transform::threadblock::RegularTileAccessIterator<cutlass::MatrixShape<(int)128, (int)128>, signed char, cutlass::layout::ColumnMajorTensorOpMultiplicandCrosswise<(int)8, (int)128>, (int)1, cutlass::transform::PitchLinearWarpRakedThreadMap<cutlass::PitchLinearShape<(int)128, (int)128>, (int)256, cutlass::PitchLinearShape<(int)8, (int)4>, (int)16>, (int)16>, (cutlass::arch::CacheOperation::Kind)1, cutlass::gemm::threadblock::MmaPolicy<cutlass::gemm::warp::MmaTensorOp<cutlass::gemm::GemmShape<(int)64, (int)64, (int)64>, signed char, cutlass::layout::RowMajorTensorOpMultiplicandCrosswise<(int)8, (int)128>, signed char, cutlass::layout::ColumnMajorTensorOpMultiplicandCrosswise<(int)8, (int)128>, int, cutlass::layout::RowMajor, cutlass::gemm::warp::MmaTensorOpPolicy<cutlass::arch::Mma<cutlass::gemm::GemmShape<(int)16, (int)8, (int)32>, (int)32, signed char, cutlass::layout::RowMajor, signed char, cutlass::layout::ColumnMajor, int, cutlass::layout::RowMajor, cutlass::arch::OpMultiplyAddSaturate>, cutlass::MatrixShape<(int)1, (int)1>>, (int)2, (bool)0, bool>, cutlass::MatrixShape<(int)0, (int)0>, cutlass::MatrixShape<(int)0, (int)0>, (int)2>, (int)3, bool>, cutlass::epilogue::threadblock::EpilogueWithVisitorCallbacks<cutlass::epilogue::threadblock::Epilogue<cutlass::gemm::GemmShape<(int)128, (int)128, (int)128>, cutlass::gemm::warp::MmaTensorOp<cutlass::gemm::GemmShape<(int)64, (int)64, (int)64>, signed char, cutlass::layout::RowMajorTensorOpMultiplicandCrosswise<(int)8, (int)128>, signed char, cutlass::layout::ColumnMajorTensorOpMultiplicandCrosswise<(int)8, (int)128>, int, cutlass::layout::RowMajor, cutlass::gemm::warp::MmaTensorOpPolicy<cutlass::arch::Mma<cutlass::gemm::GemmShape<(int)16, (int)8, (int)32>, (int)32, signed char, cutlass::layout::RowMajor, signed char, cutlass::layout::ColumnMajor, int, cutlass::layout::RowMajor, cutlass::arch::OpMultiplyAddSaturate>, cutlass::MatrixShape<(int)1, (int)1>>, (int)2, (bool)0, bool>, (int)2, cutlass::epilogue::threadblock::PredicatedTileIteratorConv<cutlass::epilogue::threadblock::OutputTileOptimalThreadMap<cutlass::epilogue::threadblock::OutputTileShape<(int)128, (int)8, (int)2, (int)1, (int)1>, cutlass::epilogue::threadblock::OutputTileShape<(int)1, (int)8, (int)1, (int)1, (int)8>, (int)256, (int)8, (int)16>, cutlass::half_t, (bool)0, cutlass::layout::NoPermute, (bool)0, (int)4>, cutlass::epilogue::warp::FragmentIteratorTensorOp<cutlass::gemm::GemmShape<(int)64, (int)64, (int)64>, cutlass::gemm::GemmShape<(int)16, (int)8, (int)32>, int, cutlass::Array<int, (int)4, (bool)1>, cutlass::layout::RowMajor>, cutlass::epilogue::warp::TileIteratorTensorOpMixed<cutlass::gemm::GemmShape<(int)64, (int)64, (int)64>, cutlass::gemm::GemmShape<(int)16, (int)8, (int)32>, int, (int)32, (int)16, (int)8, (int)8, (bool)0>, cutlass::epilogue::threadblock::SharedLoadIteratorMixed<cutlass::epilogue::threadblock::OutputTileOptimalThreadMap<cutlass::epilogue::threadblock::OutputTileShape<(int)128, (int)8, (int)2, (int)1, (int)1>, cutlass::epilogue::threadblock::OutputTileShape<(int)1, (int)8, (int)1, (int)1, (int)8>, (int)256, (int)8, (int)16>::CompactedThreadMap, int, (int)32, (int)16, (int)8, (int)8, (bool)0>, cutlass::epilogue::thread::LinearCombination<cutlass::half_t, (int)8, int, float, (cutlass::epilogue::thread::ScaleType::Kind)0, (cutlass::FloatRoundStyle)2, cutlass::half_t>, cutlass::MatrixShape<(int)0, (int)8>, (int)1, (int)1>, cutlass::epilogue::threadblock::TreeVisitor2x<cutlass::epilogue::threadblock::VisitorAuxStore<cutlass::epilogue::threadblock::OutputTileThreadLayout<cutlass::gemm::GemmShape<(int)128, (int)128, (int)128>, cutlass::gemm::GemmShape<(int)64, (int)64, (int)64>, cutlass::half_t, (int)8, (int)1>, cutlass::half_t, (cutlass::FloatRoundStyle)2, cute::tuple<long, cute::C<(int)1>, long>>, cutlass::epilogue::threadblock::TreeVisitor2x<cutlass::epilogue::threadblock::VisitorCompute<cutlass::plus, float, float, (cutlass::FloatRoundStyle)2, void>, cutlass::epilogue::threadblock::TreeVisitor2x<cutlass::epilogue::threadblock::VisitorCompute<cutlass::plus, float, float, (cutlass::FloatRoundStyle)2, void>, cutlass::epilogue::threadblock::TreeVisitor2x<cutlass::epilogue::threadblock::VisitorCompute<cutlass::multiplies, float, float, (cutlass::FloatRoundStyle)2, void>, cutlass::epilogue::threadblock::TreeVisitor2x<cutlass::epilogue::threadblock::VisitorCompute<cutlass::multiplies, float, float, (cutlass::FloatRoundStyle)2, void>, cutlass::epilogue::threadblock::VisitorAccFetch, cutlass::epilogue::threadblock::VisitorScalarBroadcast<float, cute::tuple<cute::C<(int)0>, cute::C<(int)0>, cute::C<(int)0>>, (int)1, cutlass::multiplies>>, cutlass::epilogue::threadblock::VisitorRowBroadcast<cutlass::epilogue::threadblock::OutputTileThreadLayout<cutlass::gemm::GemmShape<(int)128, (int)128, (int)128>, cutlass::gemm::GemmShape<(int)64, (int)64, (int)64>, cutlass::half_t, (int)8, (int)1>, float, cute::tuple<cute::C<(int)0>, cute::C<(int)1>, int>, (bool)1>>, cutlass::epilogue::threadblock::VisitorRowBroadcast<cutlass::epilogue::threadblock::OutputTileThreadLayout<cutlass::gemm::GemmShape<(int)128, (int)128, (int)128>, cutlass::gemm::GemmShape<(int)64, (int)64, (int)64>, cutlass::half_t, (int)8, (int)1>, float, cute::tuple<cute::C<(int)0>, cute::C<(int)1>, int>, (bool)1>>, cutlass::epilogue::threadblock::VisitorAuxLoad<cutlass::epilogue::threadblock::OutputTileThreadLayout<cutlass::gemm::GemmShape<(int)128, (int)128, (int)128>, cutlass::gemm::GemmShape<(int)64, (int)64, (int)64>, cutlass::half_t, (int)8, (int)1>, cutlass::half_t, cute::tuple<long, cute::C<(int)1>, long>>>>, (int)1, (int)1>, cutlass::gemm::threadblock::GemmIdentityThreadblockSwizzle<(int)1>, (cutlass::conv::Operator)0, cutlass::conv::Conv2dProblemSize>>(T1::Params)",16792949.0
L|resblock_plain|C768|T64,"void group_norm_silu_quantize_nhwc_vec2_kernel<__half, (bool)0>(const T1 *, signed char *, const T1 *, const T1 *, const T1 *, const T1 *, const float *, const float *, int, long, int, float, bool)",16193229.0
L|resblock_plain|C384|T64,"void group_norm_silu_quantize_nhwc_vec2_kernel<__half, (bool)0>(const T1 *, signed char *, const T1 *, const T1 *, const T1 *, const T1 *, const float *, const float *, int, long, int, float, bool)",14854185.0
L|resblock_plain|C576|T1024,"void cutlass::Kernel<modiff::ImplicitGemmConvolutionEVT<cutlass::conv::threadblock::ImplicitGemmMultistage<cutlass::gemm::GemmShape<(int)128, (int)128, (int)128>, cutlass::conv::threadblock::Conv2dFpropActivationTileAccessIteratorOptimized<cutlass::MatrixShape<(int)128, (int)128>, signed char, cutlass::layout::TensorNHWC, cutlass::transform::PitchLinearWarpRakedThreadMap<cutlass::PitchLinearShape<(int)128, (int)128>, (int)256, cutlass::PitchLinearShape<(int)8, (int)4>, (int)16>, cutlass::AlignedArray<signed char, (int)16, (int)16>>, cutlass::transform::threadblock::RegularTileAccessIterator<cutlass::MatrixShape<(int)128, (int)128>, signed char, cutlass::layout::RowMajorTensorOpMultiplicandCrosswise<(int)8, (int)128>, (int)0, cutlass::transform::PitchLinearWarpRakedThreadMap<cutlass::PitchLinearShape<(int)128, (int)128>, (int)256, cutlass::PitchLinearShape<(int)8, (int)4>, (int)16>, (int)16>, (cutlass::arch::CacheOperation::Kind)0, cutlass::conv::threadblock::Conv2dFpropFilterTileAccessIteratorOptimized<cutlass::MatrixShape<(int)128, (int)128>, signed char, cutlass::layout::TensorNHWC, cutlass::transform::PitchLinearWarpRakedThreadMap<cutlass::PitchLinearShape<(int)128, (int)128>, (int)256, cutlass::PitchLinearShape<(int)8, (int)4>, (int)16>, cutlass::AlignedArray<signed char, (int)16, (int)16>, (bool)0>, cutlass::transform::threadblock::RegularTileAccessIterator<cutlass::MatrixShape<(int)128, (int)128>, signed char, cutlass::layout::ColumnMajorTensorOpMultiplicandCrosswise<(int)8, (int)128>, (int)1, cutlass::transform::PitchLinearWarpRakedThreadMap<cutlass::PitchLinearShape<(int)128, (int)128>, (int)256, cutlass::PitchLinearShape<(int)8, (int)4>, (int)16>, (int)16>, (cutlass::arch::CacheOperation::Kind)1, cutlass::gemm::threadblock::MmaPolicy<cutlass::gemm::warp::MmaTensorOp<cutlass::gemm::GemmShape<(int)64, (int)64, (int)64>, signed char, cutlass::layout::RowMajorTensorOpMultiplicandCrosswise<(int)8, (int)128>, signed char, cutlass::layout::ColumnMajorTensorOpMultiplicandCrosswise<(int)8, (int)128>, int, cutlass::layout::RowMajor, cutlass::gemm::warp::MmaTensorOpPolicy<cutlass::arch::Mma<cutlass::gemm::GemmShape<(int)16, (int)8, (int)32>, (int)32, signed char, cutlass::layout::RowMajor, signed char, cutlass::layout::ColumnMajor, int, cutlass::layout::RowMajor, cutlass::arch::OpMultiplyAddSaturate>, cutlass::MatrixShape<(int)1, (int)1>>, (int)2, (bool)0, bool>, cutlass::MatrixShape<(int)0, (int)0>, cutlass::MatrixShape<(int)0, (int)0>, (int)2>, (int)3, bool>, cutlass::epilogue::threadblock::EpilogueWithVisitorCallbacks<cutlass::epilogue::threadblock::Epilogue<cutlass::gemm::GemmShape<(int)128, (int)128, (int)128>, cutlass::gemm::warp::MmaTensorOp<cutlass::gemm::GemmShape<(int)64, (int)64, (int)64>, signed char, cutlass::layout::RowMajorTensorOpMultiplicandCrosswise<(int)8, (int)128>, signed char, cutlass::layout::ColumnMajorTensorOpMultiplicandCrosswise<(int)8, (int)128>, int, cutlass::layout::RowMajor, cutlass::gemm::warp::MmaTensorOpPolicy<cutlass::arch::Mma<cutlass::gemm::GemmShape<(int)16, (int)8, (int)32>, (int)32, signed char, cutlass::layout::RowMajor, signed char, cutlass::layout::ColumnMajor, int, cutlass::layout::RowMajor, cutlass::arch::OpMultiplyAddSaturate>, cutlass::MatrixShape<(int)1, (int)1>>, (int)2, (bool)0, bool>, (int)2, cutlass::epilogue::threadblock::PredicatedTileIteratorConv<cutlass::epilogue::threadblock::OutputTileOptimalThreadMap<cutlass::epilogue::threadblock::OutputTileShape<(int)128, (int)8, (int)2, (int)1, (int)1>, cutlass::epilogue::threadblock::OutputTileShape<(int)1, (int)8, (int)1, (int)1, (int)8>, (int)256, (int)8, (int)16>, cutlass::half_t, (bool)0, cutlass::layout::NoPermute, (bool)0, (int)4>, cutlass::epilogue::warp::FragmentIteratorTensorOp<cutlass::gemm::GemmShape<(int)64, (int)64, (int)64>, cutlass::gemm::GemmShape<(int)16, (int)8, (int)32>, int, cutlass::Array<int, (int)4, (bool)1>, cutlass::layout::RowMajor>, cutlass::epilogue::warp::TileIteratorTensorOpMixed<cutlass::gemm::GemmShape<(int)64, (int)64, (int)64>, cutlass::gemm::GemmShape<(int)16, (int)8, (int)32>, int, (int)32, (int)16, (int)8, (int)8, (bool)0>, cutlass::epilogue::threadblock::SharedLoadIteratorMixed<cutlass::epilogue::threadblock::OutputTileOptimalThreadMap<cutlass::epilogue::threadblock::OutputTileShape<(int)128, (int)8, (int)2, (int)1, (int)1>, cutlass::epilogue::threadblock::OutputTileShape<(int)1, (int)8, (int)1, (int)1, (int)8>, (int)256, (int)8, (int)16>::CompactedThreadMap, int, (int)32, (int)16, (int)8, (int)8, (bool)0>, cutlass::epilogue::thread::LinearCombination<cutlass::half_t, (int)8, int, float, (cutlass::epilogue::thread::ScaleType::Kind)0, (cutlass::FloatRoundStyle)2, cutlass::half_t>, cutlass::MatrixShape<(int)0, (int)8>, (int)1, (int)1>, cutlass::epilogue::threadblock::TreeVisitor2x<cutlass::epilogue::threadblock::VisitorAuxStore<cutlass::epilogue::threadblock::OutputTileThreadLayout<cutlass::gemm::GemmShape<(int)128, (int)128, (int)128>, cutlass::gemm::GemmShape<(int)64, (int)64, (int)64>, cutlass::half_t, (int)8, (int)1>, cutlass::half_t, (cutlass::FloatRoundStyle)2, cute::tuple<long, cute::C<(int)1>, long>>, cutlass::epilogue::threadblock::TreeVisitor2x<cutlass::epilogue::threadblock::VisitorCompute<cutlass::plus, float, float, (cutlass::FloatRoundStyle)2, void>, cutlass::epilogue::threadblock::TreeVisitor2x<cutlass::epilogue::threadblock::VisitorCompute<cutlass::plus, float, float, (cutlass::FloatRoundStyle)2, void>, cutlass::epilogue::threadblock::TreeVisitor2x<cutlass::epilogue::threadblock::VisitorCompute<cutlass::multiplies, float, float, (cutlass::FloatRoundStyle)2, void>, cutlass::epilogue::threadblock::TreeVisitor2x<cutlass::epilogue::threadblock::VisitorCompute<cutlass::multiplies, float, float, (cutlass::FloatRoundStyle)2, void>, cutlass::epilogue::threadblock::VisitorAccFetch, cutlass::epilogue::threadblock::VisitorScalarBroadcast<float, cute::tuple<cute::C<(int)0>, cute::C<(int)0>, cute::C<(int)0>>, (int)1, cutlass::multiplies>>, cutlass::epilogue::threadblock::VisitorRowBroadcast<cutlass::epilogue::threadblock::OutputTileThreadLayout<cutlass::gemm::GemmShape<(int)128, (int)128, (int)128>, cutlass::gemm::GemmShape<(int)64, (int)64, (int)64>, cutlass::half_t, (int)8, (int)1>, float, cute::tuple<cute::C<(int)0>, cute::C<(int)1>, int>, (bool)1>>, cutlass::epilogue::threadblock::VisitorRowBroadcast<cutlass::epilogue::threadblock::OutputTileThreadLayout<cutlass::gemm::GemmShape<(int)128, (int)128, (int)128>, cutlass::gemm::GemmShape<(int)64, (int)64, (int)64>, cutlass::half_t, (int)8, (int)1>, float, cute::tuple<cute::C<(int)0>, cute::C<(int)1>, int>, (bool)1>>, cutlass::epilogue::threadblock::VisitorAuxLoad<cutlass::epilogue::threadblock::OutputTileThreadLayout<cutlass::gemm::GemmShape<(int)128, (int)128, (int)128>, cutlass::gemm::GemmShape<(int)64, (int)64, (int)64>, cutlass::half_t, (int)8, (int)1>, cutlass::half_t, cute::tuple<long, cute::C<(int)1>, long>>>>, (int)1, (int)1>, cutlass::gemm::threadblock::GemmIdentityThreadblockSwizzle<(int)1>, (cutlass::conv::Operator)0, cutlass::conv::Conv2dProblemSize>>(T1::Params)",14829355.0
L|resblock_plain|C576|T256,"void group_norm_silu_quantize_nhwc_vec2_kernel<__half, (bool)0>(const T1 *, signed char *, const T1 *, const T1 *, const T1 *, const T1 *, const float *, const float *, int, long, int, float, bool)",13759872.0
L|resblock_plain|C576|T256,"void cutlass::Kernel<modiff::ImplicitGemmConvolutionEVT<cutlass::conv::threadblock::ImplicitGemmMultistage<cutlass::gemm::GemmShape<(int)128, (int)128, (int)128>, cutlass::conv::threadblock::Conv2dFpropActivationTileAccessIteratorOptimized<cutlass::MatrixShape<(int)128, (int)128>, signed char, cutlass::layout::TensorNHWC, cutlass::transform::PitchLinearWarpRakedThreadMap<cutlass::PitchLinearShape<(int)128, (int)128>, (int)256, cutlass::PitchLinearShape<(int)8, (int)4>, (int)16>, cutlass::AlignedArray<signed char, (int)16, (int)16>>, cutlass::transform::threadblock::RegularTileAccessIterator<cutlass::MatrixShape<(int)128, (int)128>, signed char, cutlass::layout::RowMajorTensorOpMultiplicandCrosswise<(int)8, (int)128>, (int)0, cutlass::transform::PitchLinearWarpRakedThreadMap<cutlass::PitchLinearShape<(int)128, (int)128>, (int)256, cutlass::PitchLinearShape<(int)8, (int)4>, (int)16>, (int)16>, (cutlass::arch::CacheOperation::Kind)0, cutlass::conv::threadblock::Conv2dFpropFilterTileAccessIteratorOptimized<cutlass::MatrixShape<(int)128, (int)128>, signed char, cutlass::layout::TensorNHWC, cutlass::transform::PitchLinearWarpRakedThreadMap<cutlass::PitchLinearShape<(int)128, (int)128>, (int)256, cutlass::PitchLinearShape<(int)8, (int)4>, (int)16>, cutlass::AlignedArray<signed char, (int)16, (int)16>, (bool)0>, cutlass::transform::threadblock::RegularTileAccessIterator<cutlass::MatrixShape<(int)128, (int)128>, signed char, cutlass::layout::ColumnMajorTensorOpMultiplicandCrosswise<(int)8, (int)128>, (int)1, cutlass::transform::PitchLinearWarpRakedThreadMap<cutlass::PitchLinearShape<(int)128, (int)128>, (int)256, cutlass::PitchLinearShape<(int)8, (int)4>, (int)16>, (int)16>, (cutlass::arch::CacheOperation::Kind)1, cutlass::gemm::threadblock::MmaPolicy<cutlass::gemm::warp::MmaTensorOp<cutlass::gemm::GemmShape<(int)64, (int)64, (int)64>, signed char, cutlass::layout::RowMajorTensorOpMultiplicandCrosswise<(int)8, (int)128>, signed char, cutlass::layout::ColumnMajorTensorOpMultiplicandCrosswise<(int)8, (int)128>, int, cutlass::layout::RowMajor, cutlass::gemm::warp::MmaTensorOpPolicy<cutlass::arch::Mma<cutlass::gemm::GemmShape<(int)16, (int)8, (int)32>, (int)32, signed char, cutlass::layout::RowMajor, signed char, cutlass::layout::ColumnMajor, int, cutlass::layout::RowMajor, cutlass::arch::OpMultiplyAddSaturate>, cutlass::MatrixShape<(int)1, (int)1>>, (int)2, (bool)0, bool>, cutlass::MatrixShape<(int)0, (int)0>, cutlass::MatrixShape<(int)0, (int)0>, (int)2>, (int)3, bool>, cutlass::epilogue::threadblock::EpilogueWithVisitorCallbacks<cutlass::epilogue::threadblock::Epilogue<cutlass::gemm::GemmShape<(int)128, (int)128, (int)128>, cutlass::gemm::warp::MmaTensorOp<cutlass::gemm::GemmShape<(int)64, (int)64, (int)64>, signed char, cutlass::layout::RowMajorTensorOpMultiplicandCrosswise<(int)8, (int)128>, signed char, cutlass::layout::ColumnMajorTensorOpMultiplicandCrosswise<(int)8, (int)128>, int, cutlass::layout::RowMajor, cutlass::gemm::warp::MmaTensorOpPolicy<cutlass::arch::Mma<cutlass::gemm::GemmShape<(int)16, (int)8, (int)32>, (int)32, signed char, cutlass::layout::RowMajor, signed char, cutlass::layout::ColumnMajor, int, cutlass::layout::RowMajor, cutlass::arch::OpMultiplyAddSaturate>, cutlass::MatrixShape<(int)1, (int)1>>, (int)2, (bool)0, bool>, (int)2, cutlass::epilogue::threadblock::PredicatedTileIteratorConv<cutlass::epilogue::threadblock::OutputTileOptimalThreadMap<cutlass::epilogue::threadblock::OutputTileShape<(int)128, (int)8, (int)2, (int)1, (int)1>, cutlass::epilogue::threadblock::OutputTileShape<(int)1, (int)8, (int)1, (int)1, (int)8>, (int)256, (int)8, (int)16>, cutlass::half_t, (bool)0, cutlass::layout::NoPermute, (bool)0, (int)4>, cutlass::epilogue::warp::FragmentIteratorTensorOp<cutlass::gemm::GemmShape<(int)64, (int)64, (int)64>, cutlass::gemm::GemmShape<(int)16, (int)8, (int)32>, int, cutlass::Array<int, (int)4, (bool)1>, cutlass::layout::RowMajor>, cutlass::epilogue::warp::TileIteratorTensorOpMixed<cutlass::gemm::GemmShape<(int)64, (int)64, (int)64>, cutlass::gemm::GemmShape<(int)16, (int)8, (int)32>, int, (int)32, (int)16, (int)8, (int)8, (bool)0>, cutlass::epilogue::threadblock::SharedLoadIteratorMixed<cutlass::epilogue::threadblock::OutputTileOptimalThreadMap<cutlass::epilogue::threadblock::OutputTileShape<(int)128, (int)8, (int)2, (int)1, (int)1>, cutlass::epilogue::threadblock::OutputTileShape<(int)1, (int)8, (int)1, (int)1, (int)8>, (int)256, (int)8, (int)16>::CompactedThreadMap, int, (int)32, (int)16, (int)8, (int)8, (bool)0>, cutlass::epilogue::thread::LinearCombination<cutlass::half_t, (int)8, int, float, (cutlass::epilogue::thread::ScaleType::Kind)0, (cutlass::FloatRoundStyle)2, cutlass::half_t>, cutlass::MatrixShape<(int)0, (int)8>, (int)1, (int)1>, cutlass::epilogue::threadblock::TreeVisitor2x<cutlass::epilogue::threadblock::VisitorAuxStore<cutlass::epilogue::threadblock::OutputTileThreadLayout<cutlass::gemm::GemmShape<(int)128, (int)128, (int)128>, cutlass::gemm::GemmShape<(int)64, (int)64, (int)64>, cutlass::half_t, (int)8, (int)1>, cutlass::half_t, (cutlass::FloatRoundStyle)2, cute::tuple<long, cute::C<(int)1>, long>>, cutlass::epilogue::threadblock::TreeVisitor2x<cutlass::epilogue::threadblock::VisitorCompute<cutlass::plus, float, float, (cutlass::FloatRoundStyle)2, void>, cutlass::epilogue::threadblock::TreeVisitor2x<cutlass::epilogue::threadblock::VisitorCompute<cutlass::multiplies, float, float, (cutlass::FloatRoundStyle)2, void>, cutlass::epilogue::threadblock::TreeVisitor2x<cutlass::epilogue::threadblock::VisitorCompute<cutlass::multiplies, float, float, (cutlass::FloatRoundStyle)2, void>, cutlass::epilogue::threadblock::VisitorAccFetch, cutlass::epilogue::threadblock::VisitorScalarBroadcast<float, cute::tuple<cute::C<(int)0>, cute::C<(int)0>, cute::C<(int)0>>, (int)1, cutlass::multiplies>>, cutlass::epilogue::threadblock::VisitorRowBroadcast<cutlass::epilogue::threadblock::OutputTileThreadLayout<cutlass::gemm::GemmShape<(int)128, (int)128, (int)128>, cutlass::gemm::GemmShape<(int)64, (int)64, (int)64>, cutlass::half_t, (int)8, (int)1>, float, cute::tuple<cute::C<(int)0>, cute::C<(int)1>, int>, (bool)1>>, cutlass::epilogue::threadblock::VisitorRowBroadcast<cutlass::epilogue::threadblock::OutputTileThreadLayout<cutlass::gemm::GemmShape<(int)128, (int)128, (int)128>, cutlass::gemm::GemmShape<(int)64, (int)64, (int)64>, cutlass::half_t, (int)8, (int)1>, float, cute::tuple<cute::C<(int)0>, cute::C<(int)1>, int>, (bool)1>>>, (int)1, (int)1>, cutlass::gemm::threadblock::GemmIdentityThreadblockSwizzle<(int)1>, (cutlass::conv::Operator)0, cutlass::conv::Conv2dProblemSize>>(T1::Params)",12973276.0
L|resblock_plain|C384|T256,"void group_norm_silu_quantize_nhwc_vec2_kernel<__half, (bool)0>(const T1 *, signed char *, const T1 *, const T1 *, const T1 *, const T1 *, const float *, const float *, int, long, int, float, bool)",12225109.0
L|resblock_updown|C384|T256,"void group_norm_silu_nhwc_kernel<__half>(const T1 *, T1 *, const T1 *, const T1 *, const T1 *, const T1 *, int, long, int, float, bool)",12068341.0
L|resblock_plain|C1536|T16,"void cutlass::Kernel<modiff::ImplicitGemmConvolutionEVT<cutlass::conv::threadblock::ImplicitGemmMultistage<cutlass::gemm::GemmShape<(int)128, (int)128, (int)128>, cutlass::conv::threadblock::Conv2dFpropActivationTileAccessIteratorOptimized<cutlass::MatrixShape<(int)128, (int)128>, signed char, cutlass::layout::TensorNHWC, cutlass::transform::PitchLinearWarpRakedThreadMap<cutlass::PitchLinearShape<(int)128, (int)128>, (int)256, cutlass::PitchLinearShape<(int)8, (int)4>, (int)16>, cutlass::AlignedArray<signed char, (int)16, (int)16>>, cutlass::transform::threadblock::RegularTileAccessIterator<cutlass::MatrixShape<(int)128, (int)128>, signed char, cutlass::layout::RowMajorTensorOpMultiplicandCrosswise<(int)8, (int)128>, (int)0, cutlass::transform::PitchLinearWarpRakedThreadMap<cutlass::PitchLinearShape<(int)128, (int)128>, (int)256, cutlass::PitchLinearShape<(int)8, (int)4>, (int)16>, (int)16>, (cutlass::arch::CacheOperation::Kind)0, cutlass::conv::threadblock::Conv2dFpropFilterTileAccessIteratorOptimized<cutlass::MatrixShape<(int)128, (int)128>, signed char, cutlass::layout::TensorNHWC, cutlass::transform::PitchLinearWarpRakedThreadMap<cutlass::PitchLinearShape<(int)128, (int)128>, (int)256, cutlass::PitchLinearShape<(int)8, (int)4>, (int)16>, cutlass::AlignedArray<signed char, (int)16, (int)16>, (bool)0>, cutlass::transform::threadblock::RegularTileAccessIterator<cutlass::MatrixShape<(int)128, (int)128>, signed char, cutlass::layout::ColumnMajorTensorOpMultiplicandCrosswise<(int)8, (int)128>, (int)1, cutlass::transform::PitchLinearWarpRakedThreadMap<cutlass::PitchLinearShape<(int)128, (int)128>, (int)256, cutlass::PitchLinearShape<(int)8, (int)4>, (int)16>, (int)16>, (cutlass::arch::CacheOperation::Kind)1, cutlass::gemm::threadblock::MmaPolicy<cutlass::gemm::warp::MmaTensorOp<cutlass::gemm::GemmShape<(int)64, (int)64, (int)64>, signed char, cutlass::layout::RowMajorTensorOpMultiplicandCrosswise<(int)8, (int)128>, signed char, cutlass::layout::ColumnMajorTensorOpMultiplicandCrosswise<(int)8, (int)128>, int, cutlass::layout::RowMajor, cutlass::gemm::warp::MmaTensorOpPolicy<cutlass::arch::Mma<cutlass::gemm::GemmShape<(int)16, (int)8, (int)32>, (int)32, signed char, cutlass::layout::RowMajor, signed char, cutlass::layout::ColumnMajor, int, cutlass::layout::RowMajor, cutlass::arch::OpMultiplyAddSaturate>, cutlass::MatrixShape<(int)1, (int)1>>, (int)2, (bool)0, bool>, cutlass::MatrixShape<(int)0, (int)0>, cutlass::MatrixShape<(int)0, (int)0>, (int)2>, (int)3, bool>, cutlass::epilogue::threadblock::EpilogueWithVisitorCallbacks<cutlass::epilogue::threadblock::Epilogue<cutlass::gemm::GemmShape<(int)128, (int)128, (int)128>, cutlass::gemm::warp::MmaTensorOp<cutlass::gemm::GemmShape<(int)64, (int)64, (int)64>, signed char, cutlass::layout::RowMajorTensorOpMultiplicandCrosswise<(int)8, (int)128>, signed char, cutlass::layout::ColumnMajorTensorOpMultiplicandCrosswise<(int)8, (int)128>, int, cutlass::layout::RowMajor, cutlass::gemm::warp::MmaTensorOpPolicy<cutlass::arch::Mma<cutlass::gemm::GemmShape<(int)16, (int)8, (int)32>, (int)32, signed char, cutlass::layout::RowMajor, signed char, cutlass::layout::ColumnMajor, int, cutlass::layout::RowMajor, cutlass::arch::OpMultiplyAddSaturate>, cutlass::MatrixShape<(int)1, (int)1>>, (int)2, (bool)0, bool>, (int)2, cutlass::epilogue::threadblock::PredicatedTileIteratorConv<cutlass::epilogue::threadblock::OutputTileOptimalThreadMap<cutlass::epilogue::threadblock::OutputTileShape<(int)128, (int)8, (int)2, (int)1, (int)1>, cutlass::epilogue::threadblock::OutputTileShape<(int)1, (int)8, (int)1, (int)1, (int)8>, (int)256, (int)8, (int)16>, cutlass::half_t, (bool)0, cutlass::layout::NoPermute, (bool)0, (int)4>, cutlass::epilogue::warp::FragmentIteratorTensorOp<cutlass::gemm::GemmShape<(int)64, (int)64, (int)64>, cutlass::gemm::GemmShape<(int)16, (int)8, (int)32>, int, cutlass::Array<int, (int)4, (bool)1>, cutlass::layout::RowMajor>, cutlass::epilogue::warp::TileIteratorTensorOpMixed<cutlass::gemm::GemmShape<(int)64, (int)64, (int)64>, cutlass::gemm::GemmShape<(int)16, (int)8, (int)32>, int, (int)32, (int)16, (int)8, (int)8, (bool)0>, cutlass::epilogue::threadblock::SharedLoadIteratorMixed<cutlass::epilogue::threadblock::OutputTileOptimalThreadMap<cutlass::epilogue::threadblock::OutputTileShape<(int)128, (int)8, (int)2, (int)1, (int)1>, cutlass::epilogue::threadblock::OutputTileShape<(int)1, (int)8, (int)1, (int)1, (int)8>, (int)256, (int)8, (int)16>::CompactedThreadMap, int, (int)32, (int)16, (int)8, (int)8, (bool)0>, cutlass::epilogue::thread::LinearCombination<cutlass::half_t, (int)8, int, float, (cutlass::epilogue::thread::ScaleType::Kind)0, (cutlass::FloatRoundStyle)2, cutlass::half_t>, cutlass::MatrixShape<(int)0, (int)8>, (int)1, (int)1>, cutlass::epilogue::threadblock::TreeVisitor2x<cutlass::epilogue::threadblock::VisitorAuxStore<cutlass::epilogue::threadblock::OutputTileThreadLayout<cutlass::gemm::GemmShape<(int)128, (int)128, (int)128>, cutlass::gemm::GemmShape<(int)64, (int)64, (int)64>, cutlass::half_t, (int)8, (int)1>, cutlass::half_t, (cutlass::FloatRoundStyle)2, cute::tuple<long, cute::C<(int)1>, long>>, cutlass::epilogue::threadblock::TreeVisitor2x<cutlass::epilogue::threadblock::VisitorCompute<cutlass::plus, float, float, (cutlass::FloatRoundStyle)2, void>, cutlass::epilogue::threadblock::TreeVisitor2x<cutlass::epilogue::threadblock::VisitorCompute<cutlass::multiplies, float, float, (cutlass::FloatRoundStyle)2, void>, cutlass::epilogue::threadblock::TreeVisitor2x<cutlass::epilogue::threadblock::VisitorCompute<cutlass::multiplies, float, float, (cutlass::FloatRoundStyle)2, void>, cutlass::epilogue::threadblock::VisitorAccFetch, cutlass::epilogue::threadblock::VisitorScalarBroadcast<float, cute::tuple<cute::C<(int)0>, cute::C<(int)0>, cute::C<(int)0>>, (int)1, cutlass::multiplies>>, cutlass::epilogue::threadblock::VisitorRowBroadcast<cutlass::epilogue::threadblock::OutputTileThreadLayout<cutlass::gemm::GemmShape<(int)128, (int)128, (int)128>, cutlass::gemm::GemmShape<(int)64, (int)64, (int)64>, cutlass::half_t, (int)8, (int)1>, float, cute::tuple<cute::C<(int)0>, cute::C<(int)1>, int>, (bool)1>>, cutlass::epilogue::threadblock::VisitorRowBroadcast<cutlass::epilogue::threadblock::OutputTileThreadLayout<cutlass::gemm::GemmShape<(int)128, (int)128, (int)128>, cutlass::gemm::GemmShape<(int)64, (int)64, (int)64>, cutlass::half_t, (int)8, (int)1>, float, cute::tuple<cute::C<(int)0>, cute::C<(int)1>, int>, (bool)1>>>, (int)1, (int)1>, cutlass::gemm::threadblock::GemmIdentityThreadblockSwizzle<(int)1>, (cutlass::conv::Operator)0, cutlass::conv::Conv2dProblemSize>>(T1::Params)",11634802.0
L|resblock_plain|C384|T1024,sm80_xmma_fprop_implicit_gemm_f16f16_f16f32_f32_nhwckrsc_nhwc_tilesize128x64x32_stage5_warpsize2x2x1_g1_tensor16x8x16_execute_kernel__5x_cudnn,11417936.0
L|resblock_plain|C192|T256,"void group_norm_silu_quantize_nhwc_vec2_kernel<__half, (bool)0>(const T1 *, signed char *, const T1 *, const T1 *, const T1 *, const T1 *, const float *, const float *, int, long, int, float, bool)",10921614.0
L|resblock_updown|C384|T256,"void at::native::unrolled_elementwise_kernel<at::native::direct_copy_kernel_cuda(at::TensorIteratorBase &)::[lambda() (instance 3)]::operator ()() const::[lambda() (instance 10)]::operator ()() const::[lambda(c10::Half) (instance 1)], at::detail::Array<char *, (int)2>, TrivialOffsetCalculator<(int)1, unsigned int>, TrivialOffsetCalculator<(int)1, unsigned int>, at::native::memory::LoadWithCast<(int)1>, at::native::memory::StoreWithCast<(int)1>>(int, T1, T2, T3, T4, T5, T6)",10689034.0
L|resblock_updown|C384|T256,"void upsample2x_quantize_noahat_kernel<__half>(const T1 *, signed char *, const float *, const float *, int, int, int, int, long)",10287207.0
L|resblock_updown|C192|T1024,"void group_norm_silu_nhwc_kernel<__half>(const T1 *, T1 *, const T1 *, const T1 *, const T1 *, const T1 *, int, long, int, float, bool)",10226313.0
L|attention|C384|T256,"void group_norm_silu_quantize_nhwc_vec2_kernel<__half, (bool)1>(const T1 *, signed char *, const T1 *, const T1 *, const T1 *, const T1 *, const float *, const float *, int, long, int, float, bool)",9928128.0
L|resblock_plain|C1536|T16,"void group_norm_silu_quantize_nhwc_vec2_kernel<__half, (bool)0>(const T1 *, signed char *, const T1 *, const T1 *, const T1 *, const T1 *, const float *, const float *, int, long, int, float, bool)",9494276.0
L|resblock_updown|C384|T64,"void cutlass::Kernel<modiff::ImplicitGemmConvolutionEVT<cutlass::conv::threadblock::ImplicitGemmMultistage<cutlass::gemm::GemmShape<(int)128, (int)128, (int)128>, cutlass::conv::threadblock::Conv2dFpropActivationTileAccessIteratorOptimized<cutlass::MatrixShape<(int)128, (int)128>, signed char, cutlass::layout::TensorNHWC, cutlass::transform::PitchLinearWarpRakedThreadMap<cutlass::PitchLinearShape<(int)128, (int)128>, (int)256, cutlass::PitchLinearShape<(int)8, (int)4>, (int)16>, cutlass::AlignedArray<signed char, (int)16, (int)16>>, cutlass::transform::threadblock::RegularTileAccessIterator<cutlass::MatrixShape<(int)128, (int)128>, signed char, cutlass::layout::RowMajorTensorOpMultiplicandCrosswise<(int)8, (int)128>, (int)0, cutlass::transform::PitchLinearWarpRakedThreadMap<cutlass::PitchLinearShape<(int)128, (int)128>, (int)256, cutlass::PitchLinearShape<(int)8, (int)4>, (int)16>, (int)16>, (cutlass::arch::CacheOperation::Kind)0, cutlass::conv::threadblock::Conv2dFpropFilterTileAccessIteratorOptimized<cutlass::MatrixShape<(int)128, (int)128>, signed char, cutlass::layout::TensorNHWC, cutlass::transform::PitchLinearWarpRakedThreadMap<cutlass::PitchLinearShape<(int)128, (int)128>, (int)256, cutlass::PitchLinearShape<(int)8, (int)4>, (int)16>, cutlass::AlignedArray<signed char, (int)16, (int)16>, (bool)0>, cutlass::transform::threadblock::RegularTileAccessIterator<cutlass::MatrixShape<(int)128, (int)128>, signed char, cutlass::layout::ColumnMajorTensorOpMultiplicandCrosswise<(int)8, (int)128>, (int)1, cutlass::transform::PitchLinearWarpRakedThreadMap<cutlass::PitchLinearShape<(int)128, (int)128>, (int)256, cutlass::PitchLinearShape<(int)8, (int)4>, (int)16>, (int)16>, (cutlass::arch::CacheOperation::Kind)1, cutlass::gemm::threadblock::MmaPolicy<cutlass::gemm::warp::MmaTensorOp<cutlass::gemm::GemmShape<(int)64, (int)64, (int)64>, signed char, cutlass::layout::RowMajorTensorOpMultiplicandCrosswise<(int)8, (int)128>, signed char, cutlass::layout::ColumnMajorTensorOpMultiplicandCrosswise<(int)8, (int)128>, int, cutlass::layout::RowMajor, cutlass::gemm::warp::MmaTensorOpPolicy<cutlass::arch::Mma<cutlass::gemm::GemmShape<(int)16, (int)8, (int)32>, (int)32, signed char, cutlass::layout::RowMajor, signed char, cutlass::layout::ColumnMajor, int, cutlass::layout::RowMajor, cutlass::arch::OpMultiplyAddSaturate>, cutlass::MatrixShape<(int)1, (int)1>>, (int)2, (bool)0, bool>, cutlass::MatrixShape<(int)0, (int)0>, cutlass::MatrixShape<(int)0, (int)0>, (int)2>, (int)3, bool>, cutlass::epilogue::threadblock::EpilogueWithVisitorCallbacks<cutlass::epilogue::threadblock::Epilogue<cutlass::gemm::GemmShape<(int)128, (int)128, (int)128>, cutlass::gemm::warp::MmaTensorOp<cutlass::gemm::GemmShape<(int)64, (int)64, (int)64>, signed char, cutlass::layout::RowMajorTensorOpMultiplicandCrosswise<(int)8, (int)128>, signed char, cutlass::layout::ColumnMajorTensorOpMultiplicandCrosswise<(int)8, (int)128>, int, cutlass::layout::RowMajor, cutlass::gemm::warp::MmaTensorOpPolicy<cutlass::arch::Mma<cutlass::gemm::GemmShape<(int)16, (int)8, (int)32>, (int)32, signed char, cutlass::layout::RowMajor, signed char, cutlass::layout::ColumnMajor, int, cutlass::layout::RowMajor, cutlass::arch::OpMultiplyAddSaturate>, cutlass::MatrixShape<(int)1, (int)1>>, (int)2, (bool)0, bool>, (int)2, cutlass::epilogue::threadblock::PredicatedTileIteratorConv<cutlass::epilogue::threadblock::OutputTileOptimalThreadMap<cutlass::epilogue::threadblock::OutputTileShape<(int)128, (int)8, (int)2, (int)1, (int)1>, cutlass::epilogue::threadblock::OutputTileShape<(int)1, (int)8, (int)1, (int)1, (int)8>, (int)256, (int)8, (int)16>, cutlass::half_t, (bool)0, cutlass::layout::NoPermute, (bool)0, (int)4>, cutlass::epilogue::warp::FragmentIteratorTensorOp<cutlass::gemm::GemmShape<(int)64, (int)64, (int)64>, cutlass::gemm::GemmShape<(int)16, (int)8, (int)32>, int, cutlass::Array<int, (int)4, (bool)1>, cutlass::layout::RowMajor>, cutlass::epilogue::warp::TileIteratorTensorOpMixed<cutlass::gemm::GemmShape<(int)64, (int)64, (int)64>, cutlass::gemm::GemmShape<(int)16, (int)8, (int)32>, int, (int)32, (int)16, (int)8, (int)8, (bool)0>, cutlass::epilogue::threadblock::SharedLoadIteratorMixed<cutlass::epilogue::threadblock::OutputTileOptimalThreadMap<cutlass::epilogue::threadblock::OutputTileShape<(int)128, (int)8, (int)2, (int)1, (int)1>, cutlass::epilogue::threadblock::OutputTileShape<(int)1, (int)8, (int)1, (int)1, (int)8>, (int)256, (int)8, (int)16>::CompactedThreadMap, int, (int)32, (int)16, (int)8, (int)8, (bool)0>, cutlass::epilogue::thread::LinearCombination<cutlass::half_t, (int)8, int, float, (cutlass::epilogue::thread::ScaleType::Kind)0, (cutlass::FloatRoundStyle)2, cutlass::half_t>, cutlass::MatrixShape<(int)0, (int)8>, (int)1, (int)1>, cutlass::epilogue::threadblock::TreeVisitor2x<cutlass::epilogue::threadblock::VisitorAuxStore<cutlass::epilogue::threadblock::OutputTileThreadLayout<cutlass::gemm::GemmShape<(int)128, (int)128, (int)128>, cutlass::gemm::GemmShape<(int)64, (int)64, (int)64>, cutlass::half_t, (int)8, (int)1>, cutlass::half_t, (cutlass::FloatRoundStyle)2, cute::tuple<long, cute::C<(int)1>, long>>, cutlass::epilogue::threadblock::TreeVisitor2x<cutlass::epilogue::threadblock::VisitorCompute<cutlass::plus, float, float, (cutlass::FloatRoundStyle)2, void>, cutlass::epilogue::threadblock::TreeVisitor2x<cutlass::epilogue::threadblock::VisitorCompute<cutlass::plus, float, float, (cutlass::FloatRoundStyle)2, void>, cutlass::epilogue::threadblock::TreeVisitor2x<cutlass::epilogue::threadblock::VisitorCompute<cutlass::multiplies, float, float, (cutlass::FloatRoundStyle)2, void>, cutlass::epilogue::threadblock::TreeVisitor2x<cutlass::epilogue::threadblock::VisitorCompute<cutlass::multiplies, float, float, (cutlass::FloatRoundStyle)2, void>, cutlass::epilogue::threadblock::VisitorAccFetch, cutlass::epilogue::threadblock::VisitorScalarBroadcast<float, cute::tuple<cute::C<(int)0>, cute::C<(int)0>, cute::C<(int)0>>, (int)1, cutlass::multiplies>>, cutlass::epilogue::threadblock::VisitorRowBroadcast<cutlass::epilogue::threadblock::OutputTileThreadLayout<cutlass::gemm::GemmShape<(int)128, (int)128, (int)128>, cutlass::gemm::GemmShape<(int)64, (int)64, (int)64>, cutlass::half_t, (int)8, (int)1>, float, cute::tuple<cute::C<(int)0>, cute::C<(int)1>, int>, (bool)1>>, cutlass::epilogue::threadblock::VisitorRowBroadcast<cutlass::epilogue::threadblock::OutputTileThreadLayout<cutlass::gemm::GemmShape<(int)128, (int)128, (int)128>, cutlass::gemm::GemmShape<(int)64, (int)64, (int)64>, cutlass::half_t, (int)8, (int)1>, float, cute::tuple<cute::C<(int)0>, cute::C<(int)1>, int>, (bool)1>>, cutlass::epilogue::threadblock::VisitorAuxLoad<cutlass::epilogue::threadblock::OutputTileThreadLayout<cutlass::gemm::GemmShape<(int)128, (int)128, (int)128>, cutlass::gemm::GemmShape<(int)64, (int)64, (int)64>, cutlass::half_t, (int)8, (int)1>, cutlass::half_t, cute::tuple<long, cute::C<(int)1>, long>>>>, (int)1, (int)1>, cutlass::gemm::threadblock::GemmIdentityThreadblockSwizzle<(int)1>, (cutlass::conv::Operator)0, cutlass::conv::Conv2dProblemSize>>(T1::Params)",9299426.0
L|resblock_updown|C768|T16,"void cutlass::Kernel<modiff::ImplicitGemmConvolutionEVT<cutlass::conv::threadblock::ImplicitGemmMultistage<cutlass::gemm::GemmShape<(int)128, (int)128, (int)128>, cutlass::conv::threadblock::Conv2dFpropActivationTileAccessIteratorOptimized<cutlass::MatrixShape<(int)128, (int)128>, signed char, cutlass::layout::TensorNHWC, cutlass::transform::PitchLinearWarpRakedThreadMap<cutlass::PitchLinearShape<(int)128, (int)128>, (int)256, cutlass::PitchLinearShape<(int)8, (int)4>, (int)16>, cutlass::AlignedArray<signed char, (int)16, (int)16>>, cutlass::transform::threadblock::RegularTileAccessIterator<cutlass::MatrixShape<(int)128, (int)128>, signed char, cutlass::layout::RowMajorTensorOpMultiplicandCrosswise<(int)8, (int)128>, (int)0, cutlass::transform::PitchLinearWarpRakedThreadMap<cutlass::PitchLinearShape<(int)128, (int)128>, (int)256, cutlass::PitchLinearShape<(int)8, (int)4>, (int)16>, (int)16>, (cutlass::arch::CacheOperation::Kind)0, cutlass::conv::threadblock::Conv2dFpropFilterTileAccessIteratorOptimized<cutlass::MatrixShape<(int)128, (int)128>, signed char, cutlass::layout::TensorNHWC, cutlass::transform::PitchLinearWarpRakedThreadMap<cutlass::PitchLinearShape<(int)128, (int)128>, (int)256, cutlass::PitchLinearShape<(int)8, (int)4>, (int)16>, cutlass::AlignedArray<signed char, (int)16, (int)16>, (bool)0>, cutlass::transform::threadblock::RegularTileAccessIterator<cutlass::MatrixShape<(int)128, (int)128>, signed char, cutlass::layout::ColumnMajorTensorOpMultiplicandCrosswise<(int)8, (int)128>, (int)1, cutlass::transform::PitchLinearWarpRakedThreadMap<cutlass::PitchLinearShape<(int)128, (int)128>, (int)256, cutlass::PitchLinearShape<(int)8, (int)4>, (int)16>, (int)16>, (cutlass::arch::CacheOperation::Kind)1, cutlass::gemm::threadblock::MmaPolicy<cutlass::gemm::warp::MmaTensorOp<cutlass::gemm::GemmShape<(int)64, (int)64, (int)64>, signed char, cutlass::layout::RowMajorTensorOpMultiplicandCrosswise<(int)8, (int)128>, signed char, cutlass::layout::ColumnMajorTensorOpMultiplicandCrosswise<(int)8, (int)128>, int, cutlass::layout::RowMajor, cutlass::gemm::warp::MmaTensorOpPolicy<cutlass::arch::Mma<cutlass::gemm::GemmShape<(int)16, (int)8, (int)32>, (int)32, signed char, cutlass::layout::RowMajor, signed char, cutlass::layout::ColumnMajor, int, cutlass::layout::RowMajor, cutlass::arch::OpMultiplyAddSaturate>, cutlass::MatrixShape<(int)1, (int)1>>, (int)2, (bool)0, bool>, cutlass::MatrixShape<(int)0, (int)0>, cutlass::MatrixShape<(int)0, (int)0>, (int)2>, (int)3, bool>, cutlass::epilogue::threadblock::EpilogueWithVisitorCallbacks<cutlass::epilogue::threadblock::Epilogue<cutlass::gemm::GemmShape<(int)128, (int)128, (int)128>, cutlass::gemm::warp::MmaTensorOp<cutlass::gemm::GemmShape<(int)64, (int)64, (int)64>, signed char, cutlass::layout::RowMajorTensorOpMultiplicandCrosswise<(int)8, (int)128>, signed char, cutlass::layout::ColumnMajorTensorOpMultiplicandCrosswise<(int)8, (int)128>, int, cutlass::layout::RowMajor, cutlass::gemm::warp::MmaTensorOpPolicy<cutlass::arch::Mma<cutlass::gemm::GemmShape<(int)16, (int)8, (int)32>, (int)32, signed char, cutlass::layout::RowMajor, signed char, cutlass::layout::ColumnMajor, int, cutlass::layout::RowMajor, cutlass::arch::OpMultiplyAddSaturate>, cutlass::MatrixShape<(int)1, (int)1>>, (int)2, (bool)0, bool>, (int)2, cutlass::epilogue::threadblock::PredicatedTileIteratorConv<cutlass::epilogue::threadblock::OutputTileOptimalThreadMap<cutlass::epilogue::threadblock::OutputTileShape<(int)128, (int)8, (int)2, (int)1, (int)1>, cutlass::epilogue::threadblock::OutputTileShape<(int)1, (int)8, (int)1, (int)1, (int)8>, (int)256, (int)8, (int)16>, cutlass::half_t, (bool)0, cutlass::layout::NoPermute, (bool)0, (int)4>, cutlass::epilogue::warp::FragmentIteratorTensorOp<cutlass::gemm::GemmShape<(int)64, (int)64, (int)64>, cutlass::gemm::GemmShape<(int)16, (int)8, (int)32>, int, cutlass::Array<int, (int)4, (bool)1>, cutlass::layout::RowMajor>, cutlass::epilogue::warp::TileIteratorTensorOpMixed<cutlass::gemm::GemmShape<(int)64, (int)64, (int)64>, cutlass::gemm::GemmShape<(int)16, (int)8, (int)32>, int, (int)32, (int)16, (int)8, (int)8, (bool)0>, cutlass::epilogue::threadblock::SharedLoadIteratorMixed<cutlass::epilogue::threadblock::OutputTileOptimalThreadMap<cutlass::epilogue::threadblock::OutputTileShape<(int)128, (int)8, (int)2, (int)1, (int)1>, cutlass::epilogue::threadblock::OutputTileShape<(int)1, (int)8, (int)1, (int)1, (int)8>, (int)256, (int)8, (int)16>::CompactedThreadMap, int, (int)32, (int)16, (int)8, (int)8, (bool)0>, cutlass::epilogue::thread::LinearCombination<cutlass::half_t, (int)8, int, float, (cutlass::epilogue::thread::ScaleType::Kind)0, (cutlass::FloatRoundStyle)2, cutlass::half_t>, cutlass::MatrixShape<(int)0, (int)8>, (int)1, (int)1>, cutlass::epilogue::threadblock::TreeVisitor2x<cutlass::epilogue::threadblock::VisitorAuxStore<cutlass::epilogue::threadblock::OutputTileThreadLayout<cutlass::gemm::GemmShape<(int)128, (int)128, (int)128>, cutlass::gemm::GemmShape<(int)64, (int)64, (int)64>, cutlass::half_t, (int)8, (int)1>, cutlass::half_t, (cutlass::FloatRoundStyle)2, cute::tuple<long, cute::C<(int)1>, long>>, cutlass::epilogue::threadblock::TreeVisitor2x<cutlass::epilogue::threadblock::VisitorCompute<cutlass::plus, float, float, (cutlass::FloatRoundStyle)2, void>, cutlass::epilogue::threadblock::TreeVisitor2x<cutlass::epilogue::threadblock::VisitorCompute<cutlass::plus, float, float, (cutlass::FloatRoundStyle)2, void>, cutlass::epilogue::threadblock::TreeVisitor2x<cutlass::epilogue::threadblock::VisitorCompute<cutlass::multiplies, float, float, (cutlass::FloatRoundStyle)2, void>, cutlass::epilogue::threadblock::TreeVisitor2x<cutlass::epilogue::threadblock::VisitorCompute<cutlass::multiplies, float, float, (cutlass::FloatRoundStyle)2, void>, cutlass::epilogue::threadblock::VisitorAccFetch, cutlass::epilogue::threadblock::VisitorScalarBroadcast<float, cute::tuple<cute::C<(int)0>, cute::C<(int)0>, cute::C<(int)0>>, (int)1, cutlass::multiplies>>, cutlass::epilogue::threadblock::VisitorRowBroadcast<cutlass::epilogue::threadblock::OutputTileThreadLayout<cutlass::gemm::GemmShape<(int)128, (int)128, (int)128>, cutlass::gemm::GemmShape<(int)64, (int)64, (int)64>, cutlass::half_t, (int)8, (int)1>, float, cute::tuple<cute::C<(int)0>, cute::C<(int)1>, int>, (bool)1>>, cutlass::epilogue::threadblock::VisitorRowBroadcast<cutlass::epilogue::threadblock::OutputTileThreadLayout<cutlass::gemm::GemmShape<(int)128, (int)128, (int)128>, cutlass::gemm::GemmShape<(int)64, (int)64, (int)64>, cutlass::half_t, (int)8, (int)1>, float, cute::tuple<cute::C<(int)0>, cute::C<(int)1>, int>, (bool)1>>, cutlass::epilogue::threadblock::VisitorAuxLoad<cutlass::epilogue::threadblock::OutputTileThreadLayout<cutlass::gemm::GemmShape<(int)128, (int)128, (int)128>, cutlass::gemm::GemmShape<(int)64, (int)64, (int)64>, cutlass::half_t, (int)8, (int)1>, cutlass::half_t, cute::tuple<long, cute::C<(int)1>, long>>>>, (int)1, (int)1>, cutlass::gemm::threadblock::GemmIdentityThreadblockSwizzle<(int)1>, (cutlass::conv::Operator)0, cutlass::conv::Conv2dProblemSize>>(T1::Params)",9281158.0
L|resblock_plain|C768|T64,"void cutlass::Kernel<modiff::ImplicitGemmConvolutionEVT<cutlass::conv::threadblock::ImplicitGemmMultistage<cutlass::gemm::GemmShape<(int)128, (int)128, (int)128>, cutlass::conv::threadblock::Conv2dFpropActivationTileAccessIteratorOptimized<cutlass::MatrixShape<(int)128, (int)128>, signed char, cutlass::layout::TensorNHWC, cutlass::transform::PitchLinearWarpRakedThreadMap<cutlass::PitchLinearShape<(int)128, (int)128>, (int)256, cutlass::PitchLinearShape<(int)8, (int)4>, (int)16>, cutlass::AlignedArray<signed char, (int)16, (int)16>>, cutlass::transform::threadblock::RegularTileAccessIterator<cutlass::MatrixShape<(int)128, (int)128>, signed char, cutlass::layout::RowMajorTensorOpMultiplicandCrosswise<(int)8, (int)128>, (int)0, cutlass::transform::PitchLinearWarpRakedThreadMap<cutlass::PitchLinearShape<(int)128, (int)128>, (int)256, cutlass::PitchLinearShape<(int)8, (int)4>, (int)16>, (int)16>, (cutlass::arch::CacheOperation::Kind)0, cutlass::conv::threadblock::Conv2dFpropFilterTileAccessIteratorOptimized<cutlass::MatrixShape<(int)128, (int)128>, signed char, cutlass::layout::TensorNHWC, cutlass::transform::PitchLinearWarpRakedThreadMap<cutlass::PitchLinearShape<(int)128, (int)128>, (int)256, cutlass::PitchLinearShape<(int)8, (int)4>, (int)16>, cutlass::AlignedArray<signed char, (int)16, (int)16>, (bool)0>, cutlass::transform::threadblock::RegularTileAccessIterator<cutlass::MatrixShape<(int)128, (int)128>, signed char, cutlass::layout::ColumnMajorTensorOpMultiplicandCrosswise<(int)8, (int)128>, (int)1, cutlass::transform::PitchLinearWarpRakedThreadMap<cutlass::PitchLinearShape<(int)128, (int)128>, (int)256, cutlass::PitchLinearShape<(int)8, (int)4>, (int)16>, (int)16>, (cutlass::arch::CacheOperation::Kind)1, cutlass::gemm::threadblock::MmaPolicy<cutlass::gemm::warp::MmaTensorOp<cutlass::gemm::GemmShape<(int)64, (int)64, (int)64>, signed char, cutlass::layout::RowMajorTensorOpMultiplicandCrosswise<(int)8, (int)128>, signed char, cutlass::layout::ColumnMajorTensorOpMultiplicandCrosswise<(int)8, (int)128>, int, cutlass::layout::RowMajor, cutlass::gemm::warp::MmaTensorOpPolicy<cutlass::arch::Mma<cutlass::gemm::GemmShape<(int)16, (int)8, (int)32>, (int)32, signed char, cutlass::layout::RowMajor, signed char, cutlass::layout::ColumnMajor, int, cutlass::layout::RowMajor, cutlass::arch::OpMultiplyAddSaturate>, cutlass::MatrixShape<(int)1, (int)1>>, (int)2, (bool)0, bool>, cutlass::MatrixShape<(int)0, (int)0>, cutlass::MatrixShape<(int)0, (int)0>, (int)2>, (int)3, bool>, cutlass::epilogue::threadblock::EpilogueWithVisitorCallbacks<cutlass::epilogue::threadblock::Epilogue<cutlass::gemm::GemmShape<(int)128, (int)128, (int)128>, cutlass::gemm::warp::MmaTensorOp<cutlass::gemm::GemmShape<(int)64, (int)64, (int)64>, signed char, cutlass::layout::RowMajorTensorOpMultiplicandCrosswise<(int)8, (int)128>, signed char, cutlass::layout::ColumnMajorTensorOpMultiplicandCrosswise<(int)8, (int)128>, int, cutlass::layout::RowMajor, cutlass::gemm::warp::MmaTensorOpPolicy<cutlass::arch::Mma<cutlass::gemm::GemmShape<(int)16, (int)8, (int)32>, (int)32, signed char, cutlass::layout::RowMajor, signed char, cutlass::layout::ColumnMajor, int, cutlass::layout::RowMajor, cutlass::arch::OpMultiplyAddSaturate>, cutlass::MatrixShape<(int)1, (int)1>>, (int)2, (bool)0, bool>, (int)2, cutlass::epilogue::threadblock::PredicatedTileIteratorConv<cutlass::epilogue::threadblock::OutputTileOptimalThreadMap<cutlass::epilogue::threadblock::OutputTileShape<(int)128, (int)8, (int)2, (int)1, (int)1>, cutlass::epilogue::threadblock::OutputTileShape<(int)1, (int)8, (int)1, (int)1, (int)8>, (int)256, (int)8, (int)16>, cutlass::half_t, (bool)0, cutlass::layout::NoPermute, (bool)0, (int)4>, cutlass::epilogue::warp::FragmentIteratorTensorOp<cutlass::gemm::GemmShape<(int)64, (int)64, (int)64>, cutlass::gemm::GemmShape<(int)16, (int)8, (int)32>, int, cutlass::Array<int, (int)4, (bool)1>, cutlass::layout::RowMajor>, cutlass::epilogue::warp::TileIteratorTensorOpMixed<cutlass::gemm::GemmShape<(int)64, (int)64, (int)64>, cutlass::gemm::GemmShape<(int)16, (int)8, (int)32>, int, (int)32, (int)16, (int)8, (int)8, (bool)0>, cutlass::epilogue::threadblock::SharedLoadIteratorMixed<cutlass::epilogue::threadblock::OutputTileOptimalThreadMap<cutlass::epilogue::threadblock::OutputTileShape<(int)128, (int)8, (int)2, (int)1, (int)1>, cutlass::epilogue::threadblock::OutputTileShape<(int)1, (int)8, (int)1, (int)1, (int)8>, (int)256, (int)8, (int)16>::CompactedThreadMap, int, (int)32, (int)16, (int)8, (int)8, (bool)0>, cutlass::epilogue::thread::LinearCombination<cutlass::half_t, (int)8, int, float, (cutlass::epilogue::thread::ScaleType::Kind)0, (cutlass::FloatRoundStyle)2, cutlass::half_t>, cutlass::MatrixShape<(int)0, (int)8>, (int)1, (int)1>, cutlass::epilogue::threadblock::TreeVisitor2x<cutlass::epilogue::threadblock::VisitorAuxStore<cutlass::epilogue::threadblock::OutputTileThreadLayout<cutlass::gemm::GemmShape<(int)128, (int)128, (int)128>, cutlass::gemm::GemmShape<(int)64, (int)64, (int)64>, cutlass::half_t, (int)8, (int)1>, cutlass::half_t, (cutlass::FloatRoundStyle)2, cute::tuple<long, cute::C<(int)1>, long>>, cutlass::epilogue::threadblock::TreeVisitor2x<cutlass::epilogue::threadblock::VisitorCompute<cutlass::plus, float, float, (cutlass::FloatRoundStyle)2, void>, cutlass::epilogue::threadblock::TreeVisitor2x<cutlass::epilogue::threadblock::VisitorCompute<cutlass::multiplies, float, float, (cutlass::FloatRoundStyle)2, void>, cutlass::epilogue::threadblock::TreeVisitor2x<cutlass::epilogue::threadblock::VisitorCompute<cutlass::multiplies, float, float, (cutlass::FloatRoundStyle)2, void>, cutlass::epilogue::threadblock::VisitorAccFetch, cutlass::epilogue::threadblock::VisitorScalarBroadcast<float, cute::tuple<cute::C<(int)0>, cute::C<(int)0>, cute::C<(int)0>>, (int)1, cutlass::multiplies>>, cutlass::epilogue::threadblock::VisitorRowBroadcast<cutlass::epilogue::threadblock::OutputTileThreadLayout<cutlass::gemm::GemmShape<(int)128, (int)128, (int)128>, cutlass::gemm::GemmShape<(int)64, (int)64, (int)64>, cutlass::half_t, (int)8, (int)1>, float, cute::tuple<cute::C<(int)0>, cute::C<(int)1>, int>, (bool)1>>, cutlass::epilogue::threadblock::VisitorRowBroadcast<cutlass::epilogue::threadblock::OutputTileThreadLayout<cutlass::gemm::GemmShape<(int)128, (int)128, (int)128>, cutlass::gemm::GemmShape<(int)64, (int)64, (int)64>, cutlass::half_t, (int)8, (int)1>, float, cute::tuple<cute::C<(int)0>, cute::C<(int)1>, int>, (bool)1>>>, (int)1, (int)1>, cutlass::gemm::threadblock::GemmIdentityThreadblockSwizzle<(int)1>, (cutlass::conv::Operator)0, cutlass::conv::Conv2dProblemSize>>(T1::Params)",9234854.0
L|resblock_updown|C768|T16,"void cutlass::Kernel<modiff::ImplicitGemmConvolutionEVT<cutlass::conv::threadblock::ImplicitGemmMultistage<cutlass::gemm::GemmShape<(int)128, (int)128, (int)128>, cutlass::conv::threadblock::Conv2dFpropActivationTileAccessIteratorOptimized<cutlass::MatrixShape<(int)128, (int)128>, signed char, cutlass::layout::TensorNHWC, cutlass::transform::PitchLinearWarpRakedThreadMap<cutlass::PitchLinearShape<(int)128, (int)128>, (int)256, cutlass::PitchLinearShape<(int)8, (int)4>, (int)16>, cutlass::AlignedArray<signed char, (int)16, (int)16>>, cutlass::transform::threadblock::RegularTileAccessIterator<cutlass::MatrixShape<(int)128, (int)128>, signed char, cutlass::layout::RowMajorTensorOpMultiplicandCrosswise<(int)8, (int)128>, (int)0, cutlass::transform::PitchLinearWarpRakedThreadMap<cutlass::PitchLinearShape<(int)128, (int)128>, (int)256, cutlass::PitchLinearShape<(int)8, (int)4>, (int)16>, (int)16>, (cutlass::arch::CacheOperation::Kind)0, cutlass::conv::threadblock::Conv2dFpropFilterTileAccessIteratorOptimized<cutlass::MatrixShape<(int)128, (int)128>, signed char, cutlass::layout::TensorNHWC, cutlass::transform::PitchLinearWarpRakedThreadMap<cutlass::PitchLinearShape<(int)128, (int)128>, (int)256, cutlass::PitchLinearShape<(int)8, (int)4>, (int)16>, cutlass::AlignedArray<signed char, (int)16, (int)16>, (bool)0>, cutlass::transform::threadblock::RegularTileAccessIterator<cutlass::MatrixShape<(int)128, (int)128>, signed char, cutlass::layout::ColumnMajorTensorOpMultiplicandCrosswise<(int)8, (int)128>, (int)1, cutlass::transform::PitchLinearWarpRakedThreadMap<cutlass::PitchLinearShape<(int)128, (int)128>, (int)256, cutlass::PitchLinearShape<(int)8, (int)4>, (int)16>, (int)16>, (cutlass::arch::CacheOperation::Kind)1, cutlass::gemm::threadblock::MmaPolicy<cutlass::gemm::warp::MmaTensorOp<cutlass::gemm::GemmShape<(int)64, (int)64, (int)64>, signed char, cutlass::layout::RowMajorTensorOpMultiplicandCrosswise<(int)8, (int)128>, signed char, cutlass::layout::ColumnMajorTensorOpMultiplicandCrosswise<(int)8, (int)128>, int, cutlass::layout::RowMajor, cutlass::gemm::warp::MmaTensorOpPolicy<cutlass::arch::Mma<cutlass::gemm::GemmShape<(int)16, (int)8, (int)32>, (int)32, signed char, cutlass::layout::RowMajor, signed char, cutlass::layout::ColumnMajor, int, cutlass::layout::RowMajor, cutlass::arch::OpMultiplyAddSaturate>, cutlass::MatrixShape<(int)1, (int)1>>, (int)2, (bool)0, bool>, cutlass::MatrixShape<(int)0, (int)0>, cutlass::MatrixShape<(int)0, (int)0>, (int)2>, (int)3, bool>, cutlass::epilogue::threadblock::EpilogueWithVisitorCallbacks<cutlass::epilogue::threadblock::Epilogue<cutlass::gemm::GemmShape<(int)128, (int)128, (int)128>, cutlass::gemm::warp::MmaTensorOp<cutlass::gemm::GemmShape<(int)64, (int)64, (int)64>, signed char, cutlass::layout::RowMajorTensorOpMultiplicandCrosswise<(int)8, (int)128>, signed char, cutlass::layout::ColumnMajorTensorOpMultiplicandCrosswise<(int)8, (int)128>, int, cutlass::layout::RowMajor, cutlass::gemm::warp::MmaTensorOpPolicy<cutlass::arch::Mma<cutlass::gemm::GemmShape<(int)16, (int)8, (int)32>, (int)32, signed char, cutlass::layout::RowMajor, signed char, cutlass::layout::ColumnMajor, int, cutlass::layout::RowMajor, cutlass::arch::OpMultiplyAddSaturate>, cutlass::MatrixShape<(int)1, (int)1>>, (int)2, (bool)0, bool>, (int)2, cutlass::epilogue::threadblock::PredicatedTileIteratorConv<cutlass::epilogue::threadblock::OutputTileOptimalThreadMap<cutlass::epilogue::threadblock::OutputTileShape<(int)128, (int)8, (int)2, (int)1, (int)1>, cutlass::epilogue::threadblock::OutputTileShape<(int)1, (int)8, (int)1, (int)1, (int)8>, (int)256, (int)8, (int)16>, cutlass::half_t, (bool)0, cutlass::layout::NoPermute, (bool)0, (int)4>, cutlass::epilogue::warp::FragmentIteratorTensorOp<cutlass::gemm::GemmShape<(int)64, (int)64, (int)64>, cutlass::gemm::GemmShape<(int)16, (int)8, (int)32>, int, cutlass::Array<int, (int)4, (bool)1>, cutlass::layout::RowMajor>, cutlass::epilogue::warp::TileIteratorTensorOpMixed<cutlass::gemm::GemmShape<(int)64, (int)64, (int)64>, cutlass::gemm::GemmShape<(int)16, (int)8, (int)32>, int, (int)32, (int)16, (int)8, (int)8, (bool)0>, cutlass::epilogue::threadblock::SharedLoadIteratorMixed<cutlass::epilogue::threadblock::OutputTileOptimalThreadMap<cutlass::epilogue::threadblock::OutputTileShape<(int)128, (int)8, (int)2, (int)1, (int)1>, cutlass::epilogue::threadblock::OutputTileShape<(int)1, (int)8, (int)1, (int)1, (int)8>, (int)256, (int)8, (int)16>::CompactedThreadMap, int, (int)32, (int)16, (int)8, (int)8, (bool)0>, cutlass::epilogue::thread::LinearCombination<cutlass::half_t, (int)8, int, float, (cutlass::epilogue::thread::ScaleType::Kind)0, (cutlass::FloatRoundStyle)2, cutlass::half_t>, cutlass::MatrixShape<(int)0, (int)8>, (int)1, (int)1>, cutlass::epilogue::threadblock::TreeVisitor2x<cutlass::epilogue::threadblock::VisitorAuxStore<cutlass::epilogue::threadblock::OutputTileThreadLayout<cutlass::gemm::GemmShape<(int)128, (int)128, (int)128>, cutlass::gemm::GemmShape<(int)64, (int)64, (int)64>, cutlass::half_t, (int)8, (int)1>, cutlass::half_t, (cutlass::FloatRoundStyle)2, cute::tuple<long, cute::C<(int)1>, long>>, cutlass::epilogue::threadblock::TreeVisitor2x<cutlass::epilogue::threadblock::VisitorCompute<cutlass::plus, float, float, (cutlass::FloatRoundStyle)2, void>, cutlass::epilogue::threadblock::TreeVisitor2x<cutlass::epilogue::threadblock::VisitorCompute<cutlass::multiplies, float, float, (cutlass::FloatRoundStyle)2, void>, cutlass::epilogue::threadblock::TreeVisitor2x<cutlass::epilogue::threadblock::VisitorCompute<cutlass::multiplies, float, float, (cutlass::FloatRoundStyle)2, void>, cutlass::epilogue::threadblock::VisitorAccFetch, cutlass::epilogue::threadblock::VisitorScalarBroadcast<float, cute::tuple<cute::C<(int)0>, cute::C<(int)0>, cute::C<(int)0>>, (int)1, cutlass::multiplies>>, cutlass::epilogue::threadblock::VisitorRowBroadcast<cutlass::epilogue::threadblock::OutputTileThreadLayout<cutlass::gemm::GemmShape<(int)128, (int)128, (int)128>, cutlass::gemm::GemmShape<(int)64, (int)64, (int)64>, cutlass::half_t, (int)8, (int)1>, float, cute::tuple<cute::C<(int)0>, cute::C<(int)1>, int>, (bool)1>>, cutlass::epilogue::threadblock::VisitorRowBroadcast<cutlass::epilogue::threadblock::OutputTileThreadLayout<cutlass::gemm::GemmShape<(int)128, (int)128, (int)128>, cutlass::gemm::GemmShape<(int)64, (int)64, (int)64>, cutlass::half_t, (int)8, (int)1>, float, cute::tuple<cute::C<(int)0>, cute::C<(int)1>, int>, (bool)1>>>, (int)1, (int)1>, cutlass::gemm::threadblock::GemmIdentityThreadblockSwizzle<(int)1>, (cutlass::conv::Operator)0, cutlass::conv::Conv2dProblemSize>>(T1::Params)",9210337.0
L|resblock_plain|C1152|T64,"void group_norm_silu_quantize_nhwc_vec2_kernel<__half, (bool)0>(const T1 *, signed char *, const T1 *, const T1 *, const T1 *, const T1 *, const float *, const float *, int, long, int, float, bool)",9175201.0
L|resblock_updown|C384|T64,"void cutlass::Kernel<modiff::ImplicitGemmConvolutionEVT<cutlass::conv::threadblock::ImplicitGemmMultistage<cutlass::gemm::GemmShape<(int)128, (int)128, (int)128>, cutlass::conv::threadblock::Conv2dFpropActivationTileAccessIteratorOptimized<cutlass::MatrixShape<(int)128, (int)128>, signed char, cutlass::layout::TensorNHWC, cutlass::transform::PitchLinearWarpRakedThreadMap<cutlass::PitchLinearShape<(int)128, (int)128>, (int)256, cutlass::PitchLinearShape<(int)8, (int)4>, (int)16>, cutlass::AlignedArray<signed char, (int)16, (int)16>>, cutlass::transform::threadblock::RegularTileAccessIterator<cutlass::MatrixShape<(int)128, (int)128>, signed char, cutlass::layout::RowMajorTensorOpMultiplicandCrosswise<(int)8, (int)128>, (int)0, cutlass::transform::PitchLinearWarpRakedThreadMap<cutlass::PitchLinearShape<(int)128, (int)128>, (int)256, cutlass::PitchLinearShape<(int)8, (int)4>, (int)16>, (int)16>, (cutlass::arch::CacheOperation::Kind)0, cutlass::conv::threadblock::Conv2dFpropFilterTileAccessIteratorOptimized<cutlass::MatrixShape<(int)128, (int)128>, signed char, cutlass::layout::TensorNHWC, cutlass::transform::PitchLinearWarpRakedThreadMap<cutlass::PitchLinearShape<(int)128, (int)128>, (int)256, cutlass::PitchLinearShape<(int)8, (int)4>, (int)16>, cutlass::AlignedArray<signed char, (int)16, (int)16>, (bool)0>, cutlass::transform::threadblock::RegularTileAccessIterator<cutlass::MatrixShape<(int)128, (int)128>, signed char, cutlass::layout::ColumnMajorTensorOpMultiplicandCrosswise<(int)8, (int)128>, (int)1, cutlass::transform::PitchLinearWarpRakedThreadMap<cutlass::PitchLinearShape<(int)128, (int)128>, (int)256, cutlass::PitchLinearShape<(int)8, (int)4>, (int)16>, (int)16>, (cutlass::arch::CacheOperation::Kind)1, cutlass::gemm::threadblock::MmaPolicy<cutlass::gemm::warp::MmaTensorOp<cutlass::gemm::GemmShape<(int)64, (int)64, (int)64>, signed char, cutlass::layout::RowMajorTensorOpMultiplicandCrosswise<(int)8, (int)128>, signed char, cutlass::layout::ColumnMajorTensorOpMultiplicandCrosswise<(int)8, (int)128>, int, cutlass::layout::RowMajor, cutlass::gemm::warp::MmaTensorOpPolicy<cutlass::arch::Mma<cutlass::gemm::GemmShape<(int)16, (int)8, (int)32>, (int)32, signed char, cutlass::layout::RowMajor, signed char, cutlass::layout::ColumnMajor, int, cutlass::layout::RowMajor, cutlass::arch::OpMultiplyAddSaturate>, cutlass::MatrixShape<(int)1, (int)1>>, (int)2, (bool)0, bool>, cutlass::MatrixShape<(int)0, (int)0>, cutlass::MatrixShape<(int)0, (int)0>, (int)2>, (int)3, bool>, cutlass::epilogue::threadblock::EpilogueWithVisitorCallbacks<cutlass::epilogue::threadblock::Epilogue<cutlass::gemm::GemmShape<(int)128, (int)128, (int)128>, cutlass::gemm::warp::MmaTensorOp<cutlass::gemm::GemmShape<(int)64, (int)64, (int)64>, signed char, cutlass::layout::RowMajorTensorOpMultiplicandCrosswise<(int)8, (int)128>, signed char, cutlass::layout::ColumnMajorTensorOpMultiplicandCrosswise<(int)8, (int)128>, int, cutlass::layout::RowMajor, cutlass::gemm::warp::MmaTensorOpPolicy<cutlass::arch::Mma<cutlass::gemm::GemmShape<(int)16, (int)8, (int)32>, (int)32, signed char, cutlass::layout::RowMajor, signed char, cutlass::layout::ColumnMajor, int, cutlass::layout::RowMajor, cutlass::arch::OpMultiplyAddSaturate>, cutlass::MatrixShape<(int)1, (int)1>>, (int)2, (bool)0, bool>, (int)2, cutlass::epilogue::threadblock::PredicatedTileIteratorConv<cutlass::epilogue::threadblock::OutputTileOptimalThreadMap<cutlass::epilogue::threadblock::OutputTileShape<(int)128, (int)8, (int)2, (int)1, (int)1>, cutlass::epilogue::threadblock::OutputTileShape<(int)1, (int)8, (int)1, (int)1, (int)8>, (int)256, (int)8, (int)16>, cutlass::half_t, (bool)0, cutlass::layout::NoPermute, (bool)0, (int)4>, cutlass::epilogue::warp::FragmentIteratorTensorOp<cutlass::gemm::GemmShape<(int)64, (int)64, (int)64>, cutlass::gemm::GemmShape<(int)16, (int)8, (int)32>, int, cutlass::Array<int, (int)4, (bool)1>, cutlass::layout::RowMajor>, cutlass::epilogue::warp::TileIteratorTensorOpMixed<cutlass::gemm::GemmShape<(int)64, (int)64, (int)64>, cutlass::gemm::GemmShape<(int)16, (int)8, (int)32>, int, (int)32, (int)16, (int)8, (int)8, (bool)0>, cutlass::epilogue::threadblock::SharedLoadIteratorMixed<cutlass::epilogue::threadblock::OutputTileOptimalThreadMap<cutlass::epilogue::threadblock::OutputTileShape<(int)128, (int)8, (int)2, (int)1, (int)1>, cutlass::epilogue::threadblock::OutputTileShape<(int)1, (int)8, (int)1, (int)1, (int)8>, (int)256, (int)8, (int)16>::CompactedThreadMap, int, (int)32, (int)16, (int)8, (int)8, (bool)0>, cutlass::epilogue::thread::LinearCombination<cutlass::half_t, (int)8, int, float, (cutlass::epilogue::thread::ScaleType::Kind)0, (cutlass::FloatRoundStyle)2, cutlass::half_t>, cutlass::MatrixShape<(int)0, (int)8>, (int)1, (int)1>, cutlass::epilogue::threadblock::TreeVisitor2x<cutlass::epilogue::threadblock::VisitorAuxStore<cutlass::epilogue::threadblock::OutputTileThreadLayout<cutlass::gemm::GemmShape<(int)128, (int)128, (int)128>, cutlass::gemm::GemmShape<(int)64, (int)64, (int)64>, cutlass::half_t, (int)8, (int)1>, cutlass::half_t, (cutlass::FloatRoundStyle)2, cute::tuple<long, cute::C<(int)1>, long>>, cutlass::epilogue::threadblock::TreeVisitor2x<cutlass::epilogue::threadblock::VisitorCompute<cutlass::plus, float, float, (cutlass::FloatRoundStyle)2, void>, cutlass::epilogue::threadblock::TreeVisitor2x<cutlass::epilogue::threadblock::VisitorCompute<cutlass::multiplies, float, float, (cutlass::FloatRoundStyle)2, void>, cutlass::epilogue::threadblock::TreeVisitor2x<cutlass::epilogue::threadblock::VisitorCompute<cutlass::multiplies, float, float, (cutlass::FloatRoundStyle)2, void>, cutlass::epilogue::threadblock::VisitorAccFetch, cutlass::epilogue::threadblock::VisitorScalarBroadcast<float, cute::tuple<cute::C<(int)0>, cute::C<(int)0>, cute::C<(int)0>>, (int)1, cutlass::multiplies>>, cutlass::epilogue::threadblock::VisitorRowBroadcast<cutlass::epilogue::threadblock::OutputTileThreadLayout<cutlass::gemm::GemmShape<(int)128, (int)128, (int)128>, cutlass::gemm::GemmShape<(int)64, (int)64, (int)64>, cutlass::half_t, (int)8, (int)1>, float, cute::tuple<cute::C<(int)0>, cute::C<(int)1>, int>, (bool)1>>, cutlass::epilogue::threadblock::VisitorRowBroadcast<cutlass::epilogue::threadblock::OutputTileThreadLayout<cutlass::gemm::GemmShape<(int)128, (int)128, (int)128>, cutlass::gemm::GemmShape<(int)64, (int)64, (int)64>, cutlass::half_t, (int)8, (int)1>, float, cute::tuple<cute::C<(int)0>, cute::C<(int)1>, int>, (bool)1>>>, (int)1, (int)1>, cutlass::gemm::threadblock::GemmIdentityThreadblockSwizzle<(int)1>, (cutlass::conv::Operator)0, cutlass::conv::Conv2dProblemSize>>(T1::Params)",9159362.0
L|attention|C384|T64,"void gemm_w8a8_kernel_awq_out_i8<(int)2>(const signed char *, const signed char *, const float *, float, const float *, const __half *, signed char *, int, int, int, int, signed char *, signed char *, signed char *, int, int, int, int)",9151399.0
L|resblock_plain|C1536|T4,"void cutlass::Kernel<modiff::ImplicitGemmConvolutionEVT<cutlass::conv::threadblock::ImplicitGemmMultistage<cutlass::gemm::GemmShape<(int)128, (int)128, (int)128>, cutlass::conv::threadblock::Conv2dFpropActivationTileAccessIteratorOptimized<cutlass::MatrixShape<(int)128, (int)128>, signed char, cutlass::layout::TensorNHWC, cutlass::transform::PitchLinearWarpRakedThreadMap<cutlass::PitchLinearShape<(int)128, (int)128>, (int)256, cutlass::PitchLinearShape<(int)8, (int)4>, (int)16>, cutlass::AlignedArray<signed char, (int)16, (int)16>>, cutlass::transform::threadblock::RegularTileAccessIterator<cutlass::MatrixShape<(int)128, (int)128>, signed char, cutlass::layout::RowMajorTensorOpMultiplicandCrosswise<(int)8, (int)128>, (int)0, cutlass::transform::PitchLinearWarpRakedThreadMap<cutlass::PitchLinearShape<(int)128, (int)128>, (int)256, cutlass::PitchLinearShape<(int)8, (int)4>, (int)16>, (int)16>, (cutlass::arch::CacheOperation::Kind)0, cutlass::conv::threadblock::Conv2dFpropFilterTileAccessIteratorOptimized<cutlass::MatrixShape<(int)128, (int)128>, signed char, cutlass::layout::TensorNHWC, cutlass::transform::PitchLinearWarpRakedThreadMap<cutlass::PitchLinearShape<(int)128, (int)128>, (int)256, cutlass::PitchLinearShape<(int)8, (int)4>, (int)16>, cutlass::AlignedArray<signed char, (int)16, (int)16>, (bool)0>, cutlass::transform::threadblock::RegularTileAccessIterator<cutlass::MatrixShape<(int)128, (int)128>, signed char, cutlass::layout::ColumnMajorTensorOpMultiplicandCrosswise<(int)8, (int)128>, (int)1, cutlass::transform::PitchLinearWarpRakedThreadMap<cutlass::PitchLinearShape<(int)128, (int)128>, (int)256, cutlass::PitchLinearShape<(int)8, (int)4>, (int)16>, (int)16>, (cutlass::arch::CacheOperation::Kind)1, cutlass::gemm::threadblock::MmaPolicy<cutlass::gemm::warp::MmaTensorOp<cutlass::gemm::GemmShape<(int)64, (int)64, (int)64>, signed char, cutlass::layout::RowMajorTensorOpMultiplicandCrosswise<(int)8, (int)128>, signed char, cutlass::layout::ColumnMajorTensorOpMultiplicandCrosswise<(int)8, (int)128>, int, cutlass::layout::RowMajor, cutlass::gemm::warp::MmaTensorOpPolicy<cutlass::arch::Mma<cutlass::gemm::GemmShape<(int)16, (int)8, (int)32>, (int)32, signed char, cutlass::layout::RowMajor, signed char, cutlass::layout::ColumnMajor, int, cutlass::layout::RowMajor, cutlass::arch::OpMultiplyAddSaturate>, cutlass::MatrixShape<(int)1, (int)1>>, (int)2, (bool)0, bool>, cutlass::MatrixShape<(int)0, (int)0>, cutlass::MatrixShape<(int)0, (int)0>, (int)2>, (int)3, bool>, cutlass::epilogue::threadblock::EpilogueWithVisitorCallbacks<cutlass::epilogue::threadblock::Epilogue<cutlass::gemm::GemmShape<(int)128, (int)128, (int)128>, cutlass::gemm::warp::MmaTensorOp<cutlass::gemm::GemmShape<(int)64, (int)64, (int)64>, signed char, cutlass::layout::RowMajorTensorOpMultiplicandCrosswise<(int)8, (int)128>, signed char, cutlass::layout::ColumnMajorTensorOpMultiplicandCrosswise<(int)8, (int)128>, int, cutlass::layout::RowMajor, cutlass::gemm::warp::MmaTensorOpPolicy<cutlass::arch::Mma<cutlass::gemm::GemmShape<(int)16, (int)8, (int)32>, (int)32, signed char, cutlass::layout::RowMajor, signed char, cutlass::layout::ColumnMajor, int, cutlass::layout::RowMajor, cutlass::arch::OpMultiplyAddSaturate>, cutlass::MatrixShape<(int)1, (int)1>>, (int)2, (bool)0, bool>, (int)2, cutlass::epilogue::threadblock::PredicatedTileIteratorConv<cutlass::epilogue::threadblock::OutputTileOptimalThreadMap<cutlass::epilogue::threadblock::OutputTileShape<(int)128, (int)8, (int)2, (int)1, (int)1>, cutlass::epilogue::threadblock::OutputTileShape<(int)1, (int)8, (int)1, (int)1, (int)8>, (int)256, (int)8, (int)16>, cutlass::half_t, (bool)0, cutlass::layout::NoPermute, (bool)0, (int)4>, cutlass::epilogue::warp::FragmentIteratorTensorOp<cutlass::gemm::GemmShape<(int)64, (int)64, (int)64>, cutlass::gemm::GemmShape<(int)16, (int)8, (int)32>, int, cutlass::Array<int, (int)4, (bool)1>, cutlass::layout::RowMajor>, cutlass::epilogue::warp::TileIteratorTensorOpMixed<cutlass::gemm::GemmShape<(int)64, (int)64, (int)64>, cutlass::gemm::GemmShape<(int)16, (int)8, (int)32>, int, (int)32, (int)16, (int)8, (int)8, (bool)0>, cutlass::epilogue::threadblock::SharedLoadIteratorMixed<cutlass::epilogue::threadblock::OutputTileOptimalThreadMap<cutlass::epilogue::threadblock::OutputTileShape<(int)128, (int)8, (int)2, (int)1, (int)1>, cutlass::epilogue::threadblock::OutputTileShape<(int)1, (int)8, (int)1, (int)1, (int)8>, (int)256, (int)8, (int)16>::CompactedThreadMap, int, (int)32, (int)16, (int)8, (int)8, (bool)0>, cutlass::epilogue::thread::LinearCombination<cutlass::half_t, (int)8, int, float, (cutlass::epilogue::thread::ScaleType::Kind)0, (cutlass::FloatRoundStyle)2, cutlass::half_t>, cutlass::MatrixShape<(int)0, (int)8>, (int)1, (int)1>, cutlass::epilogue::threadblock::TreeVisitor2x<cutlass::epilogue::threadblock::VisitorAuxStore<cutlass::epilogue::threadblock::OutputTileThreadLayout<cutlass::gemm::GemmShape<(int)128, (int)128, (int)128>, cutlass::gemm::GemmShape<(int)64, (int)64, (int)64>, cutlass::half_t, (int)8, (int)1>, cutlass::half_t, (cutlass::FloatRoundStyle)2, cute::tuple<long, cute::C<(int)1>, long>>, cutlass::epilogue::threadblock::TreeVisitor2x<cutlass::epilogue::threadblock::VisitorCompute<cutlass::plus, float, float, (cutlass::FloatRoundStyle)2, void>, cutlass::epilogue::threadblock::TreeVisitor2x<cutlass::epilogue::threadblock::VisitorCompute<cutlass::multiplies, float, float, (cutlass::FloatRoundStyle)2, void>, cutlass::epilogue::threadblock::TreeVisitor2x<cutlass::epilogue::threadblock::VisitorCompute<cutlass::multiplies, float, float, (cutlass::FloatRoundStyle)2, void>, cutlass::epilogue::threadblock::VisitorAccFetch, cutlass::epilogue::threadblock::VisitorScalarBroadcast<float, cute::tuple<cute::C<(int)0>, cute::C<(int)0>, cute::C<(int)0>>, (int)1, cutlass::multiplies>>, cutlass::epilogue::threadblock::VisitorRowBroadcast<cutlass::epilogue::threadblock::OutputTileThreadLayout<cutlass::gemm::GemmShape<(int)128, (int)128, (int)128>, cutlass::gemm::GemmShape<(int)64, (int)64, (int)64>, cutlass::half_t, (int)8, (int)1>, float, cute::tuple<cute::C<(int)0>, cute::C<(int)1>, int>, (bool)1>>, cutlass::epilogue::threadblock::VisitorRowBroadcast<cutlass::epilogue::threadblock::OutputTileThreadLayout<cutlass::gemm::GemmShape<(int)128, (int)128, (int)128>, cutlass::gemm::GemmShape<(int)64, (int)64, (int)64>, cutlass::half_t, (int)8, (int)1>, float, cute::tuple<cute::C<(int)0>, cute::C<(int)1>, int>, (bool)1>>>, (int)1, (int)1>, cutlass::gemm::threadblock::GemmIdentityThreadblockSwizzle<(int)1>, (cutlass::conv::Operator)0, cutlass::conv::Conv2dProblemSize>>(T1::Params)",8634108.0
L|resblock_plain|C192|T256,"void cutlass::Kernel<modiff::ImplicitGemmConvolutionEVT<cutlass::conv::threadblock::ImplicitGemmMultistage<cutlass::gemm::GemmShape<(int)128, (int)128, (int)128>, cutlass::conv::threadblock::Conv2dFpropActivationTileAccessIteratorOptimized<cutlass::MatrixShape<(int)128, (int)128>, signed char, cutlass::layout::TensorNHWC, cutlass::transform::PitchLinearWarpRakedThreadMap<cutlass::PitchLinearShape<(int)128, (int)128>, (int)256, cutlass::PitchLinearShape<(int)8, (int)4>, (int)16>, cutlass::AlignedArray<signed char, (int)16, (int)16>>, cutlass::transform::threadblock::RegularTileAccessIterator<cutlass::MatrixShape<(int)128, (int)128>, signed char, cutlass::layout::RowMajorTensorOpMultiplicandCrosswise<(int)8, (int)128>, (int)0, cutlass::transform::PitchLinearWarpRakedThreadMap<cutlass::PitchLinearShape<(int)128, (int)128>, (int)256, cutlass::PitchLinearShape<(int)8, (int)4>, (int)16>, (int)16>, (cutlass::arch::CacheOperation::Kind)0, cutlass::conv::threadblock::Conv2dFpropFilterTileAccessIteratorOptimized<cutlass::MatrixShape<(int)128, (int)128>, signed char, cutlass::layout::TensorNHWC, cutlass::transform::PitchLinearWarpRakedThreadMap<cutlass::PitchLinearShape<(int)128, (int)128>, (int)256, cutlass::PitchLinearShape<(int)8, (int)4>, (int)16>, cutlass::AlignedArray<signed char, (int)16, (int)16>, (bool)0>, cutlass::transform::threadblock::RegularTileAccessIterator<cutlass::MatrixShape<(int)128, (int)128>, signed char, cutlass::layout::ColumnMajorTensorOpMultiplicandCrosswise<(int)8, (int)128>, (int)1, cutlass::transform::PitchLinearWarpRakedThreadMap<cutlass::PitchLinearShape<(int)128, (int)128>, (int)256, cutlass::PitchLinearShape<(int)8, (int)4>, (int)16>, (int)16>, (cutlass::arch::CacheOperation::Kind)1, cutlass::gemm::threadblock::MmaPolicy<cutlass::gemm::warp::MmaTensorOp<cutlass::gemm::GemmShape<(int)64, (int)64, (int)64>, signed char, cutlass::layout::RowMajorTensorOpMultiplicandCrosswise<(int)8, (int)128>, signed char, cutlass::layout::ColumnMajorTensorOpMultiplicandCrosswise<(int)8, (int)128>, int, cutlass::layout::RowMajor, cutlass::gemm::warp::MmaTensorOpPolicy<cutlass::arch::Mma<cutlass::gemm::GemmShape<(int)16, (int)8, (int)32>, (int)32, signed char, cutlass::layout::RowMajor, signed char, cutlass::layout::ColumnMajor, int, cutlass::layout::RowMajor, cutlass::arch::OpMultiplyAddSaturate>, cutlass::MatrixShape<(int)1, (int)1>>, (int)2, (bool)0, bool>, cutlass::MatrixShape<(int)0, (int)0>, cutlass::MatrixShape<(int)0, (int)0>, (int)2>, (int)3, bool>, cutlass::epilogue::threadblock::EpilogueWithVisitorCallbacks<cutlass::epilogue::threadblock::Epilogue<cutlass::gemm::GemmShape<(int)128, (int)128, (int)128>, cutlass::gemm::warp::MmaTensorOp<cutlass::gemm::GemmShape<(int)64, (int)64, (int)64>, signed char, cutlass::layout::RowMajorTensorOpMultiplicandCrosswise<(int)8, (int)128>, signed char, cutlass::layout::ColumnMajorTensorOpMultiplicandCrosswise<(int)8, (int)128>, int, cutlass::layout::RowMajor, cutlass::gemm::warp::MmaTensorOpPolicy<cutlass::arch::Mma<cutlass::gemm::GemmShape<(int)16, (int)8, (int)32>, (int)32, signed char, cutlass::layout::RowMajor, signed char, cutlass::layout::ColumnMajor, int, cutlass::layout::RowMajor, cutlass::arch::OpMultiplyAddSaturate>, cutlass::MatrixShape<(int)1, (int)1>>, (int)2, (bool)0, bool>, (int)2, cutlass::epilogue::threadblock::PredicatedTileIteratorConv<cutlass::epilogue::threadblock::OutputTileOptimalThreadMap<cutlass::epilogue::threadblock::OutputTileShape<(int)128, (int)8, (int)2, (int)1, (int)1>, cutlass::epilogue::threadblock::OutputTileShape<(int)1, (int)8, (int)1, (int)1, (int)8>, (int)256, (int)8, (int)16>, cutlass::half_t, (bool)0, cutlass::layout::NoPermute, (bool)0, (int)4>, cutlass::epilogue::warp::FragmentIteratorTensorOp<cutlass::gemm::GemmShape<(int)64, (int)64, (int)64>, cutlass::gemm::GemmShape<(int)16, (int)8, (int)32>, int, cutlass::Array<int, (int)4, (bool)1>, cutlass::layout::RowMajor>, cutlass::epilogue::warp::TileIteratorTensorOpMixed<cutlass::gemm::GemmShape<(int)64, (int)64, (int)64>, cutlass::gemm::GemmShape<(int)16, (int)8, (int)32>, int, (int)32, (int)16, (int)8, (int)8, (bool)0>, cutlass::epilogue::threadblock::SharedLoadIteratorMixed<cutlass::epilogue::threadblock::OutputTileOptimalThreadMap<cutlass::epilogue::threadblock::OutputTileShape<(int)128, (int)8, (int)2, (int)1, (int)1>, cutlass::epilogue::threadblock::OutputTileShape<(int)1, (int)8, (int)1, (int)1, (int)8>, (int)256, (int)8, (int)16>::CompactedThreadMap, int, (int)32, (int)16, (int)8, (int)8, (bool)0>, cutlass::epilogue::thread::LinearCombination<cutlass::half_t, (int)8, int, float, (cutlass::epilogue::thread::ScaleType::Kind)0, (cutlass::FloatRoundStyle)2, cutlass::half_t>, cutlass::MatrixShape<(int)0, (int)8>, (int)1, (int)1>, cutlass::epilogue::threadblock::TreeVisitor2x<cutlass::epilogue::threadblock::VisitorAuxStore<cutlass::epilogue::threadblock::OutputTileThreadLayout<cutlass::gemm::GemmShape<(int)128, (int)128, (int)128>, cutlass::gemm::GemmShape<(int)64, (int)64, (int)64>, cutlass::half_t, (int)8, (int)1>, cutlass::half_t, (cutlass::FloatRoundStyle)2, cute::tuple<long, cute::C<(int)1>, long>>, cutlass::epilogue::threadblock::TreeVisitor2x<cutlass::epilogue::threadblock::VisitorCompute<cutlass::plus, float, float, (cutlass::FloatRoundStyle)2, void>, cutlass::epilogue::threadblock::TreeVisitor2x<cutlass::epilogue::threadblock::VisitorCompute<cutlass::plus, float, float, (cutlass::FloatRoundStyle)2, void>, cutlass::epilogue::threadblock::TreeVisitor2x<cutlass::epilogue::threadblock::VisitorCompute<cutlass::multiplies, float, float, (cutlass::FloatRoundStyle)2, void>, cutlass::epilogue::threadblock::TreeVisitor2x<cutlass::epilogue::threadblock::VisitorCompute<cutlass::multiplies, float, float, (cutlass::FloatRoundStyle)2, void>, cutlass::epilogue::threadblock::VisitorAccFetch, cutlass::epilogue::threadblock::VisitorScalarBroadcast<float, cute::tuple<cute::C<(int)0>, cute::C<(int)0>, cute::C<(int)0>>, (int)1, cutlass::multiplies>>, cutlass::epilogue::threadblock::VisitorRowBroadcast<cutlass::epilogue::threadblock::OutputTileThreadLayout<cutlass::gemm::GemmShape<(int)128, (int)128, (int)128>, cutlass::gemm::GemmShape<(int)64, (int)64, (int)64>, cutlass::half_t, (int)8, (int)1>, float, cute::tuple<cute::C<(int)0>, cute::C<(int)1>, int>, (bool)1>>, cutlass::epilogue::threadblock::VisitorRowBroadcast<cutlass::epilogue::threadblock::OutputTileThreadLayout<cutlass::gemm::GemmShape<(int)128, (int)128, (int)128>, cutlass::gemm::GemmShape<(int)64, (int)64, (int)64>, cutlass::half_t, (int)8, (int)1>, float, cute::tuple<cute::C<(int)0>, cute::C<(int)1>, int>, (bool)1>>, cutlass::epilogue::threadblock::VisitorAuxLoad<cutlass::epilogue::threadblock::OutputTileThreadLayout<cutlass::gemm::GemmShape<(int)128, (int)128, (int)128>, cutlass::gemm::GemmShape<(int)64, (int)64, (int)64>, cutlass::half_t, (int)8, (int)1>, cutlass::half_t, cute::tuple<long, cute::C<(int)1>, long>>>>, (int)1, (int)1>, cutlass::gemm::threadblock::GemmIdentityThreadblockSwizzle<(int)1>, (cutlass::conv::Operator)0, cutlass::conv::Conv2dProblemSize>>(T1::Params)",8494364.0
L|resblock_plain|C384|T256,"void cutlass::Kernel<modiff::ImplicitGemmConvolutionEVT<cutlass::conv::threadblock::ImplicitGemmMultistage<cutlass::gemm::GemmShape<(int)128, (int)128, (int)128>, cutlass::conv::threadblock::Conv2dFpropActivationTileAccessIteratorOptimized<cutlass::MatrixShape<(int)128, (int)128>, signed char, cutlass::layout::TensorNHWC, cutlass::transform::PitchLinearWarpRakedThreadMap<cutlass::PitchLinearShape<(int)128, (int)128>, (int)256, cutlass::PitchLinearShape<(int)8, (int)4>, (int)16>, cutlass::AlignedArray<signed char, (int)16, (int)16>>, cutlass::transform::threadblock::RegularTileAccessIterator<cutlass::MatrixShape<(int)128, (int)128>, signed char, cutlass::layout::RowMajorTensorOpMultiplicandCrosswise<(int)8, (int)128>, (int)0, cutlass::transform::PitchLinearWarpRakedThreadMap<cutlass::PitchLinearShape<(int)128, (int)128>, (int)256, cutlass::PitchLinearShape<(int)8, (int)4>, (int)16>, (int)16>, (cutlass::arch::CacheOperation::Kind)0, cutlass::conv::threadblock::Conv2dFpropFilterTileAccessIteratorOptimized<cutlass::MatrixShape<(int)128, (int)128>, signed char, cutlass::layout::TensorNHWC, cutlass::transform::PitchLinearWarpRakedThreadMap<cutlass::PitchLinearShape<(int)128, (int)128>, (int)256, cutlass::PitchLinearShape<(int)8, (int)4>, (int)16>, cutlass::AlignedArray<signed char, (int)16, (int)16>, (bool)0>, cutlass::transform::threadblock::RegularTileAccessIterator<cutlass::MatrixShape<(int)128, (int)128>, signed char, cutlass::layout::ColumnMajorTensorOpMultiplicandCrosswise<(int)8, (int)128>, (int)1, cutlass::transform::PitchLinearWarpRakedThreadMap<cutlass::PitchLinearShape<(int)128, (int)128>, (int)256, cutlass::PitchLinearShape<(int)8, (int)4>, (int)16>, (int)16>, (cutlass::arch::CacheOperation::Kind)1, cutlass::gemm::threadblock::MmaPolicy<cutlass::gemm::warp::MmaTensorOp<cutlass::gemm::GemmShape<(int)64, (int)64, (int)64>, signed char, cutlass::layout::RowMajorTensorOpMultiplicandCrosswise<(int)8, (int)128>, signed char, cutlass::layout::ColumnMajorTensorOpMultiplicandCrosswise<(int)8, (int)128>, int, cutlass::layout::RowMajor, cutlass::gemm::warp::MmaTensorOpPolicy<cutlass::arch::Mma<cutlass::gemm::GemmShape<(int)16, (int)8, (int)32>, (int)32, signed char, cutlass::layout::RowMajor, signed char, cutlass::layout::ColumnMajor, int, cutlass::layout::RowMajor, cutlass::arch::OpMultiplyAddSaturate>, cutlass::MatrixShape<(int)1, (int)1>>, (int)2, (bool)0, bool>, cutlass::MatrixShape<(int)0, (int)0>, cutlass::MatrixShape<(int)0, (int)0>, (int)2>, (int)3, bool>, cutlass::epilogue::threadblock::EpilogueWithVisitorCallbacks<cutlass::epilogue::threadblock::Epilogue<cutlass::gemm::GemmShape<(int)128, (int)128, (int)128>, cutlass::gemm::warp::MmaTensorOp<cutlass::gemm::GemmShape<(int)64, (int)64, (int)64>, signed char, cutlass::layout::RowMajorTensorOpMultiplicandCrosswise<(int)8, (int)128>, signed char, cutlass::layout::ColumnMajorTensorOpMultiplicandCrosswise<(int)8, (int)128>, int, cutlass::layout::RowMajor, cutlass::gemm::warp::MmaTensorOpPolicy<cutlass::arch::Mma<cutlass::gemm::GemmShape<(int)16, (int)8, (int)32>, (int)32, signed char, cutlass::layout::RowMajor, signed char, cutlass::layout::ColumnMajor, int, cutlass::layout::RowMajor, cutlass::arch::OpMultiplyAddSaturate>, cutlass::MatrixShape<(int)1, (int)1>>, (int)2, (bool)0, bool>, (int)2, cutlass::epilogue::threadblock::PredicatedTileIteratorConv<cutlass::epilogue::threadblock::OutputTileOptimalThreadMap<cutlass::epilogue::threadblock::OutputTileShape<(int)128, (int)8, (int)2, (int)1, (int)1>, cutlass::epilogue::threadblock::OutputTileShape<(int)1, (int)8, (int)1, (int)1, (int)8>, (int)256, (int)8, (int)16>, cutlass::half_t, (bool)0, cutlass::layout::NoPermute, (bool)0, (int)4>, cutlass::epilogue::warp::FragmentIteratorTensorOp<cutlass::gemm::GemmShape<(int)64, (int)64, (int)64>, cutlass::gemm::GemmShape<(int)16, (int)8, (int)32>, int, cutlass::Array<int, (int)4, (bool)1>, cutlass::layout::RowMajor>, cutlass::epilogue::warp::TileIteratorTensorOpMixed<cutlass::gemm::GemmShape<(int)64, (int)64, (int)64>, cutlass::gemm::GemmShape<(int)16, (int)8, (int)32>, int, (int)32, (int)16, (int)8, (int)8, (bool)0>, cutlass::epilogue::threadblock::SharedLoadIteratorMixed<cutlass::epilogue::threadblock::OutputTileOptimalThreadMap<cutlass::epilogue::threadblock::OutputTileShape<(int)128, (int)8, (int)2, (int)1, (int)1>, cutlass::epilogue::threadblock::OutputTileShape<(int)1, (int)8, (int)1, (int)1, (int)8>, (int)256, (int)8, (int)16>::CompactedThreadMap, int, (int)32, (int)16, (int)8, (int)8, (bool)0>, cutlass::epilogue::thread::LinearCombination<cutlass::half_t, (int)8, int, float, (cutlass::epilogue::thread::ScaleType::Kind)0, (cutlass::FloatRoundStyle)2, cutlass::half_t>, cutlass::MatrixShape<(int)0, (int)8>, (int)1, (int)1>, cutlass::epilogue::threadblock::TreeVisitor2x<cutlass::epilogue::threadblock::VisitorAuxStore<cutlass::epilogue::threadblock::OutputTileThreadLayout<cutlass::gemm::GemmShape<(int)128, (int)128, (int)128>, cutlass::gemm::GemmShape<(int)64, (int)64, (int)64>, cutlass::half_t, (int)8, (int)1>, cutlass::half_t, (cutlass::FloatRoundStyle)2, cute::tuple<long, cute::C<(int)1>, long>>, cutlass::epilogue::threadblock::TreeVisitor2x<cutlass::epilogue::threadblock::VisitorCompute<cutlass::plus, float, float, (cutlass::FloatRoundStyle)2, void>, cutlass::epilogue::threadblock::TreeVisitor2x<cutlass::epilogue::threadblock::VisitorCompute<cutlass::plus, float, float, (cutlass::FloatRoundStyle)2, void>, cutlass::epilogue::threadblock::TreeVisitor2x<cutlass::epilogue::threadblock::VisitorCompute<cutlass::multiplies, float, float, (cutlass::FloatRoundStyle)2, void>, cutlass::epilogue::threadblock::TreeVisitor2x<cutlass::epilogue::threadblock::VisitorCompute<cutlass::multiplies, float, float, (cutlass::FloatRoundStyle)2, void>, cutlass::epilogue::threadblock::VisitorAccFetch, cutlass::epilogue::threadblock::VisitorScalarBroadcast<float, cute::tuple<cute::C<(int)0>, cute::C<(int)0>, cute::C<(int)0>>, (int)1, cutlass::multiplies>>, cutlass::epilogue::threadblock::VisitorRowBroadcast<cutlass::epilogue::threadblock::OutputTileThreadLayout<cutlass::gemm::GemmShape<(int)128, (int)128, (int)128>, cutlass::gemm::GemmShape<(int)64, (int)64, (int)64>, cutlass::half_t, (int)8, (int)1>, float, cute::tuple<cute::C<(int)0>, cute::C<(int)1>, int>, (bool)1>>, cutlass::epilogue::threadblock::VisitorRowBroadcast<cutlass::epilogue::threadblock::OutputTileThreadLayout<cutlass::gemm::GemmShape<(int)128, (int)128, (int)128>, cutlass::gemm::GemmShape<(int)64, (int)64, (int)64>, cutlass::half_t, (int)8, (int)1>, float, cute::tuple<cute::C<(int)0>, cute::C<(int)1>, int>, (bool)1>>, cutlass::epilogue::threadblock::VisitorAuxLoad<cutlass::epilogue::threadblock::OutputTileThreadLayout<cutlass::gemm::GemmShape<(int)128, (int)128, (int)128>, cutlass::gemm::GemmShape<(int)64, (int)64, (int)64>, cutlass::half_t, (int)8, (int)1>, cutlass::half_t, cute::tuple<long, cute::C<(int)1>, long>>>>, (int)1, (int)1>, cutlass::gemm::threadblock::GemmIdentityThreadblockSwizzle<(int)1>, (cutlass::conv::Operator)0, cutlass::conv::Conv2dProblemSize>>(T1::Params)",8483226.0
L|resblock_plain|C576|T256,"void cutlass::Kernel<modiff::ImplicitGemmConvolutionEVT<cutlass::conv::threadblock::ImplicitGemmMultistage<cutlass::gemm::GemmShape<(int)128, (int)128, (int)128>, cutlass::conv::threadblock::Conv2dFpropActivationTileAccessIteratorOptimized<cutlass::MatrixShape<(int)128, (int)128>, signed char, cutlass::layout::TensorNHWC, cutlass::transform::PitchLinearWarpRakedThreadMap<cutlass::PitchLinearShape<(int)128, (int)128>, (int)256, cutlass::PitchLinearShape<(int)8, (int)4>, (int)16>, cutlass::AlignedArray<signed char, (int)16, (int)16>>, cutlass::transform::threadblock::RegularTileAccessIterator<cutlass::MatrixShape<(int)128, (int)128>, signed char, cutlass::layout::RowMajorTensorOpMultiplicandCrosswise<(int)8, (int)128>, (int)0, cutlass::transform::PitchLinearWarpRakedThreadMap<cutlass::PitchLinearShape<(int)128, (int)128>, (int)256, cutlass::PitchLinearShape<(int)8, (int)4>, (int)16>, (int)16>, (cutlass::arch::CacheOperation::Kind)0, cutlass::conv::threadblock::Conv2dFpropFilterTileAccessIteratorOptimized<cutlass::MatrixShape<(int)128, (int)128>, signed char, cutlass::layout::TensorNHWC, cutlass::transform::PitchLinearWarpRakedThreadMap<cutlass::PitchLinearShape<(int)128, (int)128>, (int)256, cutlass::PitchLinearShape<(int)8, (int)4>, (int)16>, cutlass::AlignedArray<signed char, (int)16, (int)16>, (bool)0>, cutlass::transform::threadblock::RegularTileAccessIterator<cutlass::MatrixShape<(int)128, (int)128>, signed char, cutlass::layout::ColumnMajorTensorOpMultiplicandCrosswise<(int)8, (int)128>, (int)1, cutlass::transform::PitchLinearWarpRakedThreadMap<cutlass::PitchLinearShape<(int)128, (int)128>, (int)256, cutlass::PitchLinearShape<(int)8, (int)4>, (int)16>, (int)16>, (cutlass::arch::CacheOperation::Kind)1, cutlass::gemm::threadblock::MmaPolicy<cutlass::gemm::warp::MmaTensorOp<cutlass::gemm::GemmShape<(int)64, (int)64, (int)64>, signed char, cutlass::layout::RowMajorTensorOpMultiplicandCrosswise<(int)8, (int)128>, signed char, cutlass::layout::ColumnMajorTensorOpMultiplicandCrosswise<(int)8, (int)128>, int, cutlass::layout::RowMajor, cutlass::gemm::warp::MmaTensorOpPolicy<cutlass::arch::Mma<cutlass::gemm::GemmShape<(int)16, (int)8, (int)32>, (int)32, signed char, cutlass::layout::RowMajor, signed char, cutlass::layout::ColumnMajor, int, cutlass::layout::RowMajor, cutlass::arch::OpMultiplyAddSaturate>, cutlass::MatrixShape<(int)1, (int)1>>, (int)2, (bool)0, bool>, cutlass::MatrixShape<(int)0, (int)0>, cutlass::MatrixShape<(int)0, (int)0>, (int)2>, (int)3, bool>, cutlass::epilogue::threadblock::EpilogueWithVisitorCallbacks<cutlass::epilogue::threadblock::Epilogue<cutlass::gemm::GemmShape<(int)128, (int)128, (int)128>, cutlass::gemm::warp::MmaTensorOp<cutlass::gemm::GemmShape<(int)64, (int)64, (int)64>, signed char, cutlass::layout::RowMajorTensorOpMultiplicandCrosswise<(int)8, (int)128>, signed char, cutlass::layout::ColumnMajorTensorOpMultiplicandCrosswise<(int)8, (int)128>, int, cutlass::layout::RowMajor, cutlass::gemm::warp::MmaTensorOpPolicy<cutlass::arch::Mma<cutlass::gemm::GemmShape<(int)16, (int)8, (int)32>, (int)32, signed char, cutlass::layout::RowMajor, signed char, cutlass::layout::ColumnMajor, int, cutlass::layout::RowMajor, cutlass::arch::OpMultiplyAddSaturate>, cutlass::MatrixShape<(int)1, (int)1>>, (int)2, (bool)0, bool>, (int)2, cutlass::epilogue::threadblock::PredicatedTileIteratorConv<cutlass::epilogue::threadblock::OutputTileOptimalThreadMap<cutlass::epilogue::threadblock::OutputTileShape<(int)128, (int)8, (int)2, (int)1, (int)1>, cutlass::epilogue::threadblock::OutputTileShape<(int)1, (int)8, (int)1, (int)1, (int)8>, (int)256, (int)8, (int)16>, cutlass::half_t, (bool)0, cutlass::layout::NoPermute, (bool)0, (int)4>, cutlass::epilogue::warp::FragmentIteratorTensorOp<cutlass::gemm::GemmShape<(int)64, (int)64, (int)64>, cutlass::gemm::GemmShape<(int)16, (int)8, (int)32>, int, cutlass::Array<int, (int)4, (bool)1>, cutlass::layout::RowMajor>, cutlass::epilogue::warp::TileIteratorTensorOpMixed<cutlass::gemm::GemmShape<(int)64, (int)64, (int)64>, cutlass::gemm::GemmShape<(int)16, (int)8, (int)32>, int, (int)32, (int)16, (int)8, (int)8, (bool)0>, cutlass::epilogue::threadblock::SharedLoadIteratorMixed<cutlass::epilogue::threadblock::OutputTileOptimalThreadMap<cutlass::epilogue::threadblock::OutputTileShape<(int)128, (int)8, (int)2, (int)1, (int)1>, cutlass::epilogue::threadblock::OutputTileShape<(int)1, (int)8, (int)1, (int)1, (int)8>, (int)256, (int)8, (int)16>::CompactedThreadMap, int, (int)32, (int)16, (int)8, (int)8, (bool)0>, cutlass::epilogue::thread::LinearCombination<cutlass::half_t, (int)8, int, float, (cutlass::epilogue::thread::ScaleType::Kind)0, (cutlass::FloatRoundStyle)2, cutlass::half_t>, cutlass::MatrixShape<(int)0, (int)8>, (int)1, (int)1>, cutlass::epilogue::threadblock::TreeVisitor2x<cutlass::epilogue::threadblock::VisitorAuxStore<cutlass::epilogue::threadblock::OutputTileThreadLayout<cutlass::gemm::GemmShape<(int)128, (int)128, (int)128>, cutlass::gemm::GemmShape<(int)64, (int)64, (int)64>, cutlass::half_t, (int)8, (int)1>, cutlass::half_t, (cutlass::FloatRoundStyle)2, cute::tuple<long, cute::C<(int)1>, long>>, cutlass::epilogue::threadblock::TreeVisitor2x<cutlass::epilogue::threadblock::VisitorCompute<cutlass::plus, float, float, (cutlass::FloatRoundStyle)2, void>, cutlass::epilogue::threadblock::TreeVisitor2x<cutlass::epilogue::threadblock::VisitorCompute<cutlass::plus, float, float, (cutlass::FloatRoundStyle)2, void>, cutlass::epilogue::threadblock::TreeVisitor2x<cutlass::epilogue::threadblock::VisitorCompute<cutlass::multiplies, float, float, (cutlass::FloatRoundStyle)2, void>, cutlass::epilogue::threadblock::TreeVisitor2x<cutlass::epilogue::threadblock::VisitorCompute<cutlass::multiplies, float, float, (cutlass::FloatRoundStyle)2, void>, cutlass::epilogue::threadblock::VisitorAccFetch, cutlass::epilogue::threadblock::VisitorScalarBroadcast<float, cute::tuple<cute::C<(int)0>, cute::C<(int)0>, cute::C<(int)0>>, (int)1, cutlass::multiplies>>, cutlass::epilogue::threadblock::VisitorRowBroadcast<cutlass::epilogue::threadblock::OutputTileThreadLayout<cutlass::gemm::GemmShape<(int)128, (int)128, (int)128>, cutlass::gemm::GemmShape<(int)64, (int)64, (int)64>, cutlass::half_t, (int)8, (int)1>, float, cute::tuple<cute::C<(int)0>, cute::C<(int)1>, int>, (bool)1>>, cutlass::epilogue::threadblock::VisitorRowBroadcast<cutlass::epilogue::threadblock::OutputTileThreadLayout<cutlass::gemm::GemmShape<(int)128, (int)128, (int)128>, cutlass::gemm::GemmShape<(int)64, (int)64, (int)64>, cutlass::half_t, (int)8, (int)1>, float, cute::tuple<cute::C<(int)0>, cute::C<(int)1>, int>, (bool)1>>, cutlass::epilogue::threadblock::VisitorAuxLoad<cutlass::epilogue::threadblock::OutputTileThreadLayout<cutlass::gemm::GemmShape<(int)128, (int)128, (int)128>, cutlass::gemm::GemmShape<(int)64, (int)64, (int)64>, cutlass::half_t, (int)8, (int)1>, cutlass::half_t, cute::tuple<long, cute::C<(int)1>, long>>>>, (int)1, (int)1>, cutlass::gemm::threadblock::GemmIdentityThreadblockSwizzle<(int)1>, (cutlass::conv::Operator)0, cutlass::conv::Conv2dProblemSize>>(T1::Params)",8351995.0
L|resblock_plain|C384|T256,"void cutlass::Kernel<modiff::ImplicitGemmConvolutionEVT<cutlass::conv::threadblock::ImplicitGemmMultistage<cutlass::gemm::GemmShape<(int)128, (int)128, (int)128>, cutlass::conv::threadblock::Conv2dFpropActivationTileAccessIteratorOptimized<cutlass::MatrixShape<(int)128, (int)128>, signed char, cutlass::layout::TensorNHWC, cutlass::transform::PitchLinearWarpRakedThreadMap<cutlass::PitchLinearShape<(int)128, (int)128>, (int)256, cutlass::PitchLinearShape<(int)8, (int)4>, (int)16>, cutlass::AlignedArray<signed char, (int)16, (int)16>>, cutlass::transform::threadblock::RegularTileAccessIterator<cutlass::MatrixShape<(int)128, (int)128>, signed char, cutlass::layout::RowMajorTensorOpMultiplicandCrosswise<(int)8, (int)128>, (int)0, cutlass::transform::PitchLinearWarpRakedThreadMap<cutlass::PitchLinearShape<(int)128, (int)128>, (int)256, cutlass::PitchLinearShape<(int)8, (int)4>, (int)16>, (int)16>, (cutlass::arch::CacheOperation::Kind)0, cutlass::conv::threadblock::Conv2dFpropFilterTileAccessIteratorOptimized<cutlass::MatrixShape<(int)128, (int)128>, signed char, cutlass::layout::TensorNHWC, cutlass::transform::PitchLinearWarpRakedThreadMap<cutlass::PitchLinearShape<(int)128, (int)128>, (int)256, cutlass::PitchLinearShape<(int)8, (int)4>, (int)16>, cutlass::AlignedArray<signed char, (int)16, (int)16>, (bool)0>, cutlass::transform::threadblock::RegularTileAccessIterator<cutlass::MatrixShape<(int)128, (int)128>, signed char, cutlass::layout::ColumnMajorTensorOpMultiplicandCrosswise<(int)8, (int)128>, (int)1, cutlass::transform::PitchLinearWarpRakedThreadMap<cutlass::PitchLinearShape<(int)128, (int)128>, (int)256, cutlass::PitchLinearShape<(int)8, (int)4>, (int)16>, (int)16>, (cutlass::arch::CacheOperation::Kind)1, cutlass::gemm::threadblock::MmaPolicy<cutlass::gemm::warp::MmaTensorOp<cutlass::gemm::GemmShape<(int)64, (int)64, (int)64>, signed char, cutlass::layout::RowMajorTensorOpMultiplicandCrosswise<(int)8, (int)128>, signed char, cutlass::layout::ColumnMajorTensorOpMultiplicandCrosswise<(int)8, (int)128>, int, cutlass::layout::RowMajor, cutlass::gemm::warp::MmaTensorOpPolicy<cutlass::arch::Mma<cutlass::gemm::GemmShape<(int)16, (int)8, (int)32>, (int)32, signed char, cutlass::layout::RowMajor, signed char, cutlass::layout::ColumnMajor, int, cutlass::layout::RowMajor, cutlass::arch::OpMultiplyAddSaturate>, cutlass::MatrixShape<(int)1, (int)1>>, (int)2, (bool)0, bool>, cutlass::MatrixShape<(int)0, (int)0>, cutlass::MatrixShape<(int)0, (int)0>, (int)2>, (int)3, bool>, cutlass::epilogue::threadblock::EpilogueWithVisitorCallbacks<cutlass::epilogue::threadblock::Epilogue<cutlass::gemm::GemmShape<(int)128, (int)128, (int)128>, cutlass::gemm::warp::MmaTensorOp<cutlass::gemm::GemmShape<(int)64, (int)64, (int)64>, signed char, cutlass::layout::RowMajorTensorOpMultiplicandCrosswise<(int)8, (int)128>, signed char, cutlass::layout::ColumnMajorTensorOpMultiplicandCrosswise<(int)8, (int)128>, int, cutlass::layout::RowMajor, cutlass::gemm::warp::MmaTensorOpPolicy<cutlass::arch::Mma<cutlass::gemm::GemmShape<(int)16, (int)8, (int)32>, (int)32, signed char, cutlass::layout::RowMajor, signed char, cutlass::layout::ColumnMajor, int, cutlass::layout::RowMajor, cutlass::arch::OpMultiplyAddSaturate>, cutlass::MatrixShape<(int)1, (int)1>>, (int)2, (bool)0, bool>, (int)2, cutlass::epilogue::threadblock::PredicatedTileIteratorConv<cutlass::epilogue::threadblock::OutputTileOptimalThreadMap<cutlass::epilogue::threadblock::OutputTileShape<(int)128, (int)8, (int)2, (int)1, (int)1>, cutlass::epilogue::threadblock::OutputTileShape<(int)1, (int)8, (int)1, (int)1, (int)8>, (int)256, (int)8, (int)16>, cutlass::half_t, (bool)0, cutlass::layout::NoPermute, (bool)0, (int)4>, cutlass::epilogue::warp::FragmentIteratorTensorOp<cutlass::gemm::GemmShape<(int)64, (int)64, (int)64>, cutlass::gemm::GemmShape<(int)16, (int)8, (int)32>, int, cutlass::Array<int, (int)4, (bool)1>, cutlass::layout::RowMajor>, cutlass::epilogue::warp::TileIteratorTensorOpMixed<cutlass::gemm::GemmShape<(int)64, (int)64, (int)64>, cutlass::gemm::GemmShape<(int)16, (int)8, (int)32>, int, (int)32, (int)16, (int)8, (int)8, (bool)0>, cutlass::epilogue::threadblock::SharedLoadIteratorMixed<cutlass::epilogue::threadblock::OutputTileOptimalThreadMap<cutlass::epilogue::threadblock::OutputTileShape<(int)128, (int)8, (int)2, (int)1, (int)1>, cutlass::epilogue::threadblock::OutputTileShape<(int)1, (int)8, (int)1, (int)1, (int)8>, (int)256, (int)8, (int)16>::CompactedThreadMap, int, (int)32, (int)16, (int)8, (int)8, (bool)0>, cutlass::epilogue::thread::LinearCombination<cutlass::half_t, (int)8, int, float, (cutlass::epilogue::thread::ScaleType::Kind)0, (cutlass::FloatRoundStyle)2, cutlass::half_t>, cutlass::MatrixShape<(int)0, (int)8>, (int)1, (int)1>, cutlass::epilogue::threadblock::TreeVisitor2x<cutlass::epilogue::threadblock::VisitorAuxStore<cutlass::epilogue::threadblock::OutputTileThreadLayout<cutlass::gemm::GemmShape<(int)128, (int)128, (int)128>, cutlass::gemm::GemmShape<(int)64, (int)64, (int)64>, cutlass::half_t, (int)8, (int)1>, cutlass::half_t, (cutlass::FloatRoundStyle)2, cute::tuple<long, cute::C<(int)1>, long>>, cutlass::epilogue::threadblock::TreeVisitor2x<cutlass::epilogue::threadblock::VisitorCompute<cutlass::plus, float, float, (cutlass::FloatRoundStyle)2, void>, cutlass::epilogue::threadblock::TreeVisitor2x<cutlass::epilogue::threadblock::VisitorCompute<cutlass::multiplies, float, float, (cutlass::FloatRoundStyle)2, void>, cutlass::epilogue::threadblock::TreeVisitor2x<cutlass::epilogue::threadblock::VisitorCompute<cutlass::multiplies, float, float, (cutlass::FloatRoundStyle)2, void>, cutlass::epilogue::threadblock::VisitorAccFetch, cutlass::epilogue::threadblock::VisitorScalarBroadcast<float, cute::tuple<cute::C<(int)0>, cute::C<(int)0>, cute::C<(int)0>>, (int)1, cutlass::multiplies>>, cutlass::epilogue::threadblock::VisitorRowBroadcast<cutlass::epilogue::threadblock::OutputTileThreadLayout<cutlass::gemm::GemmShape<(int)128, (int)128, (int)128>, cutlass::gemm::GemmShape<(int)64, (int)64, (int)64>, cutlass::half_t, (int)8, (int)1>, float, cute::tuple<cute::C<(int)0>, cute::C<(int)1>, int>, (bool)1>>, cutlass::epilogue::threadblock::VisitorRowBroadcast<cutlass::epilogue::threadblock::OutputTileThreadLayout<cutlass::gemm::GemmShape<(int)128, (int)128, (int)128>, cutlass::gemm::GemmShape<(int)64, (int)64, (int)64>, cutlass::half_t, (int)8, (int)1>, float, cute::tuple<cute::C<(int)0>, cute::C<(int)1>, int>, (bool)1>>>, (int)1, (int)1>, cutlass::gemm::threadblock::GemmIdentityThreadblockSwizzle<(int)1>, (cutlass::conv::Operator)0, cutlass::conv::Conv2dProblemSize>>(T1::Params)",8351388.0
,"void at::native::elementwise_kernel<(int)128, (int)2, void at::native::gpu_kernel_impl_nocast<at::native::direct_copy_kernel_cuda(at::TensorIteratorBase &)::[lambda() (instance 3)]::operator ()() const::[lambda() (instance 7)]::operator ()() const::[lambda(float) (instance 1)]>(at::TensorIteratorBase &, const T1 &)::[lambda(int) (instance 1)]>(int, T3)",8279705.0
L|resblock_plain|C384|T1024,"void at::native::elementwise_kernel<(int)128, (int)4, void at::native::gpu_kernel_impl_nocast<at::native::CUDAFunctor_add<c10::Half>>(at::TensorIteratorBase &, const T1 &)::[lambda(int) (instance 1)]>(int, T3)",7634650.0
L|resblock_plain|C576|T1024,sm86_xmma_fprop_implicit_gemm_f16f16_f16f32_f32_nhwckrsc_nhwc_tilesize128x64x32_stage4_warpsize2x2x1_g1_tensor16x8x16_execute_kernel__5x_cudnn,7509075.0
L|resblock_plain|C768|T256,sm86_xmma_fprop_implicit_gemm_f16f16_f16f32_f32_nhwckrsc_nhwc_tilesize128x128x32_stage3_warpsize2x2x1_g1_tensor16x8x16_t1r1s1_execute_kernel__5x_cudnn,7310070.0
L|resblock_updown|C384|T64,"void group_norm_silu_nhwc_kernel<__half>(const T1 *, T1 *, const T1 *, const T1 *, const T1 *, const T1 *, int, long, int, float, bool)",7190130.0
,"void at::native::elementwise_kernel<(int)128, (int)2, void at::native::gpu_kernel_impl_nocast<void at::native::<unnamed>::GroupNormKernelImplInternal<float>(const at::Tensor &, const at::Tensor &, const at::Tensor &, long, long, long, long, T1, at::Tensor &, at::Tensor &, at::Tensor &)::[lambda(float, float, float) (instance 2)]>(at::TensorIteratorBase &, const T1 &)::[lambda(int) (instance 1)]>(int, T3)",7162162.0
,"void at::native::vectorized_elementwise_kernel<(int)4, at::native::<unnamed>::silu_kernel(at::TensorIteratorBase &)::[lambda() (instance 1)]::operator ()() const::[lambda() (instance 2)]::operator ()() const::[lambda(float) (instance 1)], at::detail::Array<char *, (int)2>>(int, T2, T3)",7109874.0
L|attention|C384|T64,"gemm_w8a8_kernel_awq(const signed char *, const signed char *, const float *, float, __half *, int, int, int, int, const __half *, const __half *)",6929615.0
L|resblock_updown|C384|T64,"void group_norm_silu_quantize_nhwc_vec2_kernel<__half, (bool)0>(const T1 *, signed char *, const T1 *, const T1 *, const T1 *, const T1 *, const float *, const float *, int, long, int, float, bool)",6800812.0
L|resblock_plain|C1152|T64,"void cutlass::Kernel<modiff::ImplicitGemmConvolutionEVT<cutlass::conv::threadblock::ImplicitGemmMultistage<cutlass::gemm::GemmShape<(int)128, (int)128, (int)128>, cutlass::conv::threadblock::Conv2dFpropActivationTileAccessIteratorOptimized<cutlass::MatrixShape<(int)128, (int)128>, signed char, cutlass::layout::TensorNHWC, cutlass::transform::PitchLinearWarpRakedThreadMap<cutlass::PitchLinearShape<(int)128, (int)128>, (int)256, cutlass::PitchLinearShape<(int)8, (int)4>, (int)16>, cutlass::AlignedArray<signed char, (int)16, (int)16>>, cutlass::transform::threadblock::RegularTileAccessIterator<cutlass::MatrixShape<(int)128, (int)128>, signed char, cutlass::layout::RowMajorTensorOpMultiplicandCrosswise<(int)8, (int)128>, (int)0, cutlass::transform::PitchLinearWarpRakedThreadMap<cutlass::PitchLinearShape<(int)128, (int)128>, (int)256, cutlass::PitchLinearShape<(int)8, (int)4>, (int)16>, (int)16>, (cutlass::arch::CacheOperation::Kind)0, cutlass::conv::threadblock::Conv2dFpropFilterTileAccessIteratorOptimized<cutlass::MatrixShape<(int)128, (int)128>, signed char, cutlass::layout::TensorNHWC, cutlass::transform::PitchLinearWarpRakedThreadMap<cutlass::PitchLinearShape<(int)128, (int)128>, (int)256, cutlass::PitchLinearShape<(int)8, (int)4>, (int)16>, cutlass::AlignedArray<signed char, (int)16, (int)16>, (bool)0>, cutlass::transform::threadblock::RegularTileAccessIterator<cutlass::MatrixShape<(int)128, (int)128>, signed char, cutlass::layout::ColumnMajorTensorOpMultiplicandCrosswise<(int)8, (int)128>, (int)1, cutlass::transform::PitchLinearWarpRakedThreadMap<cutlass::PitchLinearShape<(int)128, (int)128>, (int)256, cutlass::PitchLinearShape<(int)8, (int)4>, (int)16>, (int)16>, (cutlass::arch::CacheOperation::Kind)1, cutlass::gemm::threadblock::MmaPolicy<cutlass::gemm::warp::MmaTensorOp<cutlass::gemm::GemmShape<(int)64, (int)64, (int)64>, signed char, cutlass::layout::RowMajorTensorOpMultiplicandCrosswise<(int)8, (int)128>, signed char, cutlass::layout::ColumnMajorTensorOpMultiplicandCrosswise<(int)8, (int)128>, int, cutlass::layout::RowMajor, cutlass::gemm::warp::MmaTensorOpPolicy<cutlass::arch::Mma<cutlass::gemm::GemmShape<(int)16, (int)8, (int)32>, (int)32, signed char, cutlass::layout::RowMajor, signed char, cutlass::layout::ColumnMajor, int, cutlass::layout::RowMajor, cutlass::arch::OpMultiplyAddSaturate>, cutlass::MatrixShape<(int)1, (int)1>>, (int)2, (bool)0, bool>, cutlass::MatrixShape<(int)0, (int)0>, cutlass::MatrixShape<(int)0, (int)0>, (int)2>, (int)3, bool>, cutlass::epilogue::threadblock::EpilogueWithVisitorCallbacks<cutlass::epilogue::threadblock::Epilogue<cutlass::gemm::GemmShape<(int)128, (int)128, (int)128>, cutlass::gemm::warp::MmaTensorOp<cutlass::gemm::GemmShape<(int)64, (int)64, (int)64>, signed char, cutlass::layout::RowMajorTensorOpMultiplicandCrosswise<(int)8, (int)128>, signed char, cutlass::layout::ColumnMajorTensorOpMultiplicandCrosswise<(int)8, (int)128>, int, cutlass::layout::RowMajor, cutlass::gemm::warp::MmaTensorOpPolicy<cutlass::arch::Mma<cutlass::gemm::GemmShape<(int)16, (int)8, (int)32>, (int)32, signed char, cutlass::layout::RowMajor, signed char, cutlass::layout::ColumnMajor, int, cutlass::layout::RowMajor, cutlass::arch::OpMultiplyAddSaturate>, cutlass::MatrixShape<(int)1, (int)1>>, (int)2, (bool)0, bool>, (int)2, cutlass::epilogue::threadblock::PredicatedTileIteratorConv<cutlass::epilogue::threadblock::OutputTileOptimalThreadMap<cutlass::epilogue::threadblock::OutputTileShape<(int)128, (int)8, (int)2, (int)1, (int)1>, cutlass::epilogue::threadblock::OutputTileShape<(int)1, (int)8, (int)1, (int)1, (int)8>, (int)256, (int)8, (int)16>, cutlass::half_t, (bool)0, cutlass::layout::NoPermute, (bool)0, (int)4>, cutlass::epilogue::warp::FragmentIteratorTensorOp<cutlass::gemm::GemmShape<(int)64, (int)64, (int)64>, cutlass::gemm::GemmShape<(int)16, (int)8, (int)32>, int, cutlass::Array<int, (int)4, (bool)1>, cutlass::layout::RowMajor>, cutlass::epilogue::warp::TileIteratorTensorOpMixed<cutlass::gemm::GemmShape<(int)64, (int)64, (int)64>, cutlass::gemm::GemmShape<(int)16, (int)8, (int)32>, int, (int)32, (int)16, (int)8, (int)8, (bool)0>, cutlass::epilogue::threadblock::SharedLoadIteratorMixed<cutlass::epilogue::threadblock::OutputTileOptimalThreadMap<cutlass::epilogue::threadblock::OutputTileShape<(int)128, (int)8, (int)2, (int)1, (int)1>, cutlass::epilogue::threadblock::OutputTileShape<(int)1, (int)8, (int)1, (int)1, (int)8>, (int)256, (int)8, (int)16>::CompactedThreadMap, int, (int)32, (int)16, (int)8, (int)8, (bool)0>, cutlass::epilogue::thread::LinearCombination<cutlass::half_t, (int)8, int, float, (cutlass::epilogue::thread::ScaleType::Kind)0, (cutlass::FloatRoundStyle)2, cutlass::half_t>, cutlass::MatrixShape<(int)0, (int)8>, (int)1, (int)1>, cutlass::epilogue::threadblock::TreeVisitor2x<cutlass::epilogue::threadblock::VisitorAuxStore<cutlass::epilogue::threadblock::OutputTileThreadLayout<cutlass::gemm::GemmShape<(int)128, (int)128, (int)128>, cutlass::gemm::GemmShape<(int)64, (int)64, (int)64>, cutlass::half_t, (int)8, (int)1>, cutlass::half_t, (cutlass::FloatRoundStyle)2, cute::tuple<long, cute::C<(int)1>, long>>, cutlass::epilogue::threadblock::TreeVisitor2x<cutlass::epilogue::threadblock::VisitorCompute<cutlass::plus, float, float, (cutlass::FloatRoundStyle)2, void>, cutlass::epilogue::threadblock::TreeVisitor2x<cutlass::epilogue::threadblock::VisitorCompute<cutlass::multiplies, float, float, (cutlass::FloatRoundStyle)2, void>, cutlass::epilogue::threadblock::TreeVisitor2x<cutlass::epilogue::threadblock::VisitorCompute<cutlass::multiplies, float, float, (cutlass::FloatRoundStyle)2, void>, cutlass::epilogue::threadblock::VisitorAccFetch, cutlass::epilogue::threadblock::VisitorScalarBroadcast<float, cute::tuple<cute::C<(int)0>, cute::C<(int)0>, cute::C<(int)0>>, (int)1, cutlass::multiplies>>, cutlass::epilogue::threadblock::VisitorRowBroadcast<cutlass::epilogue::threadblock::OutputTileThreadLayout<cutlass::gemm::GemmShape<(int)128, (int)128, (int)128>, cutlass::gemm::GemmShape<(int)64, (int)64, (int)64>, cutlass::half_t, (int)8, (int)1>, float, cute::tuple<cute::C<(int)0>, cute::C<(int)1>, int>, (bool)1>>, cutlass::epilogue::threadblock::VisitorRowBroadcast<cutlass::epilogue::threadblock::OutputTileThreadLayout<cutlass::gemm::GemmShape<(int)128, (int)128, (int)128>, cutlass::gemm::GemmShape<(int)64, (int)64, (int)64>, cutlass::half_t, (int)8, (int)1>, float, cute::tuple<cute::C<(int)0>, cute::C<(int)1>, int>, (bool)1>>>, (int)1, (int)1>, cutlass::gemm::threadblock::GemmIdentityThreadblockSwizzle<(int)1>, (cutlass::conv::Operator)0, cutlass::conv::Conv2dProblemSize>>(T1::Params)",6733774.0
L|attention|C768|T16,"void flash_attn_int8_qi8packed_small_qout_kernel<(int)16, (int)96, (int)4, (bool)0>(const signed char *, const float *, signed char *, int, int, float, float, float, int)",6699728.0
L|resblock_plain|C192|T256,"void cutlass::Kernel<modiff::ImplicitGemmConvolutionEVT<cutlass::conv::threadblock::ImplicitGemmMultistage<cutlass::gemm::GemmShape<(int)128, (int)128, (int)128>, cutlass::conv::threadblock::Conv2dFpropActivationTileAccessIteratorOptimized<cutlass::MatrixShape<(int)128, (int)128>, signed char, cutlass::layout::TensorNHWC, cutlass::transform::PitchLinearWarpRakedThreadMap<cutlass::PitchLinearShape<(int)128, (int)128>, (int)256, cutlass::PitchLinearShape<(int)8, (int)4>, (int)16>, cutlass::AlignedArray<signed char, (int)16, (int)16>>, cutlass::transform::threadblock::RegularTileAccessIterator<cutlass::MatrixShape<(int)128, (int)128>, signed char, cutlass::layout::RowMajorTensorOpMultiplicandCrosswise<(int)8, (int)128>, (int)0, cutlass::transform::PitchLinearWarpRakedThreadMap<cutlass::PitchLinearShape<(int)128, (int)128>, (int)256, cutlass::PitchLinearShape<(int)8, (int)4>, (int)16>, (int)16>, (cutlass::arch::CacheOperation::Kind)0, cutlass::conv::threadblock::Conv2dFpropFilterTileAccessIteratorOptimized<cutlass::MatrixShape<(int)128, (int)128>, signed char, cutlass::layout::TensorNHWC, cutlass::transform::PitchLinearWarpRakedThreadMap<cutlass::PitchLinearShape<(int)128, (int)128>, (int)256, cutlass::PitchLinearShape<(int)8, (int)4>, (int)16>, cutlass::AlignedArray<signed char, (int)16, (int)16>, (bool)0>, cutlass::transform::threadblock::RegularTileAccessIterator<cutlass::MatrixShape<(int)128, (int)128>, signed char, cutlass::layout::ColumnMajorTensorOpMultiplicandCrosswise<(int)8, (int)128>, (int)1, cutlass::transform::PitchLinearWarpRakedThreadMap<cutlass::PitchLinearShape<(int)128, (int)128>, (int)256, cutlass::PitchLinearShape<(int)8, (int)4>, (int)16>, (int)16>, (cutlass::arch::CacheOperation::Kind)1, cutlass::gemm::threadblock::MmaPolicy<cutlass::gemm::warp::MmaTensorOp<cutlass::gemm::GemmShape<(int)64, (int)64, (int)64>, signed char, cutlass::layout::RowMajorTensorOpMultiplicandCrosswise<(int)8, (int)128>, signed char, cutlass::layout::ColumnMajorTensorOpMultiplicandCrosswise<(int)8, (int)128>, int, cutlass::layout::RowMajor, cutlass::gemm::warp::MmaTensorOpPolicy<cutlass::arch::Mma<cutlass::gemm::GemmShape<(int)16, (int)8, (int)32>, (int)32, signed char, cutlass::layout::RowMajor, signed char, cutlass::layout::ColumnMajor, int, cutlass::layout::RowMajor, cutlass::arch::OpMultiplyAddSaturate>, cutlass::MatrixShape<(int)1, (int)1>>, (int)2, (bool)0, bool>, cutlass::MatrixShape<(int)0, (int)0>, cutlass::MatrixShape<(int)0, (int)0>, (int)2>, (int)3, bool>, cutlass::epilogue::threadblock::EpilogueWithVisitorCallbacks<cutlass::epilogue::threadblock::Epilogue<cutlass::gemm::GemmShape<(int)128, (int)128, (int)128>, cutlass::gemm::warp::MmaTensorOp<cutlass::gemm::GemmShape<(int)64, (int)64, (int)64>, signed char, cutlass::layout::RowMajorTensorOpMultiplicandCrosswise<(int)8, (int)128>, signed char, cutlass::layout::ColumnMajorTensorOpMultiplicandCrosswise<(int)8, (int)128>, int, cutlass::layout::RowMajor, cutlass::gemm::warp::MmaTensorOpPolicy<cutlass::arch::Mma<cutlass::gemm::GemmShape<(int)16, (int)8, (int)32>, (int)32, signed char, cutlass::layout::RowMajor, signed char, cutlass::layout::ColumnMajor, int, cutlass::layout::RowMajor, cutlass::arch::OpMultiplyAddSaturate>, cutlass::MatrixShape<(int)1, (int)1>>, (int)2, (bool)0, bool>, (int)2, cutlass::epilogue::threadblock::PredicatedTileIteratorConv<cutlass::epilogue::threadblock::OutputTileOptimalThreadMap<cutlass::epilogue::threadblock::OutputTileShape<(int)128, (int)8, (int)2, (int)1, (int)1>, cutlass::epilogue::threadblock::OutputTileShape<(int)1, (int)8, (int)1, (int)1, (int)8>, (int)256, (int)8, (int)16>, cutlass::half_t, (bool)0, cutlass::layout::NoPermute, (bool)0, (int)4>, cutlass::epilogue::warp::FragmentIteratorTensorOp<cutlass::gemm::GemmShape<(int)64, (int)64, (int)64>, cutlass::gemm::GemmShape<(int)16, (int)8, (int)32>, int, cutlass::Array<int, (int)4, (bool)1>, cutlass::layout::RowMajor>, cutlass::epilogue::warp::TileIteratorTensorOpMixed<cutlass::gemm::GemmShape<(int)64, (int)64, (int)64>, cutlass::gemm::GemmShape<(int)16, (int)8, (int)32>, int, (int)32, (int)16, (int)8, (int)8, (bool)0>, cutlass::epilogue::threadblock::SharedLoadIteratorMixed<cutlass::epilogue::threadblock::OutputTileOptimalThreadMap<cutlass::epilogue::threadblock::OutputTileShape<(int)128, (int)8, (int)2, (int)1, (int)1>, cutlass::epilogue::threadblock::OutputTileShape<(int)1, (int)8, (int)1, (int)1, (int)8>, (int)256, (int)8, (int)16>::CompactedThreadMap, int, (int)32, (int)16, (int)8, (int)8, (bool)0>, cutlass::epilogue::thread::LinearCombination<cutlass::half_t, (int)8, int, float, (cutlass::epilogue::thread::ScaleType::Kind)0, (cutlass::FloatRoundStyle)2, cutlass::half_t>, cutlass::MatrixShape<(int)0, (int)8>, (int)1, (int)1>, cutlass::epilogue::threadblock::TreeVisitor2x<cutlass::epilogue::threadblock::VisitorAuxStore<cutlass::epilogue::threadblock::OutputTileThreadLayout<cutlass::gemm::GemmShape<(int)128, (int)128, (int)128>, cutlass::gemm::GemmShape<(int)64, (int)64, (int)64>, cutlass::half_t, (int)8, (int)1>, cutlass::half_t, (cutlass::FloatRoundStyle)2, cute::tuple<long, cute::C<(int)1>, long>>, cutlass::epilogue::threadblock::TreeVisitor2x<cutlass::epilogue::threadblock::VisitorCompute<cutlass::plus, float, float, (cutlass::FloatRoundStyle)2, void>, cutlass::epilogue::threadblock::TreeVisitor2x<cutlass::epilogue::threadblock::VisitorCompute<cutlass::multiplies, float, float, (cutlass::FloatRoundStyle)2, void>, cutlass::epilogue::threadblock::TreeVisitor2x<cutlass::epilogue::threadblock::VisitorCompute<cutlass::multiplies, float, float, (cutlass::FloatRoundStyle)2, void>, cutlass::epilogue::threadblock::VisitorAccFetch, cutlass::epilogue::threadblock::VisitorScalarBroadcast<float, cute::tuple<cute::C<(int)0>, cute::C<(int)0>, cute::C<(int)0>>, (int)1, cutlass::multiplies>>, cutlass::epilogue::threadblock::VisitorRowBroadcast<cutlass::epilogue::threadblock::OutputTileThreadLayout<cutlass::gemm::GemmShape<(int)128, (int)128, (int)128>, cutlass::gemm::GemmShape<(int)64, (int)64, (int)64>, cutlass::half_t, (int)8, (int)1>, float, cute::tuple<cute::C<(int)0>, cute::C<(int)1>, int>, (bool)1>>, cutlass::epilogue::threadblock::VisitorRowBroadcast<cutlass::epilogue::threadblock::OutputTileThreadLayout<cutlass::gemm::GemmShape<(int)128, (int)128, (int)128>, cutlass::gemm::GemmShape<(int)64, (int)64, (int)64>, cutlass::half_t, (int)8, (int)1>, float, cute::tuple<cute::C<(int)0>, cute::C<(int)1>, int>, (bool)1>>>, (int)1, (int)1>, cutlass::gemm::threadblock::GemmIdentityThreadblockSwizzle<(int)1>, (cutlass::conv::Operator)0, cutlass::conv::Conv2dProblemSize>>(T1::Params)",6208298.0
L|resblock_plain|C1536|T16,"void cutlass::Kernel<modiff::ImplicitGemmConvolutionEVT<cutlass::conv::threadblock::ImplicitGemmMultistage<cutlass::gemm::GemmShape<(int)128, (int)128, (int)128>, cutlass::conv::threadblock::Conv2dFpropActivationTileAccessIteratorOptimized<cutlass::MatrixShape<(int)128, (int)128>, signed char, cutlass::layout::TensorNHWC, cutlass::transform::PitchLinearWarpRakedThreadMap<cutlass::PitchLinearShape<(int)128, (int)128>, (int)256, cutlass::PitchLinearShape<(int)8, (int)4>, (int)16>, cutlass::AlignedArray<signed char, (int)16, (int)16>>, cutlass::transform::threadblock::RegularTileAccessIterator<cutlass::MatrixShape<(int)128, (int)128>, signed char, cutlass::layout::RowMajorTensorOpMultiplicandCrosswise<(int)8, (int)128>, (int)0, cutlass::transform::PitchLinearWarpRakedThreadMap<cutlass::PitchLinearShape<(int)128, (int)128>, (int)256, cutlass::PitchLinearShape<(int)8, (int)4>, (int)16>, (int)16>, (cutlass::arch::CacheOperation::Kind)0, cutlass::conv::threadblock::Conv2dFpropFilterTileAccessIteratorOptimized<cutlass::MatrixShape<(int)128, (int)128>, signed char, cutlass::layout::TensorNHWC, cutlass::transform::PitchLinearWarpRakedThreadMap<cutlass::PitchLinearShape<(int)128, (int)128>, (int)256, cutlass::PitchLinearShape<(int)8, (int)4>, (int)16>, cutlass::AlignedArray<signed char, (int)16, (int)16>, (bool)0>, cutlass::transform::threadblock::RegularTileAccessIterator<cutlass::MatrixShape<(int)128, (int)128>, signed char, cutlass::layout::ColumnMajorTensorOpMultiplicandCrosswise<(int)8, (int)128>, (int)1, cutlass::transform::PitchLinearWarpRakedThreadMap<cutlass::PitchLinearShape<(int)128, (int)128>, (int)256, cutlass::PitchLinearShape<(int)8, (int)4>, (int)16>, (int)16>, (cutlass::arch::CacheOperation::Kind)1, cutlass::gemm::threadblock::MmaPolicy<cutlass::gemm::warp::MmaTensorOp<cutlass::gemm::GemmShape<(int)64, (int)64, (int)64>, signed char, cutlass::layout::RowMajorTensorOpMultiplicandCrosswise<(int)8, (int)128>, signed char, cutlass::layout::ColumnMajorTensorOpMultiplicandCrosswise<(int)8, (int)128>, int, cutlass::layout::RowMajor, cutlass::gemm::warp::MmaTensorOpPolicy<cutlass::arch::Mma<cutlass::gemm::GemmShape<(int)16, (int)8, (int)32>, (int)32, signed char, cutlass::layout::RowMajor, signed char, cutlass::layout::ColumnMajor, int, cutlass::layout::RowMajor, cutlass::arch::OpMultiplyAddSaturate>, cutlass::MatrixShape<(int)1, (int)1>>, (int)2, (bool)0, bool>, cutlass::MatrixShape<(int)0, (int)0>, cutlass::MatrixShape<(int)0, (int)0>, (int)2>, (int)3, bool>, cutlass::epilogue::threadblock::EpilogueWithVisitorCallbacks<cutlass::epilogue::threadblock::Epilogue<cutlass::gemm::GemmShape<(int)128, (int)128, (int)128>, cutlass::gemm::warp::MmaTensorOp<cutlass::gemm::GemmShape<(int)64, (int)64, (int)64>, signed char, cutlass::layout::RowMajorTensorOpMultiplicandCrosswise<(int)8, (int)128>, signed char, cutlass::layout::ColumnMajorTensorOpMultiplicandCrosswise<(int)8, (int)128>, int, cutlass::layout::RowMajor, cutlass::gemm::warp::MmaTensorOpPolicy<cutlass::arch::Mma<cutlass::gemm::GemmShape<(int)16, (int)8, (int)32>, (int)32, signed char, cutlass::layout::RowMajor, signed char, cutlass::layout::ColumnMajor, int, cutlass::layout::RowMajor, cutlass::arch::OpMultiplyAddSaturate>, cutlass::MatrixShape<(int)1, (int)1>>, (int)2, (bool)0, bool>, (int)2, cutlass::epilogue::threadblock::PredicatedTileIteratorConv<cutlass::epilogue::threadblock::OutputTileOptimalThreadMap<cutlass::epilogue::threadblock::OutputTileShape<(int)128, (int)8, (int)2, (int)1, (int)1>, cutlass::epilogue::threadblock::OutputTileShape<(int)1, (int)8, (int)1, (int)1, (int)8>, (int)256, (int)8, (int)16>, cutlass::half_t, (bool)0, cutlass::layout::NoPermute, (bool)0, (int)4>, cutlass::epilogue::warp::FragmentIteratorTensorOp<cutlass::gemm::GemmShape<(int)64, (int)64, (int)64>, cutlass::gemm::GemmShape<(int)16, (int)8, (int)32>, int, cutlass::Array<int, (int)4, (bool)1>, cutlass::layout::RowMajor>, cutlass::epilogue::warp::TileIteratorTensorOpMixed<cutlass::gemm::GemmShape<(int)64, (int)64, (int)64>, cutlass::gemm::GemmShape<(int)16, (int)8, (int)32>, int, (int)32, (int)16, (int)8, (int)8, (bool)0>, cutlass::epilogue::threadblock::SharedLoadIteratorMixed<cutlass::epilogue::threadblock::OutputTileOptimalThreadMap<cutlass::epilogue::threadblock::OutputTileShape<(int)128, (int)8, (int)2, (int)1, (int)1>, cutlass::epilogue::threadblock::OutputTileShape<(int)1, (int)8, (int)1, (int)1, (int)8>, (int)256, (int)8, (int)16>::CompactedThreadMap, int, (int)32, (int)16, (int)8, (int)8, (bool)0>, cutlass::epilogue::thread::LinearCombination<cutlass::half_t, (int)8, int, float, (cutlass::epilogue::thread::ScaleType::Kind)0, (cutlass::FloatRoundStyle)2, cutlass::half_t>, cutlass::MatrixShape<(int)0, (int)8>, (int)1, (int)1>, cutlass::epilogue::threadblock::TreeVisitor2x<cutlass::epilogue::threadblock::VisitorAuxStore<cutlass::epilogue::threadblock::OutputTileThreadLayout<cutlass::gemm::GemmShape<(int)128, (int)128, (int)128>, cutlass::gemm::GemmShape<(int)64, (int)64, (int)64>, cutlass::half_t, (int)8, (int)1>, cutlass::half_t, (cutlass::FloatRoundStyle)2, cute::tuple<long, cute::C<(int)1>, long>>, cutlass::epilogue::threadblock::TreeVisitor2x<cutlass::epilogue::threadblock::VisitorCompute<cutlass::plus, float, float, (cutlass::FloatRoundStyle)2, void>, cutlass::epilogue::threadblock::TreeVisitor2x<cutlass::epilogue::threadblock::VisitorCompute<cutlass::plus, float, float, (cutlass::FloatRoundStyle)2, void>, cutlass::epilogue::threadblock::TreeVisitor2x<cutlass::epilogue::threadblock::VisitorCompute<cutlass::multiplies, float, float, (cutlass::FloatRoundStyle)2, void>, cutlass::epilogue::threadblock::TreeVisitor2x<cutlass::epilogue::threadblock::VisitorCompute<cutlass::multiplies, float, float, (cutlass::FloatRoundStyle)2, void>, cutlass::epilogue::threadblock::VisitorAccFetch, cutlass::epilogue::threadblock::VisitorScalarBroadcast<float, cute::tuple<cute::C<(int)0>, cute::C<(int)0>, cute::C<(int)0>>, (int)1, cutlass::multiplies>>, cutlass::epilogue::threadblock::VisitorRowBroadcast<cutlass::epilogue::threadblock::OutputTileThreadLayout<cutlass::gemm::GemmShape<(int)128, (int)128, (int)128>, cutlass::gemm::GemmShape<(int)64, (int)64, (int)64>, cutlass::half_t, (int)8, (int)1>, float, cute::tuple<cute::C<(int)0>, cute::C<(int)1>, int>, (bool)1>>, cutlass::epilogue::threadblock::VisitorRowBroadcast<cutlass::epilogue::threadblock::OutputTileThreadLayout<cutlass::gemm::GemmShape<(int)128, (int)128, (int)128>, cutlass::gemm::GemmShape<(int)64, (int)64, (int)64>, cutlass::half_t, (int)8, (int)1>, float, cute::tuple<cute::C<(int)0>, cute::C<(int)1>, int>, (bool)1>>, cutlass::epilogue::threadblock::VisitorAuxLoad<cutlass::epilogue::threadblock::OutputTileThreadLayout<cutlass::gemm::GemmShape<(int)128, (int)128, (int)128>, cutlass::gemm::GemmShape<(int)64, (int)64, (int)64>, cutlass::half_t, (int)8, (int)1>, cutlass::half_t, cute::tuple<long, cute::C<(int)1>, long>>>>, (int)1, (int)1>, cutlass::gemm::threadblock::GemmIdentityThreadblockSwizzle<(int)1>, (cutlass::conv::Operator)0, cutlass::conv::Conv2dProblemSize>>(T1::Params)",6206827.0
L|resblock_plain|C768|T4,"void cutlass::Kernel<modiff::ImplicitGemmConvolutionEVT<cutlass::conv::threadblock::ImplicitGemmMultistage<cutlass::gemm::GemmShape<(int)128, (int)128, (int)128>, cutlass::conv::threadblock::Conv2dFpropActivationTileAccessIteratorOptimized<cutlass::MatrixShape<(int)128, (int)128>, signed char, cutlass::layout::TensorNHWC, cutlass::transform::PitchLinearWarpRakedThreadMap<cutlass::PitchLinearShape<(int)128, (int)128>, (int)256, cutlass::PitchLinearShape<(int)8, (int)4>, (int)16>, cutlass::AlignedArray<signed char, (int)16, (int)16>>, cutlass::transform::threadblock::RegularTileAccessIterator<cutlass::MatrixShape<(int)128, (int)128>, signed char, cutlass::layout::RowMajorTensorOpMultiplicandCrosswise<(int)8, (int)128>, (int)0, cutlass::transform::PitchLinearWarpRakedThreadMap<cutlass::PitchLinearShape<(int)128, (int)128>, (int)256, cutlass::PitchLinearShape<(int)8, (int)4>, (int)16>, (int)16>, (cutlass::arch::CacheOperation::Kind)0, cutlass::conv::threadblock::Conv2dFpropFilterTileAccessIteratorOptimized<cutlass::MatrixShape<(int)128, (int)128>, signed char, cutlass::layout::TensorNHWC, cutlass::transform::PitchLinearWarpRakedThreadMap<cutlass::PitchLinearShape<(int)128, (int)128>, (int)256, cutlass::PitchLinearShape<(int)8, (int)4>, (int)16>, cutlass::AlignedArray<signed char, (int)16, (int)16>, (bool)0>, cutlass::transform::threadblock::RegularTileAccessIterator<cutlass::MatrixShape<(int)128, (int)128>, signed char, cutlass::layout::ColumnMajorTensorOpMultiplicandCrosswise<(int)8, (int)128>, (int)1, cutlass::transform::PitchLinearWarpRakedThreadMap<cutlass::PitchLinearShape<(int)128, (int)128>, (int)256, cutlass::PitchLinearShape<(int)8, (int)4>, (int)16>, (int)16>, (cutlass::arch::CacheOperation::Kind)1, cutlass::gemm::threadblock::MmaPolicy<cutlass::gemm::warp::MmaTensorOp<cutlass::gemm::GemmShape<(int)64, (int)64, (int)64>, signed char, cutlass::layout::RowMajorTensorOpMultiplicandCrosswise<(int)8, (int)128>, signed char, cutlass::layout::ColumnMajorTensorOpMultiplicandCrosswise<(int)8, (int)128>, int, cutlass::layout::RowMajor, cutlass::gemm::warp::MmaTensorOpPolicy<cutlass::arch::Mma<cutlass::gemm::GemmShape<(int)16, (int)8, (int)32>, (int)32, signed char, cutlass::layout::RowMajor, signed char, cutlass::layout::ColumnMajor, int, cutlass::layout::RowMajor, cutlass::arch::OpMultiplyAddSaturate>, cutlass::MatrixShape<(int)1, (int)1>>, (int)2, (bool)0, bool>, cutlass::MatrixShape<(int)0, (int)0>, cutlass::MatrixShape<(int)0, (int)0>, (int)2>, (int)3, bool>, cutlass::epilogue::threadblock::EpilogueWithVisitorCallbacks<cutlass::epilogue::threadblock::Epilogue<cutlass::gemm::GemmShape<(int)128, (int)128, (int)128>, cutlass::gemm::warp::MmaTensorOp<cutlass::gemm::GemmShape<(int)64, (int)64, (int)64>, signed char, cutlass::layout::RowMajorTensorOpMultiplicandCrosswise<(int)8, (int)128>, signed char, cutlass::layout::ColumnMajorTensorOpMultiplicandCrosswise<(int)8, (int)128>, int, cutlass::layout::RowMajor, cutlass::gemm::warp::MmaTensorOpPolicy<cutlass::arch::Mma<cutlass::gemm::GemmShape<(int)16, (int)8, (int)32>, (int)32, signed char, cutlass::layout::RowMajor, signed char, cutlass::layout::ColumnMajor, int, cutlass::layout::RowMajor, cutlass::arch::OpMultiplyAddSaturate>, cutlass::MatrixShape<(int)1, (int)1>>, (int)2, (bool)0, bool>, (int)2, cutlass::epilogue::threadblock::PredicatedTileIteratorConv<cutlass::epilogue::threadblock::OutputTileOptimalThreadMap<cutlass::epilogue::threadblock::OutputTileShape<(int)128, (int)8, (int)2, (int)1, (int)1>, cutlass::epilogue::threadblock::OutputTileShape<(int)1, (int)8, (int)1, (int)1, (int)8>, (int)256, (int)8, (int)16>, cutlass::half_t, (bool)0, cutlass::layout::NoPermute, (bool)0, (int)4>, cutlass::epilogue::warp::FragmentIteratorTensorOp<cutlass::gemm::GemmShape<(int)64, (int)64, (int)64>, cutlass::gemm::GemmShape<(int)16, (int)8, (int)32>, int, cutlass::Array<int, (int)4, (bool)1>, cutlass::layout::RowMajor>, cutlass::epilogue::warp::TileIteratorTensorOpMixed<cutlass::gemm::GemmShape<(int)64, (int)64, (int)64>, cutlass::gemm::GemmShape<(int)16, (int)8, (int)32>, int, (int)32, (int)16, (int)8, (int)8, (bool)0>, cutlass::epilogue::threadblock::SharedLoadIteratorMixed<cutlass::epilogue::threadblock::OutputTileOptimalThreadMap<cutlass::epilogue::threadblock::OutputTileShape<(int)128, (int)8, (int)2, (int)1, (int)1>, cutlass::epilogue::threadblock::OutputTileShape<(int)1, (int)8, (int)1, (int)1, (int)8>, (int)256, (int)8, (int)16>::CompactedThreadMap, int, (int)32, (int)16, (int)8, (int)8, (bool)0>, cutlass::epilogue::thread::LinearCombination<cutlass::half_t, (int)8, int, float, (cutlass::epilogue::thread::ScaleType::Kind)0, (cutlass::FloatRoundStyle)2, cutlass::half_t>, cutlass::MatrixShape<(int)0, (int)8>, (int)1, (int)1>, cutlass::epilogue::threadblock::TreeVisitor2x<cutlass::epilogue::threadblock::VisitorAuxStore<cutlass::epilogue::threadblock::OutputTileThreadLayout<cutlass::gemm::GemmShape<(int)128, (int)128, (int)128>, cutlass::gemm::GemmShape<(int)64, (int)64, (int)64>, cutlass::half_t, (int)8, (int)1>, cutlass::half_t, (cutlass::FloatRoundStyle)2, cute::tuple<long, cute::C<(int)1>, long>>, cutlass::epilogue::threadblock::TreeVisitor2x<cutlass::epilogue::threadblock::VisitorCompute<cutlass::plus, float, float, (cutlass::FloatRoundStyle)2, void>, cutlass::epilogue::threadblock::TreeVisitor2x<cutlass::epilogue::threadblock::VisitorCompute<cutlass::plus, float, float, (cutlass::FloatRoundStyle)2, void>, cutlass::epilogue::threadblock::TreeVisitor2x<cutlass::epilogue::threadblock::VisitorCompute<cutlass::multiplies, float, float, (cutlass::FloatRoundStyle)2, void>, cutlass::epilogue::threadblock::TreeVisitor2x<cutlass::epilogue::threadblock::VisitorCompute<cutlass::multiplies, float, float, (cutlass::FloatRoundStyle)2, void>, cutlass::epilogue::threadblock::VisitorAccFetch, cutlass::epilogue::threadblock::VisitorScalarBroadcast<float, cute::tuple<cute::C<(int)0>, cute::C<(int)0>, cute::C<(int)0>>, (int)1, cutlass::multiplies>>, cutlass::epilogue::threadblock::VisitorRowBroadcast<cutlass::epilogue::threadblock::OutputTileThreadLayout<cutlass::gemm::GemmShape<(int)128, (int)128, (int)128>, cutlass::gemm::GemmShape<(int)64, (int)64, (int)64>, cutlass::half_t, (int)8, (int)1>, float, cute::tuple<cute::C<(int)0>, cute::C<(int)1>, int>, (bool)1>>, cutlass::epilogue::threadblock::VisitorRowBroadcast<cutlass::epilogue::threadblock::OutputTileThreadLayout<cutlass::gemm::GemmShape<(int)128, (int)128, (int)128>, cutlass::gemm::GemmShape<(int)64, (int)64, (int)64>, cutlass::half_t, (int)8, (int)1>, float, cute::tuple<cute::C<(int)0>, cute::C<(int)1>, int>, (bool)1>>, cutlass::epilogue::threadblock::VisitorAuxLoad<cutlass::epilogue::threadblock::OutputTileThreadLayout<cutlass::gemm::GemmShape<(int)128, (int)128, (int)128>, cutlass::gemm::GemmShape<(int)64, (int)64, (int)64>, cutlass::half_t, (int)8, (int)1>, cutlass::half_t, cute::tuple<long, cute::C<(int)1>, long>>>>, (int)1, (int)1>, cutlass::gemm::threadblock::GemmIdentityThreadblockSwizzle<(int)1>, (cutlass::conv::Operator)0, cutlass::conv::Conv2dProblemSize>>(T1::Params)",6149543.0
,"void at::native::elementwise_kernel<(int)128, (int)4, void at::native::gpu_kernel_impl_nocast<at::native::direct_copy_kernel_cuda(at::TensorIteratorBase &)::[lambda() (instance 3)]::operator ()() const::[lambda() (instance 10)]::operator ()() const::[lambda(c10::Half) (instance 1)]>(at::TensorIteratorBase &, const T1 &)::[lambda(int) (instance 1)]>(int, T3)",6067178.0
L|resblock_plain|C768|T4,"void cutlass::Kernel<modiff::ImplicitGemmConvolutionEVT<cutlass::conv::threadblock::ImplicitGemmMultistage<cutlass::gemm::GemmShape<(int)128, (int)128, (int)128>, cutlass::conv::threadblock::Conv2dFpropActivationTileAccessIteratorOptimized<cutlass::MatrixShape<(int)128, (int)128>, signed char, cutlass::layout::TensorNHWC, cutlass::transform::PitchLinearWarpRakedThreadMap<cutlass::PitchLinearShape<(int)128, (int)128>, (int)256, cutlass::PitchLinearShape<(int)8, (int)4>, (int)16>, cutlass::AlignedArray<signed char, (int)16, (int)16>>, cutlass::transform::threadblock::RegularTileAccessIterator<cutlass::MatrixShape<(int)128, (int)128>, signed char, cutlass::layout::RowMajorTensorOpMultiplicandCrosswise<(int)8, (int)128>, (int)0, cutlass::transform::PitchLinearWarpRakedThreadMap<cutlass::PitchLinearShape<(int)128, (int)128>, (int)256, cutlass::PitchLinearShape<(int)8, (int)4>, (int)16>, (int)16>, (cutlass::arch::CacheOperation::Kind)0, cutlass::conv::threadblock::Conv2dFpropFilterTileAccessIteratorOptimized<cutlass::MatrixShape<(int)128, (int)128>, signed char, cutlass::layout::TensorNHWC, cutlass::transform::PitchLinearWarpRakedThreadMap<cutlass::PitchLinearShape<(int)128, (int)128>, (int)256, cutlass::PitchLinearShape<(int)8, (int)4>, (int)16>, cutlass::AlignedArray<signed char, (int)16, (int)16>, (bool)0>, cutlass::transform::threadblock::RegularTileAccessIterator<cutlass::MatrixShape<(int)128, (int)128>, signed char, cutlass::layout::ColumnMajorTensorOpMultiplicandCrosswise<(int)8, (int)128>, (int)1, cutlass::transform::PitchLinearWarpRakedThreadMap<cutlass::PitchLinearShape<(int)128, (int)128>, (int)256, cutlass::PitchLinearShape<(int)8, (int)4>, (int)16>, (int)16>, (cutlass::arch::CacheOperation::Kind)1, cutlass::gemm::threadblock::MmaPolicy<cutlass::gemm::warp::MmaTensorOp<cutlass::gemm::GemmShape<(int)64, (int)64, (int)64>, signed char, cutlass::layout::RowMajorTensorOpMultiplicandCrosswise<(int)8, (int)128>, signed char, cutlass::layout::ColumnMajorTensorOpMultiplicandCrosswise<(int)8, (int)128>, int, cutlass::layout::RowMajor, cutlass::gemm::warp::MmaTensorOpPolicy<cutlass::arch::Mma<cutlass::gemm::GemmShape<(int)16, (int)8, (int)32>, (int)32, signed char, cutlass::layout::RowMajor, signed char, cutlass::layout::ColumnMajor, int, cutlass::layout::RowMajor, cutlass::arch::OpMultiplyAddSaturate>, cutlass::MatrixShape<(int)1, (int)1>>, (int)2, (bool)0, bool>, cutlass::MatrixShape<(int)0, (int)0>, cutlass::MatrixShape<(int)0, (int)0>, (int)2>, (int)3, bool>, cutlass::epilogue::threadblock::EpilogueWithVisitorCallbacks<cutlass::epilogue::threadblock::Epilogue<cutlass::gemm::GemmShape<(int)128, (int)128, (int)128>, cutlass::gemm::warp::MmaTensorOp<cutlass::gemm::GemmShape<(int)64, (int)64, (int)64>, signed char, cutlass::layout::RowMajorTensorOpMultiplicandCrosswise<(int)8, (int)128>, signed char, cutlass::layout::ColumnMajorTensorOpMultiplicandCrosswise<(int)8, (int)128>, int, cutlass::layout::RowMajor, cutlass::gemm::warp::MmaTensorOpPolicy<cutlass::arch::Mma<cutlass::gemm::GemmShape<(int)16, (int)8, (int)32>, (int)32, signed char, cutlass::layout::RowMajor, signed char, cutlass::layout::ColumnMajor, int, cutlass::layout::RowMajor, cutlass::arch::OpMultiplyAddSaturate>, cutlass::MatrixShape<(int)1, (int)1>>, (int)2, (bool)0, bool>, (int)2, cutlass::epilogue::threadblock::PredicatedTileIteratorConv<cutlass::epilogue::threadblock::OutputTileOptimalThreadMap<cutlass::epilogue::threadblock::OutputTileShape<(int)128, (int)8, (int)2, (int)1, (int)1>, cutlass::epilogue::threadblock::OutputTileShape<(int)1, (int)8, (int)1, (int)1, (int)8>, (int)256, (int)8, (int)16>, cutlass::half_t, (bool)0, cutlass::layout::NoPermute, (bool)0, (int)4>, cutlass::epilogue::warp::FragmentIteratorTensorOp<cutlass::gemm::GemmShape<(int)64, (int)64, (int)64>, cutlass::gemm::GemmShape<(int)16, (int)8, (int)32>, int, cutlass::Array<int, (int)4, (bool)1>, cutlass::layout::RowMajor>, cutlass::epilogue::warp::TileIteratorTensorOpMixed<cutlass::gemm::GemmShape<(int)64, (int)64, (int)64>, cutlass::gemm::GemmShape<(int)16, (int)8, (int)32>, int, (int)32, (int)16, (int)8, (int)8, (bool)0>, cutlass::epilogue::threadblock::SharedLoadIteratorMixed<cutlass::epilogue::threadblock::OutputTileOptimalThreadMap<cutlass::epilogue::threadblock::OutputTileShape<(int)128, (int)8, (int)2, (int)1, (int)1>, cutlass::epilogue::threadblock::OutputTileShape<(int)1, (int)8, (int)1, (int)1, (int)8>, (int)256, (int)8, (int)16>::CompactedThreadMap, int, (int)32, (int)16, (int)8, (int)8, (bool)0>, cutlass::epilogue::thread::LinearCombination<cutlass::half_t, (int)8, int, float, (cutlass::epilogue::thread::ScaleType::Kind)0, (cutlass::FloatRoundStyle)2, cutlass::half_t>, cutlass::MatrixShape<(int)0, (int)8>, (int)1, (int)1>, cutlass::epilogue::threadblock::TreeVisitor2x<cutlass::epilogue::threadblock::VisitorAuxStore<cutlass::epilogue::threadblock::OutputTileThreadLayout<cutlass::gemm::GemmShape<(int)128, (int)128, (int)128>, cutlass::gemm::GemmShape<(int)64, (int)64, (int)64>, cutlass::half_t, (int)8, (int)1>, cutlass::half_t, (cutlass::FloatRoundStyle)2, cute::tuple<long, cute::C<(int)1>, long>>, cutlass::epilogue::threadblock::TreeVisitor2x<cutlass::epilogue::threadblock::VisitorCompute<cutlass::plus, float, float, (cutlass::FloatRoundStyle)2, void>, cutlass::epilogue::threadblock::TreeVisitor2x<cutlass::epilogue::threadblock::VisitorCompute<cutlass::multiplies, float, float, (cutlass::FloatRoundStyle)2, void>, cutlass::epilogue::threadblock::TreeVisitor2x<cutlass::epilogue::threadblock::VisitorCompute<cutlass::multiplies, float, float, (cutlass::FloatRoundStyle)2, void>, cutlass::epilogue::threadblock::VisitorAccFetch, cutlass::epilogue::threadblock::VisitorScalarBroadcast<float, cute::tuple<cute::C<(int)0>, cute::C<(int)0>, cute::C<(int)0>>, (int)1, cutlass::multiplies>>, cutlass::epilogue::threadblock::VisitorRowBroadcast<cutlass::epilogue::threadblock::OutputTileThreadLayout<cutlass::gemm::GemmShape<(int)128, (int)128, (int)128>, cutlass::gemm::GemmShape<(int)64, (int)64, (int)64>, cutlass::half_t, (int)8, (int)1>, float, cute::tuple<cute::C<(int)0>, cute::C<(int)1>, int>, (bool)1>>, cutlass::epilogue::threadblock::VisitorRowBroadcast<cutlass::epilogue::threadblock::OutputTileThreadLayout<cutlass::gemm::GemmShape<(int)128, (int)128, (int)128>, cutlass::gemm::GemmShape<(int)64, (int)64, (int)64>, cutlass::half_t, (int)8, (int)1>, float, cute::tuple<cute::C<(int)0>, cute::C<(int)1>, int>, (bool)1>>>, (int)1, (int)1>, cutlass::gemm::threadblock::GemmIdentityThreadblockSwizzle<(int)1>, (cutlass::conv::Operator)0, cutlass::conv::Conv2dProblemSize>>(T1::Params)",6045256.0
L|attention|C768|T16,"void gemm_w8a8_kernel_awq_out_i8<(int)0>(const signed char *, const signed char *, const float *, float, const float *, const __half *, signed char *, int, int, int, int, signed char *, signed char *, signed char *, int, int, int, int)",5671688.0
,"void at::native::unrolled_elementwise_kernel<at::native::direct_copy_kernel_cuda(at::TensorIteratorBase &)::[lambda() (instance 3)]::operator ()() const::[lambda() (instance 10)]::operator ()() const::[lambda(c10::Half) (instance 1)], at::detail::Array<char *, (int)2>, TrivialOffsetCalculator<(int)1, unsigned int>, TrivialOffsetCalculator<(int)1, unsigned int>, at::native::memory::LoadWithCast<(int)1>, at::native::memory::StoreWithCast<(int)1>>(int, T1, T2, T3, T4, T5, T6)",5570664.0
,"void at::native::unrolled_elementwise_kernel<at::native::direct_copy_kernel_cuda(at::TensorIteratorBase &)::[lambda() (instance 3)]::operator ()() const::[lambda() (instance 7)]::operator ()() const::[lambda(float) (instance 1)], at::detail::Array<char *, (int)2>, TrivialOffsetCalculator<(int)1, unsigned int>, TrivialOffsetCalculator<(int)1, unsigned int>, at::native::memory::LoadWithCast<(int)1>, at::native::memory::StoreWithCast<(int)1>>(int, T1, T2, T3, T4, T5, T6)",5309159.0
L|resblock_plain|C384|T64,"void cutlass::Kernel<modiff::ImplicitGemmConvolutionEVT<cutlass::conv::threadblock::ImplicitGemmMultistage<cutlass::gemm::GemmShape<(int)128, (int)128, (int)128>, cutlass::conv::threadblock::Conv2dFpropActivationTileAccessIteratorOptimized<cutlass::MatrixShape<(int)128, (int)128>, signed char, cutlass::layout::TensorNHWC, cutlass::transform::PitchLinearWarpRakedThreadMap<cutlass::PitchLinearShape<(int)128, (int)128>, (int)256, cutlass::PitchLinearShape<(int)8, (int)4>, (int)16>, cutlass::AlignedArray<signed char, (int)16, (int)16>>, cutlass::transform::threadblock::RegularTileAccessIterator<cutlass::MatrixShape<(int)128, (int)128>, signed char, cutlass::layout::RowMajorTensorOpMultiplicandCrosswise<(int)8, (int)128>, (int)0, cutlass::transform::PitchLinearWarpRakedThreadMap<cutlass::PitchLinearShape<(int)128, (int)128>, (int)256, cutlass::PitchLinearShape<(int)8, (int)4>, (int)16>, (int)16>, (cutlass::arch::CacheOperation::Kind)0, cutlass::conv::threadblock::Conv2dFpropFilterTileAccessIteratorOptimized<cutlass::MatrixShape<(int)128, (int)128>, signed char, cutlass::layout::TensorNHWC, cutlass::transform::PitchLinearWarpRakedThreadMap<cutlass::PitchLinearShape<(int)128, (int)128>, (int)256, cutlass::PitchLinearShape<(int)8, (int)4>, (int)16>, cutlass::AlignedArray<signed char, (int)16, (int)16>, (bool)0>, cutlass::transform::threadblock::RegularTileAccessIterator<cutlass::MatrixShape<(int)128, (int)128>, signed char, cutlass::layout::ColumnMajorTensorOpMultiplicandCrosswise<(int)8, (int)128>, (int)1, cutlass::transform::PitchLinearWarpRakedThreadMap<cutlass::PitchLinearShape<(int)128, (int)128>, (int)256, cutlass::PitchLinearShape<(int)8, (int)4>, (int)16>, (int)16>, (cutlass::arch::CacheOperation::Kind)1, cutlass::gemm::threadblock::MmaPolicy<cutlass::gemm::warp::MmaTensorOp<cutlass::gemm::GemmShape<(int)64, (int)64, (int)64>, signed char, cutlass::layout::RowMajorTensorOpMultiplicandCrosswise<(int)8, (int)128>, signed char, cutlass::layout::ColumnMajorTensorOpMultiplicandCrosswise<(int)8, (int)128>, int, cutlass::layout::RowMajor, cutlass::gemm::warp::MmaTensorOpPolicy<cutlass::arch::Mma<cutlass::gemm::GemmShape<(int)16, (int)8, (int)32>, (int)32, signed char, cutlass::layout::RowMajor, signed char, cutlass::layout::ColumnMajor, int, cutlass::layout::RowMajor, cutlass::arch::OpMultiplyAddSaturate>, cutlass::MatrixShape<(int)1, (int)1>>, (int)2, (bool)0, bool>, cutlass::MatrixShape<(int)0, (int)0>, cutlass::MatrixShape<(int)0, (int)0>, (int)2>, (int)3, bool>, cutlass::epilogue::threadblock::EpilogueWithVisitorCallbacks<cutlass::epilogue::threadblock::Epilogue<cutlass::gemm::GemmShape<(int)128, (int)128, (int)128>, cutlass::gemm::warp::MmaTensorOp<cutlass::gemm::GemmShape<(int)64, (int)64, (int)64>, signed char, cutlass::layout::RowMajorTensorOpMultiplicandCrosswise<(int)8, (int)128>, signed char, cutlass::layout::ColumnMajorTensorOpMultiplicandCrosswise<(int)8, (int)128>, int, cutlass::layout::RowMajor, cutlass::gemm::warp::MmaTensorOpPolicy<cutlass::arch::Mma<cutlass::gemm::GemmShape<(int)16, (int)8, (int)32>, (int)32, signed char, cutlass::layout::RowMajor, signed char, cutlass::layout::ColumnMajor, int, cutlass::layout::RowMajor, cutlass::arch::OpMultiplyAddSaturate>, cutlass::MatrixShape<(int)1, (int)1>>, (int)2, (bool)0, bool>, (int)2, cutlass::epilogue::threadblock::PredicatedTileIteratorConv<cutlass::epilogue::threadblock::OutputTileOptimalThreadMap<cutlass::epilogue::threadblock::OutputTileShape<(int)128, (int)8, (int)2, (int)1, (int)1>, cutlass::epilogue::threadblock::OutputTileShape<(int)1, (int)8, (int)1, (int)1, (int)8>, (int)256, (int)8, (int)16>, cutlass::half_t, (bool)0, cutlass::layout::NoPermute, (bool)0, (int)4>, cutlass::epilogue::warp::FragmentIteratorTensorOp<cutlass::gemm::GemmShape<(int)64, (int)64, (int)64>, cutlass::gemm::GemmShape<(int)16, (int)8, (int)32>, int, cutlass::Array<int, (int)4, (bool)1>, cutlass::layout::RowMajor>, cutlass::epilogue::warp::TileIteratorTensorOpMixed<cutlass::gemm::GemmShape<(int)64, (int)64, (int)64>, cutlass::gemm::GemmShape<(int)16, (int)8, (int)32>, int, (int)32, (int)16, (int)8, (int)8, (bool)0>, cutlass::epilogue::threadblock::SharedLoadIteratorMixed<cutlass::epilogue::threadblock::OutputTileOptimalThreadMap<cutlass::epilogue::threadblock::OutputTileShape<(int)128, (int)8, (int)2, (int)1, (int)1>, cutlass::epilogue::threadblock::OutputTileShape<(int)1, (int)8, (int)1, (int)1, (int)8>, (int)256, (int)8, (int)16>::CompactedThreadMap, int, (int)32, (int)16, (int)8, (int)8, (bool)0>, cutlass::epilogue::thread::LinearCombination<cutlass::half_t, (int)8, int, float, (cutlass::epilogue::thread::ScaleType::Kind)0, (cutlass::FloatRoundStyle)2, cutlass::half_t>, cutlass::MatrixShape<(int)0, (int)8>, (int)1, (int)1>, cutlass::epilogue::threadblock::TreeVisitor2x<cutlass::epilogue::threadblock::VisitorAuxStore<cutlass::epilogue::threadblock::OutputTileThreadLayout<cutlass::gemm::GemmShape<(int)128, (int)128, (int)128>, cutlass::gemm::GemmShape<(int)64, (int)64, (int)64>, cutlass::half_t, (int)8, (int)1>, cutlass::half_t, (cutlass::FloatRoundStyle)2, cute::tuple<long, cute::C<(int)1>, long>>, cutlass::epilogue::threadblock::TreeVisitor2x<cutlass::epilogue::threadblock::VisitorCompute<cutlass::plus, float, float, (cutlass::FloatRoundStyle)2, void>, cutlass::epilogue::threadblock::TreeVisitor2x<cutlass::epilogue::threadblock::VisitorCompute<cutlass::plus, float, float, (cutlass::FloatRoundStyle)2, void>, cutlass::epilogue::threadblock::TreeVisitor2x<cutlass::epilogue::threadblock::VisitorCompute<cutlass::multiplies, float, float, (cutlass::FloatRoundStyle)2, void>, cutlass::epilogue::threadblock::TreeVisitor2x<cutlass::epilogue::threadblock::VisitorCompute<cutlass::multiplies, float, float, (cutlass::FloatRoundStyle)2, void>, cutlass::epilogue::threadblock::VisitorAccFetch, cutlass::epilogue::threadblock::VisitorScalarBroadcast<float, cute::tuple<cute::C<(int)0>, cute::C<(int)0>, cute::C<(int)0>>, (int)1, cutlass::multiplies>>, cutlass::epilogue::threadblock::VisitorRowBroadcast<cutlass::epilogue::threadblock::OutputTileThreadLayout<cutlass::gemm::GemmShape<(int)128, (int)128, (int)128>, cutlass::gemm::GemmShape<(int)64, (int)64, (int)64>, cutlass::half_t, (int)8, (int)1>, float, cute::tuple<cute::C<(int)0>, cute::C<(int)1>, int>, (bool)1>>, cutlass::epilogue::threadblock::VisitorRowBroadcast<cutlass::epilogue::threadblock::OutputTileThreadLayout<cutlass::gemm::GemmShape<(int)128, (int)128, (int)128>, cutlass::gemm::GemmShape<(int)64, (int)64, (int)64>, cutlass::half_t, (int)8, (int)1>, float, cute::tuple<cute::C<(int)0>, cute::C<(int)1>, int>, (bool)1>>, cutlass::epilogue::threadblock::VisitorAuxLoad<cutlass::epilogue::threadblock::OutputTileThreadLayout<cutlass::gemm::GemmShape<(int)128, (int)128, (int)128>, cutlass::gemm::GemmShape<(int)64, (int)64, (int)64>, cutlass::half_t, (int)8, (int)1>, cutlass::half_t, cute::tuple<long, cute::C<(int)1>, long>>>>, (int)1, (int)1>, cutlass::gemm::threadblock::GemmIdentityThreadblockSwizzle<(int)1>, (cutlass::conv::Operator)0, cutlass::conv::Conv2dProblemSize>>(T1::Params)",5305606.0
L|resblock_plain|C768|T64,"void cutlass::Kernel<modiff::ImplicitGemmConvolutionEVT<cutlass::conv::threadblock::ImplicitGemmMultistage<cutlass::gemm::GemmShape<(int)128, (int)128, (int)128>, cutlass::conv::threadblock::Conv2dFpropActivationTileAccessIteratorOptimized<cutlass::MatrixShape<(int)128, (int)128>, signed char, cutlass::layout::TensorNHWC, cutlass::transform::PitchLinearWarpRakedThreadMap<cutlass::PitchLinearShape<(int)128, (int)128>, (int)256, cutlass::PitchLinearShape<(int)8, (int)4>, (int)16>, cutlass::AlignedArray<signed char, (int)16, (int)16>>, cutlass::transform::threadblock::RegularTileAccessIterator<cutlass::MatrixShape<(int)128, (int)128>, signed char, cutlass::layout::RowMajorTensorOpMultiplicandCrosswise<(int)8, (int)128>, (int)0, cutlass::transform::PitchLinearWarpRakedThreadMap<cutlass::PitchLinearShape<(int)128, (int)128>, (int)256, cutlass::PitchLinearShape<(int)8, (int)4>, (int)16>, (int)16>, (cutlass::arch::CacheOperation::Kind)0, cutlass::conv::threadblock::Conv2dFpropFilterTileAccessIteratorOptimized<cutlass::MatrixShape<(int)128, (int)128>, signed char, cutlass::layout::TensorNHWC, cutlass::transform::PitchLinearWarpRakedThreadMap<cutlass::PitchLinearShape<(int)128, (int)128>, (int)256, cutlass::PitchLinearShape<(int)8, (int)4>, (int)16>, cutlass::AlignedArray<signed char, (int)16, (int)16>, (bool)0>, cutlass::transform::threadblock::RegularTileAccessIterator<cutlass::MatrixShape<(int)128, (int)128>, signed char, cutlass::layout::ColumnMajorTensorOpMultiplicandCrosswise<(int)8, (int)128>, (int)1, cutlass::transform::PitchLinearWarpRakedThreadMap<cutlass::PitchLinearShape<(int)128, (int)128>, (int)256, cutlass::PitchLinearShape<(int)8, (int)4>, (int)16>, (int)16>, (cutlass::arch::CacheOperation::Kind)1, cutlass::gemm::threadblock::MmaPolicy<cutlass::gemm::warp::MmaTensorOp<cutlass::gemm::GemmShape<(int)64, (int)64, (int)64>, signed char, cutlass::layout::RowMajorTensorOpMultiplicandCrosswise<(int)8, (int)128>, signed char, cutlass::layout::ColumnMajorTensorOpMultiplicandCrosswise<(int)8, (int)128>, int, cutlass::layout::RowMajor, cutlass::gemm::warp::MmaTensorOpPolicy<cutlass::arch::Mma<cutlass::gemm::GemmShape<(int)16, (int)8, (int)32>, (int)32, signed char, cutlass::layout::RowMajor, signed char, cutlass::layout::ColumnMajor, int, cutlass::layout::RowMajor, cutlass::arch::OpMultiplyAddSaturate>, cutlass::MatrixShape<(int)1, (int)1>>, (int)2, (bool)0, bool>, cutlass::MatrixShape<(int)0, (int)0>, cutlass::MatrixShape<(int)0, (int)0>, (int)2>, (int)3, bool>, cutlass::epilogue::threadblock::EpilogueWithVisitorCallbacks<cutlass::epilogue::threadblock::Epilogue<cutlass::gemm::GemmShape<(int)128, (int)128, (int)128>, cutlass::gemm::warp::MmaTensorOp<cutlass::gemm::GemmShape<(int)64, (int)64, (int)64>, signed char, cutlass::layout::RowMajorTensorOpMultiplicandCrosswise<(int)8, (int)128>, signed char, cutlass::layout::ColumnMajorTensorOpMultiplicandCrosswise<(int)8, (int)128>, int, cutlass::layout::RowMajor, cutlass::gemm::warp::MmaTensorOpPolicy<cutlass::arch::Mma<cutlass::gemm::GemmShape<(int)16, (int)8, (int)32>, (int)32, signed char, cutlass::layout::RowMajor, signed char, cutlass::layout::ColumnMajor, int, cutlass::layout::RowMajor, cutlass::arch::OpMultiplyAddSaturate>, cutlass::MatrixShape<(int)1, (int)1>>, (int)2, (bool)0, bool>, (int)2, cutlass::epilogue::threadblock::PredicatedTileIteratorConv<cutlass::epilogue::threadblock::OutputTileOptimalThreadMap<cutlass::epilogue::threadblock::OutputTileShape<(int)128, (int)8, (int)2, (int)1, (int)1>, cutlass::epilogue::threadblock::OutputTileShape<(int)1, (int)8, (int)1, (int)1, (int)8>, (int)256, (int)8, (int)16>, cutlass::half_t, (bool)0, cutlass::layout::NoPermute, (bool)0, (int)4>, cutlass::epilogue::warp::FragmentIteratorTensorOp<cutlass::gemm::GemmShape<(int)64, (int)64, (int)64>, cutlass::gemm::GemmShape<(int)16, (int)8, (int)32>, int, cutlass::Array<int, (int)4, (bool)1>, cutlass::layout::RowMajor>, cutlass::epilogue::warp::TileIteratorTensorOpMixed<cutlass::gemm::GemmShape<(int)64, (int)64, (int)64>, cutlass::gemm::GemmShape<(int)16, (int)8, (int)32>, int, (int)32, (int)16, (int)8, (int)8, (bool)0>, cutlass::epilogue::threadblock::SharedLoadIteratorMixed<cutlass::epilogue::threadblock::OutputTileOptimalThreadMap<cutlass::epilogue::threadblock::OutputTileShape<(int)128, (int)8, (int)2, (int)1, (int)1>, cutlass::epilogue::threadblock::OutputTileShape<(int)1, (int)8, (int)1, (int)1, (int)8>, (int)256, (int)8, (int)16>::CompactedThreadMap, int, (int)32, (int)16, (int)8, (int)8, (bool)0>, cutlass::epilogue::thread::LinearCombination<cutlass::half_t, (int)8, int, float, (cutlass::epilogue::thread::ScaleType::Kind)0, (cutlass::FloatRoundStyle)2, cutlass::half_t>, cutlass::MatrixShape<(int)0, (int)8>, (int)1, (int)1>, cutlass::epilogue::threadblock::TreeVisitor2x<cutlass::epilogue::threadblock::VisitorAuxStore<cutlass::epilogue::threadblock::OutputTileThreadLayout<cutlass::gemm::GemmShape<(int)128, (int)128, (int)128>, cutlass::gemm::GemmShape<(int)64, (int)64, (int)64>, cutlass::half_t, (int)8, (int)1>, cutlass::half_t, (cutlass::FloatRoundStyle)2, cute::tuple<long, cute::C<(int)1>, long>>, cutlass::epilogue::threadblock::TreeVisitor2x<cutlass::epilogue::threadblock::VisitorCompute<cutlass::plus, float, float, (cutlass::FloatRoundStyle)2, void>, cutlass::epilogue::threadblock::TreeVisitor2x<cutlass::epilogue::threadblock::VisitorCompute<cutlass::plus, float, float, (cutlass::FloatRoundStyle)2, void>, cutlass::epilogue::threadblock::TreeVisitor2x<cutlass::epilogue::threadblock::VisitorCompute<cutlass::multiplies, float, float, (cutlass::FloatRoundStyle)2, void>, cutlass::epilogue::threadblock::TreeVisitor2x<cutlass::epilogue::threadblock::VisitorCompute<cutlass::multiplies, float, float, (cutlass::FloatRoundStyle)2, void>, cutlass::epilogue::threadblock::VisitorAccFetch, cutlass::epilogue::threadblock::VisitorScalarBroadcast<float, cute::tuple<cute::C<(int)0>, cute::C<(int)0>, cute::C<(int)0>>, (int)1, cutlass::multiplies>>, cutlass::epilogue::threadblock::VisitorRowBroadcast<cutlass::epilogue::threadblock::OutputTileThreadLayout<cutlass::gemm::GemmShape<(int)128, (int)128, (int)128>, cutlass::gemm::GemmShape<(int)64, (int)64, (int)64>, cutlass::half_t, (int)8, (int)1>, float, cute::tuple<cute::C<(int)0>, cute::C<(int)1>, int>, (bool)1>>, cutlass::epilogue::threadblock::VisitorRowBroadcast<cutlass::epilogue::threadblock::OutputTileThreadLayout<cutlass::gemm::GemmShape<(int)128, (int)128, (int)128>, cutlass::gemm::GemmShape<(int)64, (int)64, (int)64>, cutlass::half_t, (int)8, (int)1>, float, cute::tuple<cute::C<(int)0>, cute::C<(int)1>, int>, (bool)1>>, cutlass::epilogue::threadblock::VisitorAuxLoad<cutlass::epilogue::threadblock::OutputTileThreadLayout<cutlass::gemm::GemmShape<(int)128, (int)128, (int)128>, cutlass::gemm::GemmShape<(int)64, (int)64, (int)64>, cutlass::half_t, (int)8, (int)1>, cutlass::half_t, cute::tuple<long, cute::C<(int)1>, long>>>>, (int)1, (int)1>, cutlass::gemm::threadblock::GemmIdentityThreadblockSwizzle<(int)1>, (cutlass::conv::Operator)0, cutlass::conv::Conv2dProblemSize>>(T1::Params)",5289511.0
L|resblock_updown|C192|T1024,"void at::native::<unnamed>::avg_pool2d_out_cuda_frame_nhwc<c10::Half, float>(int, const T1 *, long, long, long, int, int, int, int, int, int, int, int, T1 *, int, bool, bool)",5230277.0
L|resblock_plain|C384|T64,"void cutlass::Kernel<modiff::ImplicitGemmConvolutionEVT<cutlass::conv::threadblock::ImplicitGemmMultistage<cutlass::gemm::GemmShape<(int)128, (int)128, (int)128>, cutlass::conv::threadblock::Conv2dFpropActivationTileAccessIteratorOptimized<cutlass::MatrixShape<(int)128, (int)128>, signed char, cutlass::layout::TensorNHWC, cutlass::transform::PitchLinearWarpRakedThreadMap<cutlass::PitchLinearShape<(int)128, (int)128>, (int)256, cutlass::PitchLinearShape<(int)8, (int)4>, (int)16>, cutlass::AlignedArray<signed char, (int)16, (int)16>>, cutlass::transform::threadblock::RegularTileAccessIterator<cutlass::MatrixShape<(int)128, (int)128>, signed char, cutlass::layout::RowMajorTensorOpMultiplicandCrosswise<(int)8, (int)128>, (int)0, cutlass::transform::PitchLinearWarpRakedThreadMap<cutlass::PitchLinearShape<(int)128, (int)128>, (int)256, cutlass::PitchLinearShape<(int)8, (int)4>, (int)16>, (int)16>, (cutlass::arch::CacheOperation::Kind)0, cutlass::conv::threadblock::Conv2dFpropFilterTileAccessIteratorOptimized<cutlass::MatrixShape<(int)128, (int)128>, signed char, cutlass::layout::TensorNHWC, cutlass::transform::PitchLinearWarpRakedThreadMap<cutlass::PitchLinearShape<(int)128, (int)128>, (int)256, cutlass::PitchLinearShape<(int)8, (int)4>, (int)16>, cutlass::AlignedArray<signed char, (int)16, (int)16>, (bool)0>, cutlass::transform::threadblock::RegularTileAccessIterator<cutlass::MatrixShape<(int)128, (int)128>, signed char, cutlass::layout::ColumnMajorTensorOpMultiplicandCrosswise<(int)8, (int)128>, (int)1, cutlass::transform::PitchLinearWarpRakedThreadMap<cutlass::PitchLinearShape<(int)128, (int)128>, (int)256, cutlass::PitchLinearShape<(int)8, (int)4>, (int)16>, (int)16>, (cutlass::arch::CacheOperation::Kind)1, cutlass::gemm::threadblock::MmaPolicy<cutlass::gemm::warp::MmaTensorOp<cutlass::gemm::GemmShape<(int)64, (int)64, (int)64>, signed char, cutlass::layout::RowMajorTensorOpMultiplicandCrosswise<(int)8, (int)128>, signed char, cutlass::layout::ColumnMajorTensorOpMultiplicandCrosswise<(int)8, (int)128>, int, cutlass::layout::RowMajor, cutlass::gemm::warp::MmaTensorOpPolicy<cutlass::arch::Mma<cutlass::gemm::GemmShape<(int)16, (int)8, (int)32>, (int)32, signed char, cutlass::layout::RowMajor, signed char, cutlass::layout::ColumnMajor, int, cutlass::layout::RowMajor, cutlass::arch::OpMultiplyAddSaturate>, cutlass::MatrixShape<(int)1, (int)1>>, (int)2, (bool)0, bool>, cutlass::MatrixShape<(int)0, (int)0>, cutlass::MatrixShape<(int)0, (int)0>, (int)2>, (int)3, bool>, cutlass::epilogue::threadblock::EpilogueWithVisitorCallbacks<cutlass::epilogue::threadblock::Epilogue<cutlass::gemm::GemmShape<(int)128, (int)128, (int)128>, cutlass::gemm::warp::MmaTensorOp<cutlass::gemm::GemmShape<(int)64, (int)64, (int)64>, signed char, cutlass::layout::RowMajorTensorOpMultiplicandCrosswise<(int)8, (int)128>, signed char, cutlass::layout::ColumnMajorTensorOpMultiplicandCrosswise<(int)8, (int)128>, int, cutlass::layout::RowMajor, cutlass::gemm::warp::MmaTensorOpPolicy<cutlass::arch::Mma<cutlass::gemm::GemmShape<(int)16, (int)8, (int)32>, (int)32, signed char, cutlass::layout::RowMajor, signed char, cutlass::layout::ColumnMajor, int, cutlass::layout::RowMajor, cutlass::arch::OpMultiplyAddSaturate>, cutlass::MatrixShape<(int)1, (int)1>>, (int)2, (bool)0, bool>, (int)2, cutlass::epilogue::threadblock::PredicatedTileIteratorConv<cutlass::epilogue::threadblock::OutputTileOptimalThreadMap<cutlass::epilogue::threadblock::OutputTileShape<(int)128, (int)8, (int)2, (int)1, (int)1>, cutlass::epilogue::threadblock::OutputTileShape<(int)1, (int)8, (int)1, (int)1, (int)8>, (int)256, (int)8, (int)16>, cutlass::half_t, (bool)0, cutlass::layout::NoPermute, (bool)0, (int)4>, cutlass::epilogue::warp::FragmentIteratorTensorOp<cutlass::gemm::GemmShape<(int)64, (int)64, (int)64>, cutlass::gemm::GemmShape<(int)16, (int)8, (int)32>, int, cutlass::Array<int, (int)4, (bool)1>, cutlass::layout::RowMajor>, cutlass::epilogue::warp::TileIteratorTensorOpMixed<cutlass::gemm::GemmShape<(int)64, (int)64, (int)64>, cutlass::gemm::GemmShape<(int)16, (int)8, (int)32>, int, (int)32, (int)16, (int)8, (int)8, (bool)0>, cutlass::epilogue::threadblock::SharedLoadIteratorMixed<cutlass::epilogue::threadblock::OutputTileOptimalThreadMap<cutlass::epilogue::threadblock::OutputTileShape<(int)128, (int)8, (int)2, (int)1, (int)1>, cutlass::epilogue::threadblock::OutputTileShape<(int)1, (int)8, (int)1, (int)1, (int)8>, (int)256, (int)8, (int)16>::CompactedThreadMap, int, (int)32, (int)16, (int)8, (int)8, (bool)0>, cutlass::epilogue::thread::LinearCombination<cutlass::half_t, (int)8, int, float, (cutlass::epilogue::thread::ScaleType::Kind)0, (cutlass::FloatRoundStyle)2, cutlass::half_t>, cutlass::MatrixShape<(int)0, (int)8>, (int)1, (int)1>, cutlass::epilogue::threadblock::TreeVisitor2x<cutlass::epilogue::threadblock::VisitorAuxStore<cutlass::epilogue::threadblock::OutputTileThreadLayout<cutlass::gemm::GemmShape<(int)128, (int)128, (int)128>, cutlass::gemm::GemmShape<(int)64, (int)64, (int)64>, cutlass::half_t, (int)8, (int)1>, cutlass::half_t, (cutlass::FloatRoundStyle)2, cute::tuple<long, cute::C<(int)1>, long>>, cutlass::epilogue::threadblock::TreeVisitor2x<cutlass::epilogue::threadblock::VisitorCompute<cutlass::plus, float, float, (cutlass::FloatRoundStyle)2, void>, cutlass::epilogue::threadblock::TreeVisitor2x<cutlass::epilogue::threadblock::VisitorCompute<cutlass::multiplies, float, float, (cutlass::FloatRoundStyle)2, void>, cutlass::epilogue::threadblock::TreeVisitor2x<cutlass::epilogue::threadblock::VisitorCompute<cutlass::multiplies, float, float, (cutlass::FloatRoundStyle)2, void>, cutlass::epilogue::threadblock::VisitorAccFetch, cutlass::epilogue::threadblock::VisitorScalarBroadcast<float, cute::tuple<cute::C<(int)0>, cute::C<(int)0>, cute::C<(int)0>>, (int)1, cutlass::multiplies>>, cutlass::epilogue::threadblock::VisitorRowBroadcast<cutlass::epilogue::threadblock::OutputTileThreadLayout<cutlass::gemm::GemmShape<(int)128, (int)128, (int)128>, cutlass::gemm::GemmShape<(int)64, (int)64, (int)64>, cutlass::half_t, (int)8, (int)1>, float, cute::tuple<cute::C<(int)0>, cute::C<(int)1>, int>, (bool)1>>, cutlass::epilogue::threadblock::VisitorRowBroadcast<cutlass::epilogue::threadblock::OutputTileThreadLayout<cutlass::gemm::GemmShape<(int)128, (int)128, (int)128>, cutlass::gemm::GemmShape<(int)64, (int)64, (int)64>, cutlass::half_t, (int)8, (int)1>, float, cute::tuple<cute::C<(int)0>, cute::C<(int)1>, int>, (bool)1>>>, (int)1, (int)1>, cutlass::gemm::threadblock::GemmIdentityThreadblockSwizzle<(int)1>, (cutlass::conv::Operator)0, cutlass::conv::Conv2dProblemSize>>(T1::Params)",5049443.0
L|resblock_updown|C768|T16,"void group_norm_silu_quantize_nhwc_vec2_kernel<__half, (bool)0>(const T1 *, signed char *, const T1 *, const T1 *, const T1 *, const T1 *, const float *, const float *, int, long, int, float, bool)",4886979.0
L|resblock_updown|C192|T1024,"void group_norm_silu_quantize_nhwc_vec2_kernel<__half, (bool)0>(const T1 *, signed char *, const T1 *, const T1 *, const T1 *, const T1 *, const float *, const float *, int, long, int, float, bool)",4848195.0
L|resblock_plain|C1152|T16,"void group_norm_silu_quantize_nhwc_vec2_kernel<__half, (bool)0>(const T1 *, signed char *, const T1 *, const T1 *, const T1 *, const T1 *, const float *, const float *, int, long, int, float, bool)",4687940.0
,"void at::native::<unnamed>::RowwiseMomentsCUDAKernel<float>(long, T1, const T1 *, T1 *, T1 *)",4662175.0
,sm80_xmma_fprop_implicit_gemm_f16f16_f16f32_f32_nhwckrsc_nhwc_tilesize128x32x32_stage4_warpsize4x1x1_g1_tensor16x8x16_t1r3s3_execute_kernel__5x_cudnn,4659265.0
L|resblock_plain|C1536|T4,"void cutlass::Kernel<modiff::ImplicitGemmConvolutionEVT<cutlass::conv::threadblock::ImplicitGemmMultistage<cutlass::gemm::GemmShape<(int)128, (int)128, (int)128>, cutlass::conv::threadblock::Conv2dFpropActivationTileAccessIteratorOptimized<cutlass::MatrixShape<(int)128, (int)128>, signed char, cutlass::layout::TensorNHWC, cutlass::transform::PitchLinearWarpRakedThreadMap<cutlass::PitchLinearShape<(int)128, (int)128>, (int)256, cutlass::PitchLinearShape<(int)8, (int)4>, (int)16>, cutlass::AlignedArray<signed char, (int)16, (int)16>>, cutlass::transform::threadblock::RegularTileAccessIterator<cutlass::MatrixShape<(int)128, (int)128>, signed char, cutlass::layout::RowMajorTensorOpMultiplicandCrosswise<(int)8, (int)128>, (int)0, cutlass::transform::PitchLinearWarpRakedThreadMap<cutlass::PitchLinearShape<(int)128, (int)128>, (int)256, cutlass::PitchLinearShape<(int)8, (int)4>, (int)16>, (int)16>, (cutlass::arch::CacheOperation::Kind)0, cutlass::conv::threadblock::Conv2dFpropFilterTileAccessIteratorOptimized<cutlass::MatrixShape<(int)128, (int)128>, signed char, cutlass::layout::TensorNHWC, cutlass::transform::PitchLinearWarpRakedThreadMap<cutlass::PitchLinearShape<(int)128, (int)128>, (int)256, cutlass::PitchLinearShape<(int)8, (int)4>, (int)16>, cutlass::AlignedArray<signed char, (int)16, (int)16>, (bool)0>, cutlass::transform::threadblock::RegularTileAccessIterator<cutlass::MatrixShape<(int)128, (int)128>, signed char, cutlass::layout::ColumnMajorTensorOpMultiplicandCrosswise<(int)8, (int)128>, (int)1, cutlass::transform::PitchLinearWarpRakedThreadMap<cutlass::PitchLinearShape<(int)128, (int)128>, (int)256, cutlass::PitchLinearShape<(int)8, (int)4>, (int)16>, (int)16>, (cutlass::arch::CacheOperation::Kind)1, cutlass::gemm::threadblock::MmaPolicy<cutlass::gemm::warp::MmaTensorOp<cutlass::gemm::GemmShape<(int)64, (int)64, (int)64>, signed char, cutlass::layout::RowMajorTensorOpMultiplicandCrosswise<(int)8, (int)128>, signed char, cutlass::layout::ColumnMajorTensorOpMultiplicandCrosswise<(int)8, (int)128>, int, cutlass::layout::RowMajor, cutlass::gemm::warp::MmaTensorOpPolicy<cutlass::arch::Mma<cutlass::gemm::GemmShape<(int)16, (int)8, (int)32>, (int)32, signed char, cutlass::layout::RowMajor, signed char, cutlass::layout::ColumnMajor, int, cutlass::layout::RowMajor, cutlass::arch::OpMultiplyAddSaturate>, cutlass::MatrixShape<(int)1, (int)1>>, (int)2, (bool)0, bool>, cutlass::MatrixShape<(int)0, (int)0>, cutlass::MatrixShape<(int)0, (int)0>, (int)2>, (int)3, bool>, cutlass::epilogue::threadblock::EpilogueWithVisitorCallbacks<cutlass::epilogue::threadblock::Epilogue<cutlass::gemm::GemmShape<(int)128, (int)128, (int)128>, cutlass::gemm::warp::MmaTensorOp<cutlass::gemm::GemmShape<(int)64, (int)64, (int)64>, signed char, cutlass::layout::RowMajorTensorOpMultiplicandCrosswise<(int)8, (int)128>, signed char, cutlass::layout::ColumnMajorTensorOpMultiplicandCrosswise<(int)8, (int)128>, int, cutlass::layout::RowMajor, cutlass::gemm::warp::MmaTensorOpPolicy<cutlass::arch::Mma<cutlass::gemm::GemmShape<(int)16, (int)8, (int)32>, (int)32, signed char, cutlass::layout::RowMajor, signed char, cutlass::layout::ColumnMajor, int, cutlass::layout::RowMajor, cutlass::arch::OpMultiplyAddSaturate>, cutlass::MatrixShape<(int)1, (int)1>>, (int)2, (bool)0, bool>, (int)2, cutlass::epilogue::threadblock::PredicatedTileIteratorConv<cutlass::epilogue::threadblock::OutputTileOptimalThreadMap<cutlass::epilogue::threadblock::OutputTileShape<(int)128, (int)8, (int)2, (int)1, (int)1>, cutlass::epilogue::threadblock::OutputTileShape<(int)1, (int)8, (int)1, (int)1, (int)8>, (int)256, (int)8, (int)16>, cutlass::half_t, (bool)0, cutlass::layout::NoPermute, (bool)0, (int)4>, cutlass::epilogue::warp::FragmentIteratorTensorOp<cutlass::gemm::GemmShape<(int)64, (int)64, (int)64>, cutlass::gemm::GemmShape<(int)16, (int)8, (int)32>, int, cutlass::Array<int, (int)4, (bool)1>, cutlass::layout::RowMajor>, cutlass::epilogue::warp::TileIteratorTensorOpMixed<cutlass::gemm::GemmShape<(int)64, (int)64, (int)64>, cutlass::gemm::GemmShape<(int)16, (int)8, (int)32>, int, (int)32, (int)16, (int)8, (int)8, (bool)0>, cutlass::epilogue::threadblock::SharedLoadIteratorMixed<cutlass::epilogue::threadblock::OutputTileOptimalThreadMap<cutlass::epilogue::threadblock::OutputTileShape<(int)128, (int)8, (int)2, (int)1, (int)1>, cutlass::epilogue::threadblock::OutputTileShape<(int)1, (int)8, (int)1, (int)1, (int)8>, (int)256, (int)8, (int)16>::CompactedThreadMap, int, (int)32, (int)16, (int)8, (int)8, (bool)0>, cutlass::epilogue::thread::LinearCombination<cutlass::half_t, (int)8, int, float, (cutlass::epilogue::thread::ScaleType::Kind)0, (cutlass::FloatRoundStyle)2, cutlass::half_t>, cutlass::MatrixShape<(int)0, (int)8>, (int)1, (int)1>, cutlass::epilogue::threadblock::TreeVisitor2x<cutlass::epilogue::threadblock::VisitorAuxStore<cutlass::epilogue::threadblock::OutputTileThreadLayout<cutlass::gemm::GemmShape<(int)128, (int)128, (int)128>, cutlass::gemm::GemmShape<(int)64, (int)64, (int)64>, cutlass::half_t, (int)8, (int)1>, cutlass::half_t, (cutlass::FloatRoundStyle)2, cute::tuple<long, cute::C<(int)1>, long>>, cutlass::epilogue::threadblock::TreeVisitor2x<cutlass::epilogue::threadblock::VisitorCompute<cutlass::plus, float, float, (cutlass::FloatRoundStyle)2, void>, cutlass::epilogue::threadblock::TreeVisitor2x<cutlass::epilogue::threadblock::VisitorCompute<cutlass::plus, float, float, (cutlass::FloatRoundStyle)2, void>, cutlass::epilogue::threadblock::TreeVisitor2x<cutlass::epilogue::threadblock::VisitorCompute<cutlass::multiplies, float, float, (cutlass::FloatRoundStyle)2, void>, cutlass::epilogue::threadblock::TreeVisitor2x<cutlass::epilogue::threadblock::VisitorCompute<cutlass::multiplies, float, float, (cutlass::FloatRoundStyle)2, void>, cutlass::epilogue::threadblock::VisitorAccFetch, cutlass::epilogue::threadblock::VisitorScalarBroadcast<float, cute::tuple<cute::C<(int)0>, cute::C<(int)0>, cute::C<(int)0>>, (int)1, cutlass::multiplies>>, cutlass::epilogue::threadblock::VisitorRowBroadcast<cutlass::epilogue::threadblock::OutputTileThreadLayout<cutlass::gemm::GemmShape<(int)128, (int)128, (int)128>, cutlass::gemm::GemmShape<(int)64, (int)64, (int)64>, cutlass::half_t, (int)8, (int)1>, float, cute::tuple<cute::C<(int)0>, cute::C<(int)1>, int>, (bool)1>>, cutlass::epilogue::threadblock::VisitorRowBroadcast<cutlass::epilogue::threadblock::OutputTileThreadLayout<cutlass::gemm::GemmShape<(int)128, (int)128, (int)128>, cutlass::gemm::GemmShape<(int)64, (int)64, (int)64>, cutlass::half_t, (int)8, (int)1>, float, cute::tuple<cute::C<(int)0>, cute::C<(int)1>, int>, (bool)1>>, cutlass::epilogue::threadblock::VisitorAuxLoad<cutlass::epilogue::threadblock::OutputTileThreadLayout<cutlass::gemm::GemmShape<(int)128, (int)128, (int)128>, cutlass::gemm::GemmShape<(int)64, (int)64, (int)64>, cutlass::half_t, (int)8, (int)1>, cutlass::half_t, cute::tuple<long, cute::C<(int)1>, long>>>>, (int)1, (int)1>, cutlass::gemm::threadblock::GemmIdentityThreadblockSwizzle<(int)1>, (cutlass::conv::Operator)0, cutlass::conv::Conv2dProblemSize>>(T1::Params)",4606269.0
L|attention|C768|T16,"gemm_w8a8_kernel_awq(const signed char *, const signed char *, const float *, float, __half *, int, int, int, int, const __half *, const __half *)",4584321.0
L|resblock_updown|C384|T64,"void at::native::<unnamed>::upsample_nearest2d_nhwc_out_frame<float, &at::native::nearest_neighbor_compute_source_index>(const T1 *, T1 *, unsigned long, unsigned long, unsigned long, unsigned long, unsigned long, float, float, unsigned long)",4583587.0
L|resblock_plain|C1152|T16,"void cutlass::Kernel<modiff::ImplicitGemmConvolutionEVT<cutlass::conv::threadblock::ImplicitGemmMultistage<cutlass::gemm::GemmShape<(int)128, (int)128, (int)128>, cutlass::conv::threadblock::Conv2dFpropActivationTileAccessIteratorOptimized<cutlass::MatrixShape<(int)128, (int)128>, signed char, cutlass::layout::TensorNHWC, cutlass::transform::PitchLinearWarpRakedThreadMap<cutlass::PitchLinearShape<(int)128, (int)128>, (int)256, cutlass::PitchLinearShape<(int)8, (int)4>, (int)16>, cutlass::AlignedArray<signed char, (int)16, (int)16>>, cutlass::transform::threadblock::RegularTileAccessIterator<cutlass::MatrixShape<(int)128, (int)128>, signed char, cutlass::layout::RowMajorTensorOpMultiplicandCrosswise<(int)8, (int)128>, (int)0, cutlass::transform::PitchLinearWarpRakedThreadMap<cutlass::PitchLinearShape<(int)128, (int)128>, (int)256, cutlass::PitchLinearShape<(int)8, (int)4>, (int)16>, (int)16>, (cutlass::arch::CacheOperation::Kind)0, cutlass::conv::threadblock::Conv2dFpropFilterTileAccessIteratorOptimized<cutlass::MatrixShape<(int)128, (int)128>, signed char, cutlass::layout::TensorNHWC, cutlass::transform::PitchLinearWarpRakedThreadMap<cutlass::PitchLinearShape<(int)128, (int)128>, (int)256, cutlass::PitchLinearShape<(int)8, (int)4>, (int)16>, cutlass::AlignedArray<signed char, (int)16, (int)16>, (bool)0>, cutlass::transform::threadblock::RegularTileAccessIterator<cutlass::MatrixShape<(int)128, (int)128>, signed char, cutlass::layout::ColumnMajorTensorOpMultiplicandCrosswise<(int)8, (int)128>, (int)1, cutlass::transform::PitchLinearWarpRakedThreadMap<cutlass::PitchLinearShape<(int)128, (int)128>, (int)256, cutlass::PitchLinearShape<(int)8, (int)4>, (int)16>, (int)16>, (cutlass::arch::CacheOperation::Kind)1, cutlass::gemm::threadblock::MmaPolicy<cutlass::gemm::warp::MmaTensorOp<cutlass::gemm::GemmShape<(int)64, (int)64, (int)64>, signed char, cutlass::layout::RowMajorTensorOpMultiplicandCrosswise<(int)8, (int)128>, signed char, cutlass::layout::ColumnMajorTensorOpMultiplicandCrosswise<(int)8, (int)128>, int, cutlass::layout::RowMajor, cutlass::gemm::warp::MmaTensorOpPolicy<cutlass::arch::Mma<cutlass::gemm::GemmShape<(int)16, (int)8, (int)32>, (int)32, signed char, cutlass::layout::RowMajor, signed char, cutlass::layout::ColumnMajor, int, cutlass::layout::RowMajor, cutlass::arch::OpMultiplyAddSaturate>, cutlass::MatrixShape<(int)1, (int)1>>, (int)2, (bool)0, bool>, cutlass::MatrixShape<(int)0, (int)0>, cutlass::MatrixShape<(int)0, (int)0>, (int)2>, (int)3, bool>, cutlass::epilogue::threadblock::EpilogueWithVisitorCallbacks<cutlass::epilogue::threadblock::Epilogue<cutlass::gemm::GemmShape<(int)128, (int)128, (int)128>, cutlass::gemm::warp::MmaTensorOp<cutlass::gemm::GemmShape<(int)64, (int)64, (int)64>, signed char, cutlass::layout::RowMajorTensorOpMultiplicandCrosswise<(int)8, (int)128>, signed char, cutlass::layout::ColumnMajorTensorOpMultiplicandCrosswise<(int)8, (int)128>, int, cutlass::layout::RowMajor, cutlass::gemm::warp::MmaTensorOpPolicy<cutlass::arch::Mma<cutlass::gemm::GemmShape<(int)16, (int)8, (int)32>, (int)32, signed char, cutlass::layout::RowMajor, signed char, cutlass::layout::ColumnMajor, int, cutlass::layout::RowMajor, cutlass::arch::OpMultiplyAddSaturate>, cutlass::MatrixShape<(int)1, (int)1>>, (int)2, (bool)0, bool>, (int)2, cutlass::epilogue::threadblock::PredicatedTileIteratorConv<cutlass::epilogue::threadblock::OutputTileOptimalThreadMap<cutlass::epilogue::threadblock::OutputTileShape<(int)128, (int)8, (int)2, (int)1, (int)1>, cutlass::epilogue::threadblock::OutputTileShape<(int)1, (int)8, (int)1, (int)1, (int)8>, (int)256, (int)8, (int)16>, cutlass::half_t, (bool)0, cutlass::layout::NoPermute, (bool)0, (int)4>, cutlass::epilogue::warp::FragmentIteratorTensorOp<cutlass::gemm::GemmShape<(int)64, (int)64, (int)64>, cutlass::gemm::GemmShape<(int)16, (int)8, (int)32>, int, cutlass::Array<int, (int)4, (bool)1>, cutlass::layout::RowMajor>, cutlass::epilogue::warp::TileIteratorTensorOpMixed<cutlass::gemm::GemmShape<(int)64, (int)64, (int)64>, cutlass::gemm::GemmShape<(int)16, (int)8, (int)32>, int, (int)32, (int)16, (int)8, (int)8, (bool)0>, cutlass::epilogue::threadblock::SharedLoadIteratorMixed<cutlass::epilogue::threadblock::OutputTileOptimalThreadMap<cutlass::epilogue::threadblock::OutputTileShape<(int)128, (int)8, (int)2, (int)1, (int)1>, cutlass::epilogue::threadblock::OutputTileShape<(int)1, (int)8, (int)1, (int)1, (int)8>, (int)256, (int)8, (int)16>::CompactedThreadMap, int, (int)32, (int)16, (int)8, (int)8, (bool)0>, cutlass::epilogue::thread::LinearCombination<cutlass::half_t, (int)8, int, float, (cutlass::epilogue::thread::ScaleType::Kind)0, (cutlass::FloatRoundStyle)2, cutlass::half_t>, cutlass::MatrixShape<(int)0, (int)8>, (int)1, (int)1>, cutlass::epilogue::threadblock::TreeVisitor2x<cutlass::epilogue::threadblock::VisitorAuxStore<cutlass::epilogue::threadblock::OutputTileThreadLayout<cutlass::gemm::GemmShape<(int)128, (int)128, (int)128>, cutlass::gemm::GemmShape<(int)64, (int)64, (int)64>, cutlass::half_t, (int)8, (int)1>, cutlass::half_t, (cutlass::FloatRoundStyle)2, cute::tuple<long, cute::C<(int)1>, long>>, cutlass::epilogue::threadblock::TreeVisitor2x<cutlass::epilogue::threadblock::VisitorCompute<cutlass::plus, float, float, (cutlass::FloatRoundStyle)2, void>, cutlass::epilogue::threadblock::TreeVisitor2x<cutlass::epilogue::threadblock::VisitorCompute<cutlass::multiplies, float, float, (cutlass::FloatRoundStyle)2, void>, cutlass::epilogue::threadblock::TreeVisitor2x<cutlass::epilogue::threadblock::VisitorCompute<cutlass::multiplies, float, float, (cutlass::FloatRoundStyle)2, void>, cutlass::epilogue::threadblock::VisitorAccFetch, cutlass::epilogue::threadblock::VisitorScalarBroadcast<float, cute::tuple<cute::C<(int)0>, cute::C<(int)0>, cute::C<(int)0>>, (int)1, cutlass::multiplies>>, cutlass::epilogue::threadblock::VisitorRowBroadcast<cutlass::epilogue::threadblock::OutputTileThreadLayout<cutlass::gemm::GemmShape<(int)128, (int)128, (int)128>, cutlass::gemm::GemmShape<(int)64, (int)64, (int)64>, cutlass::half_t, (int)8, (int)1>, float, cute::tuple<cute::C<(int)0>, cute::C<(int)1>, int>, (bool)1>>, cutlass::epilogue::threadblock::VisitorRowBroadcast<cutlass::epilogue::threadblock::OutputTileThreadLayout<cutlass::gemm::GemmShape<(int)128, (int)128, (int)128>, cutlass::gemm::GemmShape<(int)64, (int)64, (int)64>, cutlass::half_t, (int)8, (int)1>, float, cute::tuple<cute::C<(int)0>, cute::C<(int)1>, int>, (bool)1>>>, (int)1, (int)1>, cutlass::gemm::threadblock::GemmIdentityThreadblockSwizzle<(int)1>, (cutlass::conv::Operator)0, cutlass::conv::Conv2dProblemSize>>(T1::Params)",4445249.0
L|resblock_updown|C192|T1024,"void cutlass::Kernel<modiff::ImplicitGemmConvolutionEVT<cutlass::conv::threadblock::ImplicitGemmMultistage<cutlass::gemm::GemmShape<(int)128, (int)128, (int)128>, cutlass::conv::threadblock::Conv2dFpropActivationTileAccessIteratorOptimized<cutlass::MatrixShape<(int)128, (int)128>, signed char, cutlass::layout::TensorNHWC, cutlass::transform::PitchLinearWarpRakedThreadMap<cutlass::PitchLinearShape<(int)128, (int)128>, (int)256, cutlass::PitchLinearShape<(int)8, (int)4>, (int)16>, cutlass::AlignedArray<signed char, (int)16, (int)16>>, cutlass::transform::threadblock::RegularTileAccessIterator<cutlass::MatrixShape<(int)128, (int)128>, signed char, cutlass::layout::RowMajorTensorOpMultiplicandCrosswise<(int)8, (int)128>, (int)0, cutlass::transform::PitchLinearWarpRakedThreadMap<cutlass::PitchLinearShape<(int)128, (int)128>, (int)256, cutlass::PitchLinearShape<(int)8, (int)4>, (int)16>, (int)16>, (cutlass::arch::CacheOperation::Kind)0, cutlass::conv::threadblock::Conv2dFpropFilterTileAccessIteratorOptimized<cutlass::MatrixShape<(int)128, (int)128>, signed char, cutlass::layout::TensorNHWC, cutlass::transform::PitchLinearWarpRakedThreadMap<cutlass::PitchLinearShape<(int)128, (int)128>, (int)256, cutlass::PitchLinearShape<(int)8, (int)4>, (int)16>, cutlass::AlignedArray<signed char, (int)16, (int)16>, (bool)0>, cutlass::transform::threadblock::RegularTileAccessIterator<cutlass::MatrixShape<(int)128, (int)128>, signed char, cutlass::layout::ColumnMajorTensorOpMultiplicandCrosswise<(int)8, (int)128>, (int)1, cutlass::transform::PitchLinearWarpRakedThreadMap<cutlass::PitchLinearShape<(int)128, (int)128>, (int)256, cutlass::PitchLinearShape<(int)8, (int)4>, (int)16>, (int)16>, (cutlass::arch::CacheOperation::Kind)1, cutlass::gemm::threadblock::MmaPolicy<cutlass::gemm::warp::MmaTensorOp<cutlass::gemm::GemmShape<(int)64, (int)64, (int)64>, signed char, cutlass::layout::RowMajorTensorOpMultiplicandCrosswise<(int)8, (int)128>, signed char, cutlass::layout::ColumnMajorTensorOpMultiplicandCrosswise<(int)8, (int)128>, int, cutlass::layout::RowMajor, cutlass::gemm::warp::MmaTensorOpPolicy<cutlass::arch::Mma<cutlass::gemm::GemmShape<(int)16, (int)8, (int)32>, (int)32, signed char, cutlass::layout::RowMajor, signed char, cutlass::layout::ColumnMajor, int, cutlass::layout::RowMajor, cutlass::arch::OpMultiplyAddSaturate>, cutlass::MatrixShape<(int)1, (int)1>>, (int)2, (bool)0, bool>, cutlass::MatrixShape<(int)0, (int)0>, cutlass::MatrixShape<(int)0, (int)0>, (int)2>, (int)3, bool>, cutlass::epilogue::threadblock::EpilogueWithVisitorCallbacks<cutlass::epilogue::threadblock::Epilogue<cutlass::gemm::GemmShape<(int)128, (int)128, (int)128>, cutlass::gemm::warp::MmaTensorOp<cutlass::gemm::GemmShape<(int)64, (int)64, (int)64>, signed char, cutlass::layout::RowMajorTensorOpMultiplicandCrosswise<(int)8, (int)128>, signed char, cutlass::layout::ColumnMajorTensorOpMultiplicandCrosswise<(int)8, (int)128>, int, cutlass::layout::RowMajor, cutlass::gemm::warp::MmaTensorOpPolicy<cutlass::arch::Mma<cutlass::gemm::GemmShape<(int)16, (int)8, (int)32>, (int)32, signed char, cutlass::layout::RowMajor, signed char, cutlass::layout::ColumnMajor, int, cutlass::layout::RowMajor, cutlass::arch::OpMultiplyAddSaturate>, cutlass::MatrixShape<(int)1, (int)1>>, (int)2, (bool)0, bool>, (int)2, cutlass::epilogue::threadblock::PredicatedTileIteratorConv<cutlass::epilogue::threadblock::OutputTileOptimalThreadMap<cutlass::epilogue::threadblock::OutputTileShape<(int)128, (int)8, (int)2, (int)1, (int)1>, cutlass::epilogue::threadblock::OutputTileShape<(int)1, (int)8, (int)1, (int)1, (int)8>, (int)256, (int)8, (int)16>, cutlass::half_t, (bool)0, cutlass::layout::NoPermute, (bool)0, (int)4>, cutlass::epilogue::warp::FragmentIteratorTensorOp<cutlass::gemm::GemmShape<(int)64, (int)64, (int)64>, cutlass::gemm::GemmShape<(int)16, (int)8, (int)32>, int, cutlass::Array<int, (int)4, (bool)1>, cutlass::layout::RowMajor>, cutlass::epilogue::warp::TileIteratorTensorOpMixed<cutlass::gemm::GemmShape<(int)64, (int)64, (int)64>, cutlass::gemm::GemmShape<(int)16, (int)8, (int)32>, int, (int)32, (int)16, (int)8, (int)8, (bool)0>, cutlass::epilogue::threadblock::SharedLoadIteratorMixed<cutlass::epilogue::threadblock::OutputTileOptimalThreadMap<cutlass::epilogue::threadblock::OutputTileShape<(int)128, (int)8, (int)2, (int)1, (int)1>, cutlass::epilogue::threadblock::OutputTileShape<(int)1, (int)8, (int)1, (int)1, (int)8>, (int)256, (int)8, (int)16>::CompactedThreadMap, int, (int)32, (int)16, (int)8, (int)8, (bool)0>, cutlass::epilogue::thread::LinearCombination<cutlass::half_t, (int)8, int, float, (cutlass::epilogue::thread::ScaleType::Kind)0, (cutlass::FloatRoundStyle)2, cutlass::half_t>, cutlass::MatrixShape<(int)0, (int)8>, (int)1, (int)1>, cutlass::epilogue::threadblock::TreeVisitor2x<cutlass::epilogue::threadblock::VisitorAuxStore<cutlass::epilogue::threadblock::OutputTileThreadLayout<cutlass::gemm::GemmShape<(int)128, (int)128, (int)128>, cutlass::gemm::GemmShape<(int)64, (int)64, (int)64>, cutlass::half_t, (int)8, (int)1>, cutlass::half_t, (cutlass::FloatRoundStyle)2, cute::tuple<long, cute::C<(int)1>, long>>, cutlass::epilogue::threadblock::TreeVisitor2x<cutlass::epilogue::threadblock::VisitorCompute<cutlass::plus, float, float, (cutlass::FloatRoundStyle)2, void>, cutlass::epilogue::threadblock::TreeVisitor2x<cutlass::epilogue::threadblock::VisitorCompute<cutlass::plus, float, float, (cutlass::FloatRoundStyle)2, void>, cutlass::epilogue::threadblock::TreeVisitor2x<cutlass::epilogue::threadblock::VisitorCompute<cutlass::multiplies, float, float, (cutlass::FloatRoundStyle)2, void>, cutlass::epilogue::threadblock::TreeVisitor2x<cutlass::epilogue::threadblock::VisitorCompute<cutlass::multiplies, float, float, (cutlass::FloatRoundStyle)2, void>, cutlass::epilogue::threadblock::VisitorAccFetch, cutlass::epilogue::threadblock::VisitorScalarBroadcast<float, cute::tuple<cute::C<(int)0>, cute::C<(int)0>, cute::C<(int)0>>, (int)1, cutlass::multiplies>>, cutlass::epilogue::threadblock::VisitorRowBroadcast<cutlass::epilogue::threadblock::OutputTileThreadLayout<cutlass::gemm::GemmShape<(int)128, (int)128, (int)128>, cutlass::gemm::GemmShape<(int)64, (int)64, (int)64>, cutlass::half_t, (int)8, (int)1>, float, cute::tuple<cute::C<(int)0>, cute::C<(int)1>, int>, (bool)1>>, cutlass::epilogue::threadblock::VisitorRowBroadcast<cutlass::epilogue::threadblock::OutputTileThreadLayout<cutlass::gemm::GemmShape<(int)128, (int)128, (int)128>, cutlass::gemm::GemmShape<(int)64, (int)64, (int)64>, cutlass::half_t, (int)8, (int)1>, float, cute::tuple<cute::C<(int)0>, cute::C<(int)1>, int>, (bool)1>>, cutlass::epilogue::threadblock::VisitorAuxLoad<cutlass::epilogue::threadblock::OutputTileThreadLayout<cutlass::gemm::GemmShape<(int)128, (int)128, (int)128>, cutlass::gemm::GemmShape<(int)64, (int)64, (int)64>, cutlass::half_t, (int)8, (int)1>, cutlass::half_t, cute::tuple<long, cute::C<(int)1>, long>>>>, (int)1, (int)1>, cutlass::gemm::threadblock::GemmIdentityThreadblockSwizzle<(int)1>, (cutlass::conv::Operator)0, cutlass::conv::Conv2dProblemSize>>(T1::Params)",4414205.0
L|resblock_updown|C192|T1024,"void cutlass::Kernel<modiff::ImplicitGemmConvolutionEVT<cutlass::conv::threadblock::ImplicitGemmMultistage<cutlass::gemm::GemmShape<(int)128, (int)128, (int)128>, cutlass::conv::threadblock::Conv2dFpropActivationTileAccessIteratorOptimized<cutlass::MatrixShape<(int)128, (int)128>, signed char, cutlass::layout::TensorNHWC, cutlass::transform::PitchLinearWarpRakedThreadMap<cutlass::PitchLinearShape<(int)128, (int)128>, (int)256, cutlass::PitchLinearShape<(int)8, (int)4>, (int)16>, cutlass::AlignedArray<signed char, (int)16, (int)16>>, cutlass::transform::threadblock::RegularTileAccessIterator<cutlass::MatrixShape<(int)128, (int)128>, signed char, cutlass::layout::RowMajorTensorOpMultiplicandCrosswise<(int)8, (int)128>, (int)0, cutlass::transform::PitchLinearWarpRakedThreadMap<cutlass::PitchLinearShape<(int)128, (int)128>, (int)256, cutlass::PitchLinearShape<(int)8, (int)4>, (int)16>, (int)16>, (cutlass::arch::CacheOperation::Kind)0, cutlass::conv::threadblock::Conv2dFpropFilterTileAccessIteratorOptimized<cutlass::MatrixShape<(int)128, (int)128>, signed char, cutlass::layout::TensorNHWC, cutlass::transform::PitchLinearWarpRakedThreadMap<cutlass::PitchLinearShape<(int)128, (int)128>, (int)256, cutlass::PitchLinearShape<(int)8, (int)4>, (int)16>, cutlass::AlignedArray<signed char, (int)16, (int)16>, (bool)0>, cutlass::transform::threadblock::RegularTileAccessIterator<cutlass::MatrixShape<(int)128, (int)128>, signed char, cutlass::layout::ColumnMajorTensorOpMultiplicandCrosswise<(int)8, (int)128>, (int)1, cutlass::transform::PitchLinearWarpRakedThreadMap<cutlass::PitchLinearShape<(int)128, (int)128>, (int)256, cutlass::PitchLinearShape<(int)8, (int)4>, (int)16>, (int)16>, (cutlass::arch::CacheOperation::Kind)1, cutlass::gemm::threadblock::MmaPolicy<cutlass::gemm::warp::MmaTensorOp<cutlass::gemm::GemmShape<(int)64, (int)64, (int)64>, signed char, cutlass::layout::RowMajorTensorOpMultiplicandCrosswise<(int)8, (int)128>, signed char, cutlass::layout::ColumnMajorTensorOpMultiplicandCrosswise<(int)8, (int)128>, int, cutlass::layout::RowMajor, cutlass::gemm::warp::MmaTensorOpPolicy<cutlass::arch::Mma<cutlass::gemm::GemmShape<(int)16, (int)8, (int)32>, (int)32, signed char, cutlass::layout::RowMajor, signed char, cutlass::layout::ColumnMajor, int, cutlass::layout::RowMajor, cutlass::arch::OpMultiplyAddSaturate>, cutlass::MatrixShape<(int)1, (int)1>>, (int)2, (bool)0, bool>, cutlass::MatrixShape<(int)0, (int)0>, cutlass::MatrixShape<(int)0, (int)0>, (int)2>, (int)3, bool>, cutlass::epilogue::threadblock::EpilogueWithVisitorCallbacks<cutlass::epilogue::threadblock::Epilogue<cutlass::gemm::GemmShape<(int)128, (int)128, (int)128>, cutlass::gemm::warp::MmaTensorOp<cutlass::gemm::GemmShape<(int)64, (int)64, (int)64>, signed char, cutlass::layout::RowMajorTensorOpMultiplicandCrosswise<(int)8, (int)128>, signed char, cutlass::layout::ColumnMajorTensorOpMultiplicandCrosswise<(int)8, (int)128>, int, cutlass::layout::RowMajor, cutlass::gemm::warp::MmaTensorOpPolicy<cutlass::arch::Mma<cutlass::gemm::GemmShape<(int)16, (int)8, (int)32>, (int)32, signed char, cutlass::layout::RowMajor, signed char, cutlass::layout::ColumnMajor, int, cutlass::layout::RowMajor, cutlass::arch::OpMultiplyAddSaturate>, cutlass::MatrixShape<(int)1, (int)1>>, (int)2, (bool)0, bool>, (int)2, cutlass::epilogue::threadblock::PredicatedTileIteratorConv<cutlass::epilogue::threadblock::OutputTileOptimalThreadMap<cutlass::epilogue::threadblock::OutputTileShape<(int)128, (int)8, (int)2, (int)1, (int)1>, cutlass::epilogue::threadblock::OutputTileShape<(int)1, (int)8, (int)1, (int)1, (int)8>, (int)256, (int)8, (int)16>, cutlass::half_t, (bool)0, cutlass::layout::NoPermute, (bool)0, (int)4>, cutlass::epilogue::warp::FragmentIteratorTensorOp<cutlass::gemm::GemmShape<(int)64, (int)64, (int)64>, cutlass::gemm::GemmShape<(int)16, (int)8, (int)32>, int, cutlass::Array<int, (int)4, (bool)1>, cutlass::layout::RowMajor>, cutlass::epilogue::warp::TileIteratorTensorOpMixed<cutlass::gemm::GemmShape<(int)64, (int)64, (int)64>, cutlass::gemm::GemmShape<(int)16, (int)8, (int)32>, int, (int)32, (int)16, (int)8, (int)8, (bool)0>, cutlass::epilogue::threadblock::SharedLoadIteratorMixed<cutlass::epilogue::threadblock::OutputTileOptimalThreadMap<cutlass::epilogue::threadblock::OutputTileShape<(int)128, (int)8, (int)2, (int)1, (int)1>, cutlass::epilogue::threadblock::OutputTileShape<(int)1, (int)8, (int)1, (int)1, (int)8>, (int)256, (int)8, (int)16>::CompactedThreadMap, int, (int)32, (int)16, (int)8, (int)8, (bool)0>, cutlass::epilogue::thread::LinearCombination<cutlass::half_t, (int)8, int, float, (cutlass::epilogue::thread::ScaleType::Kind)0, (cutlass::FloatRoundStyle)2, cutlass::half_t>, cutlass::MatrixShape<(int)0, (int)8>, (int)1, (int)1>, cutlass::epilogue::threadblock::TreeVisitor2x<cutlass::epilogue::threadblock::VisitorAuxStore<cutlass::epilogue::threadblock::OutputTileThreadLayout<cutlass::gemm::GemmShape<(int)128, (int)128, (int)128>, cutlass::gemm::GemmShape<(int)64, (int)64, (int)64>, cutlass::half_t, (int)8, (int)1>, cutlass::half_t, (cutlass::FloatRoundStyle)2, cute::tuple<long, cute::C<(int)1>, long>>, cutlass::epilogue::threadblock::TreeVisitor2x<cutlass::epilogue::threadblock::VisitorCompute<cutlass::plus, float, float, (cutlass::FloatRoundStyle)2, void>, cutlass::epilogue::threadblock::TreeVisitor2x<cutlass::epilogue::threadblock::VisitorCompute<cutlass::multiplies, float, float, (cutlass::FloatRoundStyle)2, void>, cutlass::epilogue::threadblock::TreeVisitor2x<cutlass::epilogue::threadblock::VisitorCompute<cutlass::multiplies, float, float, (cutlass::FloatRoundStyle)2, void>, cutlass::epilogue::threadblock::VisitorAccFetch, cutlass::epilogue::threadblock::VisitorScalarBroadcast<float, cute::tuple<cute::C<(int)0>, cute::C<(int)0>, cute::C<(int)0>>, (int)1, cutlass::multiplies>>, cutlass::epilogue::threadblock::VisitorRowBroadcast<cutlass::epilogue::threadblock::OutputTileThreadLayout<cutlass::gemm::GemmShape<(int)128, (int)128, (int)128>, cutlass::gemm::GemmShape<(int)64, (int)64, (int)64>, cutlass::half_t, (int)8, (int)1>, float, cute::tuple<cute::C<(int)0>, cute::C<(int)1>, int>, (bool)1>>, cutlass::epilogue::threadblock::VisitorRowBroadcast<cutlass::epilogue::threadblock::OutputTileThreadLayout<cutlass::gemm::GemmShape<(int)128, (int)128, (int)128>, cutlass::gemm::GemmShape<(int)64, (int)64, (int)64>, cutlass::half_t, (int)8, (int)1>, float, cute::tuple<cute::C<(int)0>, cute::C<(int)1>, int>, (bool)1>>>, (int)1, (int)1>, cutlass::gemm::threadblock::GemmIdentityThreadblockSwizzle<(int)1>, (cutlass::conv::Operator)0, cutlass::conv::Conv2dProblemSize>>(T1::Params)",4256574.0
L|attention|C384|T64,"void flash_attn_int8_mma_kernel_t<(int)64, (int)4, (int)32, (bool)1, (bool)0, (bool)0, (bool)0, (int)0, (int)0>(const signed char *, const signed char *, const signed char *, const float *, const float *, const float *, __half *, int, int, int, int, int, float, signed char *, float, int, float, const __half *, int, float, const signed char *, int)",4121400.0
,"void at::native::elementwise_kernel<(int)128, (int)4, void at::native::gpu_kernel_impl_nocast<at::native::CUDAFunctor_add<c10::Half>>(at::TensorIteratorBase &, const T1 &)::[lambda(int) (instance 1)]>(int, T3)",3921116.0
L|resblock_plain|C768|T256,"void at::native::elementwise_kernel<(int)128, (int)4, void at::native::gpu_kernel_impl_nocast<at::native::CUDAFunctor_add<c10::Half>>(at::TensorIteratorBase &, const T1 &)::[lambda(int) (instance 1)]>(int, T3)",3904249.0
L|resblock_plain|C576|T1024,"void at::native::elementwise_kernel<(int)128, (int)4, void at::native::gpu_kernel_impl_nocast<at::native::CUDAFunctor_add<c10::Half>>(at::TensorIteratorBase &, const T1 &)::[lambda(int) (instance 1)]>(int, T3)",3821245.0
L|resblock_plain|C768|T16,"void cutlass::Kernel<modiff::ImplicitGemmConvolutionEVT<cutlass::conv::threadblock::ImplicitGemmMultistage<cutlass::gemm::GemmShape<(int)128, (int)128, (int)128>, cutlass::conv::threadblock::Conv2dFpropActivationTileAccessIteratorOptimized<cutlass::MatrixShape<(int)128, (int)128>, signed char, cutlass::layout::TensorNHWC, cutlass::transform::PitchLinearWarpRakedThreadMap<cutlass::PitchLinearShape<(int)128, (int)128>, (int)256, cutlass::PitchLinearShape<(int)8, (int)4>, (int)16>, cutlass::AlignedArray<signed char, (int)16, (int)16>>, cutlass::transform::threadblock::RegularTileAccessIterator<cutlass::MatrixShape<(int)128, (int)128>, signed char, cutlass::layout::RowMajorTensorOpMultiplicandCrosswise<(int)8, (int)128>, (int)0, cutlass::transform::PitchLinearWarpRakedThreadMap<cutlass::PitchLinearShape<(int)128, (int)128>, (int)256, cutlass::PitchLinearShape<(int)8, (int)4>, (int)16>, (int)16>, (cutlass::arch::CacheOperation::Kind)0, cutlass::conv::threadblock::Conv2dFpropFilterTileAccessIteratorOptimized<cutlass::MatrixShape<(int)128, (int)128>, signed char, cutlass::layout::TensorNHWC, cutlass::transform::PitchLinearWarpRakedThreadMap<cutlass::PitchLinearShape<(int)128, (int)128>, (int)256, cutlass::PitchLinearShape<(int)8, (int)4>, (int)16>, cutlass::AlignedArray<signed char, (int)16, (int)16>, (bool)0>, cutlass::transform::threadblock::RegularTileAccessIterator<cutlass::MatrixShape<(int)128, (int)128>, signed char, cutlass::layout::ColumnMajorTensorOpMultiplicandCrosswise<(int)8, (int)128>, (int)1, cutlass::transform::PitchLinearWarpRakedThreadMap<cutlass::PitchLinearShape<(int)128, (int)128>, (int)256, cutlass::PitchLinearShape<(int)8, (int)4>, (int)16>, (int)16>, (cutlass::arch::CacheOperation::Kind)1, cutlass::gemm::threadblock::MmaPolicy<cutlass::gemm::warp::MmaTensorOp<cutlass::gemm::GemmShape<(int)64, (int)64, (int)64>, signed char, cutlass::layout::RowMajorTensorOpMultiplicandCrosswise<(int)8, (int)128>, signed char, cutlass::layout::ColumnMajorTensorOpMultiplicandCrosswise<(int)8, (int)128>, int, cutlass::layout::RowMajor, cutlass::gemm::warp::MmaTensorOpPolicy<cutlass::arch::Mma<cutlass::gemm::GemmShape<(int)16, (int)8, (int)32>, (int)32, signed char, cutlass::layout::RowMajor, signed char, cutlass::layout::ColumnMajor, int, cutlass::layout::RowMajor, cutlass::arch::OpMultiplyAddSaturate>, cutlass::MatrixShape<(int)1, (int)1>>, (int)2, (bool)0, bool>, cutlass::MatrixShape<(int)0, (int)0>, cutlass::MatrixShape<(int)0, (int)0>, (int)2>, (int)3, bool>, cutlass::epilogue::threadblock::EpilogueWithVisitorCallbacks<cutlass::epilogue::threadblock::Epilogue<cutlass::gemm::GemmShape<(int)128, (int)128, (int)128>, cutlass::gemm::warp::MmaTensorOp<cutlass::gemm::GemmShape<(int)64, (int)64, (int)64>, signed char, cutlass::layout::RowMajorTensorOpMultiplicandCrosswise<(int)8, (int)128>, signed char, cutlass::layout::ColumnMajorTensorOpMultiplicandCrosswise<(int)8, (int)128>, int, cutlass::layout::RowMajor, cutlass::gemm::warp::MmaTensorOpPolicy<cutlass::arch::Mma<cutlass::gemm::GemmShape<(int)16, (int)8, (int)32>, (int)32, signed char, cutlass::layout::RowMajor, signed char, cutlass::layout::ColumnMajor, int, cutlass::layout::RowMajor, cutlass::arch::OpMultiplyAddSaturate>, cutlass::MatrixShape<(int)1, (int)1>>, (int)2, (bool)0, bool>, (int)2, cutlass::epilogue::threadblock::PredicatedTileIteratorConv<cutlass::epilogue::threadblock::OutputTileOptimalThreadMap<cutlass::epilogue::threadblock::OutputTileShape<(int)128, (int)8, (int)2, (int)1, (int)1>, cutlass::epilogue::threadblock::OutputTileShape<(int)1, (int)8, (int)1, (int)1, (int)8>, (int)256, (int)8, (int)16>, cutlass::half_t, (bool)0, cutlass::layout::NoPermute, (bool)0, (int)4>, cutlass::epilogue::warp::FragmentIteratorTensorOp<cutlass::gemm::GemmShape<(int)64, (int)64, (int)64>, cutlass::gemm::GemmShape<(int)16, (int)8, (int)32>, int, cutlass::Array<int, (int)4, (bool)1>, cutlass::layout::RowMajor>, cutlass::epilogue::warp::TileIteratorTensorOpMixed<cutlass::gemm::GemmShape<(int)64, (int)64, (int)64>, cutlass::gemm::GemmShape<(int)16, (int)8, (int)32>, int, (int)32, (int)16, (int)8, (int)8, (bool)0>, cutlass::epilogue::threadblock::SharedLoadIteratorMixed<cutlass::epilogue::threadblock::OutputTileOptimalThreadMap<cutlass::epilogue::threadblock::OutputTileShape<(int)128, (int)8, (int)2, (int)1, (int)1>, cutlass::epilogue::threadblock::OutputTileShape<(int)1, (int)8, (int)1, (int)1, (int)8>, (int)256, (int)8, (int)16>::CompactedThreadMap, int, (int)32, (int)16, (int)8, (int)8, (bool)0>, cutlass::epilogue::thread::LinearCombination<cutlass::half_t, (int)8, int, float, (cutlass::epilogue::thread::ScaleType::Kind)0, (cutlass::FloatRoundStyle)2, cutlass::half_t>, cutlass::MatrixShape<(int)0, (int)8>, (int)1, (int)1>, cutlass::epilogue::threadblock::TreeVisitor2x<cutlass::epilogue::threadblock::VisitorAuxStore<cutlass::epilogue::threadblock::OutputTileThreadLayout<cutlass::gemm::GemmShape<(int)128, (int)128, (int)128>, cutlass::gemm::GemmShape<(int)64, (int)64, (int)64>, cutlass::half_t, (int)8, (int)1>, cutlass::half_t, (cutlass::FloatRoundStyle)2, cute::tuple<long, cute::C<(int)1>, long>>, cutlass::epilogue::threadblock::TreeVisitor2x<cutlass::epilogue::threadblock::VisitorCompute<cutlass::plus, float, float, (cutlass::FloatRoundStyle)2, void>, cutlass::epilogue::threadblock::TreeVisitor2x<cutlass::epilogue::threadblock::VisitorCompute<cutlass::plus, float, float, (cutlass::FloatRoundStyle)2, void>, cutlass::epilogue::threadblock::TreeVisitor2x<cutlass::epilogue::threadblock::VisitorCompute<cutlass::multiplies, float, float, (cutlass::FloatRoundStyle)2, void>, cutlass::epilogue::threadblock::TreeVisitor2x<cutlass::epilogue::threadblock::VisitorCompute<cutlass::multiplies, float, float, (cutlass::FloatRoundStyle)2, void>, cutlass::epilogue::threadblock::VisitorAccFetch, cutlass::epilogue::threadblock::VisitorScalarBroadcast<float, cute::tuple<cute::C<(int)0>, cute::C<(int)0>, cute::C<(int)0>>, (int)1, cutlass::multiplies>>, cutlass::epilogue::threadblock::VisitorRowBroadcast<cutlass::epilogue::threadblock::OutputTileThreadLayout<cutlass::gemm::GemmShape<(int)128, (int)128, (int)128>, cutlass::gemm::GemmShape<(int)64, (int)64, (int)64>, cutlass::half_t, (int)8, (int)1>, float, cute::tuple<cute::C<(int)0>, cute::C<(int)1>, int>, (bool)1>>, cutlass::epilogue::threadblock::VisitorRowBroadcast<cutlass::epilogue::threadblock::OutputTileThreadLayout<cutlass::gemm::GemmShape<(int)128, (int)128, (int)128>, cutlass::gemm::GemmShape<(int)64, (int)64, (int)64>, cutlass::half_t, (int)8, (int)1>, float, cute::tuple<cute::C<(int)0>, cute::C<(int)1>, int>, (bool)1>>, cutlass::epilogue::threadblock::VisitorAuxLoad<cutlass::epilogue::threadblock::OutputTileThreadLayout<cutlass::gemm::GemmShape<(int)128, (int)128, (int)128>, cutlass::gemm::GemmShape<(int)64, (int)64, (int)64>, cutlass::half_t, (int)8, (int)1>, cutlass::half_t, cute::tuple<long, cute::C<(int)1>, long>>>>, (int)1, (int)1>, cutlass::gemm::threadblock::GemmIdentityThreadblockSwizzle<(int)1>, (cutlass::conv::Operator)0, cutlass::conv::Conv2dProblemSize>>(T1::Params)",3109910.0
L|resblock_plain|C384|T16,"void cutlass::Kernel<modiff::ImplicitGemmConvolutionEVT<cutlass::conv::threadblock::ImplicitGemmMultistage<cutlass::gemm::GemmShape<(int)128, (int)128, (int)128>, cutlass::conv::threadblock::Conv2dFpropActivationTileAccessIteratorOptimized<cutlass::MatrixShape<(int)128, (int)128>, signed char, cutlass::layout::TensorNHWC, cutlass::transform::PitchLinearWarpRakedThreadMap<cutlass::PitchLinearShape<(int)128, (int)128>, (int)256, cutlass::PitchLinearShape<(int)8, (int)4>, (int)16>, cutlass::AlignedArray<signed char, (int)16, (int)16>>, cutlass::transform::threadblock::RegularTileAccessIterator<cutlass::MatrixShape<(int)128, (int)128>, signed char, cutlass::layout::RowMajorTensorOpMultiplicandCrosswise<(int)8, (int)128>, (int)0, cutlass::transform::PitchLinearWarpRakedThreadMap<cutlass::PitchLinearShape<(int)128, (int)128>, (int)256, cutlass::PitchLinearShape<(int)8, (int)4>, (int)16>, (int)16>, (cutlass::arch::CacheOperation::Kind)0, cutlass::conv::threadblock::Conv2dFpropFilterTileAccessIteratorOptimized<cutlass::MatrixShape<(int)128, (int)128>, signed char, cutlass::layout::TensorNHWC, cutlass::transform::PitchLinearWarpRakedThreadMap<cutlass::PitchLinearShape<(int)128, (int)128>, (int)256, cutlass::PitchLinearShape<(int)8, (int)4>, (int)16>, cutlass::AlignedArray<signed char, (int)16, (int)16>, (bool)0>, cutlass::transform::threadblock::RegularTileAccessIterator<cutlass::MatrixShape<(int)128, (int)128>, signed char, cutlass::layout::ColumnMajorTensorOpMultiplicandCrosswise<(int)8, (int)128>, (int)1, cutlass::transform::PitchLinearWarpRakedThreadMap<cutlass::PitchLinearShape<(int)128, (int)128>, (int)256, cutlass::PitchLinearShape<(int)8, (int)4>, (int)16>, (int)16>, (cutlass::arch::CacheOperation::Kind)1, cutlass::gemm::threadblock::MmaPolicy<cutlass::gemm::warp::MmaTensorOp<cutlass::gemm::GemmShape<(int)64, (int)64, (int)64>, signed char, cutlass::layout::RowMajorTensorOpMultiplicandCrosswise<(int)8, (int)128>, signed char, cutlass::layout::ColumnMajorTensorOpMultiplicandCrosswise<(int)8, (int)128>, int, cutlass::layout::RowMajor, cutlass::gemm::warp::MmaTensorOpPolicy<cutlass::arch::Mma<cutlass::gemm::GemmShape<(int)16, (int)8, (int)32>, (int)32, signed char, cutlass::layout::RowMajor, signed char, cutlass::layout::ColumnMajor, int, cutlass::layout::RowMajor, cutlass::arch::OpMultiplyAddSaturate>, cutlass::MatrixShape<(int)1, (int)1>>, (int)2, (bool)0, bool>, cutlass::MatrixShape<(int)0, (int)0>, cutlass::MatrixShape<(int)0, (int)0>, (int)2>, (int)3, bool>, cutlass::epilogue::threadblock::EpilogueWithVisitorCallbacks<cutlass::epilogue::threadblock::Epilogue<cutlass::gemm::GemmShape<(int)128, (int)128, (int)128>, cutlass::gemm::warp::MmaTensorOp<cutlass::gemm::GemmShape<(int)64, (int)64, (int)64>, signed char, cutlass::layout::RowMajorTensorOpMultiplicandCrosswise<(int)8, (int)128>, signed char, cutlass::layout::ColumnMajorTensorOpMultiplicandCrosswise<(int)8, (int)128>, int, cutlass::layout::RowMajor, cutlass::gemm::warp::MmaTensorOpPolicy<cutlass::arch::Mma<cutlass::gemm::GemmShape<(int)16, (int)8, (int)32>, (int)32, signed char, cutlass::layout::RowMajor, signed char, cutlass::layout::ColumnMajor, int, cutlass::layout::RowMajor, cutlass::arch::OpMultiplyAddSaturate>, cutlass::MatrixShape<(int)1, (int)1>>, (int)2, (bool)0, bool>, (int)2, cutlass::epilogue::threadblock::PredicatedTileIteratorConv<cutlass::epilogue::threadblock::OutputTileOptimalThreadMap<cutlass::epilogue::threadblock::OutputTileShape<(int)128, (int)8, (int)2, (int)1, (int)1>, cutlass::epilogue::threadblock::OutputTileShape<(int)1, (int)8, (int)1, (int)1, (int)8>, (int)256, (int)8, (int)16>, cutlass::half_t, (bool)0, cutlass::layout::NoPermute, (bool)0, (int)4>, cutlass::epilogue::warp::FragmentIteratorTensorOp<cutlass::gemm::GemmShape<(int)64, (int)64, (int)64>, cutlass::gemm::GemmShape<(int)16, (int)8, (int)32>, int, cutlass::Array<int, (int)4, (bool)1>, cutlass::layout::RowMajor>, cutlass::epilogue::warp::TileIteratorTensorOpMixed<cutlass::gemm::GemmShape<(int)64, (int)64, (int)64>, cutlass::gemm::GemmShape<(int)16, (int)8, (int)32>, int, (int)32, (int)16, (int)8, (int)8, (bool)0>, cutlass::epilogue::threadblock::SharedLoadIteratorMixed<cutlass::epilogue::threadblock::OutputTileOptimalThreadMap<cutlass::epilogue::threadblock::OutputTileShape<(int)128, (int)8, (int)2, (int)1, (int)1>, cutlass::epilogue::threadblock::OutputTileShape<(int)1, (int)8, (int)1, (int)1, (int)8>, (int)256, (int)8, (int)16>::CompactedThreadMap, int, (int)32, (int)16, (int)8, (int)8, (bool)0>, cutlass::epilogue::thread::LinearCombination<cutlass::half_t, (int)8, int, float, (cutlass::epilogue::thread::ScaleType::Kind)0, (cutlass::FloatRoundStyle)2, cutlass::half_t>, cutlass::MatrixShape<(int)0, (int)8>, (int)1, (int)1>, cutlass::epilogue::threadblock::TreeVisitor2x<cutlass::epilogue::threadblock::VisitorAuxStore<cutlass::epilogue::threadblock::OutputTileThreadLayout<cutlass::gemm::GemmShape<(int)128, (int)128, (int)128>, cutlass::gemm::GemmShape<(int)64, (int)64, (int)64>, cutlass::half_t, (int)8, (int)1>, cutlass::half_t, (cutlass::FloatRoundStyle)2, cute::tuple<long, cute::C<(int)1>, long>>, cutlass::epilogue::threadblock::TreeVisitor2x<cutlass::epilogue::threadblock::VisitorCompute<cutlass::plus, float, float, (cutlass::FloatRoundStyle)2, void>, cutlass::epilogue::threadblock::TreeVisitor2x<cutlass::epilogue::threadblock::VisitorCompute<cutlass::plus, float, float, (cutlass::FloatRoundStyle)2, void>, cutlass::epilogue::threadblock::TreeVisitor2x<cutlass::epilogue::threadblock::VisitorCompute<cutlass::multiplies, float, float, (cutlass::FloatRoundStyle)2, void>, cutlass::epilogue::threadblock::TreeVisitor2x<cutlass::epilogue::threadblock::VisitorCompute<cutlass::multiplies, float, float, (cutlass::FloatRoundStyle)2, void>, cutlass::epilogue::threadblock::VisitorAccFetch, cutlass::epilogue::threadblock::VisitorScalarBroadcast<float, cute::tuple<cute::C<(int)0>, cute::C<(int)0>, cute::C<(int)0>>, (int)1, cutlass::multiplies>>, cutlass::epilogue::threadblock::VisitorRowBroadcast<cutlass::epilogue::threadblock::OutputTileThreadLayout<cutlass::gemm::GemmShape<(int)128, (int)128, (int)128>, cutlass::gemm::GemmShape<(int)64, (int)64, (int)64>, cutlass::half_t, (int)8, (int)1>, float, cute::tuple<cute::C<(int)0>, cute::C<(int)1>, int>, (bool)1>>, cutlass::epilogue::threadblock::VisitorRowBroadcast<cutlass::epilogue::threadblock::OutputTileThreadLayout<cutlass::gemm::GemmShape<(int)128, (int)128, (int)128>, cutlass::gemm::GemmShape<(int)64, (int)64, (int)64>, cutlass::half_t, (int)8, (int)1>, float, cute::tuple<cute::C<(int)0>, cute::C<(int)1>, int>, (bool)1>>, cutlass::epilogue::threadblock::VisitorAuxLoad<cutlass::epilogue::threadblock::OutputTileThreadLayout<cutlass::gemm::GemmShape<(int)128, (int)128, (int)128>, cutlass::gemm::GemmShape<(int)64, (int)64, (int)64>, cutlass::half_t, (int)8, (int)1>, cutlass::half_t, cute::tuple<long, cute::C<(int)1>, long>>>>, (int)1, (int)1>, cutlass::gemm::threadblock::GemmIdentityThreadblockSwizzle<(int)1>, (cutlass::conv::Operator)0, cutlass::conv::Conv2dProblemSize>>(T1::Params)",3104469.0
L|resblock_plain|C1152|T16,"void cutlass::Kernel<modiff::ImplicitGemmConvolutionEVT<cutlass::conv::threadblock::ImplicitGemmMultistage<cutlass::gemm::GemmShape<(int)128, (int)128, (int)128>, cutlass::conv::threadblock::Conv2dFpropActivationTileAccessIteratorOptimized<cutlass::MatrixShape<(int)128, (int)128>, signed char, cutlass::layout::TensorNHWC, cutlass::transform::PitchLinearWarpRakedThreadMap<cutlass::PitchLinearShape<(int)128, (int)128>, (int)256, cutlass::PitchLinearShape<(int)8, (int)4>, (int)16>, cutlass::AlignedArray<signed char, (int)16, (int)16>>, cutlass::transform::threadblock::RegularTileAccessIterator<cutlass::MatrixShape<(int)128, (int)128>, signed char, cutlass::layout::RowMajorTensorOpMultiplicandCrosswise<(int)8, (int)128>, (int)0, cutlass::transform::PitchLinearWarpRakedThreadMap<cutlass::PitchLinearShape<(int)128, (int)128>, (int)256, cutlass::PitchLinearShape<(int)8, (int)4>, (int)16>, (int)16>, (cutlass::arch::CacheOperation::Kind)0, cutlass::conv::threadblock::Conv2dFpropFilterTileAccessIteratorOptimized<cutlass::MatrixShape<(int)128, (int)128>, signed char, cutlass::layout::TensorNHWC, cutlass::transform::PitchLinearWarpRakedThreadMap<cutlass::PitchLinearShape<(int)128, (int)128>, (int)256, cutlass::PitchLinearShape<(int)8, (int)4>, (int)16>, cutlass::AlignedArray<signed char, (int)16, (int)16>, (bool)0>, cutlass::transform::threadblock::RegularTileAccessIterator<cutlass::MatrixShape<(int)128, (int)128>, signed char, cutlass::layout::ColumnMajorTensorOpMultiplicandCrosswise<(int)8, (int)128>, (int)1, cutlass::transform::PitchLinearWarpRakedThreadMap<cutlass::PitchLinearShape<(int)128, (int)128>, (int)256, cutlass::PitchLinearShape<(int)8, (int)4>, (int)16>, (int)16>, (cutlass::arch::CacheOperation::Kind)1, cutlass::gemm::threadblock::MmaPolicy<cutlass::gemm::warp::MmaTensorOp<cutlass::gemm::GemmShape<(int)64, (int)64, (int)64>, signed char, cutlass::layout::RowMajorTensorOpMultiplicandCrosswise<(int)8, (int)128>, signed char, cutlass::layout::ColumnMajorTensorOpMultiplicandCrosswise<(int)8, (int)128>, int, cutlass::layout::RowMajor, cutlass::gemm::warp::MmaTensorOpPolicy<cutlass::arch::Mma<cutlass::gemm::GemmShape<(int)16, (int)8, (int)32>, (int)32, signed char, cutlass::layout::RowMajor, signed char, cutlass::layout::ColumnMajor, int, cutlass::layout::RowMajor, cutlass::arch::OpMultiplyAddSaturate>, cutlass::MatrixShape<(int)1, (int)1>>, (int)2, (bool)0, bool>, cutlass::MatrixShape<(int)0, (int)0>, cutlass::MatrixShape<(int)0, (int)0>, (int)2>, (int)3, bool>, cutlass::epilogue::threadblock::EpilogueWithVisitorCallbacks<cutlass::epilogue::threadblock::Epilogue<cutlass::gemm::GemmShape<(int)128, (int)128, (int)128>, cutlass::gemm::warp::MmaTensorOp<cutlass::gemm::GemmShape<(int)64, (int)64, (int)64>, signed char, cutlass::layout::RowMajorTensorOpMultiplicandCrosswise<(int)8, (int)128>, signed char, cutlass::layout::ColumnMajorTensorOpMultiplicandCrosswise<(int)8, (int)128>, int, cutlass::layout::RowMajor, cutlass::gemm::warp::MmaTensorOpPolicy<cutlass::arch::Mma<cutlass::gemm::GemmShape<(int)16, (int)8, (int)32>, (int)32, signed char, cutlass::layout::RowMajor, signed char, cutlass::layout::ColumnMajor, int, cutlass::layout::RowMajor, cutlass::arch::OpMultiplyAddSaturate>, cutlass::MatrixShape<(int)1, (int)1>>, (int)2, (bool)0, bool>, (int)2, cutlass::epilogue::threadblock::PredicatedTileIteratorConv<cutlass::epilogue::threadblock::OutputTileOptimalThreadMap<cutlass::epilogue::threadblock::OutputTileShape<(int)128, (int)8, (int)2, (int)1, (int)1>, cutlass::epilogue::threadblock::OutputTileShape<(int)1, (int)8, (int)1, (int)1, (int)8>, (int)256, (int)8, (int)16>, cutlass::half_t, (bool)0, cutlass::layout::NoPermute, (bool)0, (int)4>, cutlass::epilogue::warp::FragmentIteratorTensorOp<cutlass::gemm::GemmShape<(int)64, (int)64, (int)64>, cutlass::gemm::GemmShape<(int)16, (int)8, (int)32>, int, cutlass::Array<int, (int)4, (bool)1>, cutlass::layout::RowMajor>, cutlass::epilogue::warp::TileIteratorTensorOpMixed<cutlass::gemm::GemmShape<(int)64, (int)64, (int)64>, cutlass::gemm::GemmShape<(int)16, (int)8, (int)32>, int, (int)32, (int)16, (int)8, (int)8, (bool)0>, cutlass::epilogue::threadblock::SharedLoadIteratorMixed<cutlass::epilogue::threadblock::OutputTileOptimalThreadMap<cutlass::epilogue::threadblock::OutputTileShape<(int)128, (int)8, (int)2, (int)1, (int)1>, cutlass::epilogue::threadblock::OutputTileShape<(int)1, (int)8, (int)1, (int)1, (int)8>, (int)256, (int)8, (int)16>::CompactedThreadMap, int, (int)32, (int)16, (int)8, (int)8, (bool)0>, cutlass::epilogue::thread::LinearCombination<cutlass::half_t, (int)8, int, float, (cutlass::epilogue::thread::ScaleType::Kind)0, (cutlass::FloatRoundStyle)2, cutlass::half_t>, cutlass::MatrixShape<(int)0, (int)8>, (int)1, (int)1>, cutlass::epilogue::threadblock::TreeVisitor2x<cutlass::epilogue::threadblock::VisitorAuxStore<cutlass::epilogue::threadblock::OutputTileThreadLayout<cutlass::gemm::GemmShape<(int)128, (int)128, (int)128>, cutlass::gemm::GemmShape<(int)64, (int)64, (int)64>, cutlass::half_t, (int)8, (int)1>, cutlass::half_t, (cutlass::FloatRoundStyle)2, cute::tuple<long, cute::C<(int)1>, long>>, cutlass::epilogue::threadblock::TreeVisitor2x<cutlass::epilogue::threadblock::VisitorCompute<cutlass::plus, float, float, (cutlass::FloatRoundStyle)2, void>, cutlass::epilogue::threadblock::TreeVisitor2x<cutlass::epilogue::threadblock::VisitorCompute<cutlass::plus, float, float, (cutlass::FloatRoundStyle)2, void>, cutlass::epilogue::threadblock::TreeVisitor2x<cutlass::epilogue::threadblock::VisitorCompute<cutlass::multiplies, float, float, (cutlass::FloatRoundStyle)2, void>, cutlass::epilogue::threadblock::TreeVisitor2x<cutlass::epilogue::threadblock::VisitorCompute<cutlass::multiplies, float, float, (cutlass::FloatRoundStyle)2, void>, cutlass::epilogue::threadblock::VisitorAccFetch, cutlass::epilogue::threadblock::VisitorScalarBroadcast<float, cute::tuple<cute::C<(int)0>, cute::C<(int)0>, cute::C<(int)0>>, (int)1, cutlass::multiplies>>, cutlass::epilogue::threadblock::VisitorRowBroadcast<cutlass::epilogue::threadblock::OutputTileThreadLayout<cutlass::gemm::GemmShape<(int)128, (int)128, (int)128>, cutlass::gemm::GemmShape<(int)64, (int)64, (int)64>, cutlass::half_t, (int)8, (int)1>, float, cute::tuple<cute::C<(int)0>, cute::C<(int)1>, int>, (bool)1>>, cutlass::epilogue::threadblock::VisitorRowBroadcast<cutlass::epilogue::threadblock::OutputTileThreadLayout<cutlass::gemm::GemmShape<(int)128, (int)128, (int)128>, cutlass::gemm::GemmShape<(int)64, (int)64, (int)64>, cutlass::half_t, (int)8, (int)1>, float, cute::tuple<cute::C<(int)0>, cute::C<(int)1>, int>, (bool)1>>, cutlass::epilogue::threadblock::VisitorAuxLoad<cutlass::epilogue::threadblock::OutputTileThreadLayout<cutlass::gemm::GemmShape<(int)128, (int)128, (int)128>, cutlass::gemm::GemmShape<(int)64, (int)64, (int)64>, cutlass::half_t, (int)8, (int)1>, cutlass::half_t, cute::tuple<long, cute::C<(int)1>, long>>>>, (int)1, (int)1>, cutlass::gemm::threadblock::GemmIdentityThreadblockSwizzle<(int)1>, (cutlass::conv::Operator)0, cutlass::conv::Conv2dProblemSize>>(T1::Params)",3101460.0
L|resblock_updown|C768|T4,"void cutlass::Kernel<modiff::ImplicitGemmConvolutionEVT<cutlass::conv::threadblock::ImplicitGemmMultistage<cutlass::gemm::GemmShape<(int)128, (int)128, (int)128>, cutlass::conv::threadblock::Conv2dFpropActivationTileAccessIteratorOptimized<cutlass::MatrixShape<(int)128, (int)128>, signed char, cutlass::layout::TensorNHWC, cutlass::transform::PitchLinearWarpRakedThreadMap<cutlass::PitchLinearShape<(int)128, (int)128>, (int)256, cutlass::PitchLinearShape<(int)8, (int)4>, (int)16>, cutlass::AlignedArray<signed char, (int)16, (int)16>>, cutlass::transform::threadblock::RegularTileAccessIterator<cutlass::MatrixShape<(int)128, (int)128>, signed char, cutlass::layout::RowMajorTensorOpMultiplicandCrosswise<(int)8, (int)128>, (int)0, cutlass::transform::PitchLinearWarpRakedThreadMap<cutlass::PitchLinearShape<(int)128, (int)128>, (int)256, cutlass::PitchLinearShape<(int)8, (int)4>, (int)16>, (int)16>, (cutlass::arch::CacheOperation::Kind)0, cutlass::conv::threadblock::Conv2dFpropFilterTileAccessIteratorOptimized<cutlass::MatrixShape<(int)128, (int)128>, signed char, cutlass::layout::TensorNHWC, cutlass::transform::PitchLinearWarpRakedThreadMap<cutlass::PitchLinearShape<(int)128, (int)128>, (int)256, cutlass::PitchLinearShape<(int)8, (int)4>, (int)16>, cutlass::AlignedArray<signed char, (int)16, (int)16>, (bool)0>, cutlass::transform::threadblock::RegularTileAccessIterator<cutlass::MatrixShape<(int)128, (int)128>, signed char, cutlass::layout::ColumnMajorTensorOpMultiplicandCrosswise<(int)8, (int)128>, (int)1, cutlass::transform::PitchLinearWarpRakedThreadMap<cutlass::PitchLinearShape<(int)128, (int)128>, (int)256, cutlass::PitchLinearShape<(int)8, (int)4>, (int)16>, (int)16>, (cutlass::arch::CacheOperation::Kind)1, cutlass::gemm::threadblock::MmaPolicy<cutlass::gemm::warp::MmaTensorOp<cutlass::gemm::GemmShape<(int)64, (int)64, (int)64>, signed char, cutlass::layout::RowMajorTensorOpMultiplicandCrosswise<(int)8, (int)128>, signed char, cutlass::layout::ColumnMajorTensorOpMultiplicandCrosswise<(int)8, (int)128>, int, cutlass::layout::RowMajor, cutlass::gemm::warp::MmaTensorOpPolicy<cutlass::arch::Mma<cutlass::gemm::GemmShape<(int)16, (int)8, (int)32>, (int)32, signed char, cutlass::layout::RowMajor, signed char, cutlass::layout::ColumnMajor, int, cutlass::layout::RowMajor, cutlass::arch::OpMultiplyAddSaturate>, cutlass::MatrixShape<(int)1, (int)1>>, (int)2, (bool)0, bool>, cutlass::MatrixShape<(int)0, (int)0>, cutlass::MatrixShape<(int)0, (int)0>, (int)2>, (int)3, bool>, cutlass::epilogue::threadblock::EpilogueWithVisitorCallbacks<cutlass::epilogue::threadblock::Epilogue<cutlass::gemm::GemmShape<(int)128, (int)128, (int)128>, cutlass::gemm::warp::MmaTensorOp<cutlass::gemm::GemmShape<(int)64, (int)64, (int)64>, signed char, cutlass::layout::RowMajorTensorOpMultiplicandCrosswise<(int)8, (int)128>, signed char, cutlass::layout::ColumnMajorTensorOpMultiplicandCrosswise<(int)8, (int)128>, int, cutlass::layout::RowMajor, cutlass::gemm::warp::MmaTensorOpPolicy<cutlass::arch::Mma<cutlass::gemm::GemmShape<(int)16, (int)8, (int)32>, (int)32, signed char, cutlass::layout::RowMajor, signed char, cutlass::layout::ColumnMajor, int, cutlass::layout::RowMajor, cutlass::arch::OpMultiplyAddSaturate>, cutlass::MatrixShape<(int)1, (int)1>>, (int)2, (bool)0, bool>, (int)2, cutlass::epilogue::threadblock::PredicatedTileIteratorConv<cutlass::epilogue::threadblock::OutputTileOptimalThreadMap<cutlass::epilogue::threadblock::OutputTileShape<(int)128, (int)8, (int)2, (int)1, (int)1>, cutlass::epilogue::threadblock::OutputTileShape<(int)1, (int)8, (int)1, (int)1, (int)8>, (int)256, (int)8, (int)16>, cutlass::half_t, (bool)0, cutlass::layout::NoPermute, (bool)0, (int)4>, cutlass::epilogue::warp::FragmentIteratorTensorOp<cutlass::gemm::GemmShape<(int)64, (int)64, (int)64>, cutlass::gemm::GemmShape<(int)16, (int)8, (int)32>, int, cutlass::Array<int, (int)4, (bool)1>, cutlass::layout::RowMajor>, cutlass::epilogue::warp::TileIteratorTensorOpMixed<cutlass::gemm::GemmShape<(int)64, (int)64, (int)64>, cutlass::gemm::GemmShape<(int)16, (int)8, (int)32>, int, (int)32, (int)16, (int)8, (int)8, (bool)0>, cutlass::epilogue::threadblock::SharedLoadIteratorMixed<cutlass::epilogue::threadblock::OutputTileOptimalThreadMap<cutlass::epilogue::threadblock::OutputTileShape<(int)128, (int)8, (int)2, (int)1, (int)1>, cutlass::epilogue::threadblock::OutputTileShape<(int)1, (int)8, (int)1, (int)1, (int)8>, (int)256, (int)8, (int)16>::CompactedThreadMap, int, (int)32, (int)16, (int)8, (int)8, (bool)0>, cutlass::epilogue::thread::LinearCombination<cutlass::half_t, (int)8, int, float, (cutlass::epilogue::thread::ScaleType::Kind)0, (cutlass::FloatRoundStyle)2, cutlass::half_t>, cutlass::MatrixShape<(int)0, (int)8>, (int)1, (int)1>, cutlass::epilogue::threadblock::TreeVisitor2x<cutlass::epilogue::threadblock::VisitorAuxStore<cutlass::epilogue::threadblock::OutputTileThreadLayout<cutlass::gemm::GemmShape<(int)128, (int)128, (int)128>, cutlass::gemm::GemmShape<(int)64, (int)64, (int)64>, cutlass::half_t, (int)8, (int)1>, cutlass::half_t, (cutlass::FloatRoundStyle)2, cute::tuple<long, cute::C<(int)1>, long>>, cutlass::epilogue::threadblock::TreeVisitor2x<cutlass::epilogue::threadblock::VisitorCompute<cutlass::plus, float, float, (cutlass::FloatRoundStyle)2, void>, cutlass::epilogue::threadblock::TreeVisitor2x<cutlass::epilogue::threadblock::VisitorCompute<cutlass::plus, float, float, (cutlass::FloatRoundStyle)2, void>, cutlass::epilogue::threadblock::TreeVisitor2x<cutlass::epilogue::threadblock::VisitorCompute<cutlass::multiplies, float, float, (cutlass::FloatRoundStyle)2, void>, cutlass::epilogue::threadblock::TreeVisitor2x<cutlass::epilogue::threadblock::VisitorCompute<cutlass::multiplies, float, float, (cutlass::FloatRoundStyle)2, void>, cutlass::epilogue::threadblock::VisitorAccFetch, cutlass::epilogue::threadblock::VisitorScalarBroadcast<float, cute::tuple<cute::C<(int)0>, cute::C<(int)0>, cute::C<(int)0>>, (int)1, cutlass::multiplies>>, cutlass::epilogue::threadblock::VisitorRowBroadcast<cutlass::epilogue::threadblock::OutputTileThreadLayout<cutlass::gemm::GemmShape<(int)128, (int)128, (int)128>, cutlass::gemm::GemmShape<(int)64, (int)64, (int)64>, cutlass::half_t, (int)8, (int)1>, float, cute::tuple<cute::C<(int)0>, cute::C<(int)1>, int>, (bool)1>>, cutlass::epilogue::threadblock::VisitorRowBroadcast<cutlass::epilogue::threadblock::OutputTileThreadLayout<cutlass::gemm::GemmShape<(int)128, (int)128, (int)128>, cutlass::gemm::GemmShape<(int)64, (int)64, (int)64>, cutlass::half_t, (int)8, (int)1>, float, cute::tuple<cute::C<(int)0>, cute::C<(int)1>, int>, (bool)1>>, cutlass::epilogue::threadblock::VisitorAuxLoad<cutlass::epilogue::threadblock::OutputTileThreadLayout<cutlass::gemm::GemmShape<(int)128, (int)128, (int)128>, cutlass::gemm::GemmShape<(int)64, (int)64, (int)64>, cutlass::half_t, (int)8, (int)1>, cutlass::half_t, cute::tuple<long, cute::C<(int)1>, long>>>>, (int)1, (int)1>, cutlass::gemm::threadblock::GemmIdentityThreadblockSwizzle<(int)1>, (cutlass::conv::Operator)0, cutlass::conv::Conv2dProblemSize>>(T1::Params)",3101333.0
L|resblock_plain|C768|T16,"void cutlass::Kernel<modiff::ImplicitGemmConvolutionEVT<cutlass::conv::threadblock::ImplicitGemmMultistage<cutlass::gemm::GemmShape<(int)128, (int)128, (int)128>, cutlass::conv::threadblock::Conv2dFpropActivationTileAccessIteratorOptimized<cutlass::MatrixShape<(int)128, (int)128>, signed char, cutlass::layout::TensorNHWC, cutlass::transform::PitchLinearWarpRakedThreadMap<cutlass::PitchLinearShape<(int)128, (int)128>, (int)256, cutlass::PitchLinearShape<(int)8, (int)4>, (int)16>, cutlass::AlignedArray<signed char, (int)16, (int)16>>, cutlass::transform::threadblock::RegularTileAccessIterator<cutlass::MatrixShape<(int)128, (int)128>, signed char, cutlass::layout::RowMajorTensorOpMultiplicandCrosswise<(int)8, (int)128>, (int)0, cutlass::transform::PitchLinearWarpRakedThreadMap<cutlass::PitchLinearShape<(int)128, (int)128>, (int)256, cutlass::PitchLinearShape<(int)8, (int)4>, (int)16>, (int)16>, (cutlass::arch::CacheOperation::Kind)0, cutlass::conv::threadblock::Conv2dFpropFilterTileAccessIteratorOptimized<cutlass::MatrixShape<(int)128, (int)128>, signed char, cutlass::layout::TensorNHWC, cutlass::transform::PitchLinearWarpRakedThreadMap<cutlass::PitchLinearShape<(int)128, (int)128>, (int)256, cutlass::PitchLinearShape<(int)8, (int)4>, (int)16>, cutlass::AlignedArray<signed char, (int)16, (int)16>, (bool)0>, cutlass::transform::threadblock::RegularTileAccessIterator<cutlass::MatrixShape<(int)128, (int)128>, signed char, cutlass::layout::ColumnMajorTensorOpMultiplicandCrosswise<(int)8, (int)128>, (int)1, cutlass::transform::PitchLinearWarpRakedThreadMap<cutlass::PitchLinearShape<(int)128, (int)128>, (int)256, cutlass::PitchLinearShape<(int)8, (int)4>, (int)16>, (int)16>, (cutlass::arch::CacheOperation::Kind)1, cutlass::gemm::threadblock::MmaPolicy<cutlass::gemm::warp::MmaTensorOp<cutlass::gemm::GemmShape<(int)64, (int)64, (int)64>, signed char, cutlass::layout::RowMajorTensorOpMultiplicandCrosswise<(int)8, (int)128>, signed char, cutlass::layout::ColumnMajorTensorOpMultiplicandCrosswise<(int)8, (int)128>, int, cutlass::layout::RowMajor, cutlass::gemm::warp::MmaTensorOpPolicy<cutlass::arch::Mma<cutlass::gemm::GemmShape<(int)16, (int)8, (int)32>, (int)32, signed char, cutlass::layout::RowMajor, signed char, cutlass::layout::ColumnMajor, int, cutlass::layout::RowMajor, cutlass::arch::OpMultiplyAddSaturate>, cutlass::MatrixShape<(int)1, (int)1>>, (int)2, (bool)0, bool>, cutlass::MatrixShape<(int)0, (int)0>, cutlass::MatrixShape<(int)0, (int)0>, (int)2>, (int)3, bool>, cutlass::epilogue::threadblock::EpilogueWithVisitorCallbacks<cutlass::epilogue::threadblock::Epilogue<cutlass::gemm::GemmShape<(int)128, (int)128, (int)128>, cutlass::gemm::warp::MmaTensorOp<cutlass::gemm::GemmShape<(int)64, (int)64, (int)64>, signed char, cutlass::layout::RowMajorTensorOpMultiplicandCrosswise<(int)8, (int)128>, signed char, cutlass::layout::ColumnMajorTensorOpMultiplicandCrosswise<(int)8, (int)128>, int, cutlass::layout::RowMajor, cutlass::gemm::warp::MmaTensorOpPolicy<cutlass::arch::Mma<cutlass::gemm::GemmShape<(int)16, (int)8, (int)32>, (int)32, signed char, cutlass::layout::RowMajor, signed char, cutlass::layout::ColumnMajor, int, cutlass::layout::RowMajor, cutlass::arch::OpMultiplyAddSaturate>, cutlass::MatrixShape<(int)1, (int)1>>, (int)2, (bool)0, bool>, (int)2, cutlass::epilogue::threadblock::PredicatedTileIteratorConv<cutlass::epilogue::threadblock::OutputTileOptimalThreadMap<cutlass::epilogue::threadblock::OutputTileShape<(int)128, (int)8, (int)2, (int)1, (int)1>, cutlass::epilogue::threadblock::OutputTileShape<(int)1, (int)8, (int)1, (int)1, (int)8>, (int)256, (int)8, (int)16>, cutlass::half_t, (bool)0, cutlass::layout::NoPermute, (bool)0, (int)4>, cutlass::epilogue::warp::FragmentIteratorTensorOp<cutlass::gemm::GemmShape<(int)64, (int)64, (int)64>, cutlass::gemm::GemmShape<(int)16, (int)8, (int)32>, int, cutlass::Array<int, (int)4, (bool)1>, cutlass::layout::RowMajor>, cutlass::epilogue::warp::TileIteratorTensorOpMixed<cutlass::gemm::GemmShape<(int)64, (int)64, (int)64>, cutlass::gemm::GemmShape<(int)16, (int)8, (int)32>, int, (int)32, (int)16, (int)8, (int)8, (bool)0>, cutlass::epilogue::threadblock::SharedLoadIteratorMixed<cutlass::epilogue::threadblock::OutputTileOptimalThreadMap<cutlass::epilogue::threadblock::OutputTileShape<(int)128, (int)8, (int)2, (int)1, (int)1>, cutlass::epilogue::threadblock::OutputTileShape<(int)1, (int)8, (int)1, (int)1, (int)8>, (int)256, (int)8, (int)16>::CompactedThreadMap, int, (int)32, (int)16, (int)8, (int)8, (bool)0>, cutlass::epilogue::thread::LinearCombination<cutlass::half_t, (int)8, int, float, (cutlass::epilogue::thread::ScaleType::Kind)0, (cutlass::FloatRoundStyle)2, cutlass::half_t>, cutlass::MatrixShape<(int)0, (int)8>, (int)1, (int)1>, cutlass::epilogue::threadblock::TreeVisitor2x<cutlass::epilogue::threadblock::VisitorAuxStore<cutlass::epilogue::threadblock::OutputTileThreadLayout<cutlass::gemm::GemmShape<(int)128, (int)128, (int)128>, cutlass::gemm::GemmShape<(int)64, (int)64, (int)64>, cutlass::half_t, (int)8, (int)1>, cutlass::half_t, (cutlass::FloatRoundStyle)2, cute::tuple<long, cute::C<(int)1>, long>>, cutlass::epilogue::threadblock::TreeVisitor2x<cutlass::epilogue::threadblock::VisitorCompute<cutlass::plus, float, float, (cutlass::FloatRoundStyle)2, void>, cutlass::epilogue::threadblock::TreeVisitor2x<cutlass::epilogue::threadblock::VisitorCompute<cutlass::multiplies, float, float, (cutlass::FloatRoundStyle)2, void>, cutlass::epilogue::threadblock::TreeVisitor2x<cutlass::epilogue::threadblock::VisitorCompute<cutlass::multiplies, float, float, (cutlass::FloatRoundStyle)2, void>, cutlass::epilogue::threadblock::VisitorAccFetch, cutlass::epilogue::threadblock::VisitorScalarBroadcast<float, cute::tuple<cute::C<(int)0>, cute::C<(int)0>, cute::C<(int)0>>, (int)1, cutlass::multiplies>>, cutlass::epilogue::threadblock::VisitorRowBroadcast<cutlass::epilogue::threadblock::OutputTileThreadLayout<cutlass::gemm::GemmShape<(int)128, (int)128, (int)128>, cutlass::gemm::GemmShape<(int)64, (int)64, (int)64>, cutlass::half_t, (int)8, (int)1>, float, cute::tuple<cute::C<(int)0>, cute::C<(int)1>, int>, (bool)1>>, cutlass::epilogue::threadblock::VisitorRowBroadcast<cutlass::epilogue::threadblock::OutputTileThreadLayout<cutlass::gemm::GemmShape<(int)128, (int)128, (int)128>, cutlass::gemm::GemmShape<(int)64, (int)64, (int)64>, cutlass::half_t, (int)8, (int)1>, float, cute::tuple<cute::C<(int)0>, cute::C<(int)1>, int>, (bool)1>>>, (int)1, (int)1>, cutlass::gemm::threadblock::GemmIdentityThreadblockSwizzle<(int)1>, (cutlass::conv::Operator)0, cutlass::conv::Conv2dProblemSize>>(T1::Params)",3047317.0
L|resblock_updown|C768|T4,"void cutlass::Kernel<modiff::ImplicitGemmConvolutionEVT<cutlass::conv::threadblock::ImplicitGemmMultistage<cutlass::gemm::GemmShape<(int)128, (int)128, (int)128>, cutlass::conv::threadblock::Conv2dFpropActivationTileAccessIteratorOptimized<cutlass::MatrixShape<(int)128, (int)128>, signed char, cutlass::layout::TensorNHWC, cutlass::transform::PitchLinearWarpRakedThreadMap<cutlass::PitchLinearShape<(int)128, (int)128>, (int)256, cutlass::PitchLinearShape<(int)8, (int)4>, (int)16>, cutlass::AlignedArray<signed char, (int)16, (int)16>>, cutlass::transform::threadblock::RegularTileAccessIterator<cutlass::MatrixShape<(int)128, (int)128>, signed char, cutlass::layout::RowMajorTensorOpMultiplicandCrosswise<(int)8, (int)128>, (int)0, cutlass::transform::PitchLinearWarpRakedThreadMap<cutlass::PitchLinearShape<(int)128, (int)128>, (int)256, cutlass::PitchLinearShape<(int)8, (int)4>, (int)16>, (int)16>, (cutlass::arch::CacheOperation::Kind)0, cutlass::conv::threadblock::Conv2dFpropFilterTileAccessIteratorOptimized<cutlass::MatrixShape<(int)128, (int)128>, signed char, cutlass::layout::TensorNHWC, cutlass::transform::PitchLinearWarpRakedThreadMap<cutlass::PitchLinearShape<(int)128, (int)128>, (int)256, cutlass::PitchLinearShape<(int)8, (int)4>, (int)16>, cutlass::AlignedArray<signed char, (int)16, (int)16>, (bool)0>, cutlass::transform::threadblock::RegularTileAccessIterator<cutlass::MatrixShape<(int)128, (int)128>, signed char, cutlass::layout::ColumnMajorTensorOpMultiplicandCrosswise<(int)8, (int)128>, (int)1, cutlass::transform::PitchLinearWarpRakedThreadMap<cutlass::PitchLinearShape<(int)128, (int)128>, (int)256, cutlass::PitchLinearShape<(int)8, (int)4>, (int)16>, (int)16>, (cutlass::arch::CacheOperation::Kind)1, cutlass::gemm::threadblock::MmaPolicy<cutlass::gemm::warp::MmaTensorOp<cutlass::gemm::GemmShape<(int)64, (int)64, (int)64>, signed char, cutlass::layout::RowMajorTensorOpMultiplicandCrosswise<(int)8, (int)128>, signed char, cutlass::layout::ColumnMajorTensorOpMultiplicandCrosswise<(int)8, (int)128>, int, cutlass::layout::RowMajor, cutlass::gemm::warp::MmaTensorOpPolicy<cutlass::arch::Mma<cutlass::gemm::GemmShape<(int)16, (int)8, (int)32>, (int)32, signed char, cutlass::layout::RowMajor, signed char, cutlass::layout::ColumnMajor, int, cutlass::layout::RowMajor, cutlass::arch::OpMultiplyAddSaturate>, cutlass::MatrixShape<(int)1, (int)1>>, (int)2, (bool)0, bool>, cutlass::MatrixShape<(int)0, (int)0>, cutlass::MatrixShape<(int)0, (int)0>, (int)2>, (int)3, bool>, cutlass::epilogue::threadblock::EpilogueWithVisitorCallbacks<cutlass::epilogue::threadblock::Epilogue<cutlass::gemm::GemmShape<(int)128, (int)128, (int)128>, cutlass::gemm::warp::MmaTensorOp<cutlass::gemm::GemmShape<(int)64, (int)64, (int)64>, signed char, cutlass::layout::RowMajorTensorOpMultiplicandCrosswise<(int)8, (int)128>, signed char, cutlass::layout::ColumnMajorTensorOpMultiplicandCrosswise<(int)8, (int)128>, int, cutlass::layout::RowMajor, cutlass::gemm::warp::MmaTensorOpPolicy<cutlass::arch::Mma<cutlass::gemm::GemmShape<(int)16, (int)8, (int)32>, (int)32, signed char, cutlass::layout::RowMajor, signed char, cutlass::layout::ColumnMajor, int, cutlass::layout::RowMajor, cutlass::arch::OpMultiplyAddSaturate>, cutlass::MatrixShape<(int)1, (int)1>>, (int)2, (bool)0, bool>, (int)2, cutlass::epilogue::threadblock::PredicatedTileIteratorConv<cutlass::epilogue::threadblock::OutputTileOptimalThreadMap<cutlass::epilogue::threadblock::OutputTileShape<(int)128, (int)8, (int)2, (int)1, (int)1>, cutlass::epilogue::threadblock::OutputTileShape<(int)1, (int)8, (int)1, (int)1, (int)8>, (int)256, (int)8, (int)16>, cutlass::half_t, (bool)0, cutlass::layout::NoPermute, (bool)0, (int)4>, cutlass::epilogue::warp::FragmentIteratorTensorOp<cutlass::gemm::GemmShape<(int)64, (int)64, (int)64>, cutlass::gemm::GemmShape<(int)16, (int)8, (int)32>, int, cutlass::Array<int, (int)4, (bool)1>, cutlass::layout::RowMajor>, cutlass::epilogue::warp::TileIteratorTensorOpMixed<cutlass::gemm::GemmShape<(int)64, (int)64, (int)64>, cutlass::gemm::GemmShape<(int)16, (int)8, (int)32>, int, (int)32, (int)16, (int)8, (int)8, (bool)0>, cutlass::epilogue::threadblock::SharedLoadIteratorMixed<cutlass::epilogue::threadblock::OutputTileOptimalThreadMap<cutlass::epilogue::threadblock::OutputTileShape<(int)128, (int)8, (int)2, (int)1, (int)1>, cutlass::epilogue::threadblock::OutputTileShape<(int)1, (int)8, (int)1, (int)1, (int)8>, (int)256, (int)8, (int)16>::CompactedThreadMap, int, (int)32, (int)16, (int)8, (int)8, (bool)0>, cutlass::epilogue::thread::LinearCombination<cutlass::half_t, (int)8, int, float, (cutlass::epilogue::thread::ScaleType::Kind)0, (cutlass::FloatRoundStyle)2, cutlass::half_t>, cutlass::MatrixShape<(int)0, (int)8>, (int)1, (int)1>, cutlass::epilogue::threadblock::TreeVisitor2x<cutlass::epilogue::threadblock::VisitorAuxStore<cutlass::epilogue::threadblock::OutputTileThreadLayout<cutlass::gemm::GemmShape<(int)128, (int)128, (int)128>, cutlass::gemm::GemmShape<(int)64, (int)64, (int)64>, cutlass::half_t, (int)8, (int)1>, cutlass::half_t, (cutlass::FloatRoundStyle)2, cute::tuple<long, cute::C<(int)1>, long>>, cutlass::epilogue::threadblock::TreeVisitor2x<cutlass::epilogue::threadblock::VisitorCompute<cutlass::plus, float, float, (cutlass::FloatRoundStyle)2, void>, cutlass::epilogue::threadblock::TreeVisitor2x<cutlass::epilogue::threadblock::VisitorCompute<cutlass::multiplies, float, float, (cutlass::FloatRoundStyle)2, void>, cutlass::epilogue::threadblock::TreeVisitor2x<cutlass::epilogue::threadblock::VisitorCompute<cutlass::multiplies, float, float, (cutlass::FloatRoundStyle)2, void>, cutlass::epilogue::threadblock::VisitorAccFetch, cutlass::epilogue::threadblock::VisitorScalarBroadcast<float, cute::tuple<cute::C<(int)0>, cute::C<(int)0>, cute::C<(int)0>>, (int)1, cutlass::multiplies>>, cutlass::epilogue::threadblock::VisitorRowBroadcast<cutlass::epilogue::threadblock::OutputTileThreadLayout<cutlass::gemm::GemmShape<(int)128, (int)128, (int)128>, cutlass::gemm::GemmShape<(int)64, (int)64, (int)64>, cutlass::half_t, (int)8, (int)1>, float, cute::tuple<cute::C<(int)0>, cute::C<(int)1>, int>, (bool)1>>, cutlass::epilogue::threadblock::VisitorRowBroadcast<cutlass::epilogue::threadblock::OutputTileThreadLayout<cutlass::gemm::GemmShape<(int)128, (int)128, (int)128>, cutlass::gemm::GemmShape<(int)64, (int)64, (int)64>, cutlass::half_t, (int)8, (int)1>, float, cute::tuple<cute::C<(int)0>, cute::C<(int)1>, int>, (bool)1>>>, (int)1, (int)1>, cutlass::gemm::threadblock::GemmIdentityThreadblockSwizzle<(int)1>, (cutlass::conv::Operator)0, cutlass::conv::Conv2dProblemSize>>(T1::Params)",3032309.0
L|attention|C384|T64,"void group_norm_silu_quantize_nhwc_vec2_kernel<__half, (bool)1>(const T1 *, signed char *, const T1 *, const T1 *, const T1 *, const T1 *, const float *, const float *, int, long, int, float, bool)",2911727.0
L|resblock_plain|C576|T256,sm86_xmma_fprop_implicit_gemm_f16f16_f16f32_f32_nhwckrsc_nhwc_tilesize128x128x32_stage3_warpsize2x2x1_g1_tensor16x8x16_execute_kernel__5x_cudnn,2907157.0
L|resblock_updown|C384|T64,"void at::native::unrolled_elementwise_kernel<at::native::direct_copy_kernel_cuda(at::TensorIteratorBase &)::[lambda() (instance 3)]::operator ()() const::[lambda() (instance 10)]::operator ()() const::[lambda(c10::Half) (instance 1)], at::detail::Array<char *, (int)2>, TrivialOffsetCalculator<(int)1, unsigned int>, TrivialOffsetCalculator<(int)1, unsigned int>, at::native::memory::LoadWithCast<(int)1>, at::native::memory::StoreWithCast<(int)1>>(int, T1, T2, T3, T4, T5, T6)",2694740.0
L|resblock_updown|C384|T256,"void at::native::unrolled_elementwise_kernel<at::native::direct_copy_kernel_cuda(at::TensorIteratorBase &)::[lambda() (instance 3)]::operator ()() const::[lambda() (instance 7)]::operator ()() const::[lambda(float) (instance 1)], at::detail::Array<char *, (int)2>, TrivialOffsetCalculator<(int)1, unsigned int>, TrivialOffsetCalculator<(int)1, unsigned int>, at::native::memory::LoadWithCast<(int)1>, at::native::memory::StoreWithCast<(int)1>>(int, T1, T2, T3, T4, T5, T6)",2690867.0
L|resblock_updown|C384|T256,"void at::native::<unnamed>::avg_pool2d_out_cuda_frame_nhwc<c10::Half, float>(int, const T1 *, long, long, long, int, int, int, int, int, int, int, int, T1 *, int, bool, bool)",2681938.0
L|resblock_updown|C384|T64,"void upsample2x_quantize_noahat_kernel<__half>(const T1 *, signed char *, const float *, const float *, int, int, int, int, long)",2666355.0
L|resblock_plain|C1152|T64,"void cutlass::Kernel<modiff::ImplicitGemmConvolutionEVT<cutlass::conv::threadblock::ImplicitGemmMultistage<cutlass::gemm::GemmShape<(int)128, (int)128, (int)128>, cutlass::conv::threadblock::Conv2dFpropActivationTileAccessIteratorOptimized<cutlass::MatrixShape<(int)128, (int)128>, signed char, cutlass::layout::TensorNHWC, cutlass::transform::PitchLinearWarpRakedThreadMap<cutlass::PitchLinearShape<(int)128, (int)128>, (int)256, cutlass::PitchLinearShape<(int)8, (int)4>, (int)16>, cutlass::AlignedArray<signed char, (int)16, (int)16>>, cutlass::transform::threadblock::RegularTileAccessIterator<cutlass::MatrixShape<(int)128, (int)128>, signed char, cutlass::layout::RowMajorTensorOpMultiplicandCrosswise<(int)8, (int)128>, (int)0, cutlass::transform::PitchLinearWarpRakedThreadMap<cutlass::PitchLinearShape<(int)128, (int)128>, (int)256, cutlass::PitchLinearShape<(int)8, (int)4>, (int)16>, (int)16>, (cutlass::arch::CacheOperation::Kind)0, cutlass::conv::threadblock::Conv2dFpropFilterTileAccessIteratorOptimized<cutlass::MatrixShape<(int)128, (int)128>, signed char, cutlass::layout::TensorNHWC, cutlass::transform::PitchLinearWarpRakedThreadMap<cutlass::PitchLinearShape<(int)128, (int)128>, (int)256, cutlass::PitchLinearShape<(int)8, (int)4>, (int)16>, cutlass::AlignedArray<signed char, (int)16, (int)16>, (bool)0>, cutlass::transform::threadblock::RegularTileAccessIterator<cutlass::MatrixShape<(int)128, (int)128>, signed char, cutlass::layout::ColumnMajorTensorOpMultiplicandCrosswise<(int)8, (int)128>, (int)1, cutlass::transform::PitchLinearWarpRakedThreadMap<cutlass::PitchLinearShape<(int)128, (int)128>, (int)256, cutlass::PitchLinearShape<(int)8, (int)4>, (int)16>, (int)16>, (cutlass::arch::CacheOperation::Kind)1, cutlass::gemm::threadblock::MmaPolicy<cutlass::gemm::warp::MmaTensorOp<cutlass::gemm::GemmShape<(int)64, (int)64, (int)64>, signed char, cutlass::layout::RowMajorTensorOpMultiplicandCrosswise<(int)8, (int)128>, signed char, cutlass::layout::ColumnMajorTensorOpMultiplicandCrosswise<(int)8, (int)128>, int, cutlass::layout::RowMajor, cutlass::gemm::warp::MmaTensorOpPolicy<cutlass::arch::Mma<cutlass::gemm::GemmShape<(int)16, (int)8, (int)32>, (int)32, signed char, cutlass::layout::RowMajor, signed char, cutlass::layout::ColumnMajor, int, cutlass::layout::RowMajor, cutlass::arch::OpMultiplyAddSaturate>, cutlass::MatrixShape<(int)1, (int)1>>, (int)2, (bool)0, bool>, cutlass::MatrixShape<(int)0, (int)0>, cutlass::MatrixShape<(int)0, (int)0>, (int)2>, (int)3, bool>, cutlass::epilogue::threadblock::EpilogueWithVisitorCallbacks<cutlass::epilogue::threadblock::Epilogue<cutlass::gemm::GemmShape<(int)128, (int)128, (int)128>, cutlass::gemm::warp::MmaTensorOp<cutlass::gemm::GemmShape<(int)64, (int)64, (int)64>, signed char, cutlass::layout::RowMajorTensorOpMultiplicandCrosswise<(int)8, (int)128>, signed char, cutlass::layout::ColumnMajorTensorOpMultiplicandCrosswise<(int)8, (int)128>, int, cutlass::layout::RowMajor, cutlass::gemm::warp::MmaTensorOpPolicy<cutlass::arch::Mma<cutlass::gemm::GemmShape<(int)16, (int)8, (int)32>, (int)32, signed char, cutlass::layout::RowMajor, signed char, cutlass::layout::ColumnMajor, int, cutlass::layout::RowMajor, cutlass::arch::OpMultiplyAddSaturate>, cutlass::MatrixShape<(int)1, (int)1>>, (int)2, (bool)0, bool>, (int)2, cutlass::epilogue::threadblock::PredicatedTileIteratorConv<cutlass::epilogue::threadblock::OutputTileOptimalThreadMap<cutlass::epilogue::threadblock::OutputTileShape<(int)128, (int)8, (int)2, (int)1, (int)1>, cutlass::epilogue::threadblock::OutputTileShape<(int)1, (int)8, (int)1, (int)1, (int)8>, (int)256, (int)8, (int)16>, cutlass::half_t, (bool)0, cutlass::layout::NoPermute, (bool)0, (int)4>, cutlass::epilogue::warp::FragmentIteratorTensorOp<cutlass::gemm::GemmShape<(int)64, (int)64, (int)64>, cutlass::gemm::GemmShape<(int)16, (int)8, (int)32>, int, cutlass::Array<int, (int)4, (bool)1>, cutlass::layout::RowMajor>, cutlass::epilogue::warp::TileIteratorTensorOpMixed<cutlass::gemm::GemmShape<(int)64, (int)64, (int)64>, cutlass::gemm::GemmShape<(int)16, (int)8, (int)32>, int, (int)32, (int)16, (int)8, (int)8, (bool)0>, cutlass::epilogue::threadblock::SharedLoadIteratorMixed<cutlass::epilogue::threadblock::OutputTileOptimalThreadMap<cutlass::epilogue::threadblock::OutputTileShape<(int)128, (int)8, (int)2, (int)1, (int)1>, cutlass::epilogue::threadblock::OutputTileShape<(int)1, (int)8, (int)1, (int)1, (int)8>, (int)256, (int)8, (int)16>::CompactedThreadMap, int, (int)32, (int)16, (int)8, (int)8, (bool)0>, cutlass::epilogue::thread::LinearCombination<cutlass::half_t, (int)8, int, float, (cutlass::epilogue::thread::ScaleType::Kind)0, (cutlass::FloatRoundStyle)2, cutlass::half_t>, cutlass::MatrixShape<(int)0, (int)8>, (int)1, (int)1>, cutlass::epilogue::threadblock::TreeVisitor2x<cutlass::epilogue::threadblock::VisitorAuxStore<cutlass::epilogue::threadblock::OutputTileThreadLayout<cutlass::gemm::GemmShape<(int)128, (int)128, (int)128>, cutlass::gemm::GemmShape<(int)64, (int)64, (int)64>, cutlass::half_t, (int)8, (int)1>, cutlass::half_t, (cutlass::FloatRoundStyle)2, cute::tuple<long, cute::C<(int)1>, long>>, cutlass::epilogue::threadblock::TreeVisitor2x<cutlass::epilogue::threadblock::VisitorCompute<cutlass::plus, float, float, (cutlass::FloatRoundStyle)2, void>, cutlass::epilogue::threadblock::TreeVisitor2x<cutlass::epilogue::threadblock::VisitorCompute<cutlass::plus, float, float, (cutlass::FloatRoundStyle)2, void>, cutlass::epilogue::threadblock::TreeVisitor2x<cutlass::epilogue::threadblock::VisitorCompute<cutlass::multiplies, float, float, (cutlass::FloatRoundStyle)2, void>, cutlass::epilogue::threadblock::TreeVisitor2x<cutlass::epilogue::threadblock::VisitorCompute<cutlass::multiplies, float, float, (cutlass::FloatRoundStyle)2, void>, cutlass::epilogue::threadblock::VisitorAccFetch, cutlass::epilogue::threadblock::VisitorScalarBroadcast<float, cute::tuple<cute::C<(int)0>, cute::C<(int)0>, cute::C<(int)0>>, (int)1, cutlass::multiplies>>, cutlass::epilogue::threadblock::VisitorRowBroadcast<cutlass::epilogue::threadblock::OutputTileThreadLayout<cutlass::gemm::GemmShape<(int)128, (int)128, (int)128>, cutlass::gemm::GemmShape<(int)64, (int)64, (int)64>, cutlass::half_t, (int)8, (int)1>, float, cute::tuple<cute::C<(int)0>, cute::C<(int)1>, int>, (bool)1>>, cutlass::epilogue::threadblock::VisitorRowBroadcast<cutlass::epilogue::threadblock::OutputTileThreadLayout<cutlass::gemm::GemmShape<(int)128, (int)128, (int)128>, cutlass::gemm::GemmShape<(int)64, (int)64, (int)64>, cutlass::half_t, (int)8, (int)1>, float, cute::tuple<cute::C<(int)0>, cute::C<(int)1>, int>, (bool)1>>, cutlass::epilogue::threadblock::VisitorAuxLoad<cutlass::epilogue::threadblock::OutputTileThreadLayout<cutlass::gemm::GemmShape<(int)128, (int)128, (int)128>, cutlass::gemm::GemmShape<(int)64, (int)64, (int)64>, cutlass::half_t, (int)8, (int)1>, cutlass::half_t, cute::tuple<long, cute::C<(int)1>, long>>>>, (int)1, (int)1>, cutlass::gemm::threadblock::GemmIdentityThreadblockSwizzle<(int)1>, (cutlass::conv::Operator)0, cutlass::conv::Conv2dProblemSize>>(T1::Params)",2655284.0
L|resblock_plain|C768|T64,sm86_xmma_fprop_implicit_gemm_f16f16_f16f32_f32_nhwckrsc_nhwc_tilesize128x64x32_stage4_warpsize2x2x1_g1_tensor16x8x16_execute_kernel__5x_cudnn,2557007.0
L|resblock_plain|C1536|T4,"void group_norm_silu_quantize_nhwc_vec2_kernel<__half, (bool)0>(const T1 *, signed char *, const T1 *, const T1 *, const T1 *, const T1 *, const float *, const float *, int, long, int, float, bool)",2525135.0
L|resblock_plain|C768|T4,"void group_norm_silu_quantize_nhwc_vec2_kernel<__half, (bool)0>(const T1 *, signed char *, const T1 *, const T1 *, const T1 *, const T1 *, const float *, const float *, int, long, int, float, bool)",2381133.0
L|resblock_updown|C768|T16,"void at::native::<unnamed>::upsample_nearest2d_nhwc_out_frame<float, &at::native::nearest_neighbor_compute_source_index>(const T1 *, T1 *, unsigned long, unsigned long, unsigned long, unsigned long, unsigned long, float, float, unsigned long)",2350961.0
L|resblock_plain|C1536|T16,sm80_xmma_gemm_f16f16_f16f32_f32_tn_n_tilesize96x128x32_stage4_warpsize2x2x1_tensor16x8x16_kernel,2334800.0
L|resblock_plain|C768|T16,"void group_norm_silu_quantize_nhwc_vec2_kernel<__half, (bool)0>(const T1 *, signed char *, const T1 *, const T1 *, const T1 *, const T1 *, const float *, const float *, int, long, int, float, bool)",2325362.0
L|resblock_updown|C768|T16,"void group_norm_silu_nhwc_kernel<__half>(const T1 *, T1 *, const T1 *, const T1 *, const T1 *, const T1 *, int, long, int, float, bool)",2240653.0
L|resblock_plain|C192|T256,"void at::native::elementwise_kernel<(int)128, (int)4, void at::native::gpu_kernel_impl_nocast<at::native::CUDAFunctor_add<c10::Half>>(at::TensorIteratorBase &, const T1 &)::[lambda(int) (instance 1)]>(int, T3)",1962477.0
L|resblock_updown|C192|T1024,"void avgpool2x_quantize_noahat_kernel<__half>(const T1 *, signed char *, const float *, const float *, int, int, int, int, long)",1961870.0
L|resblock_plain|C576|T256,"void at::native::elementwise_kernel<(int)128, (int)4, void at::native::gpu_kernel_impl_nocast<at::native::CUDAFunctor_add<c10::Half>>(at::TensorIteratorBase &, const T1 &)::[lambda(int) (instance 1)]>(int, T3)",1954603.0
,sm80_xmma_fprop_implicit_gemm_indexed_wo_smem_f16f16_f16f32_f32_nhwckrsc_nhwc_tilesize128x32x64_stage1_warpsize4x1x1_g1_tensor16x8x16_aligna4_alignc4_execute_kernel__5x_cudnn,1923950.0
L|attention|C768|T16,"void group_norm_silu_quantize_nhwc_vec2_kernel<__half, (bool)1>(const T1 *, signed char *, const T1 *, const T1 *, const T1 *, const T1 *, const float *, const float *, int, long, int, float, bool)",1811820.0
L|resblock_plain|C384|T16,"void group_norm_silu_quantize_nhwc_vec2_kernel<__half, (bool)0>(const T1 *, signed char *, const T1 *, const T1 *, const T1 *, const T1 *, const float *, const float *, int, long, int, float, bool)",1719597.0
L|resblock_plain|C1152|T64,sm86_xmma_fprop_implicit_gemm_f16f16_f16f32_f32_nhwckrsc_nhwc_tilesize128x128x32_stage3_warpsize2x2x1_g1_tensor16x8x16_execute_kernel__5x_cudnn,1648363.0
L|resblock_plain|C384|T16,"void cutlass::Kernel<modiff::ImplicitGemmConvolutionEVT<cutlass::conv::threadblock::ImplicitGemmMultistage<cutlass::gemm::GemmShape<(int)128, (int)128, (int)128>, cutlass::conv::threadblock::Conv2dFpropActivationTileAccessIteratorOptimized<cutlass::MatrixShape<(int)128, (int)128>, signed char, cutlass::layout::TensorNHWC, cutlass::transform::PitchLinearWarpRakedThreadMap<cutlass::PitchLinearShape<(int)128, (int)128>, (int)256, cutlass::PitchLinearShape<(int)8, (int)4>, (int)16>, cutlass::AlignedArray<signed char, (int)16, (int)16>>, cutlass::transform::threadblock::RegularTileAccessIterator<cutlass::MatrixShape<(int)128, (int)128>, signed char, cutlass::layout::RowMajorTensorOpMultiplicandCrosswise<(int)8, (int)128>, (int)0, cutlass::transform::PitchLinearWarpRakedThreadMap<cutlass::PitchLinearShape<(int)128, (int)128>, (int)256, cutlass::PitchLinearShape<(int)8, (int)4>, (int)16>, (int)16>, (cutlass::arch::CacheOperation::Kind)0, cutlass::conv::threadblock::Conv2dFpropFilterTileAccessIteratorOptimized<cutlass::MatrixShape<(int)128, (int)128>, signed char, cutlass::layout::TensorNHWC, cutlass::transform::PitchLinearWarpRakedThreadMap<cutlass::PitchLinearShape<(int)128, (int)128>, (int)256, cutlass::PitchLinearShape<(int)8, (int)4>, (int)16>, cutlass::AlignedArray<signed char, (int)16, (int)16>, (bool)0>, cutlass::transform::threadblock::RegularTileAccessIterator<cutlass::MatrixShape<(int)128, (int)128>, signed char, cutlass::layout::ColumnMajorTensorOpMultiplicandCrosswise<(int)8, (int)128>, (int)1, cutlass::transform::PitchLinearWarpRakedThreadMap<cutlass::PitchLinearShape<(int)128, (int)128>, (int)256, cutlass::PitchLinearShape<(int)8, (int)4>, (int)16>, (int)16>, (cutlass::arch::CacheOperation::Kind)1, cutlass::gemm::threadblock::MmaPolicy<cutlass::gemm::warp::MmaTensorOp<cutlass::gemm::GemmShape<(int)64, (int)64, (int)64>, signed char, cutlass::layout::RowMajorTensorOpMultiplicandCrosswise<(int)8, (int)128>, signed char, cutlass::layout::ColumnMajorTensorOpMultiplicandCrosswise<(int)8, (int)128>, int, cutlass::layout::RowMajor, cutlass::gemm::warp::MmaTensorOpPolicy<cutlass::arch::Mma<cutlass::gemm::GemmShape<(int)16, (int)8, (int)32>, (int)32, signed char, cutlass::layout::RowMajor, signed char, cutlass::layout::ColumnMajor, int, cutlass::layout::RowMajor, cutlass::arch::OpMultiplyAddSaturate>, cutlass::MatrixShape<(int)1, (int)1>>, (int)2, (bool)0, bool>, cutlass::MatrixShape<(int)0, (int)0>, cutlass::MatrixShape<(int)0, (int)0>, (int)2>, (int)3, bool>, cutlass::epilogue::threadblock::EpilogueWithVisitorCallbacks<cutlass::epilogue::threadblock::Epilogue<cutlass::gemm::GemmShape<(int)128, (int)128, (int)128>, cutlass::gemm::warp::MmaTensorOp<cutlass::gemm::GemmShape<(int)64, (int)64, (int)64>, signed char, cutlass::layout::RowMajorTensorOpMultiplicandCrosswise<(int)8, (int)128>, signed char, cutlass::layout::ColumnMajorTensorOpMultiplicandCrosswise<(int)8, (int)128>, int, cutlass::layout::RowMajor, cutlass::gemm::warp::MmaTensorOpPolicy<cutlass::arch::Mma<cutlass::gemm::GemmShape<(int)16, (int)8, (int)32>, (int)32, signed char, cutlass::layout::RowMajor, signed char, cutlass::layout::ColumnMajor, int, cutlass::layout::RowMajor, cutlass::arch::OpMultiplyAddSaturate>, cutlass::MatrixShape<(int)1, (int)1>>, (int)2, (bool)0, bool>, (int)2, cutlass::epilogue::threadblock::PredicatedTileIteratorConv<cutlass::epilogue::threadblock::OutputTileOptimalThreadMap<cutlass::epilogue::threadblock::OutputTileShape<(int)128, (int)8, (int)2, (int)1, (int)1>, cutlass::epilogue::threadblock::OutputTileShape<(int)1, (int)8, (int)1, (int)1, (int)8>, (int)256, (int)8, (int)16>, cutlass::half_t, (bool)0, cutlass::layout::NoPermute, (bool)0, (int)4>, cutlass::epilogue::warp::FragmentIteratorTensorOp<cutlass::gemm::GemmShape<(int)64, (int)64, (int)64>, cutlass::gemm::GemmShape<(int)16, (int)8, (int)32>, int, cutlass::Array<int, (int)4, (bool)1>, cutlass::layout::RowMajor>, cutlass::epilogue::warp::TileIteratorTensorOpMixed<cutlass::gemm::GemmShape<(int)64, (int)64, (int)64>, cutlass::gemm::GemmShape<(int)16, (int)8, (int)32>, int, (int)32, (int)16, (int)8, (int)8, (bool)0>, cutlass::epilogue::threadblock::SharedLoadIteratorMixed<cutlass::epilogue::threadblock::OutputTileOptimalThreadMap<cutlass::epilogue::threadblock::OutputTileShape<(int)128, (int)8, (int)2, (int)1, (int)1>, cutlass::epilogue::threadblock::OutputTileShape<(int)1, (int)8, (int)1, (int)1, (int)8>, (int)256, (int)8, (int)16>::CompactedThreadMap, int, (int)32, (int)16, (int)8, (int)8, (bool)0>, cutlass::epilogue::thread::LinearCombination<cutlass::half_t, (int)8, int, float, (cutlass::epilogue::thread::ScaleType::Kind)0, (cutlass::FloatRoundStyle)2, cutlass::half_t>, cutlass::MatrixShape<(int)0, (int)8>, (int)1, (int)1>, cutlass::epilogue::threadblock::TreeVisitor2x<cutlass::epilogue::threadblock::VisitorAuxStore<cutlass::epilogue::threadblock::OutputTileThreadLayout<cutlass::gemm::GemmShape<(int)128, (int)128, (int)128>, cutlass::gemm::GemmShape<(int)64, (int)64, (int)64>, cutlass::half_t, (int)8, (int)1>, cutlass::half_t, (cutlass::FloatRoundStyle)2, cute::tuple<long, cute::C<(int)1>, long>>, cutlass::epilogue::threadblock::TreeVisitor2x<cutlass::epilogue::threadblock::VisitorCompute<cutlass::plus, float, float, (cutlass::FloatRoundStyle)2, void>, cutlass::epilogue::threadblock::TreeVisitor2x<cutlass::epilogue::threadblock::VisitorCompute<cutlass::multiplies, float, float, (cutlass::FloatRoundStyle)2, void>, cutlass::epilogue::threadblock::TreeVisitor2x<cutlass::epilogue::threadblock::VisitorCompute<cutlass::multiplies, float, float, (cutlass::FloatRoundStyle)2, void>, cutlass::epilogue::threadblock::VisitorAccFetch, cutlass::epilogue::threadblock::VisitorScalarBroadcast<float, cute::tuple<cute::C<(int)0>, cute::C<(int)0>, cute::C<(int)0>>, (int)1, cutlass::multiplies>>, cutlass::epilogue::threadblock::VisitorRowBroadcast<cutlass::epilogue::threadblock::OutputTileThreadLayout<cutlass::gemm::GemmShape<(int)128, (int)128, (int)128>, cutlass::gemm::GemmShape<(int)64, (int)64, (int)64>, cutlass::half_t, (int)8, (int)1>, float, cute::tuple<cute::C<(int)0>, cute::C<(int)1>, int>, (bool)1>>, cutlass::epilogue::threadblock::VisitorRowBroadcast<cutlass::epilogue::threadblock::OutputTileThreadLayout<cutlass::gemm::GemmShape<(int)128, (int)128, (int)128>, cutlass::gemm::GemmShape<(int)64, (int)64, (int)64>, cutlass::half_t, (int)8, (int)1>, float, cute::tuple<cute::C<(int)0>, cute::C<(int)1>, int>, (bool)1>>>, (int)1, (int)1>, cutlass::gemm::threadblock::GemmIdentityThreadblockSwizzle<(int)1>, (cutlass::conv::Operator)0, cutlass::conv::Conv2dProblemSize>>(T1::Params)",1646795.0
L|resblock_plain|C192|T256,sm86_xmma_fprop_implicit_gemm_f16f16_f16f32_f32_nhwckrsc_nhwc_tilesize64x128x32_stage4_warpsize2x2x1_g1_tensor16x8x16_execute_kernel__5x_cudnn,1515277.0
L|resblock_updown|C768|T16,"void at::native::unrolled_elementwise_kernel<at::native::direct_copy_kernel_cuda(at::TensorIteratorBase &)::[lambda() (instance 3)]::operator ()() const::[lambda() (instance 10)]::operator ()() const::[lambda(c10::Half) (instance 1)], at::detail::Array<char *, (int)2>, TrivialOffsetCalculator<(int)1, unsigned int>, TrivialOffsetCalculator<(int)1, unsigned int>, at::native::memory::LoadWithCast<(int)1>, at::native::memory::StoreWithCast<(int)1>>(int, T1, T2, T3, T4, T5, T6)",1372616.0
L|resblock_updown|C768|T16,"void upsample2x_quantize_noahat_kernel<__half>(const T1 *, signed char *, const float *, const float *, int, int, int, int, long)",1357835.0
L|resblock_plain|C1536|T4,ampere_fp16_s16816gemm_fp16_128x64_ldg8_f2f_stages_32x6_tn,1251272.0
L|resblock_updown|C768|T4,"void group_norm_silu_quantize_nhwc_vec2_kernel<__half, (bool)0>(const T1 *, signed char *, const T1 *, const T1 *, const T1 *, const T1 *, const float *, const float *, int, long, int, float, bool)",1192615.0
L|resblock_plain|C768|T64,"void at::native::elementwise_kernel<(int)128, (int)4, void at::native::gpu_kernel_impl_nocast<at::native::CUDAFunctor_add<c10::Half>>(at::TensorIteratorBase &, const T1 &)::[lambda(int) (instance 1)]>(int, T3)",1072491.0
L|resblock_updown|C384|T256,"void avgpool2x_quantize_noahat_kernel<__half>(const T1 *, signed char *, const float *, const float *, int, int, int, int, long)",1047749.0
L|resblock_plain|C1152|T16,ampere_fp16_s1688gemm_fp16_128x128_ldg8_f2f_stages_32x1_tn,965607.0
L|resblock_plain|C768|T4,ampere_fp16_s16816gemm_fp16_64x64_sliced1x2_ldg8_relu_f2f_stages_64x5_tn,788970.0
L|resblock_updown|C384|T64,"void at::native::<unnamed>::avg_pool2d_out_cuda_frame_nhwc<c10::Half, float>(int, const T1 *, long, long, long, int, int, int, int, int, int, int, int, T1 *, int, bool, bool)",746727.0
L|resblock_updown|C384|T64,"void at::native::unrolled_elementwise_kernel<at::native::direct_copy_kernel_cuda(at::TensorIteratorBase &)::[lambda() (instance 3)]::operator ()() const::[lambda() (instance 7)]::operator ()() const::[lambda(float) (instance 1)], at::detail::Array<char *, (int)2>, TrivialOffsetCalculator<(int)1, unsigned int>, TrivialOffsetCalculator<(int)1, unsigned int>, at::native::memory::LoadWithCast<(int)1>, at::native::memory::StoreWithCast<(int)1>>(int, T1, T2, T3, T4, T5, T6)",713730.0
L|attention|C768|T4,"gemm_w8a8_kernel_awq(const signed char *, const signed char *, const float *, float, __half *, int, int, int, int, const __half *, const __half *)",641416.0
L|resblock_plain|C1536|T4,ampere_fp16_s16816gemm_fp16_64x64_sliced1x2_ldg8_relu_f2f_stages_64x5_tn,584424.0
L|resblock_updown|C768|T4,"void at::native::<unnamed>::upsample_nearest2d_nhwc_out_frame<float, &at::native::nearest_neighbor_compute_source_index>(const T1 *, T1 *, unsigned long, unsigned long, unsigned long, unsigned long, unsigned long, float, float, unsigned long)",554916.0
L|resblock_plain|C1152|T64,"void at::native::elementwise_kernel<(int)128, (int)4, void at::native::gpu_kernel_impl_nocast<at::native::CUDAFunctor_add<c10::Half>>(at::TensorIteratorBase &, const T1 &)::[lambda(int) (instance 1)]>(int, T3)",512738.0
L|resblock_plain|C384|T16,ampere_fp16_s16816gemm_fp16_256x128_ldg8_f2f_stages_32x3_tn,452387.0
L|resblock_plain|C1536|T16,ampere_fp16_s16816gemm_fp16_64x64_sliced1x2_ldg8_relu_f2f_stages_64x5_tn,449733.0
L|resblock_plain|C768|T4,"void at::native::elementwise_kernel<(int)128, (int)4, void at::native::gpu_kernel_impl_nocast<at::native::direct_copy_kernel_cuda(at::TensorIteratorBase &)::[lambda() (instance 3)]::operator ()() const::[lambda() (instance 10)]::operator ()() const::[lambda(c10::Half) (instance 1)]>(at::TensorIteratorBase &, const T1 &)::[lambda(int) (instance 1)]>(int, T3)",448260.0
L|resblock_plain|C1536|T16,"void at::native::elementwise_kernel<(int)128, (int)4, void at::native::gpu_kernel_impl_nocast<at::native::CUDAFunctor_add<c10::Half>>(at::TensorIteratorBase &, const T1 &)::[lambda(int) (instance 1)]>(int, T3)",445987.0
L|attention|C768|T4,"void gemm_w8a8_kernel_awq_out_i8<(int)0>(const signed char *, const signed char *, const float *, float, const float *, const __half *, signed char *, int, int, int, int, signed char *, signed char *, signed char *, int, int, int, int)",441921.0
L|resblock_updown|C768|T16,ampere_fp16_s16816gemm_fp16_64x64_sliced1x2_ldg8_relu_f2f_stages_64x5_tn,415616.0
,"void at::native::elementwise_kernel<(int)128, (int)4, void at::native::gpu_kernel_impl<at::native::CUDAFunctor_add<float>>(at::TensorIteratorBase &, const T1 &)::[lambda(int) (instance 1)]>(int, T3)",391333.0
L|resblock_updown|C768|T16,"void at::native::<unnamed>::avg_pool2d_out_cuda_frame_nhwc<c10::Half, float>(int, const T1 *, long, long, long, int, int, int, int, int, int, int, int, T1 *, int, bool, bool)",384196.0
L|resblock_plain|C1536|T4,"void at::native::elementwise_kernel<(int)128, (int)4, void at::native::gpu_kernel_impl_nocast<at::native::direct_copy_kernel_cuda(at::TensorIteratorBase &)::[lambda() (instance 3)]::operator ()() const::[lambda() (instance 10)]::operator ()() const::[lambda(c10::Half) (instance 1)]>(at::TensorIteratorBase &, const T1 &)::[lambda(int) (instance 1)]>(int, T3)",375041.0
L|resblock_updown|C768|T16,"void at::native::unrolled_elementwise_kernel<at::native::direct_copy_kernel_cuda(at::TensorIteratorBase &)::[lambda() (instance 3)]::operator ()() const::[lambda() (instance 7)]::operator ()() const::[lambda(float) (instance 1)], at::detail::Array<char *, (int)2>, TrivialOffsetCalculator<(int)1, unsigned int>, TrivialOffsetCalculator<(int)1, unsigned int>, at::native::memory::LoadWithCast<(int)1>, at::native::memory::StoreWithCast<(int)1>>(int, T1, T2, T3, T4, T5, T6)",362114.0
L|resblock_updown|C768|T4,"void at::native::unrolled_elementwise_kernel<at::native::direct_copy_kernel_cuda(at::TensorIteratorBase &)::[lambda() (instance 3)]::operator ()() const::[lambda() (instance 10)]::operator ()() const::[lambda(c10::Half) (instance 1)], at::detail::Array<char *, (int)2>, TrivialOffsetCalculator<(int)1, unsigned int>, TrivialOffsetCalculator<(int)1, unsigned int>, at::native::memory::LoadWithCast<(int)1>, at::native::memory::StoreWithCast<(int)1>>(int, T1, T2, T3, T4, T5, T6)",360323.0
L|resblock_updown|C768|T4,"void upsample2x_quantize_noahat_kernel<__half>(const T1 *, signed char *, const float *, const float *, int, int, int, int, long)",355489.0
L|resblock_plain|C768|T256,"void at::native::elementwise_kernel<(int)128, (int)4, void at::native::gpu_kernel_impl_nocast<at::native::direct_copy_kernel_cuda(at::TensorIteratorBase &)::[lambda() (instance 3)]::operator ()() const::[lambda() (instance 10)]::operator ()() const::[lambda(c10::Half) (instance 1)]>(at::TensorIteratorBase &, const T1 &)::[lambda(int) (instance 1)]>(int, T3)",344836.0
L|resblock_plain|C768|T64,"void at::native::elementwise_kernel<(int)128, (int)4, void at::native::gpu_kernel_impl_nocast<at::native::direct_copy_kernel_cuda(at::TensorIteratorBase &)::[lambda() (instance 3)]::operator ()() const::[lambda() (instance 10)]::operator ()() const::[lambda(c10::Half) (instance 1)]>(at::TensorIteratorBase &, const T1 &)::[lambda(int) (instance 1)]>(int, T3)",343009.0
L|resblock_plain|C384|T64,sm80_xmma_gemm_f16f16_f16f32_f32_tn_n_tilesize32x32x64_stage6_warpsize2x2x1_tensor16x8x16_kernel,339072.0
L|resblock_plain|C768|T256,sm80_xmma_gemm_f16f16_f16f32_f32_tn_n_tilesize32x32x64_stage6_warpsize2x2x1_tensor16x8x16_kernel,338050.0
L|resblock_updown|C384|T64,sm80_xmma_gemm_f16f16_f16f32_f32_tn_n_tilesize32x32x64_stage6_warpsize2x2x1_tensor16x8x16_kernel,333410.0
L|resblock_updown|C384|T256,sm80_xmma_gemm_f16f16_f16f32_f32_tn_n_tilesize32x32x64_stage6_warpsize2x2x1_tensor16x8x16_kernel,330945.0
L|resblock_plain|C768|T64,sm80_xmma_gemm_f16f16_f16f32_f32_tn_n_tilesize32x32x64_stage6_warpsize2x2x1_tensor16x8x16_kernel,330464.0
L|resblock_plain|C384|T1024,"void at::native::elementwise_kernel<(int)128, (int)4, void at::native::gpu_kernel_impl_nocast<at::native::direct_copy_kernel_cuda(at::TensorIteratorBase &)::[lambda() (instance 3)]::operator ()() const::[lambda() (instance 10)]::operator ()() const::[lambda(c10::Half) (instance 1)]>(at::TensorIteratorBase &, const T1 &)::[lambda(int) (instance 1)]>(int, T3)",330434.0
L|resblock_plain|C1536|T16,"void at::native::elementwise_kernel<(int)128, (int)4, void at::native::gpu_kernel_impl_nocast<at::native::direct_copy_kernel_cuda(at::TensorIteratorBase &)::[lambda() (instance 3)]::operator ()() const::[lambda() (instance 10)]::operator ()() const::[lambda(c10::Half) (instance 1)]>(at::TensorIteratorBase &, const T1 &)::[lambda(int) (instance 1)]>(int, T3)",310850.0
L|resblock_updown|C384|T64,"void avgpool2x_quantize_noahat_kernel<__half>(const T1 *, signed char *, const float *, const float *, int, int, int, int, long)",308162.0
L|resblock_updown|C768|T16,"void at::native::elementwise_kernel<(int)128, (int)4, void at::native::gpu_kernel_impl_nocast<at::native::direct_copy_kernel_cuda(at::TensorIteratorBase &)::[lambda() (instance 3)]::operator ()() const::[lambda() (instance 10)]::operator ()() const::[lambda(c10::Half) (instance 1)]>(at::TensorIteratorBase &, const T1 &)::[lambda(int) (instance 1)]>(int, T3)",290241.0
L|resblock_updown|C768|T4,"void group_norm_silu_nhwc_kernel<__half>(const T1 *, T1 *, const T1 *, const T1 *, const T1 *, const T1 *, int, long, int, float, bool)",282530.0
L|resblock_updown|C384|T64,"void at::native::elementwise_kernel<(int)128, (int)4, void at::native::gpu_kernel_impl_nocast<at::native::direct_copy_kernel_cuda(at::TensorIteratorBase &)::[lambda() (instance 3)]::operator ()() const::[lambda() (instance 10)]::operator ()() const::[lambda(c10::Half) (instance 1)]>(at::TensorIteratorBase &, const T1 &)::[lambda(int) (instance 1)]>(int, T3)",281987.0
L|resblock_updown|C384|T256,"void at::native::elementwise_kernel<(int)128, (int)4, void at::native::gpu_kernel_impl_nocast<at::native::direct_copy_kernel_cuda(at::TensorIteratorBase &)::[lambda() (instance 3)]::operator ()() const::[lambda() (instance 10)]::operator ()() const::[lambda(c10::Half) (instance 1)]>(at::TensorIteratorBase &, const T1 &)::[lambda(int) (instance 1)]>(int, T3)",279461.0
L|resblock_plain|C1536|T4,"void at::native::elementwise_kernel<(int)128, (int)4, void at::native::gpu_kernel_impl_nocast<at::native::CUDAFunctor_add<c10::Half>>(at::TensorIteratorBase &, const T1 &)::[lambda(int) (instance 1)]>(int, T3)",247138.0
L|attention|C768|T4,"void group_norm_silu_quantize_nhwc_vec2_kernel<__half, (bool)1>(const T1 *, signed char *, const T1 *, const T1 *, const T1 *, const T1 *, const float *, const float *, int, long, int, float, bool)",236450.0
L|resblock_plain|C1152|T16,ampere_fp16_s16816gemm_fp16_64x64_sliced1x2_ldg8_relu_f2f_stages_64x5_tn,229377.0
L|resblock_plain|C192|T1024,sm80_xmma_gemm_f16f16_f16f32_f32_tn_n_tilesize32x32x64_stage6_warpsize2x2x1_tensor16x8x16_kernel,224546.0
L|resblock_plain|C768|T16,ampere_fp16_s16816gemm_fp16_64x64_sliced1x2_ldg8_relu_f2f_stages_64x5_tn,218913.0
L|resblock_plain|C384|T64,"void at::native::elementwise_kernel<(int)128, (int)4, void at::native::gpu_kernel_impl_nocast<at::native::direct_copy_kernel_cuda(at::TensorIteratorBase &)::[lambda() (instance 3)]::operator ()() const::[lambda() (instance 10)]::operator ()() const::[lambda(c10::Half) (instance 1)]>(at::TensorIteratorBase &, const T1 &)::[lambda(int) (instance 1)]>(int, T3)",215873.0
L|resblock_plain|C384|T1024,sm80_xmma_gemm_f16f16_f16f32_f32_tn_n_tilesize32x32x64_stage6_warpsize2x2x1_tensor16x8x16_kernel,212034.0
L|resblock_plain|C192|T1024,"void at::native::elementwise_kernel<(int)128, (int)4, void at::native::gpu_kernel_impl_nocast<at::native::direct_copy_kernel_cuda(at::TensorIteratorBase &)::[lambda() (instance 3)]::operator ()() const::[lambda() (instance 10)]::operator ()() const::[lambda(c10::Half) (instance 1)]>(at::TensorIteratorBase &, const T1 &)::[lambda(int) (instance 1)]>(int, T3)",209124.0
L|resblock_plain|C384|T16,ampere_fp16_s16816gemm_fp16_64x64_sliced1x2_ldg8_relu_f2f_stages_64x5_tn,205568.0
L|resblock_updown|C768|T4,ampere_fp16_s16816gemm_fp16_64x64_sliced1x2_ldg8_relu_f2f_stages_64x5_tn,203296.0
L|resblock_plain|C768|T4,"void at::native::vectorized_elementwise_kernel<(int)4, at::native::<unnamed>::silu_kernel(at::TensorIteratorBase &)::[lambda() (instance 1)]::operator ()() const::[lambda() (instance 5)]::operator ()() const::[lambda(c10::Half) (instance 1)], at::detail::Array<char *, (int)2>>(int, T2, T3)",197664.0
,"void nhwcAddPaddingKernel<__half, __half, float, (bool)1, (cudnnKernelDataType_t)0>(int, int, int, int, int, int, int, int, const T1 *, T2 *, int, int, int, int, T3, T3, cudnn::reduced_divisor, cudnn::reduced_divisor, cudnn::reduced_divisor)",193537.0
L|resblock_plain|C1152|T16,"void at::native::elementwise_kernel<(int)128, (int)4, void at::native::gpu_kernel_impl_nocast<at::native::CUDAFunctor_add<c10::Half>>(at::TensorIteratorBase &, const T1 &)::[lambda(int) (instance 1)]>(int, T3)",191777.0
L|resblock_plain|C384|T16,"void at::native::elementwise_kernel<(int)128, (int)4, void at::native::gpu_kernel_impl_nocast<at::native::CUDAFunctor_add<c10::Half>>(at::TensorIteratorBase &, const T1 &)::[lambda(int) (instance 1)]>(int, T3)",174177.0
L|attention|C768|T4,"void flash_attn_int8_qi8packed_small_qout_kernel<(int)4, (int)96, (int)4, (bool)0>(const signed char *, const float *, signed char *, int, int, float, float, float, int)",173986.0
L|resblock_plain|C192|T256,"void at::native::elementwise_kernel<(int)128, (int)4, void at::native::gpu_kernel_impl_nocast<at::native::direct_copy_kernel_cuda(at::TensorIteratorBase &)::[lambda() (instance 3)]::operator ()() const::[lambda() (instance 10)]::operator ()() const::[lambda(c10::Half) (instance 1)]>(at::TensorIteratorBase &, const T1 &)::[lambda(int) (instance 1)]>(int, T3)",173282.0
L|resblock_plain|C576|T256,"void at::native::elementwise_kernel<(int)128, (int)4, void at::native::gpu_kernel_impl_nocast<at::native::direct_copy_kernel_cuda(at::TensorIteratorBase &)::[lambda() (instance 3)]::operator ()() const::[lambda() (instance 10)]::operator ()() const::[lambda(c10::Half) (instance 1)]>(at::TensorIteratorBase &, const T1 &)::[lambda(int) (instance 1)]>(int, T3)",172324.0
L|resblock_plain|C192|T256,sm80_xmma_gemm_f16f16_f16f32_f32_tn_n_tilesize32x32x64_stage6_warpsize2x2x1_tensor16x8x16_kernel,171650.0
L|resblock_plain|C1152|T64,"void at::native::elementwise_kernel<(int)128, (int)4, void at::native::gpu_kernel_impl_nocast<at::native::direct_copy_kernel_cuda(at::TensorIteratorBase &)::[lambda() (instance 3)]::operator ()() const::[lambda() (instance 10)]::operator ()() const::[lambda(c10::Half) (instance 1)]>(at::TensorIteratorBase &, const T1 &)::[lambda(int) (instance 1)]>(int, T3)",170882.0
,sm80_xmma_gemm_f16f16_f16f32_f32_tn_n_tilesize32x32x64_stage6_warpsize2x2x1_tensor16x8x16_kernel,168577.0
L|resblock_plain|C1536|T4,"void at::native::vectorized_elementwise_kernel<(int)4, at::native::<unnamed>::silu_kernel(at::TensorIteratorBase &)::[lambda() (instance 1)]::operator ()() const::[lambda() (instance 5)]::operator ()() const::[lambda(c10::Half) (instance 1)], at::detail::Array<char *, (int)2>>(int, T2, T3)",168547.0
L|resblock_plain|C384|T256,sm80_xmma_gemm_f16f16_f16f32_f32_tn_n_tilesize32x32x64_stage6_warpsize2x2x1_tensor16x8x16_kernel,168385.0
L|resblock_plain|C576|T256,sm80_xmma_gemm_f16f16_f16f32_f32_tn_n_tilesize32x32x64_stage6_warpsize2x2x1_tensor16x8x16_kernel,167233.0
L|resblock_plain|C1152|T64,sm80_xmma_gemm_f16f16_f16f32_f32_tn_n_tilesize32x32x64_stage6_warpsize2x2x1_tensor16x8x16_kernel,165955.0
L|resblock_plain|C576|T1024,"void at::native::elementwise_kernel<(int)128, (int)4, void at::native::gpu_kernel_impl_nocast<at::native::direct_copy_kernel_cuda(at::TensorIteratorBase &)::[lambda() (instance 3)]::operator ()() const::[lambda() (instance 10)]::operator ()() const::[lambda(c10::Half) (instance 1)]>(at::TensorIteratorBase &, const T1 &)::[lambda(int) (instance 1)]>(int, T3)",164193.0
L|resblock_updown|C768|T4,"void at::native::elementwise_kernel<(int)128, (int)4, void at::native::gpu_kernel_impl_nocast<at::native::direct_copy_kernel_cuda(at::TensorIteratorBase &)::[lambda() (instance 3)]::operator ()() const::[lambda() (instance 10)]::operator ()() const::[lambda(c10::Half) (instance 1)]>(at::TensorIteratorBase &, const T1 &)::[lambda(int) (instance 1)]>(int, T3)",162339.0
,"void at::native::vectorized_elementwise_kernel<(int)4, at::native::AUnaryFunctor<c10::Half, c10::Half, c10::Half, at::native::binary_internal::MulFunctor<float>>, at::detail::Array<char *, (int)2>>(int, T2, T3)",156960.0
L|resblock_plain|C1152|T16,"void at::native::elementwise_kernel<(int)128, (int)4, void at::native::gpu_kernel_impl_nocast<at::native::direct_copy_kernel_cuda(at::TensorIteratorBase &)::[lambda() (instance 3)]::operator ()() const::[lambda() (instance 10)]::operator ()() const::[lambda(c10::Half) (instance 1)]>(at::TensorIteratorBase &, const T1 &)::[lambda(int) (instance 1)]>(int, T3)",153409.0
L|resblock_plain|C384|T16,"void at::native::elementwise_kernel<(int)128, (int)4, void at::native::gpu_kernel_impl_nocast<at::native::direct_copy_kernel_cuda(at::TensorIteratorBase &)::[lambda() (instance 3)]::operator ()() const::[lambda() (instance 10)]::operator ()() const::[lambda(c10::Half) (instance 1)]>(at::TensorIteratorBase &, const T1 &)::[lambda(int) (instance 1)]>(int, T3)",148515.0
L|resblock_updown|C768|T16,"void avgpool2x_quantize_noahat_kernel<__half>(const T1 *, signed char *, const float *, const float *, int, int, int, int, long)",140195.0
L|resblock_plain|C384|T64,"void at::native::vectorized_elementwise_kernel<(int)4, at::native::<unnamed>::silu_kernel(at::TensorIteratorBase &)::[lambda() (instance 1)]::operator ()() const::[lambda() (instance 5)]::operator ()() const::[lambda(c10::Half) (instance 1)], at::detail::Array<char *, (int)2>>(int, T2, T3)",122628.0
L|resblock_plain|C768|T64,"void at::native::vectorized_elementwise_kernel<(int)4, at::native::<unnamed>::silu_kernel(at::TensorIteratorBase &)::[lambda() (instance 1)]::operator ()() const::[lambda() (instance 5)]::operator ()() const::[lambda(c10::Half) (instance 1)], at::detail::Array<char *, (int)2>>(int, T2, T3)",122400.0
L|resblock_plain|C192|T1024,"void at::native::vectorized_elementwise_kernel<(int)4, at::native::<unnamed>::silu_kernel(at::TensorIteratorBase &)::[lambda() (instance 1)]::operator ()() const::[lambda() (instance 5)]::operator ()() const::[lambda(c10::Half) (instance 1)], at::detail::Array<char *, (int)2>>(int, T2, T3)",120865.0
L|resblock_plain|C1536|T16,"void at::native::vectorized_elementwise_kernel<(int)4, at::native::<unnamed>::silu_kernel(at::TensorIteratorBase &)::[lambda() (instance 1)]::operator ()() const::[lambda() (instance 5)]::operator ()() const::[lambda(c10::Half) (instance 1)], at::detail::Array<char *, (int)2>>(int, T2, T3)",120256.0
L|resblock_plain|C768|T256,"void at::native::vectorized_elementwise_kernel<(int)4, at::native::<unnamed>::silu_kernel(at::TensorIteratorBase &)::[lambda() (instance 1)]::operator ()() const::[lambda() (instance 5)]::operator ()() const::[lambda(c10::Half) (instance 1)], at::detail::Array<char *, (int)2>>(int, T2, T3)",118337.0
L|resblock_updown|C384|T64,"void at::native::vectorized_elementwise_kernel<(int)4, at::native::<unnamed>::silu_kernel(at::TensorIteratorBase &)::[lambda() (instance 1)]::operator ()() const::[lambda() (instance 5)]::operator ()() const::[lambda(c10::Half) (instance 1)], at::detail::Array<char *, (int)2>>(int, T2, T3)",118272.0
L|resblock_updown|C384|T256,"void at::native::vectorized_elementwise_kernel<(int)4, at::native::<unnamed>::silu_kernel(at::TensorIteratorBase &)::[lambda() (instance 1)]::operator ()() const::[lambda() (instance 5)]::operator ()() const::[lambda(c10::Half) (instance 1)], at::detail::Array<char *, (int)2>>(int, T2, T3)",116001.0
,"void at::native::vectorized_elementwise_kernel<(int)4, at::native::AUnaryFunctor<float, float, float, at::native::binary_internal::MulFunctor<float>>, at::detail::Array<char *, (int)2>>(int, T2, T3)",115969.0
L|resblock_updown|C768|T4,"void at::native::unrolled_elementwise_kernel<at::native::direct_copy_kernel_cuda(at::TensorIteratorBase &)::[lambda() (instance 3)]::operator ()() const::[lambda() (instance 7)]::operator ()() const::[lambda(float) (instance 1)], at::detail::Array<char *, (int)2>, TrivialOffsetCalculator<(int)1, unsigned int>, TrivialOffsetCalculator<(int)1, unsigned int>, at::native::memory::LoadWithCast<(int)1>, at::native::memory::StoreWithCast<(int)1>>(int, T1, T2, T3, T4, T5, T6)",115169.0
L|resblock_plain|C768|T16,"void at::native::elementwise_kernel<(int)128, (int)4, void at::native::gpu_kernel_impl_nocast<at::native::direct_copy_kernel_cuda(at::TensorIteratorBase &)::[lambda() (instance 3)]::operator ()() const::[lambda() (instance 10)]::operator ()() const::[lambda(c10::Half) (instance 1)]>(at::TensorIteratorBase &, const T1 &)::[lambda(int) (instance 1)]>(int, T3)",114720.0
L|resblock_plain|C384|T1024,"void at::native::vectorized_elementwise_kernel<(int)4, at::native::<unnamed>::silu_kernel(at::TensorIteratorBase &)::[lambda() (instance 1)]::operator ()() const::[lambda() (instance 5)]::operator ()() const::[lambda(c10::Half) (instance 1)], at::detail::Array<char *, (int)2>>(int, T2, T3)",111553.0
L|resblock_updown|C768|T16,"void at::native::vectorized_elementwise_kernel<(int)4, at::native::<unnamed>::silu_kernel(at::TensorIteratorBase &)::[lambda() (instance 1)]::operator ()() const::[lambda() (instance 5)]::operator ()() const::[lambda(c10::Half) (instance 1)], at::detail::Array<char *, (int)2>>(int, T2, T3)",111328.0
L|resblock_plain|C384|T256,"void at::native::elementwise_kernel<(int)128, (int)4, void at::native::gpu_kernel_impl_nocast<at::native::direct_copy_kernel_cuda(at::TensorIteratorBase &)::[lambda() (instance 3)]::operator ()() const::[lambda() (instance 10)]::operator ()() const::[lambda(c10::Half) (instance 1)]>(at::TensorIteratorBase &, const T1 &)::[lambda(int) (instance 1)]>(int, T3)",109472.0
L|resblock_updown|C192|T1024,sm80_xmma_gemm_f16f16_f16f32_f32_tn_n_tilesize32x32x64_stage6_warpsize2x2x1_tensor16x8x16_kernel,107361.0
L|resblock_updown|C192|T1024,"void at::native::elementwise_kernel<(int)128, (int)4, void at::native::gpu_kernel_impl_nocast<at::native::direct_copy_kernel_cuda(at::TensorIteratorBase &)::[lambda() (instance 3)]::operator ()() const::[lambda() (instance 10)]::operator ()() const::[lambda(c10::Half) (instance 1)]>(at::TensorIteratorBase &, const T1 &)::[lambda(int) (instance 1)]>(int, T3)",106656.0
L|resblock_plain|C576|T1024,sm80_xmma_gemm_f16f16_f16f32_f32_tn_n_tilesize32x32x64_stage6_warpsize2x2x1_tensor16x8x16_kernel,104896.0
,void cutlass::Kernel2<cutlass_80_wmma_tensorop_f16_s161616gemm_f16_32x32_128x2_tn_align8>(T1::Params),96992.0
,"void at::native::reduce_kernel<(int)512, (int)1, at::native::ReduceOp<long, at::native::func_wrapper_t<long, at::native::MaxNanFunctor<long>>, unsigned int, long, (int)4>>(T3)",71552.0
,"void at::native::<unnamed>::ComputeFusedParamsCUDAKernel<float>(long, long, long, const T1 *, const T1 *, const T1 *, const T1 *, at::AccumulateType<T1, (bool)1>::type *, at::AccumulateType<T1, (bool)1>::type *)",70562.0
,"void at::native::<unnamed>::indexSelectLargeIndex<float, long, unsigned int, (int)2, (int)2, (int)-2, (bool)1>(at::cuda::detail::TensorInfo<T1, T3>, at::cuda::detail::TensorInfo<const T1, T3>, at::cuda::detail::TensorInfo<const T2, T3>, int, int, T3, T3, long)",65792.0
L|resblock_updown|C768|T4,"void at::native::vectorized_elementwise_kernel<(int)4, at::native::<unnamed>::silu_kernel(at::TensorIteratorBase &)::[lambda() (instance 1)]::operator ()() const::[lambda() (instance 5)]::operator ()() const::[lambda(c10::Half) (instance 1)], at::detail::Array<char *, (int)2>>(int, T2, T3)",62817.0
L|resblock_plain|C192|T256,"void at::native::vectorized_elementwise_kernel<(int)4, at::native::<unnamed>::silu_kernel(at::TensorIteratorBase &)::[lambda() (instance 1)]::operator ()() const::[lambda() (instance 5)]::operator ()() const::[lambda(c10::Half) (instance 1)], at::detail::Array<char *, (int)2>>(int, T2, T3)",61505.0
L|resblock_plain|C768|T16,"void at::native::vectorized_elementwise_kernel<(int)4, at::native::<unnamed>::silu_kernel(at::TensorIteratorBase &)::[lambda() (instance 1)]::operator ()() const::[lambda() (instance 5)]::operator ()() const::[lambda(c10::Half) (instance 1)], at::detail::Array<char *, (int)2>>(int, T2, T3)",61505.0
L|resblock_plain|C1152|T16,"void at::native::vectorized_elementwise_kernel<(int)4, at::native::<unnamed>::silu_kernel(at::TensorIteratorBase &)::[lambda() (instance 1)]::operator ()() const::[lambda() (instance 5)]::operator ()() const::[lambda(c10::Half) (instance 1)], at::detail::Array<char *, (int)2>>(int, T2, T3)",60128.0
L|resblock_plain|C384|T256,"void at::native::vectorized_elementwise_kernel<(int)4, at::native::<unnamed>::silu_kernel(at::TensorIteratorBase &)::[lambda() (instance 1)]::operator ()() const::[lambda() (instance 5)]::operator ()() const::[lambda(c10::Half) (instance 1)], at::detail::Array<char *, (int)2>>(int, T2, T3)",60000.0
L|resblock_plain|C1152|T64,"void at::native::vectorized_elementwise_kernel<(int)4, at::native::<unnamed>::silu_kernel(at::TensorIteratorBase &)::[lambda() (instance 1)]::operator ()() const::[lambda() (instance 5)]::operator ()() const::[lambda(c10::Half) (instance 1)], at::detail::Array<char *, (int)2>>(int, T2, T3)",59968.0
L|resblock_plain|C384|T16,"void at::native::vectorized_elementwise_kernel<(int)4, at::native::<unnamed>::silu_kernel(at::TensorIteratorBase &)::[lambda() (instance 1)]::operator ()() const::[lambda() (instance 5)]::operator ()() const::[lambda(c10::Half) (instance 1)], at::detail::Array<char *, (int)2>>(int, T2, T3)",58561.0
L|resblock_plain|C576|T256,"void at::native::vectorized_elementwise_kernel<(int)4, at::native::<unnamed>::silu_kernel(at::TensorIteratorBase &)::[lambda() (instance 1)]::operator ()() const::[lambda() (instance 5)]::operator ()() const::[lambda(c10::Half) (instance 1)], at::detail::Array<char *, (int)2>>(int, T2, T3)",58272.0
L|resblock_updown|C192|T1024,"void at::native::vectorized_elementwise_kernel<(int)4, at::native::<unnamed>::silu_kernel(at::TensorIteratorBase &)::[lambda() (instance 1)]::operator ()() const::[lambda() (instance 5)]::operator ()() const::[lambda(c10::Half) (instance 1)], at::detail::Array<char *, (int)2>>(int, T2, T3)",56290.0
L|resblock_plain|C576|T1024,"void at::native::vectorized_elementwise_kernel<(int)4, at::native::<unnamed>::silu_kernel(at::TensorIteratorBase &)::[lambda() (instance 1)]::operator ()() const::[lambda() (instance 5)]::operator ()() const::[lambda(c10::Half) (instance 1)], at::detail::Array<char *, (int)2>>(int, T2, T3)",56128.0
,"void at::native::vectorized_elementwise_kernel<(int)4, at::native::<unnamed>::silu_kernel(at::TensorIteratorBase &)::[lambda() (instance 1)]::operator ()() const::[lambda() (instance 5)]::operator ()() const::[lambda(c10::Half) (instance 1)], at::detail::Array<char *, (int)2>>(int, T2, T3)",36864.0
,"void at::native::vectorized_elementwise_kernel<(int)4, at::native::FillFunctor<long>, at::detail::Array<char *, (int)1>>(int, T2, T3)",31680.0
,"void at::native::<unnamed>::distribution_elementwise_grid_stride_kernel<float, (int)4, void at::native::templates::cuda::normal_and_transform<float, float, (unsigned long)4, at::CUDAGeneratorImpl *, void at::native::templates::cuda::normal_kernel<at::CUDAGeneratorImpl *>(const at::TensorBase &, double, double, T1)::[lambda() (instance 1)]::operator ()() const::[lambda() (instance 2)]::operator ()() const::[lambda(float) (instance 1)]>(at::TensorIteratorBase &, T4, T5)::[lambda(curandStatePhilox4_32_10 *) (instance 2)], void at::native::<unnamed>::distribution_nullary_kernel<float, float, (int)4, at::CUDAGeneratorImpl *, void at::native::templates::cuda::normal_and_transform<float, float, (unsigned long)4, at::CUDAGeneratorImpl *, void at::native::templates::cuda::normal_kernel<at::CUDAGeneratorImpl *>(const at::TensorBase &, double, double, T1)::[lambda() (instance 1)]::operator ()() const::[lambda() (instance 2)]::operator ()() const::[lambda(float) (instance 1)]>(at::TensorIteratorBase &, T4, T5)::[lambda(curandStatePhilox4_32_10 *) (instance 2)], void at::native::templates::cuda::normal_kernel<at::CUDAGeneratorImpl *>(const at::TensorBase &, double, double, T1)::[lambda() (instance 1)]::operator ()() const::[lambda() (instance 2)]::operator ()() const::[lambda(float) (instance 1)]>(at::TensorIteratorBase &, T4, const T5 &, T6)::[lambda(int, float) (instance 1)]>(int, at::PhiloxCudaState, T3, T4)",6720.0
,"void at::native::vectorized_elementwise_kernel<(int)4, at::native::CUDAFunctorOnOther_add<float>, at::detail::Array<char *, (int)2>>(int, T2, T3)",4064.0
,"void at::native::vectorized_elementwise_kernel<(int)4, at::native::BinaryFunctor<float, float, float, at::native::binary_internal::DivFunctor<float>>, at::detail::Array<char *, (int)3>>(int, T2, T3)",3232.0
,"void at::native::vectorized_elementwise_kernel<(int)4, at::native::sqrt_kernel_cuda(at::TensorIteratorBase &)::[lambda() (instance 2)]::operator ()() const::[lambda() (instance 2)]::operator ()() const::[lambda(float) (instance 1)], at::detail::Array<char *, (int)2>>(int, T2, T3)",1568.0
,"void at::native::vectorized_elementwise_kernel<(int)4, at::native::BinaryFunctor<float, float, float, at::native::binary_internal::MulFunctor<float>>, at::detail::Array<char *, (int)3>>(int, T2, T3)",1376.0
