L|attention|C192|T1024,"void flash_attn_int8_mma_kernel_t<(int)32, (int)8, (int)32, (bool)1, (bool)1, (bool)0, (bool)0, (int)24, (int)1024>(const signed char *, const signed char *, const signed char *, const float *, const float *, const float *, __half *, int, int, int, int, int, float, signed char *, float, int, float, const __half *, int, float, const signed char *, int)",132794067.0
L|attention|C192|T1024,"void gemm_w4a4_kernel_awq_out_i8<(int)1>(const signed char *, const signed char *, const float *, float, const float *, signed char *, int, int, int, const __half *, int, int, int, float, float, const float *, const float *, signed char *, signed char *, signed char *, int, int)",56055654.0
L|resblock_plain|C384|T1024,"void group_norm_silu_quantize_pack_nhwc_vec2_kernel<__half, (bool)0>(const T1 *, signed char *, const T1 *, const T1 *, const T1 *, const T1 *, const float *, const float *, int, long, int, float, bool, int)",48647643.0
,"cat2_channels_last_fp16_kernel(const __half *, const __half *, __half *, long, int, int)",38194589.0
L|resblock_plain|C192|T1024,"void group_norm_silu_quantize_pack_nhwc_vec2_kernel<__half, (bool)0>(const T1 *, signed char *, const T1 *, const T1 *, const T1 *, const T1 *, const float *, const float *, int, long, int, float, bool, int)",37697118.0
L|attention|C384|T256,"void gemm_w4a4_kernel_awq_out_i8<(int)3>(const signed char *, const signed char *, const float *, float, const float *, signed char *, int, int, int, const __half *, int, int, int, float, float, const float *, const float *, signed char *, signed char *, signed char *, int, int)",32500929.0
L|attention|C192|T1024,"gemm_w4a4_kernel_awq(const signed char *, const signed char *, const float *, float, __half *, int, int, int, int, const __half *, const __half *)",31856022.0
L|resblock_plain|C576|T1024,"void group_norm_silu_quantize_pack_nhwc_vec2_kernel<__half, (bool)0>(const T1 *, signed char *, const T1 *, const T1 *, const T1 *, const T1 *, const float *, const float *, int, long, int, float, bool, int)",30437878.0
L|resblock_plain|C768|T256,"void group_norm_silu_quantize_pack_nhwc_vec2_kernel<__half, (bool)0>(const T1 *, signed char *, const T1 *, const T1 *, const T1 *, const T1 *, const float *, const float *, int, long, int, float, bool, int)",29897996.0
L|attention|C192|T1024,"void group_norm_silu_quantize_pack_nhwc_vec2_kernel<__half, (bool)1>(const T1 *, signed char *, const T1 *, const T1 *, const T1 *, const T1 *, const float *, const float *, int, long, int, float, bool, int)",26305467.0
L|resblock_updown|C384|T256,"void group_norm_silu_quantize_pack_nhwc_vec2_kernel<__half, (bool)0>(const T1 *, signed char *, const T1 *, const T1 *, const T1 *, const T1 *, const float *, const float *, int, long, int, float, bool, int)",19301549.0
L|resblock_plain|C384|T1024,"void cutlass::Kernel<modiff::ImplicitGemmConvolutionEVT<cutlass::conv::threadblock::ImplicitGemmMultistage<cutlass::gemm::GemmShape<(int)128, (int)128, (int)128>, cutlass::conv::threadblock::Conv2dFpropActivationTileAccessIteratorOptimized<cutlass::MatrixShape<(int)128, (int)128>, cutlass::integer_subbyte<(int)4, (bool)1>, cutlass::layout::TensorNHWC, cutlass::transform::PitchLinearWarpRakedThreadMap<cutlass::PitchLinearShape<(int)128, (int)128>, (int)128, cutlass::PitchLinearShape<(int)4, (int)8>, (int)32>, cutlass::AlignedArray<cutlass::integer_subbyte<(int)4, (bool)1>, (int)32, (int)16>>, cutlass::transform::threadblock::RegularTileAccessIterator<cutlass::MatrixShape<(int)128, (int)128>, cutlass::integer_subbyte<(int)4, (bool)1>, cutlass::layout::RowMajorTensorOpMultiplicandCrosswise<(int)4, (int)128>, (int)0, cutlass::transform::PitchLinearWarpRakedThreadMap<cutlass::PitchLinearShape<(int)128, (int)128>, (int)128, cutlass::PitchLinearShape<(int)4, (int)8>, (int)32>, (int)16>, (cutlass::arch::CacheOperation::Kind)0, cutlass::conv::threadblock::Conv2dFpropFilterTileAccessIteratorOptimized<cutlass::MatrixShape<(int)128, (int)128>, cutlass::integer_subbyte<(int)4, (bool)1>, cutlass::layout::TensorNHWC, cutlass::transform::PitchLinearWarpRakedThreadMap<cutlass::PitchLinearShape<(int)128, (int)128>, (int)128, cutlass::PitchLinearShape<(int)4, (int)8>, (int)32>, cutlass::AlignedArray<cutlass::integer_subbyte<(int)4, (bool)1>, (int)32, (int)16>, (bool)0>, cutlass::transform::threadblock::RegularTileAccessIterator<cutlass::MatrixShape<(int)128, (int)128>, cutlass::integer_subbyte<(int)4, (bool)1>, cutlass::layout::ColumnMajorTensorOpMultiplicandCrosswise<(int)4, (int)128>, (int)1, cutlass::transform::PitchLinearWarpRakedThreadMap<cutlass::PitchLinearShape<(int)128, (int)128>, (int)128, cutlass::PitchLinearShape<(int)4, (int)8>, (int)32>, (int)16>, (cutlass::arch::CacheOperation::Kind)1, cutlass::gemm::threadblock::MmaPolicy<cutlass::gemm::warp::MmaTensorOp<cutlass::gemm::GemmShape<(int)64, (int)64, (int)128>, cutlass::integer_subbyte<(int)4, (bool)1>, cutlass::layout::RowMajorTensorOpMultiplicandCrosswise<(int)4, (int)128>, cutlass::integer_subbyte<(int)4, (bool)1>, cutlass::layout::ColumnMajorTensorOpMultiplicandCrosswise<(int)4, (int)128>, int, cutlass::layout::RowMajor, cutlass::gemm::warp::MmaTensorOpPolicy<cutlass::arch::Mma<cutlass::gemm::GemmShape<(int)16, (int)8, (int)64>, (int)32, cutlass::integer_subbyte<(int)4, (bool)1>, cutlass::layout::RowMajor, cutlass::integer_subbyte<(int)4, (bool)1>, cutlass::layout::ColumnMajor, int, cutlass::layout::RowMajor, cutlass::arch::OpMultiplyAddSaturate>, cutlass::MatrixShape<(int)1, (int)1>>, (int)1, (bool)0, bool>, cutlass::MatrixShape<(int)0, (int)0>, cutlass::MatrixShape<(int)0, (int)0>, (int)1>, (int)3, bool>, cutlass::epilogue::threadblock::EpilogueWithVisitorCallbacks<cutlass::epilogue::threadblock::Epilogue<cutlass::gemm::GemmShape<(int)128, (int)128, (int)128>, cutlass::gemm::warp::MmaTensorOp<cutlass::gemm::GemmShape<(int)64, (int)64, (int)128>, cutlass::integer_subbyte<(int)4, (bool)1>, cutlass::layout::RowMajorTensorOpMultiplicandCrosswise<(int)4, (int)128>, cutlass::integer_subbyte<(int)4, (bool)1>, cutlass::layout::ColumnMajorTensorOpMultiplicandCrosswise<(int)4, (int)128>, int, cutlass::layout::RowMajor, cutlass::gemm::warp::MmaTensorOpPolicy<cutlass::arch::Mma<cutlass::gemm::GemmShape<(int)16, (int)8, (int)64>, (int)32, cutlass::integer_subbyte<(int)4, (bool)1>, cutlass::layout::RowMajor, cutlass::integer_subbyte<(int)4, (bool)1>, cutlass::layout::ColumnMajor, int, cutlass::layout::RowMajor, cutlass::arch::OpMultiplyAddSaturate>, cutlass::MatrixShape<(int)1, (int)1>>, (int)1, (bool)0, bool>, (int)1, cutlass::epilogue::threadblock::PredicatedTileIteratorConv<cutlass::epilogue::threadblock::OutputTileOptimalThreadMap<cutlass::epilogue::threadblock::OutputTileShape<(int)128, (int)8, (int)2, (int)1, (int)1>, cutlass::epilogue::threadblock::OutputTileShape<(int)1, (int)8, (int)1, (int)1, (int)8>, (int)128, (int)8, (int)16>, cutlass::half_t, (bool)0, cutlass::layout::NoPermute, (bool)0, (int)4>, cutlass::epilogue::warp::FragmentIteratorTensorOp<cutlass::gemm::GemmShape<(int)64, (int)64, (int)128>, cutlass::gemm::GemmShape<(int)16, (int)8, (int)64>, int, cutlass::Array<int, (int)4, (bool)1>, cutlass::layout::RowMajor>, cutlass::epilogue::warp::TileIteratorTensorOpMixed<cutlass::gemm::GemmShape<(int)64, (int)64, (int)128>, cutlass::gemm::GemmShape<(int)16, (int)8, (int)64>, int, (int)32, (int)16, (int)8, (int)8, (bool)0>, cutlass::epilogue::threadblock::SharedLoadIteratorMixed<cutlass::epilogue::threadblock::OutputTileOptimalThreadMap<cutlass::epilogue::threadblock::OutputTileShape<(int)128, (int)8, (int)2, (int)1, (int)1>, cutlass::epilogue::threadblock::OutputTileShape<(int)1, (int)8, (int)1, (int)1, (int)8>, (int)128, (int)8, (int)16>::CompactedThreadMap, int, (int)32, (int)16, (int)8, (int)8, (bool)0>, cutlass::epilogue::thread::LinearCombination<cutlass::half_t, (int)8, int, float, (cutlass::epilogue::thread::ScaleType::Kind)0, (cutlass::FloatRoundStyle)2, cutlass::half_t>, cutlass::MatrixShape<(int)0, (int)8>, (int)2, (int)1>, cutlass::epilogue::threadblock::TreeVisitor2x<cutlass::epilogue::threadblock::VisitorAuxStore<cutlass::epilogue::threadblock::OutputTileThreadLayout<cutlass::gemm::GemmShape<(int)128, (int)128, (int)128>, cutlass::gemm::GemmShape<(int)64, (int)64, (int)128>, cutlass::half_t, (int)8, (int)1>, cutlass::half_t, (cutlass::FloatRoundStyle)2, cute::tuple<long, cute::C<(int)1>, long>>, cutlass::epilogue::threadblock::TreeVisitor2x<cutlass::epilogue::threadblock::VisitorCompute<cutlass::plus, float, float, (cutlass::FloatRoundStyle)2, void>, cutlass::epilogue::threadblock::TreeVisitor2x<cutlass::epilogue::threadblock::VisitorCompute<cutlass::multiplies, float, float, (cutlass::FloatRoundStyle)2, void>, cutlass::epilogue::threadblock::TreeVisitor2x<cutlass::epilogue::threadblock::VisitorCompute<cutlass::multiplies, float, float, (cutlass::FloatRoundStyle)2, void>, cutlass::epilogue::threadblock::VisitorAccFetch, cutlass::epilogue::threadblock::VisitorScalarBroadcast<float, cute::tuple<cute::C<(int)0>, cute::C<(int)0>, cute::C<(int)0>>, (int)1, cutlass::multiplies>>, cutlass::epilogue::threadblock::VisitorRowBroadcast<cutlass::epilogue::threadblock::OutputTileThreadLayout<cutlass::gemm::GemmShape<(int)128, (int)128, (int)128>, cutlass::gemm::GemmShape<(int)64, (int)64, (int)128>, cutlass::half_t, (int)8, (int)1>, float, cute::tuple<cute::C<(int)0>, cute::C<(int)1>, int>, (bool)1>>, cutlass::epilogue::threadblock::VisitorRowBroadcast<cutlass::epilogue::threadblock::OutputTileThreadLayout<cutlass::gemm::GemmShape<(int)128, (int)128, (int)128>, cutlass::gemm::GemmShape<(int)64, (int)64, (int)128>, cutlass::half_t, (int)8, (int)1>, float, cute::tuple<cute::C<(int)0>, cute::C<(int)1>, int>, (bool)1>>>, (int)1, (int)1>, cutlass::gemm::threadblock::GemmIdentityThreadblockSwizzle<(int)1>, (cutlass::conv::Operator)0, cutlass::conv::Conv2dProblemSize>>(T1::Params)",18777199.0
L|attention|C384|T256,"void flash_attn_int4_mma_kernel_t<(int)64, (int)64, (int)8, (bool)1>(const signed char *, const signed char *, const signed char *, const float *, const float *, const float *, __half *, int, int, int, int, int, int, float, signed char *, float, int, float, const __half *, int, float, bool)",18563947.0
L|resblock_plain|C768|T64,"void group_norm_silu_quantize_pack_nhwc_vec2_kernel<__half, (bool)0>(const T1 *, signed char *, const T1 *, const T1 *, const T1 *, const T1 *, const float *, const float *, int, long, int, float, bool, int)",17030087.0
L|resblock_updown|C384|T256,"void at::native::<unnamed>::upsample_nearest2d_nhwc_out_frame<float, &at::native::nearest_neighbor_compute_source_index>(const T1 *, T1 *, unsigned long, unsigned long, unsigned long, unsigned long, unsigned long, float, float, unsigned long)",16765153.0
L|attention|C384|T256,"gemm_w4a4_kernel_awq(const signed char *, const signed char *, const float *, float, __half *, int, int, int, int, const __half *, const __half *)",16078878.0
L|resblock_plain|C384|T64,"void group_norm_silu_quantize_pack_nhwc_vec2_kernel<__half, (bool)0>(const T1 *, signed char *, const T1 *, const T1 *, const T1 *, const T1 *, const float *, const float *, int, long, int, float, bool, int)",15480316.0
L|resblock_updown|C384|T256,"void cutlass::Kernel<modiff::ImplicitGemmConvolutionEVT<cutlass::conv::threadblock::ImplicitGemmMultistage<cutlass::gemm::GemmShape<(int)128, (int)128, (int)128>, cutlass::conv::threadblock::Conv2dFpropActivationTileAccessIteratorOptimized<cutlass::MatrixShape<(int)128, (int)128>, cutlass::integer_subbyte<(int)4, (bool)1>, cutlass::layout::TensorNHWC, cutlass::transform::PitchLinearWarpRakedThreadMap<cutlass::PitchLinearShape<(int)128, (int)128>, (int)128, cutlass::PitchLinearShape<(int)4, (int)8>, (int)32>, cutlass::AlignedArray<cutlass::integer_subbyte<(int)4, (bool)1>, (int)32, (int)16>>, cutlass::transform::threadblock::RegularTileAccessIterator<cutlass::MatrixShape<(int)128, (int)128>, cutlass::integer_subbyte<(int)4, (bool)1>, cutlass::layout::RowMajorTensorOpMultiplicandCrosswise<(int)4, (int)128>, (int)0, cutlass::transform::PitchLinearWarpRakedThreadMap<cutlass::PitchLinearShape<(int)128, (int)128>, (int)128, cutlass::PitchLinearShape<(int)4, (int)8>, (int)32>, (int)16>, (cutlass::arch::CacheOperation::Kind)0, cutlass::conv::threadblock::Conv2dFpropFilterTileAccessIteratorOptimized<cutlass::MatrixShape<(int)128, (int)128>, cutlass::integer_subbyte<(int)4, (bool)1>, cutlass::layout::TensorNHWC, cutlass::transform::PitchLinearWarpRakedThreadMap<cutlass::PitchLinearShape<(int)128, (int)128>, (int)128, cutlass::PitchLinearShape<(int)4, (int)8>, (int)32>, cutlass::AlignedArray<cutlass::integer_subbyte<(int)4, (bool)1>, (int)32, (int)16>, (bool)0>, cutlass::transform::threadblock::RegularTileAccessIterator<cutlass::MatrixShape<(int)128, (int)128>, cutlass::integer_subbyte<(int)4, (bool)1>, cutlass::layout::ColumnMajorTensorOpMultiplicandCrosswise<(int)4, (int)128>, (int)1, cutlass::transform::PitchLinearWarpRakedThreadMap<cutlass::PitchLinearShape<(int)128, (int)128>, (int)128, cutlass::PitchLinearShape<(int)4, (int)8>, (int)32>, (int)16>, (cutlass::arch::CacheOperation::Kind)1, cutlass::gemm::threadblock::MmaPolicy<cutlass::gemm::warp::MmaTensorOp<cutlass::gemm::GemmShape<(int)64, (int)64, (int)128>, cutlass::integer_subbyte<(int)4, (bool)1>, cutlass::layout::RowMajorTensorOpMultiplicandCrosswise<(int)4, (int)128>, cutlass::integer_subbyte<(int)4, (bool)1>, cutlass::layout::ColumnMajorTensorOpMultiplicandCrosswise<(int)4, (int)128>, int, cutlass::layout::RowMajor, cutlass::gemm::warp::MmaTensorOpPolicy<cutlass::arch::Mma<cutlass::gemm::GemmShape<(int)16, (int)8, (int)64>, (int)32, cutlass::integer_subbyte<(int)4, (bool)1>, cutlass::layout::RowMajor, cutlass::integer_subbyte<(int)4, (bool)1>, cutlass::layout::ColumnMajor, int, cutlass::layout::RowMajor, cutlass::arch::OpMultiplyAddSaturate>, cutlass::MatrixShape<(int)1, (int)1>>, (int)1, (bool)0, bool>, cutlass::MatrixShape<(int)0, (int)0>, cutlass::MatrixShape<(int)0, (int)0>, (int)1>, (int)3, bool>, cutlass::epilogue::threadblock::EpilogueWithVisitorCallbacks<cutlass::epilogue::threadblock::Epilogue<cutlass::gemm::GemmShape<(int)128, (int)128, (int)128>, cutlass::gemm::warp::MmaTensorOp<cutlass::gemm::GemmShape<(int)64, (int)64, (int)128>, cutlass::integer_subbyte<(int)4, (bool)1>, cutlass::layout::RowMajorTensorOpMultiplicandCrosswise<(int)4, (int)128>, cutlass::integer_subbyte<(int)4, (bool)1>, cutlass::layout::ColumnMajorTensorOpMultiplicandCrosswise<(int)4, (int)128>, int, cutlass::layout::RowMajor, cutlass::gemm::warp::MmaTensorOpPolicy<cutlass::arch::Mma<cutlass::gemm::GemmShape<(int)16, (int)8, (int)64>, (int)32, cutlass::integer_subbyte<(int)4, (bool)1>, cutlass::layout::RowMajor, cutlass::integer_subbyte<(int)4, (bool)1>, cutlass::layout::ColumnMajor, int, cutlass::layout::RowMajor, cutlass::arch::OpMultiplyAddSaturate>, cutlass::MatrixShape<(int)1, (int)1>>, (int)1, (bool)0, bool>, (int)1, cutlass::epilogue::threadblock::PredicatedTileIteratorConv<cutlass::epilogue::threadblock::OutputTileOptimalThreadMap<cutlass::epilogue::threadblock::OutputTileShape<(int)128, (int)8, (int)2, (int)1, (int)1>, cutlass::epilogue::threadblock::OutputTileShape<(int)1, (int)8, (int)1, (int)1, (int)8>, (int)128, (int)8, (int)16>, cutlass::half_t, (bool)0, cutlass::layout::NoPermute, (bool)0, (int)4>, cutlass::epilogue::warp::FragmentIteratorTensorOp<cutlass::gemm::GemmShape<(int)64, (int)64, (int)128>, cutlass::gemm::GemmShape<(int)16, (int)8, (int)64>, int, cutlass::Array<int, (int)4, (bool)1>, cutlass::layout::RowMajor>, cutlass::epilogue::warp::TileIteratorTensorOpMixed<cutlass::gemm::GemmShape<(int)64, (int)64, (int)128>, cutlass::gemm::GemmShape<(int)16, (int)8, (int)64>, int, (int)32, (int)16, (int)8, (int)8, (bool)0>, cutlass::epilogue::threadblock::SharedLoadIteratorMixed<cutlass::epilogue::threadblock::OutputTileOptimalThreadMap<cutlass::epilogue::threadblock::OutputTileShape<(int)128, (int)8, (int)2, (int)1, (int)1>, cutlass::epilogue::threadblock::OutputTileShape<(int)1, (int)8, (int)1, (int)1, (int)8>, (int)128, (int)8, (int)16>::CompactedThreadMap, int, (int)32, (int)16, (int)8, (int)8, (bool)0>, cutlass::epilogue::thread::LinearCombination<cutlass::half_t, (int)8, int, float, (cutlass::epilogue::thread::ScaleType::Kind)0, (cutlass::FloatRoundStyle)2, cutlass::half_t>, cutlass::MatrixShape<(int)0, (int)8>, (int)2, (int)1>, cutlass::epilogue::threadblock::TreeVisitor2x<cutlass::epilogue::threadblock::VisitorAuxStore<cutlass::epilogue::threadblock::OutputTileThreadLayout<cutlass::gemm::GemmShape<(int)128, (int)128, (int)128>, cutlass::gemm::GemmShape<(int)64, (int)64, (int)128>, cutlass::half_t, (int)8, (int)1>, cutlass::half_t, (cutlass::FloatRoundStyle)2, cute::tuple<long, cute::C<(int)1>, long>>, cutlass::epilogue::threadblock::TreeVisitor2x<cutlass::epilogue::threadblock::VisitorCompute<cutlass::plus, float, float, (cutlass::FloatRoundStyle)2, void>, cutlass::epilogue::threadblock::TreeVisitor2x<cutlass::epilogue::threadblock::VisitorCompute<cutlass::multiplies, float, float, (cutlass::FloatRoundStyle)2, void>, cutlass::epilogue::threadblock::TreeVisitor2x<cutlass::epilogue::threadblock::VisitorCompute<cutlass::multiplies, float, float, (cutlass::FloatRoundStyle)2, void>, cutlass::epilogue::threadblock::VisitorAccFetch, cutlass::epilogue::threadblock::VisitorScalarBroadcast<float, cute::tuple<cute::C<(int)0>, cute::C<(int)0>, cute::C<(int)0>>, (int)1, cutlass::multiplies>>, cutlass::epilogue::threadblock::VisitorRowBroadcast<cutlass::epilogue::threadblock::OutputTileThreadLayout<cutlass::gemm::GemmShape<(int)128, (int)128, (int)128>, cutlass::gemm::GemmShape<(int)64, (int)64, (int)128>, cutlass::half_t, (int)8, (int)1>, float, cute::tuple<cute::C<(int)0>, cute::C<(int)1>, int>, (bool)1>>, cutlass::epilogue::threadblock::VisitorRowBroadcast<cutlass::epilogue::threadblock::OutputTileThreadLayout<cutlass::gemm::GemmShape<(int)128, (int)128, (int)128>, cutlass::gemm::GemmShape<(int)64, (int)64, (int)128>, cutlass::half_t, (int)8, (int)1>, float, cute::tuple<cute::C<(int)0>, cute::C<(int)1>, int>, (bool)1>>>, (int)1, (int)1>, cutlass::gemm::threadblock::GemmIdentityThreadblockSwizzle<(int)1>, (cutlass::conv::Operator)0, cutlass::conv::Conv2dProblemSize>>(T1::Params)",15201054.0
L|resblock_updown|C384|T256,"void cutlass::Kernel<modiff::ImplicitGemmConvolutionEVT<cutlass::conv::threadblock::ImplicitGemmMultistage<cutlass::gemm::GemmShape<(int)128, (int)128, (int)128>, cutlass::conv::threadblock::Conv2dFpropActivationTileAccessIteratorOptimized<cutlass::MatrixShape<(int)128, (int)128>, cutlass::integer_subbyte<(int)4, (bool)1>, cutlass::layout::TensorNHWC, cutlass::transform::PitchLinearWarpRakedThreadMap<cutlass::PitchLinearShape<(int)128, (int)128>, (int)128, cutlass::PitchLinearShape<(int)4, (int)8>, (int)32>, cutlass::AlignedArray<cutlass::integer_subbyte<(int)4, (bool)1>, (int)32, (int)16>>, cutlass::transform::threadblock::RegularTileAccessIterator<cutlass::MatrixShape<(int)128, (int)128>, cutlass::integer_subbyte<(int)4, (bool)1>, cutlass::layout::RowMajorTensorOpMultiplicandCrosswise<(int)4, (int)128>, (int)0, cutlass::transform::PitchLinearWarpRakedThreadMap<cutlass::PitchLinearShape<(int)128, (int)128>, (int)128, cutlass::PitchLinearShape<(int)4, (int)8>, (int)32>, (int)16>, (cutlass::arch::CacheOperation::Kind)0, cutlass::conv::threadblock::Conv2dFpropFilterTileAccessIteratorOptimized<cutlass::MatrixShape<(int)128, (int)128>, cutlass::integer_subbyte<(int)4, (bool)1>, cutlass::layout::TensorNHWC, cutlass::transform::PitchLinearWarpRakedThreadMap<cutlass::PitchLinearShape<(int)128, (int)128>, (int)128, cutlass::PitchLinearShape<(int)4, (int)8>, (int)32>, cutlass::AlignedArray<cutlass::integer_subbyte<(int)4, (bool)1>, (int)32, (int)16>, (bool)0>, cutlass::transform::threadblock::RegularTileAccessIterator<cutlass::MatrixShape<(int)128, (int)128>, cutlass::integer_subbyte<(int)4, (bool)1>, cutlass::layout::ColumnMajorTensorOpMultiplicandCrosswise<(int)4, (int)128>, (int)1, cutlass::transform::PitchLinearWarpRakedThreadMap<cutlass::PitchLinearShape<(int)128, (int)128>, (int)128, cutlass::PitchLinearShape<(int)4, (int)8>, (int)32>, (int)16>, (cutlass::arch::CacheOperation::Kind)1, cutlass::gemm::threadblock::MmaPolicy<cutlass::gemm::warp::MmaTensorOp<cutlass::gemm::GemmShape<(int)64, (int)64, (int)128>, cutlass::integer_subbyte<(int)4, (bool)1>, cutlass::layout::RowMajorTensorOpMultiplicandCrosswise<(int)4, (int)128>, cutlass::integer_subbyte<(int)4, (bool)1>, cutlass::layout::ColumnMajorTensorOpMultiplicandCrosswise<(int)4, (int)128>, int, cutlass::layout::RowMajor, cutlass::gemm::warp::MmaTensorOpPolicy<cutlass::arch::Mma<cutlass::gemm::GemmShape<(int)16, (int)8, (int)64>, (int)32, cutlass::integer_subbyte<(int)4, (bool)1>, cutlass::layout::RowMajor, cutlass::integer_subbyte<(int)4, (bool)1>, cutlass::layout::ColumnMajor, int, cutlass::layout::RowMajor, cutlass::arch::OpMultiplyAddSaturate>, cutlass::MatrixShape<(int)1, (int)1>>, (int)1, (bool)0, bool>, cutlass::MatrixShape<(int)0, (int)0>, cutlass::MatrixShape<(int)0, (int)0>, (int)1>, (int)3, bool>, cutlass::epilogue::threadblock::EpilogueWithVisitorCallbacks<cutlass::epilogue::threadblock::Epilogue<cutlass::gemm::GemmShape<(int)128, (int)128, (int)128>, cutlass::gemm::warp::MmaTensorOp<cutlass::gemm::GemmShape<(int)64, (int)64, (int)128>, cutlass::integer_subbyte<(int)4, (bool)1>, cutlass::layout::RowMajorTensorOpMultiplicandCrosswise<(int)4, (int)128>, cutlass::integer_subbyte<(int)4, (bool)1>, cutlass::layout::ColumnMajorTensorOpMultiplicandCrosswise<(int)4, (int)128>, int, cutlass::layout::RowMajor, cutlass::gemm::warp::MmaTensorOpPolicy<cutlass::arch::Mma<cutlass::gemm::GemmShape<(int)16, (int)8, (int)64>, (int)32, cutlass::integer_subbyte<(int)4, (bool)1>, cutlass::layout::RowMajor, cutlass::integer_subbyte<(int)4, (bool)1>, cutlass::layout::ColumnMajor, int, cutlass::layout::RowMajor, cutlass::arch::OpMultiplyAddSaturate>, cutlass::MatrixShape<(int)1, (int)1>>, (int)1, (bool)0, bool>, (int)1, cutlass::epilogue::threadblock::PredicatedTileIteratorConv<cutlass::epilogue::threadblock::OutputTileOptimalThreadMap<cutlass::epilogue::threadblock::OutputTileShape<(int)128, (int)8, (int)2, (int)1, (int)1>, cutlass::epilogue::threadblock::OutputTileShape<(int)1, (int)8, (int)1, (int)1, (int)8>, (int)128, (int)8, (int)16>, cutlass::half_t, (bool)0, cutlass::layout::NoPermute, (bool)0, (int)4>, cutlass::epilogue::warp::FragmentIteratorTensorOp<cutlass::gemm::GemmShape<(int)64, (int)64, (int)128>, cutlass::gemm::GemmShape<(int)16, (int)8, (int)64>, int, cutlass::Array<int, (int)4, (bool)1>, cutlass::layout::RowMajor>, cutlass::epilogue::warp::TileIteratorTensorOpMixed<cutlass::gemm::GemmShape<(int)64, (int)64, (int)128>, cutlass::gemm::GemmShape<(int)16, (int)8, (int)64>, int, (int)32, (int)16, (int)8, (int)8, (bool)0>, cutlass::epilogue::threadblock::SharedLoadIteratorMixed<cutlass::epilogue::threadblock::OutputTileOptimalThreadMap<cutlass::epilogue::threadblock::OutputTileShape<(int)128, (int)8, (int)2, (int)1, (int)1>, cutlass::epilogue::threadblock::OutputTileShape<(int)1, (int)8, (int)1, (int)1, (int)8>, (int)128, (int)8, (int)16>::CompactedThreadMap, int, (int)32, (int)16, (int)8, (int)8, (bool)0>, cutlass::epilogue::thread::LinearCombination<cutlass::half_t, (int)8, int, float, (cutlass::epilogue::thread::ScaleType::Kind)0, (cutlass::FloatRoundStyle)2, cutlass::half_t>, cutlass::MatrixShape<(int)0, (int)8>, (int)2, (int)1>, cutlass::epilogue::threadblock::TreeVisitor2x<cutlass::epilogue::threadblock::VisitorAuxStore<cutlass::epilogue::threadblock::OutputTileThreadLayout<cutlass::gemm::GemmShape<(int)128, (int)128, (int)128>, cutlass::gemm::GemmShape<(int)64, (int)64, (int)128>, cutlass::half_t, (int)8, (int)1>, cutlass::half_t, (cutlass::FloatRoundStyle)2, cute::tuple<long, cute::C<(int)1>, long>>, cutlass::epilogue::threadblock::TreeVisitor2x<cutlass::epilogue::threadblock::VisitorCompute<cutlass::plus, float, float, (cutlass::FloatRoundStyle)2, void>, cutlass::epilogue::threadblock::TreeVisitor2x<cutlass::epilogue::threadblock::VisitorCompute<cutlass::plus, float, float, (cutlass::FloatRoundStyle)2, void>, cutlass::epilogue::threadblock::TreeVisitor2x<cutlass::epilogue::threadblock::VisitorCompute<cutlass::multiplies, float, float, (cutlass::FloatRoundStyle)2, void>, cutlass::epilogue::threadblock::TreeVisitor2x<cutlass::epilogue::threadblock::VisitorCompute<cutlass::multiplies, float, float, (cutlass::FloatRoundStyle)2, void>, cutlass::epilogue::threadblock::VisitorAccFetch, cutlass::epilogue::threadblock::VisitorScalarBroadcast<float, cute::tuple<cute::C<(int)0>, cute::C<(int)0>, cute::C<(int)0>>, (int)1, cutlass::multiplies>>, cutlass::epilogue::threadblock::VisitorRowBroadcast<cutlass::epilogue::threadblock::OutputTileThreadLayout<cutlass::gemm::GemmShape<(int)128, (int)128, (int)128>, cutlass::gemm::GemmShape<(int)64, (int)64, (int)128>, cutlass::half_t, (int)8, (int)1>, float, cute::tuple<cute::C<(int)0>, cute::C<(int)1>, int>, (bool)1>>, cutlass::epilogue::threadblock::VisitorRowBroadcast<cutlass::epilogue::threadblock::OutputTileThreadLayout<cutlass::gemm::GemmShape<(int)128, (int)128, (int)128>, cutlass::gemm::GemmShape<(int)64, (int)64, (int)128>, cutlass::half_t, (int)8, (int)1>, float, cute::tuple<cute::C<(int)0>, cute::C<(int)1>, int>, (bool)1>>, cutlass::epilogue::threadblock::VisitorAuxLoad<cutlass::epilogue::threadblock::OutputTileThreadLayout<cutlass::gemm::GemmShape<(int)128, (int)128, (int)128>, cutlass::gemm::GemmShape<(int)64, (int)64, (int)128>, cutlass::half_t, (int)8, (int)1>, cutlass::half_t, cute::tuple<long, cute::C<(int)1>, long>>>>, (int)1, (int)1>, cutlass::gemm::threadblock::GemmIdentityThreadblockSwizzle<(int)1>, (cutlass::conv::Operator)0, cutlass::conv::Conv2dProblemSize>>(T1::Params)",15162647.0
L|resblock_plain|C576|T1024,"void cutlass::Kernel<modiff::ImplicitGemmConvolutionEVT<cutlass::conv::threadblock::ImplicitGemmMultistage<cutlass::gemm::GemmShape<(int)128, (int)128, (int)128>, cutlass::conv::threadblock::Conv2dFpropActivationTileAccessIteratorOptimized<cutlass::MatrixShape<(int)128, (int)128>, cutlass::integer_subbyte<(int)4, (bool)1>, cutlass::layout::TensorNHWC, cutlass::transform::PitchLinearWarpRakedThreadMap<cutlass::PitchLinearShape<(int)128, (int)128>, (int)128, cutlass::PitchLinearShape<(int)4, (int)8>, (int)32>, cutlass::AlignedArray<cutlass::integer_subbyte<(int)4, (bool)1>, (int)32, (int)16>>, cutlass::transform::threadblock::RegularTileAccessIterator<cutlass::MatrixShape<(int)128, (int)128>, cutlass::integer_subbyte<(int)4, (bool)1>, cutlass::layout::RowMajorTensorOpMultiplicandCrosswise<(int)4, (int)128>, (int)0, cutlass::transform::PitchLinearWarpRakedThreadMap<cutlass::PitchLinearShape<(int)128, (int)128>, (int)128, cutlass::PitchLinearShape<(int)4, (int)8>, (int)32>, (int)16>, (cutlass::arch::CacheOperation::Kind)0, cutlass::conv::threadblock::Conv2dFpropFilterTileAccessIteratorOptimized<cutlass::MatrixShape<(int)128, (int)128>, cutlass::integer_subbyte<(int)4, (bool)1>, cutlass::layout::TensorNHWC, cutlass::transform::PitchLinearWarpRakedThreadMap<cutlass::PitchLinearShape<(int)128, (int)128>, (int)128, cutlass::PitchLinearShape<(int)4, (int)8>, (int)32>, cutlass::AlignedArray<cutlass::integer_subbyte<(int)4, (bool)1>, (int)32, (int)16>, (bool)0>, cutlass::transform::threadblock::RegularTileAccessIterator<cutlass::MatrixShape<(int)128, (int)128>, cutlass::integer_subbyte<(int)4, (bool)1>, cutlass::layout::ColumnMajorTensorOpMultiplicandCrosswise<(int)4, (int)128>, (int)1, cutlass::transform::PitchLinearWarpRakedThreadMap<cutlass::PitchLinearShape<(int)128, (int)128>, (int)128, cutlass::PitchLinearShape<(int)4, (int)8>, (int)32>, (int)16>, (cutlass::arch::CacheOperation::Kind)1, cutlass::gemm::threadblock::MmaPolicy<cutlass::gemm::warp::MmaTensorOp<cutlass::gemm::GemmShape<(int)64, (int)64, (int)128>, cutlass::integer_subbyte<(int)4, (bool)1>, cutlass::layout::RowMajorTensorOpMultiplicandCrosswise<(int)4, (int)128>, cutlass::integer_subbyte<(int)4, (bool)1>, cutlass::layout::ColumnMajorTensorOpMultiplicandCrosswise<(int)4, (int)128>, int, cutlass::layout::RowMajor, cutlass::gemm::warp::MmaTensorOpPolicy<cutlass::arch::Mma<cutlass::gemm::GemmShape<(int)16, (int)8, (int)64>, (int)32, cutlass::integer_subbyte<(int)4, (bool)1>, cutlass::layout::RowMajor, cutlass::integer_subbyte<(int)4, (bool)1>, cutlass::layout::ColumnMajor, int, cutlass::layout::RowMajor, cutlass::arch::OpMultiplyAddSaturate>, cutlass::MatrixShape<(int)1, (int)1>>, (int)1, (bool)0, bool>, cutlass::MatrixShape<(int)0, (int)0>, cutlass::MatrixShape<(int)0, (int)0>, (int)1>, (int)3, bool>, cutlass::epilogue::threadblock::EpilogueWithVisitorCallbacks<cutlass::epilogue::threadblock::Epilogue<cutlass::gemm::GemmShape<(int)128, (int)128, (int)128>, cutlass::gemm::warp::MmaTensorOp<cutlass::gemm::GemmShape<(int)64, (int)64, (int)128>, cutlass::integer_subbyte<(int)4, (bool)1>, cutlass::layout::RowMajorTensorOpMultiplicandCrosswise<(int)4, (int)128>, cutlass::integer_subbyte<(int)4, (bool)1>, cutlass::layout::ColumnMajorTensorOpMultiplicandCrosswise<(int)4, (int)128>, int, cutlass::layout::RowMajor, cutlass::gemm::warp::MmaTensorOpPolicy<cutlass::arch::Mma<cutlass::gemm::GemmShape<(int)16, (int)8, (int)64>, (int)32, cutlass::integer_subbyte<(int)4, (bool)1>, cutlass::layout::RowMajor, cutlass::integer_subbyte<(int)4, (bool)1>, cutlass::layout::ColumnMajor, int, cutlass::layout::RowMajor, cutlass::arch::OpMultiplyAddSaturate>, cutlass::MatrixShape<(int)1, (int)1>>, (int)1, (bool)0, bool>, (int)1, cutlass::epilogue::threadblock::PredicatedTileIteratorConv<cutlass::epilogue::threadblock::OutputTileOptimalThreadMap<cutlass::epilogue::threadblock::OutputTileShape<(int)128, (int)8, (int)2, (int)1, (int)1>, cutlass::epilogue::threadblock::OutputTileShape<(int)1, (int)8, (int)1, (int)1, (int)8>, (int)128, (int)8, (int)16>, cutlass::half_t, (bool)0, cutlass::layout::NoPermute, (bool)0, (int)4>, cutlass::epilogue::warp::FragmentIteratorTensorOp<cutlass::gemm::GemmShape<(int)64, (int)64, (int)128>, cutlass::gemm::GemmShape<(int)16, (int)8, (int)64>, int, cutlass::Array<int, (int)4, (bool)1>, cutlass::layout::RowMajor>, cutlass::epilogue::warp::TileIteratorTensorOpMixed<cutlass::gemm::GemmShape<(int)64, (int)64, (int)128>, cutlass::gemm::GemmShape<(int)16, (int)8, (int)64>, int, (int)32, (int)16, (int)8, (int)8, (bool)0>, cutlass::epilogue::threadblock::SharedLoadIteratorMixed<cutlass::epilogue::threadblock::OutputTileOptimalThreadMap<cutlass::epilogue::threadblock::OutputTileShape<(int)128, (int)8, (int)2, (int)1, (int)1>, cutlass::epilogue::threadblock::OutputTileShape<(int)1, (int)8, (int)1, (int)1, (int)8>, (int)128, (int)8, (int)16>::CompactedThreadMap, int, (int)32, (int)16, (int)8, (int)8, (bool)0>, cutlass::epilogue::thread::LinearCombination<cutlass::half_t, (int)8, int, float, (cutlass::epilogue::thread::ScaleType::Kind)0, (cutlass::FloatRoundStyle)2, cutlass::half_t>, cutlass::MatrixShape<(int)0, (int)8>, (int)2, (int)1>, cutlass::epilogue::threadblock::TreeVisitor2x<cutlass::epilogue::threadblock::VisitorAuxStore<cutlass::epilogue::threadblock::OutputTileThreadLayout<cutlass::gemm::GemmShape<(int)128, (int)128, (int)128>, cutlass::gemm::GemmShape<(int)64, (int)64, (int)128>, cutlass::half_t, (int)8, (int)1>, cutlass::half_t, (cutlass::FloatRoundStyle)2, cute::tuple<long, cute::C<(int)1>, long>>, cutlass::epilogue::threadblock::TreeVisitor2x<cutlass::epilogue::threadblock::VisitorCompute<cutlass::plus, float, float, (cutlass::FloatRoundStyle)2, void>, cutlass::epilogue::threadblock::TreeVisitor2x<cutlass::epilogue::threadblock::VisitorCompute<cutlass::multiplies, float, float, (cutlass::FloatRoundStyle)2, void>, cutlass::epilogue::threadblock::TreeVisitor2x<cutlass::epilogue::threadblock::VisitorCompute<cutlass::multiplies, float, float, (cutlass::FloatRoundStyle)2, void>, cutlass::epilogue::threadblock::VisitorAccFetch, cutlass::epilogue::threadblock::VisitorScalarBroadcast<float, cute::tuple<cute::C<(int)0>, cute::C<(int)0>, cute::C<(int)0>>, (int)1, cutlass::multiplies>>, cutlass::epilogue::threadblock::VisitorRowBroadcast<cutlass::epilogue::threadblock::OutputTileThreadLayout<cutlass::gemm::GemmShape<(int)128, (int)128, (int)128>, cutlass::gemm::GemmShape<(int)64, (int)64, (int)128>, cutlass::half_t, (int)8, (int)1>, float, cute::tuple<cute::C<(int)0>, cute::C<(int)1>, int>, (bool)1>>, cutlass::epilogue::threadblock::VisitorRowBroadcast<cutlass::epilogue::threadblock::OutputTileThreadLayout<cutlass::gemm::GemmShape<(int)128, (int)128, (int)128>, cutlass::gemm::GemmShape<(int)64, (int)64, (int)128>, cutlass::half_t, (int)8, (int)1>, float, cute::tuple<cute::C<(int)0>, cute::C<(int)1>, int>, (bool)1>>>, (int)1, (int)1>, cutlass::gemm::threadblock::GemmIdentityThreadblockSwizzle<(int)1>, (cutlass::conv::Operator)0, cutlass::conv::Conv2dProblemSize>>(T1::Params)",14715864.0
L|resblock_plain|C768|T256,"void cutlass::Kernel<modiff::ImplicitGemmConvolutionEVT<cutlass::conv::threadblock::ImplicitGemmMultistage<cutlass::gemm::GemmShape<(int)128, (int)128, (int)128>, cutlass::conv::threadblock::Conv2dFpropActivationTileAccessIteratorOptimized<cutlass::MatrixShape<(int)128, (int)128>, cutlass::integer_subbyte<(int)4, (bool)1>, cutlass::layout::TensorNHWC, cutlass::transform::PitchLinearWarpRakedThreadMap<cutlass::PitchLinearShape<(int)128, (int)128>, (int)128, cutlass::PitchLinearShape<(int)4, (int)8>, (int)32>, cutlass::AlignedArray<cutlass::integer_subbyte<(int)4, (bool)1>, (int)32, (int)16>>, cutlass::transform::threadblock::RegularTileAccessIterator<cutlass::MatrixShape<(int)128, (int)128>, cutlass::integer_subbyte<(int)4, (bool)1>, cutlass::layout::RowMajorTensorOpMultiplicandCrosswise<(int)4, (int)128>, (int)0, cutlass::transform::PitchLinearWarpRakedThreadMap<cutlass::PitchLinearShape<(int)128, (int)128>, (int)128, cutlass::PitchLinearShape<(int)4, (int)8>, (int)32>, (int)16>, (cutlass::arch::CacheOperation::Kind)0, cutlass::conv::threadblock::Conv2dFpropFilterTileAccessIteratorOptimized<cutlass::MatrixShape<(int)128, (int)128>, cutlass::integer_subbyte<(int)4, (bool)1>, cutlass::layout::TensorNHWC, cutlass::transform::PitchLinearWarpRakedThreadMap<cutlass::PitchLinearShape<(int)128, (int)128>, (int)128, cutlass::PitchLinearShape<(int)4, (int)8>, (int)32>, cutlass::AlignedArray<cutlass::integer_subbyte<(int)4, (bool)1>, (int)32, (int)16>, (bool)0>, cutlass::transform::threadblock::RegularTileAccessIterator<cutlass::MatrixShape<(int)128, (int)128>, cutlass::integer_subbyte<(int)4, (bool)1>, cutlass::layout::ColumnMajorTensorOpMultiplicandCrosswise<(int)4, (int)128>, (int)1, cutlass::transform::PitchLinearWarpRakedThreadMap<cutlass::PitchLinearShape<(int)128, (int)128>, (int)128, cutlass::PitchLinearShape<(int)4, (int)8>, (int)32>, (int)16>, (cutlass::arch::CacheOperation::Kind)1, cutlass::gemm::threadblock::MmaPolicy<cutlass::gemm::warp::MmaTensorOp<cutlass::gemm::GemmShape<(int)64, (int)64, (int)128>, cutlass::integer_subbyte<(int)4, (bool)1>, cutlass::layout::RowMajorTensorOpMultiplicandCrosswise<(int)4, (int)128>, cutlass::integer_subbyte<(int)4, (bool)1>, cutlass::layout::ColumnMajorTensorOpMultiplicandCrosswise<(int)4, (int)128>, int, cutlass::layout::RowMajor, cutlass::gemm::warp::MmaTensorOpPolicy<cutlass::arch::Mma<cutlass::gemm::GemmShape<(int)16, (int)8, (int)64>, (int)32, cutlass::integer_subbyte<(int)4, (bool)1>, cutlass::layout::RowMajor, cutlass::integer_subbyte<(int)4, (bool)1>, cutlass::layout::ColumnMajor, int, cutlass::layout::RowMajor, cutlass::arch::OpMultiplyAddSaturate>, cutlass::MatrixShape<(int)1, (int)1>>, (int)1, (bool)0, bool>, cutlass::MatrixShape<(int)0, (int)0>, cutlass::MatrixShape<(int)0, (int)0>, (int)1>, (int)3, bool>, cutlass::epilogue::threadblock::EpilogueWithVisitorCallbacks<cutlass::epilogue::threadblock::Epilogue<cutlass::gemm::GemmShape<(int)128, (int)128, (int)128>, cutlass::gemm::warp::MmaTensorOp<cutlass::gemm::GemmShape<(int)64, (int)64, (int)128>, cutlass::integer_subbyte<(int)4, (bool)1>, cutlass::layout::RowMajorTensorOpMultiplicandCrosswise<(int)4, (int)128>, cutlass::integer_subbyte<(int)4, (bool)1>, cutlass::layout::ColumnMajorTensorOpMultiplicandCrosswise<(int)4, (int)128>, int, cutlass::layout::RowMajor, cutlass::gemm::warp::MmaTensorOpPolicy<cutlass::arch::Mma<cutlass::gemm::GemmShape<(int)16, (int)8, (int)64>, (int)32, cutlass::integer_subbyte<(int)4, (bool)1>, cutlass::layout::RowMajor, cutlass::integer_subbyte<(int)4, (bool)1>, cutlass::layout::ColumnMajor, int, cutlass::layout::RowMajor, cutlass::arch::OpMultiplyAddSaturate>, cutlass::MatrixShape<(int)1, (int)1>>, (int)1, (bool)0, bool>, (int)1, cutlass::epilogue::threadblock::PredicatedTileIteratorConv<cutlass::epilogue::threadblock::OutputTileOptimalThreadMap<cutlass::epilogue::threadblock::OutputTileShape<(int)128, (int)8, (int)2, (int)1, (int)1>, cutlass::epilogue::threadblock::OutputTileShape<(int)1, (int)8, (int)1, (int)1, (int)8>, (int)128, (int)8, (int)16>, cutlass::half_t, (bool)0, cutlass::layout::NoPermute, (bool)0, (int)4>, cutlass::epilogue::warp::FragmentIteratorTensorOp<cutlass::gemm::GemmShape<(int)64, (int)64, (int)128>, cutlass::gemm::GemmShape<(int)16, (int)8, (int)64>, int, cutlass::Array<int, (int)4, (bool)1>, cutlass::layout::RowMajor>, cutlass::epilogue::warp::TileIteratorTensorOpMixed<cutlass::gemm::GemmShape<(int)64, (int)64, (int)128>, cutlass::gemm::GemmShape<(int)16, (int)8, (int)64>, int, (int)32, (int)16, (int)8, (int)8, (bool)0>, cutlass::epilogue::threadblock::SharedLoadIteratorMixed<cutlass::epilogue::threadblock::OutputTileOptimalThreadMap<cutlass::epilogue::threadblock::OutputTileShape<(int)128, (int)8, (int)2, (int)1, (int)1>, cutlass::epilogue::threadblock::OutputTileShape<(int)1, (int)8, (int)1, (int)1, (int)8>, (int)128, (int)8, (int)16>::CompactedThreadMap, int, (int)32, (int)16, (int)8, (int)8, (bool)0>, cutlass::epilogue::thread::LinearCombination<cutlass::half_t, (int)8, int, float, (cutlass::epilogue::thread::ScaleType::Kind)0, (cutlass::FloatRoundStyle)2, cutlass::half_t>, cutlass::MatrixShape<(int)0, (int)8>, (int)2, (int)1>, cutlass::epilogue::threadblock::TreeVisitor2x<cutlass::epilogue::threadblock::VisitorAuxStore<cutlass::epilogue::threadblock::OutputTileThreadLayout<cutlass::gemm::GemmShape<(int)128, (int)128, (int)128>, cutlass::gemm::GemmShape<(int)64, (int)64, (int)128>, cutlass::half_t, (int)8, (int)1>, cutlass::half_t, (cutlass::FloatRoundStyle)2, cute::tuple<long, cute::C<(int)1>, long>>, cutlass::epilogue::threadblock::TreeVisitor2x<cutlass::epilogue::threadblock::VisitorCompute<cutlass::plus, float, float, (cutlass::FloatRoundStyle)2, void>, cutlass::epilogue::threadblock::TreeVisitor2x<cutlass::epilogue::threadblock::VisitorCompute<cutlass::multiplies, float, float, (cutlass::FloatRoundStyle)2, void>, cutlass::epilogue::threadblock::TreeVisitor2x<cutlass::epilogue::threadblock::VisitorCompute<cutlass::multiplies, float, float, (cutlass::FloatRoundStyle)2, void>, cutlass::epilogue::threadblock::VisitorAccFetch, cutlass::epilogue::threadblock::VisitorScalarBroadcast<float, cute::tuple<cute::C<(int)0>, cute::C<(int)0>, cute::C<(int)0>>, (int)1, cutlass::multiplies>>, cutlass::epilogue::threadblock::VisitorRowBroadcast<cutlass::epilogue::threadblock::OutputTileThreadLayout<cutlass::gemm::GemmShape<(int)128, (int)128, (int)128>, cutlass::gemm::GemmShape<(int)64, (int)64, (int)128>, cutlass::half_t, (int)8, (int)1>, float, cute::tuple<cute::C<(int)0>, cute::C<(int)1>, int>, (bool)1>>, cutlass::epilogue::threadblock::VisitorRowBroadcast<cutlass::epilogue::threadblock::OutputTileThreadLayout<cutlass::gemm::GemmShape<(int)128, (int)128, (int)128>, cutlass::gemm::GemmShape<(int)64, (int)64, (int)128>, cutlass::half_t, (int)8, (int)1>, float, cute::tuple<cute::C<(int)0>, cute::C<(int)1>, int>, (bool)1>>>, (int)1, (int)1>, cutlass::gemm::threadblock::GemmIdentityThreadblockSwizzle<(int)1>, (cutlass::conv::Operator)0, cutlass::conv::Conv2dProblemSize>>(T1::Params)",14118612.0
L|resblock_plain|C576|T256,"void group_norm_silu_quantize_pack_nhwc_vec2_kernel<__half, (bool)0>(const T1 *, signed char *, const T1 *, const T1 *, const T1 *, const T1 *, const float *, const float *, int, long, int, float, bool, int)",14049044.0
L|resblock_plain|C192|T1024,"void cutlass::Kernel<modiff::ImplicitGemmConvolutionEVT<cutlass::conv::threadblock::ImplicitGemmMultistage<cutlass::gemm::GemmShape<(int)128, (int)128, (int)128>, cutlass::conv::threadblock::Conv2dFpropActivationTileAccessIteratorOptimized<cutlass::MatrixShape<(int)128, (int)128>, cutlass::integer_subbyte<(int)4, (bool)1>, cutlass::layout::TensorNHWC, cutlass::transform::PitchLinearWarpRakedThreadMap<cutlass::PitchLinearShape<(int)128, (int)128>, (int)128, cutlass::PitchLinearShape<(int)4, (int)8>, (int)32>, cutlass::AlignedArray<cutlass::integer_subbyte<(int)4, (bool)1>, (int)32, (int)16>>, cutlass::transform::threadblock::RegularTileAccessIterator<cutlass::MatrixShape<(int)128, (int)128>, cutlass::integer_subbyte<(int)4, (bool)1>, cutlass::layout::RowMajorTensorOpMultiplicandCrosswise<(int)4, (int)128>, (int)0, cutlass::transform::PitchLinearWarpRakedThreadMap<cutlass::PitchLinearShape<(int)128, (int)128>, (int)128, cutlass::PitchLinearShape<(int)4, (int)8>, (int)32>, (int)16>, (cutlass::arch::CacheOperation::Kind)0, cutlass::conv::threadblock::Conv2dFpropFilterTileAccessIteratorOptimized<cutlass::MatrixShape<(int)128, (int)128>, cutlass::integer_subbyte<(int)4, (bool)1>, cutlass::layout::TensorNHWC, cutlass::transform::PitchLinearWarpRakedThreadMap<cutlass::PitchLinearShape<(int)128, (int)128>, (int)128, cutlass::PitchLinearShape<(int)4, (int)8>, (int)32>, cutlass::AlignedArray<cutlass::integer_subbyte<(int)4, (bool)1>, (int)32, (int)16>, (bool)0>, cutlass::transform::threadblock::RegularTileAccessIterator<cutlass::MatrixShape<(int)128, (int)128>, cutlass::integer_subbyte<(int)4, (bool)1>, cutlass::layout::ColumnMajorTensorOpMultiplicandCrosswise<(int)4, (int)128>, (int)1, cutlass::transform::PitchLinearWarpRakedThreadMap<cutlass::PitchLinearShape<(int)128, (int)128>, (int)128, cutlass::PitchLinearShape<(int)4, (int)8>, (int)32>, (int)16>, (cutlass::arch::CacheOperation::Kind)1, cutlass::gemm::threadblock::MmaPolicy<cutlass::gemm::warp::MmaTensorOp<cutlass::gemm::GemmShape<(int)64, (int)64, (int)128>, cutlass::integer_subbyte<(int)4, (bool)1>, cutlass::layout::RowMajorTensorOpMultiplicandCrosswise<(int)4, (int)128>, cutlass::integer_subbyte<(int)4, (bool)1>, cutlass::layout::ColumnMajorTensorOpMultiplicandCrosswise<(int)4, (int)128>, int, cutlass::layout::RowMajor, cutlass::gemm::warp::MmaTensorOpPolicy<cutlass::arch::Mma<cutlass::gemm::GemmShape<(int)16, (int)8, (int)64>, (int)32, cutlass::integer_subbyte<(int)4, (bool)1>, cutlass::layout::RowMajor, cutlass::integer_subbyte<(int)4, (bool)1>, cutlass::layout::ColumnMajor, int, cutlass::layout::RowMajor, cutlass::arch::OpMultiplyAddSaturate>, cutlass::MatrixShape<(int)1, (int)1>>, (int)1, (bool)0, bool>, cutlass::MatrixShape<(int)0, (int)0>, cutlass::MatrixShape<(int)0, (int)0>, (int)1>, (int)3, bool>, cutlass::epilogue::threadblock::EpilogueWithVisitorCallbacks<cutlass::epilogue::threadblock::Epilogue<cutlass::gemm::GemmShape<(int)128, (int)128, (int)128>, cutlass::gemm::warp::MmaTensorOp<cutlass::gemm::GemmShape<(int)64, (int)64, (int)128>, cutlass::integer_subbyte<(int)4, (bool)1>, cutlass::layout::RowMajorTensorOpMultiplicandCrosswise<(int)4, (int)128>, cutlass::integer_subbyte<(int)4, (bool)1>, cutlass::layout::ColumnMajorTensorOpMultiplicandCrosswise<(int)4, (int)128>, int, cutlass::layout::RowMajor, cutlass::gemm::warp::MmaTensorOpPolicy<cutlass::arch::Mma<cutlass::gemm::GemmShape<(int)16, (int)8, (int)64>, (int)32, cutlass::integer_subbyte<(int)4, (bool)1>, cutlass::layout::RowMajor, cutlass::integer_subbyte<(int)4, (bool)1>, cutlass::layout::ColumnMajor, int, cutlass::layout::RowMajor, cutlass::arch::OpMultiplyAddSaturate>, cutlass::MatrixShape<(int)1, (int)1>>, (int)1, (bool)0, bool>, (int)1, cutlass::epilogue::threadblock::PredicatedTileIteratorConv<cutlass::epilogue::threadblock::OutputTileOptimalThreadMap<cutlass::epilogue::threadblock::OutputTileShape<(int)128, (int)8, (int)2, (int)1, (int)1>, cutlass::epilogue::threadblock::OutputTileShape<(int)1, (int)8, (int)1, (int)1, (int)8>, (int)128, (int)8, (int)16>, cutlass::half_t, (bool)0, cutlass::layout::NoPermute, (bool)0, (int)4>, cutlass::epilogue::warp::FragmentIteratorTensorOp<cutlass::gemm::GemmShape<(int)64, (int)64, (int)128>, cutlass::gemm::GemmShape<(int)16, (int)8, (int)64>, int, cutlass::Array<int, (int)4, (bool)1>, cutlass::layout::RowMajor>, cutlass::epilogue::warp::TileIteratorTensorOpMixed<cutlass::gemm::GemmShape<(int)64, (int)64, (int)128>, cutlass::gemm::GemmShape<(int)16, (int)8, (int)64>, int, (int)32, (int)16, (int)8, (int)8, (bool)0>, cutlass::epilogue::threadblock::SharedLoadIteratorMixed<cutlass::epilogue::threadblock::OutputTileOptimalThreadMap<cutlass::epilogue::threadblock::OutputTileShape<(int)128, (int)8, (int)2, (int)1, (int)1>, cutlass::epilogue::threadblock::OutputTileShape<(int)1, (int)8, (int)1, (int)1, (int)8>, (int)128, (int)8, (int)16>::CompactedThreadMap, int, (int)32, (int)16, (int)8, (int)8, (bool)0>, cutlass::epilogue::thread::LinearCombination<cutlass::half_t, (int)8, int, float, (cutlass::epilogue::thread::ScaleType::Kind)0, (cutlass::FloatRoundStyle)2, cutlass::half_t>, cutlass::MatrixShape<(int)0, (int)8>, (int)2, (int)1>, cutlass::epilogue::threadblock::TreeVisitor2x<cutlass::epilogue::threadblock::VisitorAuxStore<cutlass::epilogue::threadblock::OutputTileThreadLayout<cutlass::gemm::GemmShape<(int)128, (int)128, (int)128>, cutlass::gemm::GemmShape<(int)64, (int)64, (int)128>, cutlass::half_t, (int)8, (int)1>, cutlass::half_t, (cutlass::FloatRoundStyle)2, cute::tuple<long, cute::C<(int)1>, long>>, cutlass::epilogue::threadblock::TreeVisitor2x<cutlass::epilogue::threadblock::VisitorCompute<cutlass::plus, float, float, (cutlass::FloatRoundStyle)2, void>, cutlass::epilogue::threadblock::TreeVisitor2x<cutlass::epilogue::threadblock::VisitorCompute<cutlass::plus, float, float, (cutlass::FloatRoundStyle)2, void>, cutlass::epilogue::threadblock::TreeVisitor2x<cutlass::epilogue::threadblock::VisitorCompute<cutlass::multiplies, float, float, (cutlass::FloatRoundStyle)2, void>, cutlass::epilogue::threadblock::TreeVisitor2x<cutlass::epilogue::threadblock::VisitorCompute<cutlass::multiplies, float, float, (cutlass::FloatRoundStyle)2, void>, cutlass::epilogue::threadblock::VisitorAccFetch, cutlass::epilogue::threadblock::VisitorScalarBroadcast<float, cute::tuple<cute::C<(int)0>, cute::C<(int)0>, cute::C<(int)0>>, (int)1, cutlass::multiplies>>, cutlass::epilogue::threadblock::VisitorRowBroadcast<cutlass::epilogue::threadblock::OutputTileThreadLayout<cutlass::gemm::GemmShape<(int)128, (int)128, (int)128>, cutlass::gemm::GemmShape<(int)64, (int)64, (int)128>, cutlass::half_t, (int)8, (int)1>, float, cute::tuple<cute::C<(int)0>, cute::C<(int)1>, int>, (bool)1>>, cutlass::epilogue::threadblock::VisitorRowBroadcast<cutlass::epilogue::threadblock::OutputTileThreadLayout<cutlass::gemm::GemmShape<(int)128, (int)128, (int)128>, cutlass::gemm::GemmShape<(int)64, (int)64, (int)128>, cutlass::half_t, (int)8, (int)1>, float, cute::tuple<cute::C<(int)0>, cute::C<(int)1>, int>, (bool)1>>, cutlass::epilogue::threadblock::VisitorAuxLoad<cutlass::epilogue::threadblock::OutputTileThreadLayout<cutlass::gemm::GemmShape<(int)128, (int)128, (int)128>, cutlass::gemm::GemmShape<(int)64, (int)64, (int)128>, cutlass::half_t, (int)8, (int)1>, cutlass::half_t, cute::tuple<long, cute::C<(int)1>, long>>>>, (int)1, (int)1>, cutlass::gemm::threadblock::GemmIdentityThreadblockSwizzle<(int)1>, (cutlass::conv::Operator)0, cutlass::conv::Conv2dProblemSize>>(T1::Params)",13037901.0
L|resblock_plain|C384|T1024,"void cutlass::Kernel<modiff::ImplicitGemmConvolutionEVT<cutlass::conv::threadblock::ImplicitGemmMultistage<cutlass::gemm::GemmShape<(int)128, (int)128, (int)128>, cutlass::conv::threadblock::Conv2dFpropActivationTileAccessIteratorOptimized<cutlass::MatrixShape<(int)128, (int)128>, cutlass::integer_subbyte<(int)4, (bool)1>, cutlass::layout::TensorNHWC, cutlass::transform::PitchLinearWarpRakedThreadMap<cutlass::PitchLinearShape<(int)128, (int)128>, (int)128, cutlass::PitchLinearShape<(int)4, (int)8>, (int)32>, cutlass::AlignedArray<cutlass::integer_subbyte<(int)4, (bool)1>, (int)32, (int)16>>, cutlass::transform::threadblock::RegularTileAccessIterator<cutlass::MatrixShape<(int)128, (int)128>, cutlass::integer_subbyte<(int)4, (bool)1>, cutlass::layout::RowMajorTensorOpMultiplicandCrosswise<(int)4, (int)128>, (int)0, cutlass::transform::PitchLinearWarpRakedThreadMap<cutlass::PitchLinearShape<(int)128, (int)128>, (int)128, cutlass::PitchLinearShape<(int)4, (int)8>, (int)32>, (int)16>, (cutlass::arch::CacheOperation::Kind)0, cutlass::conv::threadblock::Conv2dFpropFilterTileAccessIteratorOptimized<cutlass::MatrixShape<(int)128, (int)128>, cutlass::integer_subbyte<(int)4, (bool)1>, cutlass::layout::TensorNHWC, cutlass::transform::PitchLinearWarpRakedThreadMap<cutlass::PitchLinearShape<(int)128, (int)128>, (int)128, cutlass::PitchLinearShape<(int)4, (int)8>, (int)32>, cutlass::AlignedArray<cutlass::integer_subbyte<(int)4, (bool)1>, (int)32, (int)16>, (bool)0>, cutlass::transform::threadblock::RegularTileAccessIterator<cutlass::MatrixShape<(int)128, (int)128>, cutlass::integer_subbyte<(int)4, (bool)1>, cutlass::layout::ColumnMajorTensorOpMultiplicandCrosswise<(int)4, (int)128>, (int)1, cutlass::transform::PitchLinearWarpRakedThreadMap<cutlass::PitchLinearShape<(int)128, (int)128>, (int)128, cutlass::PitchLinearShape<(int)4, (int)8>, (int)32>, (int)16>, (cutlass::arch::CacheOperation::Kind)1, cutlass::gemm::threadblock::MmaPolicy<cutlass::gemm::warp::MmaTensorOp<cutlass::gemm::GemmShape<(int)64, (int)64, (int)128>, cutlass::integer_subbyte<(int)4, (bool)1>, cutlass::layout::RowMajorTensorOpMultiplicandCrosswise<(int)4, (int)128>, cutlass::integer_subbyte<(int)4, (bool)1>, cutlass::layout::ColumnMajorTensorOpMultiplicandCrosswise<(int)4, (int)128>, int, cutlass::layout::RowMajor, cutlass::gemm::warp::MmaTensorOpPolicy<cutlass::arch::Mma<cutlass::gemm::GemmShape<(int)16, (int)8, (int)64>, (int)32, cutlass::integer_subbyte<(int)4, (bool)1>, cutlass::layout::RowMajor, cutlass::integer_subbyte<(int)4, (bool)1>, cutlass::layout::ColumnMajor, int, cutlass::layout::RowMajor, cutlass::arch::OpMultiplyAddSaturate>, cutlass::MatrixShape<(int)1, (int)1>>, (int)1, (bool)0, bool>, cutlass::MatrixShape<(int)0, (int)0>, cutlass::MatrixShape<(int)0, (int)0>, (int)1>, (int)3, bool>, cutlass::epilogue::threadblock::EpilogueWithVisitorCallbacks<cutlass::epilogue::threadblock::Epilogue<cutlass::gemm::GemmShape<(int)128, (int)128, (int)128>, cutlass::gemm::warp::MmaTensorOp<cutlass::gemm::GemmShape<(int)64, (int)64, (int)128>, cutlass::integer_subbyte<(int)4, (bool)1>, cutlass::layout::RowMajorTensorOpMultiplicandCrosswise<(int)4, (int)128>, cutlass::integer_subbyte<(int)4, (bool)1>, cutlass::layout::ColumnMajorTensorOpMultiplicandCrosswise<(int)4, (int)128>, int, cutlass::layout::RowMajor, cutlass::gemm::warp::MmaTensorOpPolicy<cutlass::arch::Mma<cutlass::gemm::GemmShape<(int)16, (int)8, (int)64>, (int)32, cutlass::integer_subbyte<(int)4, (bool)1>, cutlass::layout::RowMajor, cutlass::integer_subbyte<(int)4, (bool)1>, cutlass::layout::ColumnMajor, int, cutlass::layout::RowMajor, cutlass::arch::OpMultiplyAddSaturate>, cutlass::MatrixShape<(int)1, (int)1>>, (int)1, (bool)0, bool>, (int)1, cutlass::epilogue::threadblock::PredicatedTileIteratorConv<cutlass::epilogue::threadblock::OutputTileOptimalThreadMap<cutlass::epilogue::threadblock::OutputTileShape<(int)128, (int)8, (int)2, (int)1, (int)1>, cutlass::epilogue::threadblock::OutputTileShape<(int)1, (int)8, (int)1, (int)1, (int)8>, (int)128, (int)8, (int)16>, cutlass::half_t, (bool)0, cutlass::layout::NoPermute, (bool)0, (int)4>, cutlass::epilogue::warp::FragmentIteratorTensorOp<cutlass::gemm::GemmShape<(int)64, (int)64, (int)128>, cutlass::gemm::GemmShape<(int)16, (int)8, (int)64>, int, cutlass::Array<int, (int)4, (bool)1>, cutlass::layout::RowMajor>, cutlass::epilogue::warp::TileIteratorTensorOpMixed<cutlass::gemm::GemmShape<(int)64, (int)64, (int)128>, cutlass::gemm::GemmShape<(int)16, (int)8, (int)64>, int, (int)32, (int)16, (int)8, (int)8, (bool)0>, cutlass::epilogue::threadblock::SharedLoadIteratorMixed<cutlass::epilogue::threadblock::OutputTileOptimalThreadMap<cutlass::epilogue::threadblock::OutputTileShape<(int)128, (int)8, (int)2, (int)1, (int)1>, cutlass::epilogue::threadblock::OutputTileShape<(int)1, (int)8, (int)1, (int)1, (int)8>, (int)128, (int)8, (int)16>::CompactedThreadMap, int, (int)32, (int)16, (int)8, (int)8, (bool)0>, cutlass::epilogue::thread::LinearCombination<cutlass::half_t, (int)8, int, float, (cutlass::epilogue::thread::ScaleType::Kind)0, (cutlass::FloatRoundStyle)2, cutlass::half_t>, cutlass::MatrixShape<(int)0, (int)8>, (int)2, (int)1>, cutlass::epilogue::threadblock::TreeVisitor2x<cutlass::epilogue::threadblock::VisitorAuxStore<cutlass::epilogue::threadblock::OutputTileThreadLayout<cutlass::gemm::GemmShape<(int)128, (int)128, (int)128>, cutlass::gemm::GemmShape<(int)64, (int)64, (int)128>, cutlass::half_t, (int)8, (int)1>, cutlass::half_t, (cutlass::FloatRoundStyle)2, cute::tuple<long, cute::C<(int)1>, long>>, cutlass::epilogue::threadblock::TreeVisitor2x<cutlass::epilogue::threadblock::VisitorCompute<cutlass::plus, float, float, (cutlass::FloatRoundStyle)2, void>, cutlass::epilogue::threadblock::TreeVisitor2x<cutlass::epilogue::threadblock::VisitorCompute<cutlass::plus, float, float, (cutlass::FloatRoundStyle)2, void>, cutlass::epilogue::threadblock::TreeVisitor2x<cutlass::epilogue::threadblock::VisitorCompute<cutlass::multiplies, float, float, (cutlass::FloatRoundStyle)2, void>, cutlass::epilogue::threadblock::TreeVisitor2x<cutlass::epilogue::threadblock::VisitorCompute<cutlass::multiplies, float, float, (cutlass::FloatRoundStyle)2, void>, cutlass::epilogue::threadblock::VisitorAccFetch, cutlass::epilogue::threadblock::VisitorScalarBroadcast<float, cute::tuple<cute::C<(int)0>, cute::C<(int)0>, cute::C<(int)0>>, (int)1, cutlass::multiplies>>, cutlass::epilogue::threadblock::VisitorRowBroadcast<cutlass::epilogue::threadblock::OutputTileThreadLayout<cutlass::gemm::GemmShape<(int)128, (int)128, (int)128>, cutlass::gemm::GemmShape<(int)64, (int)64, (int)128>, cutlass::half_t, (int)8, (int)1>, float, cute::tuple<cute::C<(int)0>, cute::C<(int)1>, int>, (bool)1>>, cutlass::epilogue::threadblock::VisitorRowBroadcast<cutlass::epilogue::threadblock::OutputTileThreadLayout<cutlass::gemm::GemmShape<(int)128, (int)128, (int)128>, cutlass::gemm::GemmShape<(int)64, (int)64, (int)128>, cutlass::half_t, (int)8, (int)1>, float, cute::tuple<cute::C<(int)0>, cute::C<(int)1>, int>, (bool)1>>, cutlass::epilogue::threadblock::VisitorAuxLoad<cutlass::epilogue::threadblock::OutputTileThreadLayout<cutlass::gemm::GemmShape<(int)128, (int)128, (int)128>, cutlass::gemm::GemmShape<(int)64, (int)64, (int)128>, cutlass::half_t, (int)8, (int)1>, cutlass::half_t, cute::tuple<long, cute::C<(int)1>, long>>>>, (int)1, (int)1>, cutlass::gemm::threadblock::GemmIdentityThreadblockSwizzle<(int)1>, (cutlass::conv::Operator)0, cutlass::conv::Conv2dProblemSize>>(T1::Params)",12958350.0
L|resblock_plain|C192|T1024,"void cutlass::Kernel<modiff::ImplicitGemmConvolutionEVT<cutlass::conv::threadblock::ImplicitGemmMultistage<cutlass::gemm::GemmShape<(int)128, (int)128, (int)128>, cutlass::conv::threadblock::Conv2dFpropActivationTileAccessIteratorOptimized<cutlass::MatrixShape<(int)128, (int)128>, cutlass::integer_subbyte<(int)4, (bool)1>, cutlass::layout::TensorNHWC, cutlass::transform::PitchLinearWarpRakedThreadMap<cutlass::PitchLinearShape<(int)128, (int)128>, (int)128, cutlass::PitchLinearShape<(int)4, (int)8>, (int)32>, cutlass::AlignedArray<cutlass::integer_subbyte<(int)4, (bool)1>, (int)32, (int)16>>, cutlass::transform::threadblock::RegularTileAccessIterator<cutlass::MatrixShape<(int)128, (int)128>, cutlass::integer_subbyte<(int)4, (bool)1>, cutlass::layout::RowMajorTensorOpMultiplicandCrosswise<(int)4, (int)128>, (int)0, cutlass::transform::PitchLinearWarpRakedThreadMap<cutlass::PitchLinearShape<(int)128, (int)128>, (int)128, cutlass::PitchLinearShape<(int)4, (int)8>, (int)32>, (int)16>, (cutlass::arch::CacheOperation::Kind)0, cutlass::conv::threadblock::Conv2dFpropFilterTileAccessIteratorOptimized<cutlass::MatrixShape<(int)128, (int)128>, cutlass::integer_subbyte<(int)4, (bool)1>, cutlass::layout::TensorNHWC, cutlass::transform::PitchLinearWarpRakedThreadMap<cutlass::PitchLinearShape<(int)128, (int)128>, (int)128, cutlass::PitchLinearShape<(int)4, (int)8>, (int)32>, cutlass::AlignedArray<cutlass::integer_subbyte<(int)4, (bool)1>, (int)32, (int)16>, (bool)0>, cutlass::transform::threadblock::RegularTileAccessIterator<cutlass::MatrixShape<(int)128, (int)128>, cutlass::integer_subbyte<(int)4, (bool)1>, cutlass::layout::ColumnMajorTensorOpMultiplicandCrosswise<(int)4, (int)128>, (int)1, cutlass::transform::PitchLinearWarpRakedThreadMap<cutlass::PitchLinearShape<(int)128, (int)128>, (int)128, cutlass::PitchLinearShape<(int)4, (int)8>, (int)32>, (int)16>, (cutlass::arch::CacheOperation::Kind)1, cutlass::gemm::threadblock::MmaPolicy<cutlass::gemm::warp::MmaTensorOp<cutlass::gemm::GemmShape<(int)64, (int)64, (int)128>, cutlass::integer_subbyte<(int)4, (bool)1>, cutlass::layout::RowMajorTensorOpMultiplicandCrosswise<(int)4, (int)128>, cutlass::integer_subbyte<(int)4, (bool)1>, cutlass::layout::ColumnMajorTensorOpMultiplicandCrosswise<(int)4, (int)128>, int, cutlass::layout::RowMajor, cutlass::gemm::warp::MmaTensorOpPolicy<cutlass::arch::Mma<cutlass::gemm::GemmShape<(int)16, (int)8, (int)64>, (int)32, cutlass::integer_subbyte<(int)4, (bool)1>, cutlass::layout::RowMajor, cutlass::integer_subbyte<(int)4, (bool)1>, cutlass::layout::ColumnMajor, int, cutlass::layout::RowMajor, cutlass::arch::OpMultiplyAddSaturate>, cutlass::MatrixShape<(int)1, (int)1>>, (int)1, (bool)0, bool>, cutlass::MatrixShape<(int)0, (int)0>, cutlass::MatrixShape<(int)0, (int)0>, (int)1>, (int)3, bool>, cutlass::epilogue::threadblock::EpilogueWithVisitorCallbacks<cutlass::epilogue::threadblock::Epilogue<cutlass::gemm::GemmShape<(int)128, (int)128, (int)128>, cutlass::gemm::warp::MmaTensorOp<cutlass::gemm::GemmShape<(int)64, (int)64, (int)128>, cutlass::integer_subbyte<(int)4, (bool)1>, cutlass::layout::RowMajorTensorOpMultiplicandCrosswise<(int)4, (int)128>, cutlass::integer_subbyte<(int)4, (bool)1>, cutlass::layout::ColumnMajorTensorOpMultiplicandCrosswise<(int)4, (int)128>, int, cutlass::layout::RowMajor, cutlass::gemm::warp::MmaTensorOpPolicy<cutlass::arch::Mma<cutlass::gemm::GemmShape<(int)16, (int)8, (int)64>, (int)32, cutlass::integer_subbyte<(int)4, (bool)1>, cutlass::layout::RowMajor, cutlass::integer_subbyte<(int)4, (bool)1>, cutlass::layout::ColumnMajor, int, cutlass::layout::RowMajor, cutlass::arch::OpMultiplyAddSaturate>, cutlass::MatrixShape<(int)1, (int)1>>, (int)1, (bool)0, bool>, (int)1, cutlass::epilogue::threadblock::PredicatedTileIteratorConv<cutlass::epilogue::threadblock::OutputTileOptimalThreadMap<cutlass::epilogue::threadblock::OutputTileShape<(int)128, (int)8, (int)2, (int)1, (int)1>, cutlass::epilogue::threadblock::OutputTileShape<(int)1, (int)8, (int)1, (int)1, (int)8>, (int)128, (int)8, (int)16>, cutlass::half_t, (bool)0, cutlass::layout::NoPermute, (bool)0, (int)4>, cutlass::epilogue::warp::FragmentIteratorTensorOp<cutlass::gemm::GemmShape<(int)64, (int)64, (int)128>, cutlass::gemm::GemmShape<(int)16, (int)8, (int)64>, int, cutlass::Array<int, (int)4, (bool)1>, cutlass::layout::RowMajor>, cutlass::epilogue::warp::TileIteratorTensorOpMixed<cutlass::gemm::GemmShape<(int)64, (int)64, (int)128>, cutlass::gemm::GemmShape<(int)16, (int)8, (int)64>, int, (int)32, (int)16, (int)8, (int)8, (bool)0>, cutlass::epilogue::threadblock::SharedLoadIteratorMixed<cutlass::epilogue::threadblock::OutputTileOptimalThreadMap<cutlass::epilogue::threadblock::OutputTileShape<(int)128, (int)8, (int)2, (int)1, (int)1>, cutlass::epilogue::threadblock::OutputTileShape<(int)1, (int)8, (int)1, (int)1, (int)8>, (int)128, (int)8, (int)16>::CompactedThreadMap, int, (int)32, (int)16, (int)8, (int)8, (bool)0>, cutlass::epilogue::thread::LinearCombination<cutlass::half_t, (int)8, int, float, (cutlass::epilogue::thread::ScaleType::Kind)0, (cutlass::FloatRoundStyle)2, cutlass::half_t>, cutlass::MatrixShape<(int)0, (int)8>, (int)2, (int)1>, cutlass::epilogue::threadblock::TreeVisitor2x<cutlass::epilogue::threadblock::VisitorAuxStore<cutlass::epilogue::threadblock::OutputTileThreadLayout<cutlass::gemm::GemmShape<(int)128, (int)128, (int)128>, cutlass::gemm::GemmShape<(int)64, (int)64, (int)128>, cutlass::half_t, (int)8, (int)1>, cutlass::half_t, (cutlass::FloatRoundStyle)2, cute::tuple<long, cute::C<(int)1>, long>>, cutlass::epilogue::threadblock::TreeVisitor2x<cutlass::epilogue::threadblock::VisitorCompute<cutlass::plus, float, float, (cutlass::FloatRoundStyle)2, void>, cutlass::epilogue::threadblock::TreeVisitor2x<cutlass::epilogue::threadblock::VisitorCompute<cutlass::multiplies, float, float, (cutlass::FloatRoundStyle)2, void>, cutlass::epilogue::threadblock::TreeVisitor2x<cutlass::epilogue::threadblock::VisitorCompute<cutlass::multiplies, float, float, (cutlass::FloatRoundStyle)2, void>, cutlass::epilogue::threadblock::VisitorAccFetch, cutlass::epilogue::threadblock::VisitorScalarBroadcast<float, cute::tuple<cute::C<(int)0>, cute::C<(int)0>, cute::C<(int)0>>, (int)1, cutlass::multiplies>>, cutlass::epilogue::threadblock::VisitorRowBroadcast<cutlass::epilogue::threadblock::OutputTileThreadLayout<cutlass::gemm::GemmShape<(int)128, (int)128, (int)128>, cutlass::gemm::GemmShape<(int)64, (int)64, (int)128>, cutlass::half_t, (int)8, (int)1>, float, cute::tuple<cute::C<(int)0>, cute::C<(int)1>, int>, (bool)1>>, cutlass::epilogue::threadblock::VisitorRowBroadcast<cutlass::epilogue::threadblock::OutputTileThreadLayout<cutlass::gemm::GemmShape<(int)128, (int)128, (int)128>, cutlass::gemm::GemmShape<(int)64, (int)64, (int)128>, cutlass::half_t, (int)8, (int)1>, float, cute::tuple<cute::C<(int)0>, cute::C<(int)1>, int>, (bool)1>>>, (int)1, (int)1>, cutlass::gemm::threadblock::GemmIdentityThreadblockSwizzle<(int)1>, (cutlass::conv::Operator)0, cutlass::conv::Conv2dProblemSize>>(T1::Params)",12737132.0
L|resblock_plain|C384|T256,"void group_norm_silu_quantize_pack_nhwc_vec2_kernel<__half, (bool)0>(const T1 *, signed char *, const T1 *, const T1 *, const T1 *, const T1 *, const float *, const float *, int, long, int, float, bool, int)",12308011.0
L|resblock_plain|C384|T1024,sm80_xmma_fprop_implicit_gemm_f16f16_f16f32_f32_nhwckrsc_nhwc_tilesize128x64x32_stage5_warpsize2x2x1_g1_tensor16x8x16_execute_kernel__5x_cudnn,11351168.0
L|resblock_plain|C192|T256,"void group_norm_silu_quantize_pack_nhwc_vec2_kernel<__half, (bool)0>(const T1 *, signed char *, const T1 *, const T1 *, const T1 *, const T1 *, const float *, const float *, int, long, int, float, bool, int)",11042369.0
L|resblock_updown|C384|T256,"void at::native::unrolled_elementwise_kernel<at::native::direct_copy_kernel_cuda(at::TensorIteratorBase &)::[lambda() (instance 3)]::operator ()() const::[lambda() (instance 10)]::operator ()() const::[lambda(c10::Half) (instance 1)], at::detail::Array<char *, (int)2>, TrivialOffsetCalculator<(int)1, unsigned int>, TrivialOffsetCalculator<(int)1, unsigned int>, at::native::memory::LoadWithCast<(int)1>, at::native::memory::StoreWithCast<(int)1>>(int, T1, T2, T3, T4, T5, T6)",10712158.0
L|resblock_plain|C1536|T16,"void group_norm_silu_quantize_pack_nhwc_vec2_kernel<__half, (bool)0>(const T1 *, signed char *, const T1 *, const T1 *, const T1 *, const T1 *, const float *, const float *, int, long, int, float, bool, int)",10081942.0
L|attention|C384|T256,"void group_norm_silu_quantize_pack_nhwc_vec2_kernel<__half, (bool)1>(const T1 *, signed char *, const T1 *, const T1 *, const T1 *, const T1 *, const float *, const float *, int, long, int, float, bool, int)",9615865.0
L|resblock_plain|C1152|T64,"void group_norm_silu_quantize_pack_nhwc_vec2_kernel<__half, (bool)0>(const T1 *, signed char *, const T1 *, const T1 *, const T1 *, const T1 *, const float *, const float *, int, long, int, float, bool, int)",9509817.0
L|attention|C384|T64,"void gemm_w4a4_kernel_awq_out_i8<(int)3>(const signed char *, const signed char *, const float *, float, const float *, signed char *, int, int, int, const __half *, int, int, int, float, float, const float *, const float *, signed char *, signed char *, signed char *, int, int)",9048338.0
L|resblock_plain|C768|T256,"void cutlass::Kernel<modiff::ImplicitGemmConvolutionEVT<cutlass::conv::threadblock::ImplicitGemmMultistage<cutlass::gemm::GemmShape<(int)128, (int)128, (int)128>, cutlass::conv::threadblock::Conv2dFpropActivationTileAccessIteratorOptimized<cutlass::MatrixShape<(int)128, (int)128>, cutlass::integer_subbyte<(int)4, (bool)1>, cutlass::layout::TensorNHWC, cutlass::transform::PitchLinearWarpRakedThreadMap<cutlass::PitchLinearShape<(int)128, (int)128>, (int)128, cutlass::PitchLinearShape<(int)4, (int)8>, (int)32>, cutlass::AlignedArray<cutlass::integer_subbyte<(int)4, (bool)1>, (int)32, (int)16>>, cutlass::transform::threadblock::RegularTileAccessIterator<cutlass::MatrixShape<(int)128, (int)128>, cutlass::integer_subbyte<(int)4, (bool)1>, cutlass::layout::RowMajorTensorOpMultiplicandCrosswise<(int)4, (int)128>, (int)0, cutlass::transform::PitchLinearWarpRakedThreadMap<cutlass::PitchLinearShape<(int)128, (int)128>, (int)128, cutlass::PitchLinearShape<(int)4, (int)8>, (int)32>, (int)16>, (cutlass::arch::CacheOperation::Kind)0, cutlass::conv::threadblock::Conv2dFpropFilterTileAccessIteratorOptimized<cutlass::MatrixShape<(int)128, (int)128>, cutlass::integer_subbyte<(int)4, (bool)1>, cutlass::layout::TensorNHWC, cutlass::transform::PitchLinearWarpRakedThreadMap<cutlass::PitchLinearShape<(int)128, (int)128>, (int)128, cutlass::PitchLinearShape<(int)4, (int)8>, (int)32>, cutlass::AlignedArray<cutlass::integer_subbyte<(int)4, (bool)1>, (int)32, (int)16>, (bool)0>, cutlass::transform::threadblock::RegularTileAccessIterator<cutlass::MatrixShape<(int)128, (int)128>, cutlass::integer_subbyte<(int)4, (bool)1>, cutlass::layout::ColumnMajorTensorOpMultiplicandCrosswise<(int)4, (int)128>, (int)1, cutlass::transform::PitchLinearWarpRakedThreadMap<cutlass::PitchLinearShape<(int)128, (int)128>, (int)128, cutlass::PitchLinearShape<(int)4, (int)8>, (int)32>, (int)16>, (cutlass::arch::CacheOperation::Kind)1, cutlass::gemm::threadblock::MmaPolicy<cutlass::gemm::warp::MmaTensorOp<cutlass::gemm::GemmShape<(int)64, (int)64, (int)128>, cutlass::integer_subbyte<(int)4, (bool)1>, cutlass::layout::RowMajorTensorOpMultiplicandCrosswise<(int)4, (int)128>, cutlass::integer_subbyte<(int)4, (bool)1>, cutlass::layout::ColumnMajorTensorOpMultiplicandCrosswise<(int)4, (int)128>, int, cutlass::layout::RowMajor, cutlass::gemm::warp::MmaTensorOpPolicy<cutlass::arch::Mma<cutlass::gemm::GemmShape<(int)16, (int)8, (int)64>, (int)32, cutlass::integer_subbyte<(int)4, (bool)1>, cutlass::layout::RowMajor, cutlass::integer_subbyte<(int)4, (bool)1>, cutlass::layout::ColumnMajor, int, cutlass::layout::RowMajor, cutlass::arch::OpMultiplyAddSaturate>, cutlass::MatrixShape<(int)1, (int)1>>, (int)1, (bool)0, bool>, cutlass::MatrixShape<(int)0, (int)0>, cutlass::MatrixShape<(int)0, (int)0>, (int)1>, (int)3, bool>, cutlass::epilogue::threadblock::EpilogueWithVisitorCallbacks<cutlass::epilogue::threadblock::Epilogue<cutlass::gemm::GemmShape<(int)128, (int)128, (int)128>, cutlass::gemm::warp::MmaTensorOp<cutlass::gemm::GemmShape<(int)64, (int)64, (int)128>, cutlass::integer_subbyte<(int)4, (bool)1>, cutlass::layout::RowMajorTensorOpMultiplicandCrosswise<(int)4, (int)128>, cutlass::integer_subbyte<(int)4, (bool)1>, cutlass::layout::ColumnMajorTensorOpMultiplicandCrosswise<(int)4, (int)128>, int, cutlass::layout::RowMajor, cutlass::gemm::warp::MmaTensorOpPolicy<cutlass::arch::Mma<cutlass::gemm::GemmShape<(int)16, (int)8, (int)64>, (int)32, cutlass::integer_subbyte<(int)4, (bool)1>, cutlass::layout::RowMajor, cutlass::integer_subbyte<(int)4, (bool)1>, cutlass::layout::ColumnMajor, int, cutlass::layout::RowMajor, cutlass::arch::OpMultiplyAddSaturate>, cutlass::MatrixShape<(int)1, (int)1>>, (int)1, (bool)0, bool>, (int)1, cutlass::epilogue::threadblock::PredicatedTileIteratorConv<cutlass::epilogue::threadblock::OutputTileOptimalThreadMap<cutlass::epilogue::threadblock::OutputTileShape<(int)128, (int)8, (int)2, (int)1, (int)1>, cutlass::epilogue::threadblock::OutputTileShape<(int)1, (int)8, (int)1, (int)1, (int)8>, (int)128, (int)8, (int)16>, cutlass::half_t, (bool)0, cutlass::layout::NoPermute, (bool)0, (int)4>, cutlass::epilogue::warp::FragmentIteratorTensorOp<cutlass::gemm::GemmShape<(int)64, (int)64, (int)128>, cutlass::gemm::GemmShape<(int)16, (int)8, (int)64>, int, cutlass::Array<int, (int)4, (bool)1>, cutlass::layout::RowMajor>, cutlass::epilogue::warp::TileIteratorTensorOpMixed<cutlass::gemm::GemmShape<(int)64, (int)64, (int)128>, cutlass::gemm::GemmShape<(int)16, (int)8, (int)64>, int, (int)32, (int)16, (int)8, (int)8, (bool)0>, cutlass::epilogue::threadblock::SharedLoadIteratorMixed<cutlass::epilogue::threadblock::OutputTileOptimalThreadMap<cutlass::epilogue::threadblock::OutputTileShape<(int)128, (int)8, (int)2, (int)1, (int)1>, cutlass::epilogue::threadblock::OutputTileShape<(int)1, (int)8, (int)1, (int)1, (int)8>, (int)128, (int)8, (int)16>::CompactedThreadMap, int, (int)32, (int)16, (int)8, (int)8, (bool)0>, cutlass::epilogue::thread::LinearCombination<cutlass::half_t, (int)8, int, float, (cutlass::epilogue::thread::ScaleType::Kind)0, (cutlass::FloatRoundStyle)2, cutlass::half_t>, cutlass::MatrixShape<(int)0, (int)8>, (int)2, (int)1>, cutlass::epilogue::threadblock::TreeVisitor2x<cutlass::epilogue::threadblock::VisitorAuxStore<cutlass::epilogue::threadblock::OutputTileThreadLayout<cutlass::gemm::GemmShape<(int)128, (int)128, (int)128>, cutlass::gemm::GemmShape<(int)64, (int)64, (int)128>, cutlass::half_t, (int)8, (int)1>, cutlass::half_t, (cutlass::FloatRoundStyle)2, cute::tuple<long, cute::C<(int)1>, long>>, cutlass::epilogue::threadblock::TreeVisitor2x<cutlass::epilogue::threadblock::VisitorCompute<cutlass::plus, float, float, (cutlass::FloatRoundStyle)2, void>, cutlass::epilogue::threadblock::TreeVisitor2x<cutlass::epilogue::threadblock::VisitorCompute<cutlass::plus, float, float, (cutlass::FloatRoundStyle)2, void>, cutlass::epilogue::threadblock::TreeVisitor2x<cutlass::epilogue::threadblock::VisitorCompute<cutlass::multiplies, float, float, (cutlass::FloatRoundStyle)2, void>, cutlass::epilogue::threadblock::TreeVisitor2x<cutlass::epilogue::threadblock::VisitorCompute<cutlass::multiplies, float, float, (cutlass::FloatRoundStyle)2, void>, cutlass::epilogue::threadblock::VisitorAccFetch, cutlass::epilogue::threadblock::VisitorScalarBroadcast<float, cute::tuple<cute::C<(int)0>, cute::C<(int)0>, cute::C<(int)0>>, (int)1, cutlass::multiplies>>, cutlass::epilogue::threadblock::VisitorRowBroadcast<cutlass::epilogue::threadblock::OutputTileThreadLayout<cutlass::gemm::GemmShape<(int)128, (int)128, (int)128>, cutlass::gemm::GemmShape<(int)64, (int)64, (int)128>, cutlass::half_t, (int)8, (int)1>, float, cute::tuple<cute::C<(int)0>, cute::C<(int)1>, int>, (bool)1>>, cutlass::epilogue::threadblock::VisitorRowBroadcast<cutlass::epilogue::threadblock::OutputTileThreadLayout<cutlass::gemm::GemmShape<(int)128, (int)128, (int)128>, cutlass::gemm::GemmShape<(int)64, (int)64, (int)128>, cutlass::half_t, (int)8, (int)1>, float, cute::tuple<cute::C<(int)0>, cute::C<(int)1>, int>, (bool)1>>, cutlass::epilogue::threadblock::VisitorAuxLoad<cutlass::epilogue::threadblock::OutputTileThreadLayout<cutlass::gemm::GemmShape<(int)128, (int)128, (int)128>, cutlass::gemm::GemmShape<(int)64, (int)64, (int)128>, cutlass::half_t, (int)8, (int)1>, cutlass::half_t, cute::tuple<long, cute::C<(int)1>, long>>>>, (int)1, (int)1>, cutlass::gemm::threadblock::GemmIdentityThreadblockSwizzle<(int)1>, (cutlass::conv::Operator)0, cutlass::conv::Conv2dProblemSize>>(T1::Params)",8476850.0
,"void at::native::elementwise_kernel<(int)128, (int)2, void at::native::gpu_kernel_impl_nocast<at::native::direct_copy_kernel_cuda(at::TensorIteratorBase &)::[lambda() (instance 3)]::operator ()() const::[lambda() (instance 7)]::operator ()() const::[lambda(float) (instance 1)]>(at::TensorIteratorBase &, const T1 &)::[lambda(int) (instance 1)]>(int, T3)",8224880.0
L|resblock_plain|C384|T1024,"void at::native::elementwise_kernel<(int)128, (int)4, void at::native::gpu_kernel_impl_nocast<at::native::CUDAFunctor_add<c10::Half>>(at::TensorIteratorBase &, const T1 &)::[lambda(int) (instance 1)]>(int, T3)",7616272.0
L|resblock_plain|C576|T1024,sm86_xmma_fprop_implicit_gemm_f16f16_f16f32_f32_nhwckrsc_nhwc_tilesize128x64x32_stage4_warpsize2x2x1_g1_tensor16x8x16_execute_kernel__5x_cudnn,7501037.0
,"void at::native::elementwise_kernel<(int)128, (int)2, void at::native::gpu_kernel_impl_nocast<void at::native::<unnamed>::GroupNormKernelImplInternal<float>(const at::Tensor &, const at::Tensor &, const at::Tensor &, long, long, long, long, T1, at::Tensor &, at::Tensor &, at::Tensor &)::[lambda(float, float, float) (instance 2)]>(at::TensorIteratorBase &, const T1 &)::[lambda(int) (instance 1)]>(int, T3)",7158667.0
,"void at::native::vectorized_elementwise_kernel<(int)4, at::native::<unnamed>::silu_kernel(at::TensorIteratorBase &)::[lambda() (instance 1)]::operator ()() const::[lambda() (instance 2)]::operator ()() const::[lambda(float) (instance 1)], at::detail::Array<char *, (int)2>>(int, T2, T3)",7102697.0
L|resblock_plain|C768|T256,sm86_xmma_fprop_implicit_gemm_f16f16_f16f32_f32_nhwckrsc_nhwc_tilesize128x128x32_stage3_warpsize2x2x1_g1_tensor16x8x16_t1r1s1_execute_kernel__5x_cudnn,7091529.0
L|resblock_updown|C384|T64,"void group_norm_silu_quantize_pack_nhwc_vec2_kernel<__half, (bool)0>(const T1 *, signed char *, const T1 *, const T1 *, const T1 *, const T1 *, const float *, const float *, int, long, int, float, bool, int)",6870633.0
L|resblock_plain|C576|T1024,"void cutlass::Kernel<modiff::ImplicitGemmConvolutionEVT<cutlass::conv::threadblock::ImplicitGemmMultistage<cutlass::gemm::GemmShape<(int)128, (int)128, (int)128>, cutlass::conv::threadblock::Conv2dFpropActivationTileAccessIteratorOptimized<cutlass::MatrixShape<(int)128, (int)128>, cutlass::integer_subbyte<(int)4, (bool)1>, cutlass::layout::TensorNHWC, cutlass::transform::PitchLinearWarpRakedThreadMap<cutlass::PitchLinearShape<(int)128, (int)128>, (int)128, cutlass::PitchLinearShape<(int)4, (int)8>, (int)32>, cutlass::AlignedArray<cutlass::integer_subbyte<(int)4, (bool)1>, (int)32, (int)16>>, cutlass::transform::threadblock::RegularTileAccessIterator<cutlass::MatrixShape<(int)128, (int)128>, cutlass::integer_subbyte<(int)4, (bool)1>, cutlass::layout::RowMajorTensorOpMultiplicandCrosswise<(int)4, (int)128>, (int)0, cutlass::transform::PitchLinearWarpRakedThreadMap<cutlass::PitchLinearShape<(int)128, (int)128>, (int)128, cutlass::PitchLinearShape<(int)4, (int)8>, (int)32>, (int)16>, (cutlass::arch::CacheOperation::Kind)0, cutlass::conv::threadblock::Conv2dFpropFilterTileAccessIteratorOptimized<cutlass::MatrixShape<(int)128, (int)128>, cutlass::integer_subbyte<(int)4, (bool)1>, cutlass::layout::TensorNHWC, cutlass::transform::PitchLinearWarpRakedThreadMap<cutlass::PitchLinearShape<(int)128, (int)128>, (int)128, cutlass::PitchLinearShape<(int)4, (int)8>, (int)32>, cutlass::AlignedArray<cutlass::integer_subbyte<(int)4, (bool)1>, (int)32, (int)16>, (bool)0>, cutlass::transform::threadblock::RegularTileAccessIterator<cutlass::MatrixShape<(int)128, (int)128>, cutlass::integer_subbyte<(int)4, (bool)1>, cutlass::layout::ColumnMajorTensorOpMultiplicandCrosswise<(int)4, (int)128>, (int)1, cutlass::transform::PitchLinearWarpRakedThreadMap<cutlass::PitchLinearShape<(int)128, (int)128>, (int)128, cutlass::PitchLinearShape<(int)4, (int)8>, (int)32>, (int)16>, (cutlass::arch::CacheOperation::Kind)1, cutlass::gemm::threadblock::MmaPolicy<cutlass::gemm::warp::MmaTensorOp<cutlass::gemm::GemmShape<(int)64, (int)64, (int)128>, cutlass::integer_subbyte<(int)4, (bool)1>, cutlass::layout::RowMajorTensorOpMultiplicandCrosswise<(int)4, (int)128>, cutlass::integer_subbyte<(int)4, (bool)1>, cutlass::layout::ColumnMajorTensorOpMultiplicandCrosswise<(int)4, (int)128>, int, cutlass::layout::RowMajor, cutlass::gemm::warp::MmaTensorOpPolicy<cutlass::arch::Mma<cutlass::gemm::GemmShape<(int)16, (int)8, (int)64>, (int)32, cutlass::integer_subbyte<(int)4, (bool)1>, cutlass::layout::RowMajor, cutlass::integer_subbyte<(int)4, (bool)1>, cutlass::layout::ColumnMajor, int, cutlass::layout::RowMajor, cutlass::arch::OpMultiplyAddSaturate>, cutlass::MatrixShape<(int)1, (int)1>>, (int)1, (bool)0, bool>, cutlass::MatrixShape<(int)0, (int)0>, cutlass::MatrixShape<(int)0, (int)0>, (int)1>, (int)3, bool>, cutlass::epilogue::threadblock::EpilogueWithVisitorCallbacks<cutlass::epilogue::threadblock::Epilogue<cutlass::gemm::GemmShape<(int)128, (int)128, (int)128>, cutlass::gemm::warp::MmaTensorOp<cutlass::gemm::GemmShape<(int)64, (int)64, (int)128>, cutlass::integer_subbyte<(int)4, (bool)1>, cutlass::layout::RowMajorTensorOpMultiplicandCrosswise<(int)4, (int)128>, cutlass::integer_subbyte<(int)4, (bool)1>, cutlass::layout::ColumnMajorTensorOpMultiplicandCrosswise<(int)4, (int)128>, int, cutlass::layout::RowMajor, cutlass::gemm::warp::MmaTensorOpPolicy<cutlass::arch::Mma<cutlass::gemm::GemmShape<(int)16, (int)8, (int)64>, (int)32, cutlass::integer_subbyte<(int)4, (bool)1>, cutlass::layout::RowMajor, cutlass::integer_subbyte<(int)4, (bool)1>, cutlass::layout::ColumnMajor, int, cutlass::layout::RowMajor, cutlass::arch::OpMultiplyAddSaturate>, cutlass::MatrixShape<(int)1, (int)1>>, (int)1, (bool)0, bool>, (int)1, cutlass::epilogue::threadblock::PredicatedTileIteratorConv<cutlass::epilogue::threadblock::OutputTileOptimalThreadMap<cutlass::epilogue::threadblock::OutputTileShape<(int)128, (int)8, (int)2, (int)1, (int)1>, cutlass::epilogue::threadblock::OutputTileShape<(int)1, (int)8, (int)1, (int)1, (int)8>, (int)128, (int)8, (int)16>, cutlass::half_t, (bool)0, cutlass::layout::NoPermute, (bool)0, (int)4>, cutlass::epilogue::warp::FragmentIteratorTensorOp<cutlass::gemm::GemmShape<(int)64, (int)64, (int)128>, cutlass::gemm::GemmShape<(int)16, (int)8, (int)64>, int, cutlass::Array<int, (int)4, (bool)1>, cutlass::layout::RowMajor>, cutlass::epilogue::warp::TileIteratorTensorOpMixed<cutlass::gemm::GemmShape<(int)64, (int)64, (int)128>, cutlass::gemm::GemmShape<(int)16, (int)8, (int)64>, int, (int)32, (int)16, (int)8, (int)8, (bool)0>, cutlass::epilogue::threadblock::SharedLoadIteratorMixed<cutlass::epilogue::threadblock::OutputTileOptimalThreadMap<cutlass::epilogue::threadblock::OutputTileShape<(int)128, (int)8, (int)2, (int)1, (int)1>, cutlass::epilogue::threadblock::OutputTileShape<(int)1, (int)8, (int)1, (int)1, (int)8>, (int)128, (int)8, (int)16>::CompactedThreadMap, int, (int)32, (int)16, (int)8, (int)8, (bool)0>, cutlass::epilogue::thread::LinearCombination<cutlass::half_t, (int)8, int, float, (cutlass::epilogue::thread::ScaleType::Kind)0, (cutlass::FloatRoundStyle)2, cutlass::half_t>, cutlass::MatrixShape<(int)0, (int)8>, (int)2, (int)1>, cutlass::epilogue::threadblock::TreeVisitor2x<cutlass::epilogue::threadblock::VisitorAuxStore<cutlass::epilogue::threadblock::OutputTileThreadLayout<cutlass::gemm::GemmShape<(int)128, (int)128, (int)128>, cutlass::gemm::GemmShape<(int)64, (int)64, (int)128>, cutlass::half_t, (int)8, (int)1>, cutlass::half_t, (cutlass::FloatRoundStyle)2, cute::tuple<long, cute::C<(int)1>, long>>, cutlass::epilogue::threadblock::TreeVisitor2x<cutlass::epilogue::threadblock::VisitorCompute<cutlass::plus, float, float, (cutlass::FloatRoundStyle)2, void>, cutlass::epilogue::threadblock::TreeVisitor2x<cutlass::epilogue::threadblock::VisitorCompute<cutlass::plus, float, float, (cutlass::FloatRoundStyle)2, void>, cutlass::epilogue::threadblock::TreeVisitor2x<cutlass::epilogue::threadblock::VisitorCompute<cutlass::multiplies, float, float, (cutlass::FloatRoundStyle)2, void>, cutlass::epilogue::threadblock::TreeVisitor2x<cutlass::epilogue::threadblock::VisitorCompute<cutlass::multiplies, float, float, (cutlass::FloatRoundStyle)2, void>, cutlass::epilogue::threadblock::VisitorAccFetch, cutlass::epilogue::threadblock::VisitorScalarBroadcast<float, cute::tuple<cute::C<(int)0>, cute::C<(int)0>, cute::C<(int)0>>, (int)1, cutlass::multiplies>>, cutlass::epilogue::threadblock::VisitorRowBroadcast<cutlass::epilogue::threadblock::OutputTileThreadLayout<cutlass::gemm::GemmShape<(int)128, (int)128, (int)128>, cutlass::gemm::GemmShape<(int)64, (int)64, (int)128>, cutlass::half_t, (int)8, (int)1>, float, cute::tuple<cute::C<(int)0>, cute::C<(int)1>, int>, (bool)1>>, cutlass::epilogue::threadblock::VisitorRowBroadcast<cutlass::epilogue::threadblock::OutputTileThreadLayout<cutlass::gemm::GemmShape<(int)128, (int)128, (int)128>, cutlass::gemm::GemmShape<(int)64, (int)64, (int)128>, cutlass::half_t, (int)8, (int)1>, float, cute::tuple<cute::C<(int)0>, cute::C<(int)1>, int>, (bool)1>>, cutlass::epilogue::threadblock::VisitorAuxLoad<cutlass::epilogue::threadblock::OutputTileThreadLayout<cutlass::gemm::GemmShape<(int)128, (int)128, (int)128>, cutlass::gemm::GemmShape<(int)64, (int)64, (int)128>, cutlass::half_t, (int)8, (int)1>, cutlass::half_t, cute::tuple<long, cute::C<(int)1>, long>>>>, (int)1, (int)1>, cutlass::gemm::threadblock::GemmIdentityThreadblockSwizzle<(int)1>, (cutlass::conv::Operator)0, cutlass::conv::Conv2dProblemSize>>(T1::Params)",6496903.0
L|attention|C768|T16,"void flash_attn_int8_qi8packed_small_qout_kernel<(int)16, (int)96, (int)4, (bool)1>(const signed char *, const float *, signed char *, int, int, float, float, float, int)",6470344.0
L|resblock_plain|C576|T256,"void cutlass::Kernel<modiff::ImplicitGemmConvolutionEVT<cutlass::conv::threadblock::ImplicitGemmMultistage<cutlass::gemm::GemmShape<(int)128, (int)128, (int)128>, cutlass::conv::threadblock::Conv2dFpropActivationTileAccessIteratorOptimized<cutlass::MatrixShape<(int)128, (int)128>, cutlass::integer_subbyte<(int)4, (bool)1>, cutlass::layout::TensorNHWC, cutlass::transform::PitchLinearWarpRakedThreadMap<cutlass::PitchLinearShape<(int)128, (int)128>, (int)128, cutlass::PitchLinearShape<(int)4, (int)8>, (int)32>, cutlass::AlignedArray<cutlass::integer_subbyte<(int)4, (bool)1>, (int)32, (int)16>>, cutlass::transform::threadblock::RegularTileAccessIterator<cutlass::MatrixShape<(int)128, (int)128>, cutlass::integer_subbyte<(int)4, (bool)1>, cutlass::layout::RowMajorTensorOpMultiplicandCrosswise<(int)4, (int)128>, (int)0, cutlass::transform::PitchLinearWarpRakedThreadMap<cutlass::PitchLinearShape<(int)128, (int)128>, (int)128, cutlass::PitchLinearShape<(int)4, (int)8>, (int)32>, (int)16>, (cutlass::arch::CacheOperation::Kind)0, cutlass::conv::threadblock::Conv2dFpropFilterTileAccessIteratorOptimized<cutlass::MatrixShape<(int)128, (int)128>, cutlass::integer_subbyte<(int)4, (bool)1>, cutlass::layout::TensorNHWC, cutlass::transform::PitchLinearWarpRakedThreadMap<cutlass::PitchLinearShape<(int)128, (int)128>, (int)128, cutlass::PitchLinearShape<(int)4, (int)8>, (int)32>, cutlass::AlignedArray<cutlass::integer_subbyte<(int)4, (bool)1>, (int)32, (int)16>, (bool)0>, cutlass::transform::threadblock::RegularTileAccessIterator<cutlass::MatrixShape<(int)128, (int)128>, cutlass::integer_subbyte<(int)4, (bool)1>, cutlass::layout::ColumnMajorTensorOpMultiplicandCrosswise<(int)4, (int)128>, (int)1, cutlass::transform::PitchLinearWarpRakedThreadMap<cutlass::PitchLinearShape<(int)128, (int)128>, (int)128, cutlass::PitchLinearShape<(int)4, (int)8>, (int)32>, (int)16>, (cutlass::arch::CacheOperation::Kind)1, cutlass::gemm::threadblock::MmaPolicy<cutlass::gemm::warp::MmaTensorOp<cutlass::gemm::GemmShape<(int)64, (int)64, (int)128>, cutlass::integer_subbyte<(int)4, (bool)1>, cutlass::layout::RowMajorTensorOpMultiplicandCrosswise<(int)4, (int)128>, cutlass::integer_subbyte<(int)4, (bool)1>, cutlass::layout::ColumnMajorTensorOpMultiplicandCrosswise<(int)4, (int)128>, int, cutlass::layout::RowMajor, cutlass::gemm::warp::MmaTensorOpPolicy<cutlass::arch::Mma<cutlass::gemm::GemmShape<(int)16, (int)8, (int)64>, (int)32, cutlass::integer_subbyte<(int)4, (bool)1>, cutlass::layout::RowMajor, cutlass::integer_subbyte<(int)4, (bool)1>, cutlass::layout::ColumnMajor, int, cutlass::layout::RowMajor, cutlass::arch::OpMultiplyAddSaturate>, cutlass::MatrixShape<(int)1, (int)1>>, (int)1, (bool)0, bool>, cutlass::MatrixShape<(int)0, (int)0>, cutlass::MatrixShape<(int)0, (int)0>, (int)1>, (int)3, bool>, cutlass::epilogue::threadblock::EpilogueWithVisitorCallbacks<cutlass::epilogue::threadblock::Epilogue<cutlass::gemm::GemmShape<(int)128, (int)128, (int)128>, cutlass::gemm::warp::MmaTensorOp<cutlass::gemm::GemmShape<(int)64, (int)64, (int)128>, cutlass::integer_subbyte<(int)4, (bool)1>, cutlass::layout::RowMajorTensorOpMultiplicandCrosswise<(int)4, (int)128>, cutlass::integer_subbyte<(int)4, (bool)1>, cutlass::layout::ColumnMajorTensorOpMultiplicandCrosswise<(int)4, (int)128>, int, cutlass::layout::RowMajor, cutlass::gemm::warp::MmaTensorOpPolicy<cutlass::arch::Mma<cutlass::gemm::GemmShape<(int)16, (int)8, (int)64>, (int)32, cutlass::integer_subbyte<(int)4, (bool)1>, cutlass::layout::RowMajor, cutlass::integer_subbyte<(int)4, (bool)1>, cutlass::layout::ColumnMajor, int, cutlass::layout::RowMajor, cutlass::arch::OpMultiplyAddSaturate>, cutlass::MatrixShape<(int)1, (int)1>>, (int)1, (bool)0, bool>, (int)1, cutlass::epilogue::threadblock::PredicatedTileIteratorConv<cutlass::epilogue::threadblock::OutputTileOptimalThreadMap<cutlass::epilogue::threadblock::OutputTileShape<(int)128, (int)8, (int)2, (int)1, (int)1>, cutlass::epilogue::threadblock::OutputTileShape<(int)1, (int)8, (int)1, (int)1, (int)8>, (int)128, (int)8, (int)16>, cutlass::half_t, (bool)0, cutlass::layout::NoPermute, (bool)0, (int)4>, cutlass::epilogue::warp::FragmentIteratorTensorOp<cutlass::gemm::GemmShape<(int)64, (int)64, (int)128>, cutlass::gemm::GemmShape<(int)16, (int)8, (int)64>, int, cutlass::Array<int, (int)4, (bool)1>, cutlass::layout::RowMajor>, cutlass::epilogue::warp::TileIteratorTensorOpMixed<cutlass::gemm::GemmShape<(int)64, (int)64, (int)128>, cutlass::gemm::GemmShape<(int)16, (int)8, (int)64>, int, (int)32, (int)16, (int)8, (int)8, (bool)0>, cutlass::epilogue::threadblock::SharedLoadIteratorMixed<cutlass::epilogue::threadblock::OutputTileOptimalThreadMap<cutlass::epilogue::threadblock::OutputTileShape<(int)128, (int)8, (int)2, (int)1, (int)1>, cutlass::epilogue::threadblock::OutputTileShape<(int)1, (int)8, (int)1, (int)1, (int)8>, (int)128, (int)8, (int)16>::CompactedThreadMap, int, (int)32, (int)16, (int)8, (int)8, (bool)0>, cutlass::epilogue::thread::LinearCombination<cutlass::half_t, (int)8, int, float, (cutlass::epilogue::thread::ScaleType::Kind)0, (cutlass::FloatRoundStyle)2, cutlass::half_t>, cutlass::MatrixShape<(int)0, (int)8>, (int)2, (int)1>, cutlass::epilogue::threadblock::TreeVisitor2x<cutlass::epilogue::threadblock::VisitorAuxStore<cutlass::epilogue::threadblock::OutputTileThreadLayout<cutlass::gemm::GemmShape<(int)128, (int)128, (int)128>, cutlass::gemm::GemmShape<(int)64, (int)64, (int)128>, cutlass::half_t, (int)8, (int)1>, cutlass::half_t, (cutlass::FloatRoundStyle)2, cute::tuple<long, cute::C<(int)1>, long>>, cutlass::epilogue::threadblock::TreeVisitor2x<cutlass::epilogue::threadblock::VisitorCompute<cutlass::plus, float, float, (cutlass::FloatRoundStyle)2, void>, cutlass::epilogue::threadblock::TreeVisitor2x<cutlass::epilogue::threadblock::VisitorCompute<cutlass::multiplies, float, float, (cutlass::FloatRoundStyle)2, void>, cutlass::epilogue::threadblock::TreeVisitor2x<cutlass::epilogue::threadblock::VisitorCompute<cutlass::multiplies, float, float, (cutlass::FloatRoundStyle)2, void>, cutlass::epilogue::threadblock::VisitorAccFetch, cutlass::epilogue::threadblock::VisitorScalarBroadcast<float, cute::tuple<cute::C<(int)0>, cute::C<(int)0>, cute::C<(int)0>>, (int)1, cutlass::multiplies>>, cutlass::epilogue::threadblock::VisitorRowBroadcast<cutlass::epilogue::threadblock::OutputTileThreadLayout<cutlass::gemm::GemmShape<(int)128, (int)128, (int)128>, cutlass::gemm::GemmShape<(int)64, (int)64, (int)128>, cutlass::half_t, (int)8, (int)1>, float, cute::tuple<cute::C<(int)0>, cute::C<(int)1>, int>, (bool)1>>, cutlass::epilogue::threadblock::VisitorRowBroadcast<cutlass::epilogue::threadblock::OutputTileThreadLayout<cutlass::gemm::GemmShape<(int)128, (int)128, (int)128>, cutlass::gemm::GemmShape<(int)64, (int)64, (int)128>, cutlass::half_t, (int)8, (int)1>, float, cute::tuple<cute::C<(int)0>, cute::C<(int)1>, int>, (bool)1>>>, (int)1, (int)1>, cutlass::gemm::threadblock::GemmIdentityThreadblockSwizzle<(int)1>, (cutlass::conv::Operator)0, cutlass::conv::Conv2dProblemSize>>(T1::Params)",6163108.0
,"void at::native::elementwise_kernel<(int)128, (int)4, void at::native::gpu_kernel_impl_nocast<at::native::direct_copy_kernel_cuda(at::TensorIteratorBase &)::[lambda() (instance 3)]::operator ()() const::[lambda() (instance 10)]::operator ()() const::[lambda(c10::Half) (instance 1)]>(at::TensorIteratorBase &, const T1 &)::[lambda(int) (instance 1)]>(int, T3)",5802019.0
L|attention|C384|T64,"gemm_w4a4_kernel_awq(const signed char *, const signed char *, const float *, float, __half *, int, int, int, int, const __half *, const __half *)",5756542.0
L|resblock_plain|C1536|T16,"void cutlass::Kernel<modiff::ImplicitGemmConvolutionEVT<cutlass::conv::threadblock::ImplicitGemmMultistage<cutlass::gemm::GemmShape<(int)128, (int)128, (int)128>, cutlass::conv::threadblock::Conv2dFpropActivationTileAccessIteratorOptimized<cutlass::MatrixShape<(int)128, (int)128>, cutlass::integer_subbyte<(int)4, (bool)1>, cutlass::layout::TensorNHWC, cutlass::transform::PitchLinearWarpRakedThreadMap<cutlass::PitchLinearShape<(int)128, (int)128>, (int)128, cutlass::PitchLinearShape<(int)4, (int)8>, (int)32>, cutlass::AlignedArray<cutlass::integer_subbyte<(int)4, (bool)1>, (int)32, (int)16>>, cutlass::transform::threadblock::RegularTileAccessIterator<cutlass::MatrixShape<(int)128, (int)128>, cutlass::integer_subbyte<(int)4, (bool)1>, cutlass::layout::RowMajorTensorOpMultiplicandCrosswise<(int)4, (int)128>, (int)0, cutlass::transform::PitchLinearWarpRakedThreadMap<cutlass::PitchLinearShape<(int)128, (int)128>, (int)128, cutlass::PitchLinearShape<(int)4, (int)8>, (int)32>, (int)16>, (cutlass::arch::CacheOperation::Kind)0, cutlass::conv::threadblock::Conv2dFpropFilterTileAccessIteratorOptimized<cutlass::MatrixShape<(int)128, (int)128>, cutlass::integer_subbyte<(int)4, (bool)1>, cutlass::layout::TensorNHWC, cutlass::transform::PitchLinearWarpRakedThreadMap<cutlass::PitchLinearShape<(int)128, (int)128>, (int)128, cutlass::PitchLinearShape<(int)4, (int)8>, (int)32>, cutlass::AlignedArray<cutlass::integer_subbyte<(int)4, (bool)1>, (int)32, (int)16>, (bool)0>, cutlass::transform::threadblock::RegularTileAccessIterator<cutlass::MatrixShape<(int)128, (int)128>, cutlass::integer_subbyte<(int)4, (bool)1>, cutlass::layout::ColumnMajorTensorOpMultiplicandCrosswise<(int)4, (int)128>, (int)1, cutlass::transform::PitchLinearWarpRakedThreadMap<cutlass::PitchLinearShape<(int)128, (int)128>, (int)128, cutlass::PitchLinearShape<(int)4, (int)8>, (int)32>, (int)16>, (cutlass::arch::CacheOperation::Kind)1, cutlass::gemm::threadblock::MmaPolicy<cutlass::gemm::warp::MmaTensorOp<cutlass::gemm::GemmShape<(int)64, (int)64, (int)128>, cutlass::integer_subbyte<(int)4, (bool)1>, cutlass::layout::RowMajorTensorOpMultiplicandCrosswise<(int)4, (int)128>, cutlass::integer_subbyte<(int)4, (bool)1>, cutlass::layout::ColumnMajorTensorOpMultiplicandCrosswise<(int)4, (int)128>, int, cutlass::layout::RowMajor, cutlass::gemm::warp::MmaTensorOpPolicy<cutlass::arch::Mma<cutlass::gemm::GemmShape<(int)16, (int)8, (int)64>, (int)32, cutlass::integer_subbyte<(int)4, (bool)1>, cutlass::layout::RowMajor, cutlass::integer_subbyte<(int)4, (bool)1>, cutlass::layout::ColumnMajor, int, cutlass::layout::RowMajor, cutlass::arch::OpMultiplyAddSaturate>, cutlass::MatrixShape<(int)1, (int)1>>, (int)1, (bool)0, bool>, cutlass::MatrixShape<(int)0, (int)0>, cutlass::MatrixShape<(int)0, (int)0>, (int)1>, (int)3, bool>, cutlass::epilogue::threadblock::EpilogueWithVisitorCallbacks<cutlass::epilogue::threadblock::Epilogue<cutlass::gemm::GemmShape<(int)128, (int)128, (int)128>, cutlass::gemm::warp::MmaTensorOp<cutlass::gemm::GemmShape<(int)64, (int)64, (int)128>, cutlass::integer_subbyte<(int)4, (bool)1>, cutlass::layout::RowMajorTensorOpMultiplicandCrosswise<(int)4, (int)128>, cutlass::integer_subbyte<(int)4, (bool)1>, cutlass::layout::ColumnMajorTensorOpMultiplicandCrosswise<(int)4, (int)128>, int, cutlass::layout::RowMajor, cutlass::gemm::warp::MmaTensorOpPolicy<cutlass::arch::Mma<cutlass::gemm::GemmShape<(int)16, (int)8, (int)64>, (int)32, cutlass::integer_subbyte<(int)4, (bool)1>, cutlass::layout::RowMajor, cutlass::integer_subbyte<(int)4, (bool)1>, cutlass::layout::ColumnMajor, int, cutlass::layout::RowMajor, cutlass::arch::OpMultiplyAddSaturate>, cutlass::MatrixShape<(int)1, (int)1>>, (int)1, (bool)0, bool>, (int)1, cutlass::epilogue::threadblock::PredicatedTileIteratorConv<cutlass::epilogue::threadblock::OutputTileOptimalThreadMap<cutlass::epilogue::threadblock::OutputTileShape<(int)128, (int)8, (int)2, (int)1, (int)1>, cutlass::epilogue::threadblock::OutputTileShape<(int)1, (int)8, (int)1, (int)1, (int)8>, (int)128, (int)8, (int)16>, cutlass::half_t, (bool)0, cutlass::layout::NoPermute, (bool)0, (int)4>, cutlass::epilogue::warp::FragmentIteratorTensorOp<cutlass::gemm::GemmShape<(int)64, (int)64, (int)128>, cutlass::gemm::GemmShape<(int)16, (int)8, (int)64>, int, cutlass::Array<int, (int)4, (bool)1>, cutlass::layout::RowMajor>, cutlass::epilogue::warp::TileIteratorTensorOpMixed<cutlass::gemm::GemmShape<(int)64, (int)64, (int)128>, cutlass::gemm::GemmShape<(int)16, (int)8, (int)64>, int, (int)32, (int)16, (int)8, (int)8, (bool)0>, cutlass::epilogue::threadblock::SharedLoadIteratorMixed<cutlass::epilogue::threadblock::OutputTileOptimalThreadMap<cutlass::epilogue::threadblock::OutputTileShape<(int)128, (int)8, (int)2, (int)1, (int)1>, cutlass::epilogue::threadblock::OutputTileShape<(int)1, (int)8, (int)1, (int)1, (int)8>, (int)128, (int)8, (int)16>::CompactedThreadMap, int, (int)32, (int)16, (int)8, (int)8, (bool)0>, cutlass::epilogue::thread::LinearCombination<cutlass::half_t, (int)8, int, float, (cutlass::epilogue::thread::ScaleType::Kind)0, (cutlass::FloatRoundStyle)2, cutlass::half_t>, cutlass::MatrixShape<(int)0, (int)8>, (int)2, (int)1>, cutlass::epilogue::threadblock::TreeVisitor2x<cutlass::epilogue::threadblock::VisitorAuxStore<cutlass::epilogue::threadblock::OutputTileThreadLayout<cutlass::gemm::GemmShape<(int)128, (int)128, (int)128>, cutlass::gemm::GemmShape<(int)64, (int)64, (int)128>, cutlass::half_t, (int)8, (int)1>, cutlass::half_t, (cutlass::FloatRoundStyle)2, cute::tuple<long, cute::C<(int)1>, long>>, cutlass::epilogue::threadblock::TreeVisitor2x<cutlass::epilogue::threadblock::VisitorCompute<cutlass::plus, float, float, (cutlass::FloatRoundStyle)2, void>, cutlass::epilogue::threadblock::TreeVisitor2x<cutlass::epilogue::threadblock::VisitorCompute<cutlass::multiplies, float, float, (cutlass::FloatRoundStyle)2, void>, cutlass::epilogue::threadblock::TreeVisitor2x<cutlass::epilogue::threadblock::VisitorCompute<cutlass::multiplies, float, float, (cutlass::FloatRoundStyle)2, void>, cutlass::epilogue::threadblock::VisitorAccFetch, cutlass::epilogue::threadblock::VisitorScalarBroadcast<float, cute::tuple<cute::C<(int)0>, cute::C<(int)0>, cute::C<(int)0>>, (int)1, cutlass::multiplies>>, cutlass::epilogue::threadblock::VisitorRowBroadcast<cutlass::epilogue::threadblock::OutputTileThreadLayout<cutlass::gemm::GemmShape<(int)128, (int)128, (int)128>, cutlass::gemm::GemmShape<(int)64, (int)64, (int)128>, cutlass::half_t, (int)8, (int)1>, float, cute::tuple<cute::C<(int)0>, cute::C<(int)1>, int>, (bool)1>>, cutlass::epilogue::threadblock::VisitorRowBroadcast<cutlass::epilogue::threadblock::OutputTileThreadLayout<cutlass::gemm::GemmShape<(int)128, (int)128, (int)128>, cutlass::gemm::GemmShape<(int)64, (int)64, (int)128>, cutlass::half_t, (int)8, (int)1>, float, cute::tuple<cute::C<(int)0>, cute::C<(int)1>, int>, (bool)1>>>, (int)1, (int)1>, cutlass::gemm::threadblock::GemmIdentityThreadblockSwizzle<(int)1>, (cutlass::conv::Operator)0, cutlass::conv::Conv2dProblemSize>>(T1::Params)",5581921.0
,"void at::native::unrolled_elementwise_kernel<at::native::direct_copy_kernel_cuda(at::TensorIteratorBase &)::[lambda() (instance 3)]::operator ()() const::[lambda() (instance 10)]::operator ()() const::[lambda(c10::Half) (instance 1)], at::detail::Array<char *, (int)2>, TrivialOffsetCalculator<(int)1, unsigned int>, TrivialOffsetCalculator<(int)1, unsigned int>, at::native::memory::LoadWithCast<(int)1>, at::native::memory::StoreWithCast<(int)1>>(int, T1, T2, T3, T4, T5, T6)",5560575.0
,"void at::native::unrolled_elementwise_kernel<at::native::direct_copy_kernel_cuda(at::TensorIteratorBase &)::[lambda() (instance 3)]::operator ()() const::[lambda() (instance 7)]::operator ()() const::[lambda(float) (instance 1)], at::detail::Array<char *, (int)2>, TrivialOffsetCalculator<(int)1, unsigned int>, TrivialOffsetCalculator<(int)1, unsigned int>, at::native::memory::LoadWithCast<(int)1>, at::native::memory::StoreWithCast<(int)1>>(int, T1, T2, T3, T4, T5, T6)",5301343.0
L|resblock_updown|C192|T1024,"void group_norm_silu_quantize_resize_nhwc_kernel<__half, (bool)1, (bool)0, (bool)1>(const T1 *, signed char *, const T1 *, const T1 *, const T1 *, const T1 *, const float *, const float *, int, long, int, float, bool, int, int)",5146590.0
L|resblock_updown|C768|T16,"void group_norm_silu_quantize_pack_nhwc_vec2_kernel<__half, (bool)0>(const T1 *, signed char *, const T1 *, const T1 *, const T1 *, const T1 *, const float *, const float *, int, long, int, float, bool, int)",5085507.0
L|resblock_updown|C192|T1024,"void at::native::<unnamed>::avg_pool2d_out_cuda_frame_nhwc<c10::Half, float>(int, const T1 *, long, long, long, int, int, int, int, int, int, int, int, T1 *, int, bool, bool)",5038397.0
L|resblock_plain|C1152|T16,"void group_norm_silu_quantize_pack_nhwc_vec2_kernel<__half, (bool)0>(const T1 *, signed char *, const T1 *, const T1 *, const T1 *, const T1 *, const float *, const float *, int, long, int, float, bool, int)",4943865.0
L|resblock_updown|C192|T1024,"void group_norm_silu_quantize_pack_nhwc_vec2_kernel<__half, (bool)0>(const T1 *, signed char *, const T1 *, const T1 *, const T1 *, const T1 *, const float *, const float *, int, long, int, float, bool, int)",4906209.0
L|resblock_updown|C384|T64,"void cutlass::Kernel<modiff::ImplicitGemmConvolutionEVT<cutlass::conv::threadblock::ImplicitGemmMultistage<cutlass::gemm::GemmShape<(int)128, (int)128, (int)128>, cutlass::conv::threadblock::Conv2dFpropActivationTileAccessIteratorOptimized<cutlass::MatrixShape<(int)128, (int)128>, cutlass::integer_subbyte<(int)4, (bool)1>, cutlass::layout::TensorNHWC, cutlass::transform::PitchLinearWarpRakedThreadMap<cutlass::PitchLinearShape<(int)128, (int)128>, (int)128, cutlass::PitchLinearShape<(int)4, (int)8>, (int)32>, cutlass::AlignedArray<cutlass::integer_subbyte<(int)4, (bool)1>, (int)32, (int)16>>, cutlass::transform::threadblock::RegularTileAccessIterator<cutlass::MatrixShape<(int)128, (int)128>, cutlass::integer_subbyte<(int)4, (bool)1>, cutlass::layout::RowMajorTensorOpMultiplicandCrosswise<(int)4, (int)128>, (int)0, cutlass::transform::PitchLinearWarpRakedThreadMap<cutlass::PitchLinearShape<(int)128, (int)128>, (int)128, cutlass::PitchLinearShape<(int)4, (int)8>, (int)32>, (int)16>, (cutlass::arch::CacheOperation::Kind)0, cutlass::conv::threadblock::Conv2dFpropFilterTileAccessIteratorOptimized<cutlass::MatrixShape<(int)128, (int)128>, cutlass::integer_subbyte<(int)4, (bool)1>, cutlass::layout::TensorNHWC, cutlass::transform::PitchLinearWarpRakedThreadMap<cutlass::PitchLinearShape<(int)128, (int)128>, (int)128, cutlass::PitchLinearShape<(int)4, (int)8>, (int)32>, cutlass::AlignedArray<cutlass::integer_subbyte<(int)4, (bool)1>, (int)32, (int)16>, (bool)0>, cutlass::transform::threadblock::RegularTileAccessIterator<cutlass::MatrixShape<(int)128, (int)128>, cutlass::integer_subbyte<(int)4, (bool)1>, cutlass::layout::ColumnMajorTensorOpMultiplicandCrosswise<(int)4, (int)128>, (int)1, cutlass::transform::PitchLinearWarpRakedThreadMap<cutlass::PitchLinearShape<(int)128, (int)128>, (int)128, cutlass::PitchLinearShape<(int)4, (int)8>, (int)32>, (int)16>, (cutlass::arch::CacheOperation::Kind)1, cutlass::gemm::threadblock::MmaPolicy<cutlass::gemm::warp::MmaTensorOp<cutlass::gemm::GemmShape<(int)64, (int)64, (int)128>, cutlass::integer_subbyte<(int)4, (bool)1>, cutlass::layout::RowMajorTensorOpMultiplicandCrosswise<(int)4, (int)128>, cutlass::integer_subbyte<(int)4, (bool)1>, cutlass::layout::ColumnMajorTensorOpMultiplicandCrosswise<(int)4, (int)128>, int, cutlass::layout::RowMajor, cutlass::gemm::warp::MmaTensorOpPolicy<cutlass::arch::Mma<cutlass::gemm::GemmShape<(int)16, (int)8, (int)64>, (int)32, cutlass::integer_subbyte<(int)4, (bool)1>, cutlass::layout::RowMajor, cutlass::integer_subbyte<(int)4, (bool)1>, cutlass::layout::ColumnMajor, int, cutlass::layout::RowMajor, cutlass::arch::OpMultiplyAddSaturate>, cutlass::MatrixShape<(int)1, (int)1>>, (int)1, (bool)0, bool>, cutlass::MatrixShape<(int)0, (int)0>, cutlass::MatrixShape<(int)0, (int)0>, (int)1>, (int)3, bool>, cutlass::epilogue::threadblock::EpilogueWithVisitorCallbacks<cutlass::epilogue::threadblock::Epilogue<cutlass::gemm::GemmShape<(int)128, (int)128, (int)128>, cutlass::gemm::warp::MmaTensorOp<cutlass::gemm::GemmShape<(int)64, (int)64, (int)128>, cutlass::integer_subbyte<(int)4, (bool)1>, cutlass::layout::RowMajorTensorOpMultiplicandCrosswise<(int)4, (int)128>, cutlass::integer_subbyte<(int)4, (bool)1>, cutlass::layout::ColumnMajorTensorOpMultiplicandCrosswise<(int)4, (int)128>, int, cutlass::layout::RowMajor, cutlass::gemm::warp::MmaTensorOpPolicy<cutlass::arch::Mma<cutlass::gemm::GemmShape<(int)16, (int)8, (int)64>, (int)32, cutlass::integer_subbyte<(int)4, (bool)1>, cutlass::layout::RowMajor, cutlass::integer_subbyte<(int)4, (bool)1>, cutlass::layout::ColumnMajor, int, cutlass::layout::RowMajor, cutlass::arch::OpMultiplyAddSaturate>, cutlass::MatrixShape<(int)1, (int)1>>, (int)1, (bool)0, bool>, (int)1, cutlass::epilogue::threadblock::PredicatedTileIteratorConv<cutlass::epilogue::threadblock::OutputTileOptimalThreadMap<cutlass::epilogue::threadblock::OutputTileShape<(int)128, (int)8, (int)2, (int)1, (int)1>, cutlass::epilogue::threadblock::OutputTileShape<(int)1, (int)8, (int)1, (int)1, (int)8>, (int)128, (int)8, (int)16>, cutlass::half_t, (bool)0, cutlass::layout::NoPermute, (bool)0, (int)4>, cutlass::epilogue::warp::FragmentIteratorTensorOp<cutlass::gemm::GemmShape<(int)64, (int)64, (int)128>, cutlass::gemm::GemmShape<(int)16, (int)8, (int)64>, int, cutlass::Array<int, (int)4, (bool)1>, cutlass::layout::RowMajor>, cutlass::epilogue::warp::TileIteratorTensorOpMixed<cutlass::gemm::GemmShape<(int)64, (int)64, (int)128>, cutlass::gemm::GemmShape<(int)16, (int)8, (int)64>, int, (int)32, (int)16, (int)8, (int)8, (bool)0>, cutlass::epilogue::threadblock::SharedLoadIteratorMixed<cutlass::epilogue::threadblock::OutputTileOptimalThreadMap<cutlass::epilogue::threadblock::OutputTileShape<(int)128, (int)8, (int)2, (int)1, (int)1>, cutlass::epilogue::threadblock::OutputTileShape<(int)1, (int)8, (int)1, (int)1, (int)8>, (int)128, (int)8, (int)16>::CompactedThreadMap, int, (int)32, (int)16, (int)8, (int)8, (bool)0>, cutlass::epilogue::thread::LinearCombination<cutlass::half_t, (int)8, int, float, (cutlass::epilogue::thread::ScaleType::Kind)0, (cutlass::FloatRoundStyle)2, cutlass::half_t>, cutlass::MatrixShape<(int)0, (int)8>, (int)2, (int)1>, cutlass::epilogue::threadblock::TreeVisitor2x<cutlass::epilogue::threadblock::VisitorAuxStore<cutlass::epilogue::threadblock::OutputTileThreadLayout<cutlass::gemm::GemmShape<(int)128, (int)128, (int)128>, cutlass::gemm::GemmShape<(int)64, (int)64, (int)128>, cutlass::half_t, (int)8, (int)1>, cutlass::half_t, (cutlass::FloatRoundStyle)2, cute::tuple<long, cute::C<(int)1>, long>>, cutlass::epilogue::threadblock::TreeVisitor2x<cutlass::epilogue::threadblock::VisitorCompute<cutlass::plus, float, float, (cutlass::FloatRoundStyle)2, void>, cutlass::epilogue::threadblock::TreeVisitor2x<cutlass::epilogue::threadblock::VisitorCompute<cutlass::plus, float, float, (cutlass::FloatRoundStyle)2, void>, cutlass::epilogue::threadblock::TreeVisitor2x<cutlass::epilogue::threadblock::VisitorCompute<cutlass::multiplies, float, float, (cutlass::FloatRoundStyle)2, void>, cutlass::epilogue::threadblock::TreeVisitor2x<cutlass::epilogue::threadblock::VisitorCompute<cutlass::multiplies, float, float, (cutlass::FloatRoundStyle)2, void>, cutlass::epilogue::threadblock::VisitorAccFetch, cutlass::epilogue::threadblock::VisitorScalarBroadcast<float, cute::tuple<cute::C<(int)0>, cute::C<(int)0>, cute::C<(int)0>>, (int)1, cutlass::multiplies>>, cutlass::epilogue::threadblock::VisitorRowBroadcast<cutlass::epilogue::threadblock::OutputTileThreadLayout<cutlass::gemm::GemmShape<(int)128, (int)128, (int)128>, cutlass::gemm::GemmShape<(int)64, (int)64, (int)128>, cutlass::half_t, (int)8, (int)1>, float, cute::tuple<cute::C<(int)0>, cute::C<(int)1>, int>, (bool)1>>, cutlass::epilogue::threadblock::VisitorRowBroadcast<cutlass::epilogue::threadblock::OutputTileThreadLayout<cutlass::gemm::GemmShape<(int)128, (int)128, (int)128>, cutlass::gemm::GemmShape<(int)64, (int)64, (int)128>, cutlass::half_t, (int)8, (int)1>, float, cute::tuple<cute::C<(int)0>, cute::C<(int)1>, int>, (bool)1>>, cutlass::epilogue::threadblock::VisitorAuxLoad<cutlass::epilogue::threadblock::OutputTileThreadLayout<cutlass::gemm::GemmShape<(int)128, (int)128, (int)128>, cutlass::gemm::GemmShape<(int)64, (int)64, (int)128>, cutlass::half_t, (int)8, (int)1>, cutlass::half_t, cute::tuple<long, cute::C<(int)1>, long>>>>, (int)1, (int)1>, cutlass::gemm::threadblock::GemmIdentityThreadblockSwizzle<(int)1>, (cutlass::conv::Operator)0, cutlass::conv::Conv2dProblemSize>>(T1::Params)",4745498.0
,"void at::native::<unnamed>::RowwiseMomentsCUDAKernel<float>(long, T1, const T1 *, T1 *, T1 *)",4642397.0
L|resblock_updown|C384|T64,"void cutlass::Kernel<modiff::ImplicitGemmConvolutionEVT<cutlass::conv::threadblock::ImplicitGemmMultistage<cutlass::gemm::GemmShape<(int)128, (int)128, (int)128>, cutlass::conv::threadblock::Conv2dFpropActivationTileAccessIteratorOptimized<cutlass::MatrixShape<(int)128, (int)128>, cutlass::integer_subbyte<(int)4, (bool)1>, cutlass::layout::TensorNHWC, cutlass::transform::PitchLinearWarpRakedThreadMap<cutlass::PitchLinearShape<(int)128, (int)128>, (int)128, cutlass::PitchLinearShape<(int)4, (int)8>, (int)32>, cutlass::AlignedArray<cutlass::integer_subbyte<(int)4, (bool)1>, (int)32, (int)16>>, cutlass::transform::threadblock::RegularTileAccessIterator<cutlass::MatrixShape<(int)128, (int)128>, cutlass::integer_subbyte<(int)4, (bool)1>, cutlass::layout::RowMajorTensorOpMultiplicandCrosswise<(int)4, (int)128>, (int)0, cutlass::transform::PitchLinearWarpRakedThreadMap<cutlass::PitchLinearShape<(int)128, (int)128>, (int)128, cutlass::PitchLinearShape<(int)4, (int)8>, (int)32>, (int)16>, (cutlass::arch::CacheOperation::Kind)0, cutlass::conv::threadblock::Conv2dFpropFilterTileAccessIteratorOptimized<cutlass::MatrixShape<(int)128, (int)128>, cutlass::integer_subbyte<(int)4, (bool)1>, cutlass::layout::TensorNHWC, cutlass::transform::PitchLinearWarpRakedThreadMap<cutlass::PitchLinearShape<(int)128, (int)128>, (int)128, cutlass::PitchLinearShape<(int)4, (int)8>, (int)32>, cutlass::AlignedArray<cutlass::integer_subbyte<(int)4, (bool)1>, (int)32, (int)16>, (bool)0>, cutlass::transform::threadblock::RegularTileAccessIterator<cutlass::MatrixShape<(int)128, (int)128>, cutlass::integer_subbyte<(int)4, (bool)1>, cutlass::layout::ColumnMajorTensorOpMultiplicandCrosswise<(int)4, (int)128>, (int)1, cutlass::transform::PitchLinearWarpRakedThreadMap<cutlass::PitchLinearShape<(int)128, (int)128>, (int)128, cutlass::PitchLinearShape<(int)4, (int)8>, (int)32>, (int)16>, (cutlass::arch::CacheOperation::Kind)1, cutlass::gemm::threadblock::MmaPolicy<cutlass::gemm::warp::MmaTensorOp<cutlass::gemm::GemmShape<(int)64, (int)64, (int)128>, cutlass::integer_subbyte<(int)4, (bool)1>, cutlass::layout::RowMajorTensorOpMultiplicandCrosswise<(int)4, (int)128>, cutlass::integer_subbyte<(int)4, (bool)1>, cutlass::layout::ColumnMajorTensorOpMultiplicandCrosswise<(int)4, (int)128>, int, cutlass::layout::RowMajor, cutlass::gemm::warp::MmaTensorOpPolicy<cutlass::arch::Mma<cutlass::gemm::GemmShape<(int)16, (int)8, (int)64>, (int)32, cutlass::integer_subbyte<(int)4, (bool)1>, cutlass::layout::RowMajor, cutlass::integer_subbyte<(int)4, (bool)1>, cutlass::layout::ColumnMajor, int, cutlass::layout::RowMajor, cutlass::arch::OpMultiplyAddSaturate>, cutlass::MatrixShape<(int)1, (int)1>>, (int)1, (bool)0, bool>, cutlass::MatrixShape<(int)0, (int)0>, cutlass::MatrixShape<(int)0, (int)0>, (int)1>, (int)3, bool>, cutlass::epilogue::threadblock::EpilogueWithVisitorCallbacks<cutlass::epilogue::threadblock::Epilogue<cutlass::gemm::GemmShape<(int)128, (int)128, (int)128>, cutlass::gemm::warp::MmaTensorOp<cutlass::gemm::GemmShape<(int)64, (int)64, (int)128>, cutlass::integer_subbyte<(int)4, (bool)1>, cutlass::layout::RowMajorTensorOpMultiplicandCrosswise<(int)4, (int)128>, cutlass::integer_subbyte<(int)4, (bool)1>, cutlass::layout::ColumnMajorTensorOpMultiplicandCrosswise<(int)4, (int)128>, int, cutlass::layout::RowMajor, cutlass::gemm::warp::MmaTensorOpPolicy<cutlass::arch::Mma<cutlass::gemm::GemmShape<(int)16, (int)8, (int)64>, (int)32, cutlass::integer_subbyte<(int)4, (bool)1>, cutlass::layout::RowMajor, cutlass::integer_subbyte<(int)4, (bool)1>, cutlass::layout::ColumnMajor, int, cutlass::layout::RowMajor, cutlass::arch::OpMultiplyAddSaturate>, cutlass::MatrixShape<(int)1, (int)1>>, (int)1, (bool)0, bool>, (int)1, cutlass::epilogue::threadblock::PredicatedTileIteratorConv<cutlass::epilogue::threadblock::OutputTileOptimalThreadMap<cutlass::epilogue::threadblock::OutputTileShape<(int)128, (int)8, (int)2, (int)1, (int)1>, cutlass::epilogue::threadblock::OutputTileShape<(int)1, (int)8, (int)1, (int)1, (int)8>, (int)128, (int)8, (int)16>, cutlass::half_t, (bool)0, cutlass::layout::NoPermute, (bool)0, (int)4>, cutlass::epilogue::warp::FragmentIteratorTensorOp<cutlass::gemm::GemmShape<(int)64, (int)64, (int)128>, cutlass::gemm::GemmShape<(int)16, (int)8, (int)64>, int, cutlass::Array<int, (int)4, (bool)1>, cutlass::layout::RowMajor>, cutlass::epilogue::warp::TileIteratorTensorOpMixed<cutlass::gemm::GemmShape<(int)64, (int)64, (int)128>, cutlass::gemm::GemmShape<(int)16, (int)8, (int)64>, int, (int)32, (int)16, (int)8, (int)8, (bool)0>, cutlass::epilogue::threadblock::SharedLoadIteratorMixed<cutlass::epilogue::threadblock::OutputTileOptimalThreadMap<cutlass::epilogue::threadblock::OutputTileShape<(int)128, (int)8, (int)2, (int)1, (int)1>, cutlass::epilogue::threadblock::OutputTileShape<(int)1, (int)8, (int)1, (int)1, (int)8>, (int)128, (int)8, (int)16>::CompactedThreadMap, int, (int)32, (int)16, (int)8, (int)8, (bool)0>, cutlass::epilogue::thread::LinearCombination<cutlass::half_t, (int)8, int, float, (cutlass::epilogue::thread::ScaleType::Kind)0, (cutlass::FloatRoundStyle)2, cutlass::half_t>, cutlass::MatrixShape<(int)0, (int)8>, (int)2, (int)1>, cutlass::epilogue::threadblock::TreeVisitor2x<cutlass::epilogue::threadblock::VisitorAuxStore<cutlass::epilogue::threadblock::OutputTileThreadLayout<cutlass::gemm::GemmShape<(int)128, (int)128, (int)128>, cutlass::gemm::GemmShape<(int)64, (int)64, (int)128>, cutlass::half_t, (int)8, (int)1>, cutlass::half_t, (cutlass::FloatRoundStyle)2, cute::tuple<long, cute::C<(int)1>, long>>, cutlass::epilogue::threadblock::TreeVisitor2x<cutlass::epilogue::threadblock::VisitorCompute<cutlass::plus, float, float, (cutlass::FloatRoundStyle)2, void>, cutlass::epilogue::threadblock::TreeVisitor2x<cutlass::epilogue::threadblock::VisitorCompute<cutlass::multiplies, float, float, (cutlass::FloatRoundStyle)2, void>, cutlass::epilogue::threadblock::TreeVisitor2x<cutlass::epilogue::threadblock::VisitorCompute<cutlass::multiplies, float, float, (cutlass::FloatRoundStyle)2, void>, cutlass::epilogue::threadblock::VisitorAccFetch, cutlass::epilogue::threadblock::VisitorScalarBroadcast<float, cute::tuple<cute::C<(int)0>, cute::C<(int)0>, cute::C<(int)0>>, (int)1, cutlass::multiplies>>, cutlass::epilogue::threadblock::VisitorRowBroadcast<cutlass::epilogue::threadblock::OutputTileThreadLayout<cutlass::gemm::GemmShape<(int)128, (int)128, (int)128>, cutlass::gemm::GemmShape<(int)64, (int)64, (int)128>, cutlass::half_t, (int)8, (int)1>, float, cute::tuple<cute::C<(int)0>, cute::C<(int)1>, int>, (bool)1>>, cutlass::epilogue::threadblock::VisitorRowBroadcast<cutlass::epilogue::threadblock::OutputTileThreadLayout<cutlass::gemm::GemmShape<(int)128, (int)128, (int)128>, cutlass::gemm::GemmShape<(int)64, (int)64, (int)128>, cutlass::half_t, (int)8, (int)1>, float, cute::tuple<cute::C<(int)0>, cute::C<(int)1>, int>, (bool)1>>>, (int)1, (int)1>, cutlass::gemm::threadblock::GemmIdentityThreadblockSwizzle<(int)1>, (cutlass::conv::Operator)0, cutlass::conv::Conv2dProblemSize>>(T1::Params)",4563866.0
L|resblock_updown|C768|T16,"void cutlass::Kernel<modiff::ImplicitGemmConvolutionEVT<cutlass::conv::threadblock::ImplicitGemmMultistage<cutlass::gemm::GemmShape<(int)128, (int)128, (int)128>, cutlass::conv::threadblock::Conv2dFpropActivationTileAccessIteratorOptimized<cutlass::MatrixShape<(int)128, (int)128>, cutlass::integer_subbyte<(int)4, (bool)1>, cutlass::layout::TensorNHWC, cutlass::transform::PitchLinearWarpRakedThreadMap<cutlass::PitchLinearShape<(int)128, (int)128>, (int)128, cutlass::PitchLinearShape<(int)4, (int)8>, (int)32>, cutlass::AlignedArray<cutlass::integer_subbyte<(int)4, (bool)1>, (int)32, (int)16>>, cutlass::transform::threadblock::RegularTileAccessIterator<cutlass::MatrixShape<(int)128, (int)128>, cutlass::integer_subbyte<(int)4, (bool)1>, cutlass::layout::RowMajorTensorOpMultiplicandCrosswise<(int)4, (int)128>, (int)0, cutlass::transform::PitchLinearWarpRakedThreadMap<cutlass::PitchLinearShape<(int)128, (int)128>, (int)128, cutlass::PitchLinearShape<(int)4, (int)8>, (int)32>, (int)16>, (cutlass::arch::CacheOperation::Kind)0, cutlass::conv::threadblock::Conv2dFpropFilterTileAccessIteratorOptimized<cutlass::MatrixShape<(int)128, (int)128>, cutlass::integer_subbyte<(int)4, (bool)1>, cutlass::layout::TensorNHWC, cutlass::transform::PitchLinearWarpRakedThreadMap<cutlass::PitchLinearShape<(int)128, (int)128>, (int)128, cutlass::PitchLinearShape<(int)4, (int)8>, (int)32>, cutlass::AlignedArray<cutlass::integer_subbyte<(int)4, (bool)1>, (int)32, (int)16>, (bool)0>, cutlass::transform::threadblock::RegularTileAccessIterator<cutlass::MatrixShape<(int)128, (int)128>, cutlass::integer_subbyte<(int)4, (bool)1>, cutlass::layout::ColumnMajorTensorOpMultiplicandCrosswise<(int)4, (int)128>, (int)1, cutlass::transform::PitchLinearWarpRakedThreadMap<cutlass::PitchLinearShape<(int)128, (int)128>, (int)128, cutlass::PitchLinearShape<(int)4, (int)8>, (int)32>, (int)16>, (cutlass::arch::CacheOperation::Kind)1, cutlass::gemm::threadblock::MmaPolicy<cutlass::gemm::warp::MmaTensorOp<cutlass::gemm::GemmShape<(int)64, (int)64, (int)128>, cutlass::integer_subbyte<(int)4, (bool)1>, cutlass::layout::RowMajorTensorOpMultiplicandCrosswise<(int)4, (int)128>, cutlass::integer_subbyte<(int)4, (bool)1>, cutlass::layout::ColumnMajorTensorOpMultiplicandCrosswise<(int)4, (int)128>, int, cutlass::layout::RowMajor, cutlass::gemm::warp::MmaTensorOpPolicy<cutlass::arch::Mma<cutlass::gemm::GemmShape<(int)16, (int)8, (int)64>, (int)32, cutlass::integer_subbyte<(int)4, (bool)1>, cutlass::layout::RowMajor, cutlass::integer_subbyte<(int)4, (bool)1>, cutlass::layout::ColumnMajor, int, cutlass::layout::RowMajor, cutlass::arch::OpMultiplyAddSaturate>, cutlass::MatrixShape<(int)1, (int)1>>, (int)1, (bool)0, bool>, cutlass::MatrixShape<(int)0, (int)0>, cutlass::MatrixShape<(int)0, (int)0>, (int)1>, (int)3, bool>, cutlass::epilogue::threadblock::EpilogueWithVisitorCallbacks<cutlass::epilogue::threadblock::Epilogue<cutlass::gemm::GemmShape<(int)128, (int)128, (int)128>, cutlass::gemm::warp::MmaTensorOp<cutlass::gemm::GemmShape<(int)64, (int)64, (int)128>, cutlass::integer_subbyte<(int)4, (bool)1>, cutlass::layout::RowMajorTensorOpMultiplicandCrosswise<(int)4, (int)128>, cutlass::integer_subbyte<(int)4, (bool)1>, cutlass::layout::ColumnMajorTensorOpMultiplicandCrosswise<(int)4, (int)128>, int, cutlass::layout::RowMajor, cutlass::gemm::warp::MmaTensorOpPolicy<cutlass::arch::Mma<cutlass::gemm::GemmShape<(int)16, (int)8, (int)64>, (int)32, cutlass::integer_subbyte<(int)4, (bool)1>, cutlass::layout::RowMajor, cutlass::integer_subbyte<(int)4, (bool)1>, cutlass::layout::ColumnMajor, int, cutlass::layout::RowMajor, cutlass::arch::OpMultiplyAddSaturate>, cutlass::MatrixShape<(int)1, (int)1>>, (int)1, (bool)0, bool>, (int)1, cutlass::epilogue::threadblock::PredicatedTileIteratorConv<cutlass::epilogue::threadblock::OutputTileOptimalThreadMap<cutlass::epilogue::threadblock::OutputTileShape<(int)128, (int)8, (int)2, (int)1, (int)1>, cutlass::epilogue::threadblock::OutputTileShape<(int)1, (int)8, (int)1, (int)1, (int)8>, (int)128, (int)8, (int)16>, cutlass::half_t, (bool)0, cutlass::layout::NoPermute, (bool)0, (int)4>, cutlass::epilogue::warp::FragmentIteratorTensorOp<cutlass::gemm::GemmShape<(int)64, (int)64, (int)128>, cutlass::gemm::GemmShape<(int)16, (int)8, (int)64>, int, cutlass::Array<int, (int)4, (bool)1>, cutlass::layout::RowMajor>, cutlass::epilogue::warp::TileIteratorTensorOpMixed<cutlass::gemm::GemmShape<(int)64, (int)64, (int)128>, cutlass::gemm::GemmShape<(int)16, (int)8, (int)64>, int, (int)32, (int)16, (int)8, (int)8, (bool)0>, cutlass::epilogue::threadblock::SharedLoadIteratorMixed<cutlass::epilogue::threadblock::OutputTileOptimalThreadMap<cutlass::epilogue::threadblock::OutputTileShape<(int)128, (int)8, (int)2, (int)1, (int)1>, cutlass::epilogue::threadblock::OutputTileShape<(int)1, (int)8, (int)1, (int)1, (int)8>, (int)128, (int)8, (int)16>::CompactedThreadMap, int, (int)32, (int)16, (int)8, (int)8, (bool)0>, cutlass::epilogue::thread::LinearCombination<cutlass::half_t, (int)8, int, float, (cutlass::epilogue::thread::ScaleType::Kind)0, (cutlass::FloatRoundStyle)2, cutlass::half_t>, cutlass::MatrixShape<(int)0, (int)8>, (int)2, (int)1>, cutlass::epilogue::threadblock::TreeVisitor2x<cutlass::epilogue::threadblock::VisitorAuxStore<cutlass::epilogue::threadblock::OutputTileThreadLayout<cutlass::gemm::GemmShape<(int)128, (int)128, (int)128>, cutlass::gemm::GemmShape<(int)64, (int)64, (int)128>, cutlass::half_t, (int)8, (int)1>, cutlass::half_t, (cutlass::FloatRoundStyle)2, cute::tuple<long, cute::C<(int)1>, long>>, cutlass::epilogue::threadblock::TreeVisitor2x<cutlass::epilogue::threadblock::VisitorCompute<cutlass::plus, float, float, (cutlass::FloatRoundStyle)2, void>, cutlass::epilogue::threadblock::TreeVisitor2x<cutlass::epilogue::threadblock::VisitorCompute<cutlass::plus, float, float, (cutlass::FloatRoundStyle)2, void>, cutlass::epilogue::threadblock::TreeVisitor2x<cutlass::epilogue::threadblock::VisitorCompute<cutlass::multiplies, float, float, (cutlass::FloatRoundStyle)2, void>, cutlass::epilogue::threadblock::TreeVisitor2x<cutlass::epilogue::threadblock::VisitorCompute<cutlass::multiplies, float, float, (cutlass::FloatRoundStyle)2, void>, cutlass::epilogue::threadblock::VisitorAccFetch, cutlass::epilogue::threadblock::VisitorScalarBroadcast<float, cute::tuple<cute::C<(int)0>, cute::C<(int)0>, cute::C<(int)0>>, (int)1, cutlass::multiplies>>, cutlass::epilogue::threadblock::VisitorRowBroadcast<cutlass::epilogue::threadblock::OutputTileThreadLayout<cutlass::gemm::GemmShape<(int)128, (int)128, (int)128>, cutlass::gemm::GemmShape<(int)64, (int)64, (int)128>, cutlass::half_t, (int)8, (int)1>, float, cute::tuple<cute::C<(int)0>, cute::C<(int)1>, int>, (bool)1>>, cutlass::epilogue::threadblock::VisitorRowBroadcast<cutlass::epilogue::threadblock::OutputTileThreadLayout<cutlass::gemm::GemmShape<(int)128, (int)128, (int)128>, cutlass::gemm::GemmShape<(int)64, (int)64, (int)128>, cutlass::half_t, (int)8, (int)1>, float, cute::tuple<cute::C<(int)0>, cute::C<(int)1>, int>, (bool)1>>, cutlass::epilogue::threadblock::VisitorAuxLoad<cutlass::epilogue::threadblock::OutputTileThreadLayout<cutlass::gemm::GemmShape<(int)128, (int)128, (int)128>, cutlass::gemm::GemmShape<(int)64, (int)64, (int)128>, cutlass::half_t, (int)8, (int)1>, cutlass::half_t, cute::tuple<long, cute::C<(int)1>, long>>>>, (int)1, (int)1>, cutlass::gemm::threadblock::GemmIdentityThreadblockSwizzle<(int)1>, (cutlass::conv::Operator)0, cutlass::conv::Conv2dProblemSize>>(T1::Params)",4497975.0
,sm80_xmma_fprop_implicit_gemm_f16f16_f16f32_f32_nhwckrsc_nhwc_tilesize128x32x32_stage4_warpsize4x1x1_g1_tensor16x8x16_t1r3s3_execute_kernel__5x_cudnn,4467129.0
L|resblock_updown|C384|T64,"void at::native::<unnamed>::upsample_nearest2d_nhwc_out_frame<float, &at::native::nearest_neighbor_compute_source_index>(const T1 *, T1 *, unsigned long, unsigned long, unsigned long, unsigned long, unsigned long, float, float, unsigned long)",4430587.0
L|resblock_plain|C768|T64,"void cutlass::Kernel<modiff::ImplicitGemmConvolutionEVT<cutlass::conv::threadblock::ImplicitGemmMultistage<cutlass::gemm::GemmShape<(int)128, (int)128, (int)128>, cutlass::conv::threadblock::Conv2dFpropActivationTileAccessIteratorOptimized<cutlass::MatrixShape<(int)128, (int)128>, cutlass::integer_subbyte<(int)4, (bool)1>, cutlass::layout::TensorNHWC, cutlass::transform::PitchLinearWarpRakedThreadMap<cutlass::PitchLinearShape<(int)128, (int)128>, (int)128, cutlass::PitchLinearShape<(int)4, (int)8>, (int)32>, cutlass::AlignedArray<cutlass::integer_subbyte<(int)4, (bool)1>, (int)32, (int)16>>, cutlass::transform::threadblock::RegularTileAccessIterator<cutlass::MatrixShape<(int)128, (int)128>, cutlass::integer_subbyte<(int)4, (bool)1>, cutlass::layout::RowMajorTensorOpMultiplicandCrosswise<(int)4, (int)128>, (int)0, cutlass::transform::PitchLinearWarpRakedThreadMap<cutlass::PitchLinearShape<(int)128, (int)128>, (int)128, cutlass::PitchLinearShape<(int)4, (int)8>, (int)32>, (int)16>, (cutlass::arch::CacheOperation::Kind)0, cutlass::conv::threadblock::Conv2dFpropFilterTileAccessIteratorOptimized<cutlass::MatrixShape<(int)128, (int)128>, cutlass::integer_subbyte<(int)4, (bool)1>, cutlass::layout::TensorNHWC, cutlass::transform::PitchLinearWarpRakedThreadMap<cutlass::PitchLinearShape<(int)128, (int)128>, (int)128, cutlass::PitchLinearShape<(int)4, (int)8>, (int)32>, cutlass::AlignedArray<cutlass::integer_subbyte<(int)4, (bool)1>, (int)32, (int)16>, (bool)0>, cutlass::transform::threadblock::RegularTileAccessIterator<cutlass::MatrixShape<(int)128, (int)128>, cutlass::integer_subbyte<(int)4, (bool)1>, cutlass::layout::ColumnMajorTensorOpMultiplicandCrosswise<(int)4, (int)128>, (int)1, cutlass::transform::PitchLinearWarpRakedThreadMap<cutlass::PitchLinearShape<(int)128, (int)128>, (int)128, cutlass::PitchLinearShape<(int)4, (int)8>, (int)32>, (int)16>, (cutlass::arch::CacheOperation::Kind)1, cutlass::gemm::threadblock::MmaPolicy<cutlass::gemm::warp::MmaTensorOp<cutlass::gemm::GemmShape<(int)64, (int)64, (int)128>, cutlass::integer_subbyte<(int)4, (bool)1>, cutlass::layout::RowMajorTensorOpMultiplicandCrosswise<(int)4, (int)128>, cutlass::integer_subbyte<(int)4, (bool)1>, cutlass::layout::ColumnMajorTensorOpMultiplicandCrosswise<(int)4, (int)128>, int, cutlass::layout::RowMajor, cutlass::gemm::warp::MmaTensorOpPolicy<cutlass::arch::Mma<cutlass::gemm::GemmShape<(int)16, (int)8, (int)64>, (int)32, cutlass::integer_subbyte<(int)4, (bool)1>, cutlass::layout::RowMajor, cutlass::integer_subbyte<(int)4, (bool)1>, cutlass::layout::ColumnMajor, int, cutlass::layout::RowMajor, cutlass::arch::OpMultiplyAddSaturate>, cutlass::MatrixShape<(int)1, (int)1>>, (int)1, (bool)0, bool>, cutlass::MatrixShape<(int)0, (int)0>, cutlass::MatrixShape<(int)0, (int)0>, (int)1>, (int)3, bool>, cutlass::epilogue::threadblock::EpilogueWithVisitorCallbacks<cutlass::epilogue::threadblock::Epilogue<cutlass::gemm::GemmShape<(int)128, (int)128, (int)128>, cutlass::gemm::warp::MmaTensorOp<cutlass::gemm::GemmShape<(int)64, (int)64, (int)128>, cutlass::integer_subbyte<(int)4, (bool)1>, cutlass::layout::RowMajorTensorOpMultiplicandCrosswise<(int)4, (int)128>, cutlass::integer_subbyte<(int)4, (bool)1>, cutlass::layout::ColumnMajorTensorOpMultiplicandCrosswise<(int)4, (int)128>, int, cutlass::layout::RowMajor, cutlass::gemm::warp::MmaTensorOpPolicy<cutlass::arch::Mma<cutlass::gemm::GemmShape<(int)16, (int)8, (int)64>, (int)32, cutlass::integer_subbyte<(int)4, (bool)1>, cutlass::layout::RowMajor, cutlass::integer_subbyte<(int)4, (bool)1>, cutlass::layout::ColumnMajor, int, cutlass::layout::RowMajor, cutlass::arch::OpMultiplyAddSaturate>, cutlass::MatrixShape<(int)1, (int)1>>, (int)1, (bool)0, bool>, (int)1, cutlass::epilogue::threadblock::PredicatedTileIteratorConv<cutlass::epilogue::threadblock::OutputTileOptimalThreadMap<cutlass::epilogue::threadblock::OutputTileShape<(int)128, (int)8, (int)2, (int)1, (int)1>, cutlass::epilogue::threadblock::OutputTileShape<(int)1, (int)8, (int)1, (int)1, (int)8>, (int)128, (int)8, (int)16>, cutlass::half_t, (bool)0, cutlass::layout::NoPermute, (bool)0, (int)4>, cutlass::epilogue::warp::FragmentIteratorTensorOp<cutlass::gemm::GemmShape<(int)64, (int)64, (int)128>, cutlass::gemm::GemmShape<(int)16, (int)8, (int)64>, int, cutlass::Array<int, (int)4, (bool)1>, cutlass::layout::RowMajor>, cutlass::epilogue::warp::TileIteratorTensorOpMixed<cutlass::gemm::GemmShape<(int)64, (int)64, (int)128>, cutlass::gemm::GemmShape<(int)16, (int)8, (int)64>, int, (int)32, (int)16, (int)8, (int)8, (bool)0>, cutlass::epilogue::threadblock::SharedLoadIteratorMixed<cutlass::epilogue::threadblock::OutputTileOptimalThreadMap<cutlass::epilogue::threadblock::OutputTileShape<(int)128, (int)8, (int)2, (int)1, (int)1>, cutlass::epilogue::threadblock::OutputTileShape<(int)1, (int)8, (int)1, (int)1, (int)8>, (int)128, (int)8, (int)16>::CompactedThreadMap, int, (int)32, (int)16, (int)8, (int)8, (bool)0>, cutlass::epilogue::thread::LinearCombination<cutlass::half_t, (int)8, int, float, (cutlass::epilogue::thread::ScaleType::Kind)0, (cutlass::FloatRoundStyle)2, cutlass::half_t>, cutlass::MatrixShape<(int)0, (int)8>, (int)2, (int)1>, cutlass::epilogue::threadblock::TreeVisitor2x<cutlass::epilogue::threadblock::VisitorAuxStore<cutlass::epilogue::threadblock::OutputTileThreadLayout<cutlass::gemm::GemmShape<(int)128, (int)128, (int)128>, cutlass::gemm::GemmShape<(int)64, (int)64, (int)128>, cutlass::half_t, (int)8, (int)1>, cutlass::half_t, (cutlass::FloatRoundStyle)2, cute::tuple<long, cute::C<(int)1>, long>>, cutlass::epilogue::threadblock::TreeVisitor2x<cutlass::epilogue::threadblock::VisitorCompute<cutlass::plus, float, float, (cutlass::FloatRoundStyle)2, void>, cutlass::epilogue::threadblock::TreeVisitor2x<cutlass::epilogue::threadblock::VisitorCompute<cutlass::multiplies, float, float, (cutlass::FloatRoundStyle)2, void>, cutlass::epilogue::threadblock::TreeVisitor2x<cutlass::epilogue::threadblock::VisitorCompute<cutlass::multiplies, float, float, (cutlass::FloatRoundStyle)2, void>, cutlass::epilogue::threadblock::VisitorAccFetch, cutlass::epilogue::threadblock::VisitorScalarBroadcast<float, cute::tuple<cute::C<(int)0>, cute::C<(int)0>, cute::C<(int)0>>, (int)1, cutlass::multiplies>>, cutlass::epilogue::threadblock::VisitorRowBroadcast<cutlass::epilogue::threadblock::OutputTileThreadLayout<cutlass::gemm::GemmShape<(int)128, (int)128, (int)128>, cutlass::gemm::GemmShape<(int)64, (int)64, (int)128>, cutlass::half_t, (int)8, (int)1>, float, cute::tuple<cute::C<(int)0>, cute::C<(int)1>, int>, (bool)1>>, cutlass::epilogue::threadblock::VisitorRowBroadcast<cutlass::epilogue::threadblock::OutputTileThreadLayout<cutlass::gemm::GemmShape<(int)128, (int)128, (int)128>, cutlass::gemm::GemmShape<(int)64, (int)64, (int)128>, cutlass::half_t, (int)8, (int)1>, float, cute::tuple<cute::C<(int)0>, cute::C<(int)1>, int>, (bool)1>>>, (int)1, (int)1>, cutlass::gemm::threadblock::GemmIdentityThreadblockSwizzle<(int)1>, (cutlass::conv::Operator)0, cutlass::conv::Conv2dProblemSize>>(T1::Params)",4369557.0
L|resblock_updown|C768|T16,"void cutlass::Kernel<modiff::ImplicitGemmConvolutionEVT<cutlass::conv::threadblock::ImplicitGemmMultistage<cutlass::gemm::GemmShape<(int)128, (int)128, (int)128>, cutlass::conv::threadblock::Conv2dFpropActivationTileAccessIteratorOptimized<cutlass::MatrixShape<(int)128, (int)128>, cutlass::integer_subbyte<(int)4, (bool)1>, cutlass::layout::TensorNHWC, cutlass::transform::PitchLinearWarpRakedThreadMap<cutlass::PitchLinearShape<(int)128, (int)128>, (int)128, cutlass::PitchLinearShape<(int)4, (int)8>, (int)32>, cutlass::AlignedArray<cutlass::integer_subbyte<(int)4, (bool)1>, (int)32, (int)16>>, cutlass::transform::threadblock::RegularTileAccessIterator<cutlass::MatrixShape<(int)128, (int)128>, cutlass::integer_subbyte<(int)4, (bool)1>, cutlass::layout::RowMajorTensorOpMultiplicandCrosswise<(int)4, (int)128>, (int)0, cutlass::transform::PitchLinearWarpRakedThreadMap<cutlass::PitchLinearShape<(int)128, (int)128>, (int)128, cutlass::PitchLinearShape<(int)4, (int)8>, (int)32>, (int)16>, (cutlass::arch::CacheOperation::Kind)0, cutlass::conv::threadblock::Conv2dFpropFilterTileAccessIteratorOptimized<cutlass::MatrixShape<(int)128, (int)128>, cutlass::integer_subbyte<(int)4, (bool)1>, cutlass::layout::TensorNHWC, cutlass::transform::PitchLinearWarpRakedThreadMap<cutlass::PitchLinearShape<(int)128, (int)128>, (int)128, cutlass::PitchLinearShape<(int)4, (int)8>, (int)32>, cutlass::AlignedArray<cutlass::integer_subbyte<(int)4, (bool)1>, (int)32, (int)16>, (bool)0>, cutlass::transform::threadblock::RegularTileAccessIterator<cutlass::MatrixShape<(int)128, (int)128>, cutlass::integer_subbyte<(int)4, (bool)1>, cutlass::layout::ColumnMajorTensorOpMultiplicandCrosswise<(int)4, (int)128>, (int)1, cutlass::transform::PitchLinearWarpRakedThreadMap<cutlass::PitchLinearShape<(int)128, (int)128>, (int)128, cutlass::PitchLinearShape<(int)4, (int)8>, (int)32>, (int)16>, (cutlass::arch::CacheOperation::Kind)1, cutlass::gemm::threadblock::MmaPolicy<cutlass::gemm::warp::MmaTensorOp<cutlass::gemm::GemmShape<(int)64, (int)64, (int)128>, cutlass::integer_subbyte<(int)4, (bool)1>, cutlass::layout::RowMajorTensorOpMultiplicandCrosswise<(int)4, (int)128>, cutlass::integer_subbyte<(int)4, (bool)1>, cutlass::layout::ColumnMajorTensorOpMultiplicandCrosswise<(int)4, (int)128>, int, cutlass::layout::RowMajor, cutlass::gemm::warp::MmaTensorOpPolicy<cutlass::arch::Mma<cutlass::gemm::GemmShape<(int)16, (int)8, (int)64>, (int)32, cutlass::integer_subbyte<(int)4, (bool)1>, cutlass::layout::RowMajor, cutlass::integer_subbyte<(int)4, (bool)1>, cutlass::layout::ColumnMajor, int, cutlass::layout::RowMajor, cutlass::arch::OpMultiplyAddSaturate>, cutlass::MatrixShape<(int)1, (int)1>>, (int)1, (bool)0, bool>, cutlass::MatrixShape<(int)0, (int)0>, cutlass::MatrixShape<(int)0, (int)0>, (int)1>, (int)3, bool>, cutlass::epilogue::threadblock::EpilogueWithVisitorCallbacks<cutlass::epilogue::threadblock::Epilogue<cutlass::gemm::GemmShape<(int)128, (int)128, (int)128>, cutlass::gemm::warp::MmaTensorOp<cutlass::gemm::GemmShape<(int)64, (int)64, (int)128>, cutlass::integer_subbyte<(int)4, (bool)1>, cutlass::layout::RowMajorTensorOpMultiplicandCrosswise<(int)4, (int)128>, cutlass::integer_subbyte<(int)4, (bool)1>, cutlass::layout::ColumnMajorTensorOpMultiplicandCrosswise<(int)4, (int)128>, int, cutlass::layout::RowMajor, cutlass::gemm::warp::MmaTensorOpPolicy<cutlass::arch::Mma<cutlass::gemm::GemmShape<(int)16, (int)8, (int)64>, (int)32, cutlass::integer_subbyte<(int)4, (bool)1>, cutlass::layout::RowMajor, cutlass::integer_subbyte<(int)4, (bool)1>, cutlass::layout::ColumnMajor, int, cutlass::layout::RowMajor, cutlass::arch::OpMultiplyAddSaturate>, cutlass::MatrixShape<(int)1, (int)1>>, (int)1, (bool)0, bool>, (int)1, cutlass::epilogue::threadblock::PredicatedTileIteratorConv<cutlass::epilogue::threadblock::OutputTileOptimalThreadMap<cutlass::epilogue::threadblock::OutputTileShape<(int)128, (int)8, (int)2, (int)1, (int)1>, cutlass::epilogue::threadblock::OutputTileShape<(int)1, (int)8, (int)1, (int)1, (int)8>, (int)128, (int)8, (int)16>, cutlass::half_t, (bool)0, cutlass::layout::NoPermute, (bool)0, (int)4>, cutlass::epilogue::warp::FragmentIteratorTensorOp<cutlass::gemm::GemmShape<(int)64, (int)64, (int)128>, cutlass::gemm::GemmShape<(int)16, (int)8, (int)64>, int, cutlass::Array<int, (int)4, (bool)1>, cutlass::layout::RowMajor>, cutlass::epilogue::warp::TileIteratorTensorOpMixed<cutlass::gemm::GemmShape<(int)64, (int)64, (int)128>, cutlass::gemm::GemmShape<(int)16, (int)8, (int)64>, int, (int)32, (int)16, (int)8, (int)8, (bool)0>, cutlass::epilogue::threadblock::SharedLoadIteratorMixed<cutlass::epilogue::threadblock::OutputTileOptimalThreadMap<cutlass::epilogue::threadblock::OutputTileShape<(int)128, (int)8, (int)2, (int)1, (int)1>, cutlass::epilogue::threadblock::OutputTileShape<(int)1, (int)8, (int)1, (int)1, (int)8>, (int)128, (int)8, (int)16>::CompactedThreadMap, int, (int)32, (int)16, (int)8, (int)8, (bool)0>, cutlass::epilogue::thread::LinearCombination<cutlass::half_t, (int)8, int, float, (cutlass::epilogue::thread::ScaleType::Kind)0, (cutlass::FloatRoundStyle)2, cutlass::half_t>, cutlass::MatrixShape<(int)0, (int)8>, (int)2, (int)1>, cutlass::epilogue::threadblock::TreeVisitor2x<cutlass::epilogue::threadblock::VisitorAuxStore<cutlass::epilogue::threadblock::OutputTileThreadLayout<cutlass::gemm::GemmShape<(int)128, (int)128, (int)128>, cutlass::gemm::GemmShape<(int)64, (int)64, (int)128>, cutlass::half_t, (int)8, (int)1>, cutlass::half_t, (cutlass::FloatRoundStyle)2, cute::tuple<long, cute::C<(int)1>, long>>, cutlass::epilogue::threadblock::TreeVisitor2x<cutlass::epilogue::threadblock::VisitorCompute<cutlass::plus, float, float, (cutlass::FloatRoundStyle)2, void>, cutlass::epilogue::threadblock::TreeVisitor2x<cutlass::epilogue::threadblock::VisitorCompute<cutlass::multiplies, float, float, (cutlass::FloatRoundStyle)2, void>, cutlass::epilogue::threadblock::TreeVisitor2x<cutlass::epilogue::threadblock::VisitorCompute<cutlass::multiplies, float, float, (cutlass::FloatRoundStyle)2, void>, cutlass::epilogue::threadblock::VisitorAccFetch, cutlass::epilogue::threadblock::VisitorScalarBroadcast<float, cute::tuple<cute::C<(int)0>, cute::C<(int)0>, cute::C<(int)0>>, (int)1, cutlass::multiplies>>, cutlass::epilogue::threadblock::VisitorRowBroadcast<cutlass::epilogue::threadblock::OutputTileThreadLayout<cutlass::gemm::GemmShape<(int)128, (int)128, (int)128>, cutlass::gemm::GemmShape<(int)64, (int)64, (int)128>, cutlass::half_t, (int)8, (int)1>, float, cute::tuple<cute::C<(int)0>, cute::C<(int)1>, int>, (bool)1>>, cutlass::epilogue::threadblock::VisitorRowBroadcast<cutlass::epilogue::threadblock::OutputTileThreadLayout<cutlass::gemm::GemmShape<(int)128, (int)128, (int)128>, cutlass::gemm::GemmShape<(int)64, (int)64, (int)128>, cutlass::half_t, (int)8, (int)1>, float, cute::tuple<cute::C<(int)0>, cute::C<(int)1>, int>, (bool)1>>>, (int)1, (int)1>, cutlass::gemm::threadblock::GemmIdentityThreadblockSwizzle<(int)1>, (cutlass::conv::Operator)0, cutlass::conv::Conv2dProblemSize>>(T1::Params)",4363576.0
L|resblock_plain|C1536|T4,"void cutlass::Kernel<modiff::ImplicitGemmConvolutionEVT<cutlass::conv::threadblock::ImplicitGemmMultistage<cutlass::gemm::GemmShape<(int)128, (int)128, (int)128>, cutlass::conv::threadblock::Conv2dFpropActivationTileAccessIteratorOptimized<cutlass::MatrixShape<(int)128, (int)128>, cutlass::integer_subbyte<(int)4, (bool)1>, cutlass::layout::TensorNHWC, cutlass::transform::PitchLinearWarpRakedThreadMap<cutlass::PitchLinearShape<(int)128, (int)128>, (int)128, cutlass::PitchLinearShape<(int)4, (int)8>, (int)32>, cutlass::AlignedArray<cutlass::integer_subbyte<(int)4, (bool)1>, (int)32, (int)16>>, cutlass::transform::threadblock::RegularTileAccessIterator<cutlass::MatrixShape<(int)128, (int)128>, cutlass::integer_subbyte<(int)4, (bool)1>, cutlass::layout::RowMajorTensorOpMultiplicandCrosswise<(int)4, (int)128>, (int)0, cutlass::transform::PitchLinearWarpRakedThreadMap<cutlass::PitchLinearShape<(int)128, (int)128>, (int)128, cutlass::PitchLinearShape<(int)4, (int)8>, (int)32>, (int)16>, (cutlass::arch::CacheOperation::Kind)0, cutlass::conv::threadblock::Conv2dFpropFilterTileAccessIteratorOptimized<cutlass::MatrixShape<(int)128, (int)128>, cutlass::integer_subbyte<(int)4, (bool)1>, cutlass::layout::TensorNHWC, cutlass::transform::PitchLinearWarpRakedThreadMap<cutlass::PitchLinearShape<(int)128, (int)128>, (int)128, cutlass::PitchLinearShape<(int)4, (int)8>, (int)32>, cutlass::AlignedArray<cutlass::integer_subbyte<(int)4, (bool)1>, (int)32, (int)16>, (bool)0>, cutlass::transform::threadblock::RegularTileAccessIterator<cutlass::MatrixShape<(int)128, (int)128>, cutlass::integer_subbyte<(int)4, (bool)1>, cutlass::layout::ColumnMajorTensorOpMultiplicandCrosswise<(int)4, (int)128>, (int)1, cutlass::transform::PitchLinearWarpRakedThreadMap<cutlass::PitchLinearShape<(int)128, (int)128>, (int)128, cutlass::PitchLinearShape<(int)4, (int)8>, (int)32>, (int)16>, (cutlass::arch::CacheOperation::Kind)1, cutlass::gemm::threadblock::MmaPolicy<cutlass::gemm::warp::MmaTensorOp<cutlass::gemm::GemmShape<(int)64, (int)64, (int)128>, cutlass::integer_subbyte<(int)4, (bool)1>, cutlass::layout::RowMajorTensorOpMultiplicandCrosswise<(int)4, (int)128>, cutlass::integer_subbyte<(int)4, (bool)1>, cutlass::layout::ColumnMajorTensorOpMultiplicandCrosswise<(int)4, (int)128>, int, cutlass::layout::RowMajor, cutlass::gemm::warp::MmaTensorOpPolicy<cutlass::arch::Mma<cutlass::gemm::GemmShape<(int)16, (int)8, (int)64>, (int)32, cutlass::integer_subbyte<(int)4, (bool)1>, cutlass::layout::RowMajor, cutlass::integer_subbyte<(int)4, (bool)1>, cutlass::layout::ColumnMajor, int, cutlass::layout::RowMajor, cutlass::arch::OpMultiplyAddSaturate>, cutlass::MatrixShape<(int)1, (int)1>>, (int)1, (bool)0, bool>, cutlass::MatrixShape<(int)0, (int)0>, cutlass::MatrixShape<(int)0, (int)0>, (int)1>, (int)3, bool>, cutlass::epilogue::threadblock::EpilogueWithVisitorCallbacks<cutlass::epilogue::threadblock::Epilogue<cutlass::gemm::GemmShape<(int)128, (int)128, (int)128>, cutlass::gemm::warp::MmaTensorOp<cutlass::gemm::GemmShape<(int)64, (int)64, (int)128>, cutlass::integer_subbyte<(int)4, (bool)1>, cutlass::layout::RowMajorTensorOpMultiplicandCrosswise<(int)4, (int)128>, cutlass::integer_subbyte<(int)4, (bool)1>, cutlass::layout::ColumnMajorTensorOpMultiplicandCrosswise<(int)4, (int)128>, int, cutlass::layout::RowMajor, cutlass::gemm::warp::MmaTensorOpPolicy<cutlass::arch::Mma<cutlass::gemm::GemmShape<(int)16, (int)8, (int)64>, (int)32, cutlass::integer_subbyte<(int)4, (bool)1>, cutlass::layout::RowMajor, cutlass::integer_subbyte<(int)4, (bool)1>, cutlass::layout::ColumnMajor, int, cutlass::layout::RowMajor, cutlass::arch::OpMultiplyAddSaturate>, cutlass::MatrixShape<(int)1, (int)1>>, (int)1, (bool)0, bool>, (int)1, cutlass::epilogue::threadblock::PredicatedTileIteratorConv<cutlass::epilogue::threadblock::OutputTileOptimalThreadMap<cutlass::epilogue::threadblock::OutputTileShape<(int)128, (int)8, (int)2, (int)1, (int)1>, cutlass::epilogue::threadblock::OutputTileShape<(int)1, (int)8, (int)1, (int)1, (int)8>, (int)128, (int)8, (int)16>, cutlass::half_t, (bool)0, cutlass::layout::NoPermute, (bool)0, (int)4>, cutlass::epilogue::warp::FragmentIteratorTensorOp<cutlass::gemm::GemmShape<(int)64, (int)64, (int)128>, cutlass::gemm::GemmShape<(int)16, (int)8, (int)64>, int, cutlass::Array<int, (int)4, (bool)1>, cutlass::layout::RowMajor>, cutlass::epilogue::warp::TileIteratorTensorOpMixed<cutlass::gemm::GemmShape<(int)64, (int)64, (int)128>, cutlass::gemm::GemmShape<(int)16, (int)8, (int)64>, int, (int)32, (int)16, (int)8, (int)8, (bool)0>, cutlass::epilogue::threadblock::SharedLoadIteratorMixed<cutlass::epilogue::threadblock::OutputTileOptimalThreadMap<cutlass::epilogue::threadblock::OutputTileShape<(int)128, (int)8, (int)2, (int)1, (int)1>, cutlass::epilogue::threadblock::OutputTileShape<(int)1, (int)8, (int)1, (int)1, (int)8>, (int)128, (int)8, (int)16>::CompactedThreadMap, int, (int)32, (int)16, (int)8, (int)8, (bool)0>, cutlass::epilogue::thread::LinearCombination<cutlass::half_t, (int)8, int, float, (cutlass::epilogue::thread::ScaleType::Kind)0, (cutlass::FloatRoundStyle)2, cutlass::half_t>, cutlass::MatrixShape<(int)0, (int)8>, (int)2, (int)1>, cutlass::epilogue::threadblock::TreeVisitor2x<cutlass::epilogue::threadblock::VisitorAuxStore<cutlass::epilogue::threadblock::OutputTileThreadLayout<cutlass::gemm::GemmShape<(int)128, (int)128, (int)128>, cutlass::gemm::GemmShape<(int)64, (int)64, (int)128>, cutlass::half_t, (int)8, (int)1>, cutlass::half_t, (cutlass::FloatRoundStyle)2, cute::tuple<long, cute::C<(int)1>, long>>, cutlass::epilogue::threadblock::TreeVisitor2x<cutlass::epilogue::threadblock::VisitorCompute<cutlass::plus, float, float, (cutlass::FloatRoundStyle)2, void>, cutlass::epilogue::threadblock::TreeVisitor2x<cutlass::epilogue::threadblock::VisitorCompute<cutlass::multiplies, float, float, (cutlass::FloatRoundStyle)2, void>, cutlass::epilogue::threadblock::TreeVisitor2x<cutlass::epilogue::threadblock::VisitorCompute<cutlass::multiplies, float, float, (cutlass::FloatRoundStyle)2, void>, cutlass::epilogue::threadblock::VisitorAccFetch, cutlass::epilogue::threadblock::VisitorScalarBroadcast<float, cute::tuple<cute::C<(int)0>, cute::C<(int)0>, cute::C<(int)0>>, (int)1, cutlass::multiplies>>, cutlass::epilogue::threadblock::VisitorRowBroadcast<cutlass::epilogue::threadblock::OutputTileThreadLayout<cutlass::gemm::GemmShape<(int)128, (int)128, (int)128>, cutlass::gemm::GemmShape<(int)64, (int)64, (int)128>, cutlass::half_t, (int)8, (int)1>, float, cute::tuple<cute::C<(int)0>, cute::C<(int)1>, int>, (bool)1>>, cutlass::epilogue::threadblock::VisitorRowBroadcast<cutlass::epilogue::threadblock::OutputTileThreadLayout<cutlass::gemm::GemmShape<(int)128, (int)128, (int)128>, cutlass::gemm::GemmShape<(int)64, (int)64, (int)128>, cutlass::half_t, (int)8, (int)1>, float, cute::tuple<cute::C<(int)0>, cute::C<(int)1>, int>, (bool)1>>>, (int)1, (int)1>, cutlass::gemm::threadblock::GemmIdentityThreadblockSwizzle<(int)1>, (cutlass::conv::Operator)0, cutlass::conv::Conv2dProblemSize>>(T1::Params)",4255923.0
L|resblock_plain|C384|T256,"void cutlass::Kernel<modiff::ImplicitGemmConvolutionEVT<cutlass::conv::threadblock::ImplicitGemmMultistage<cutlass::gemm::GemmShape<(int)128, (int)128, (int)128>, cutlass::conv::threadblock::Conv2dFpropActivationTileAccessIteratorOptimized<cutlass::MatrixShape<(int)128, (int)128>, cutlass::integer_subbyte<(int)4, (bool)1>, cutlass::layout::TensorNHWC, cutlass::transform::PitchLinearWarpRakedThreadMap<cutlass::PitchLinearShape<(int)128, (int)128>, (int)128, cutlass::PitchLinearShape<(int)4, (int)8>, (int)32>, cutlass::AlignedArray<cutlass::integer_subbyte<(int)4, (bool)1>, (int)32, (int)16>>, cutlass::transform::threadblock::RegularTileAccessIterator<cutlass::MatrixShape<(int)128, (int)128>, cutlass::integer_subbyte<(int)4, (bool)1>, cutlass::layout::RowMajorTensorOpMultiplicandCrosswise<(int)4, (int)128>, (int)0, cutlass::transform::PitchLinearWarpRakedThreadMap<cutlass::PitchLinearShape<(int)128, (int)128>, (int)128, cutlass::PitchLinearShape<(int)4, (int)8>, (int)32>, (int)16>, (cutlass::arch::CacheOperation::Kind)0, cutlass::conv::threadblock::Conv2dFpropFilterTileAccessIteratorOptimized<cutlass::MatrixShape<(int)128, (int)128>, cutlass::integer_subbyte<(int)4, (bool)1>, cutlass::layout::TensorNHWC, cutlass::transform::PitchLinearWarpRakedThreadMap<cutlass::PitchLinearShape<(int)128, (int)128>, (int)128, cutlass::PitchLinearShape<(int)4, (int)8>, (int)32>, cutlass::AlignedArray<cutlass::integer_subbyte<(int)4, (bool)1>, (int)32, (int)16>, (bool)0>, cutlass::transform::threadblock::RegularTileAccessIterator<cutlass::MatrixShape<(int)128, (int)128>, cutlass::integer_subbyte<(int)4, (bool)1>, cutlass::layout::ColumnMajorTensorOpMultiplicandCrosswise<(int)4, (int)128>, (int)1, cutlass::transform::PitchLinearWarpRakedThreadMap<cutlass::PitchLinearShape<(int)128, (int)128>, (int)128, cutlass::PitchLinearShape<(int)4, (int)8>, (int)32>, (int)16>, (cutlass::arch::CacheOperation::Kind)1, cutlass::gemm::threadblock::MmaPolicy<cutlass::gemm::warp::MmaTensorOp<cutlass::gemm::GemmShape<(int)64, (int)64, (int)128>, cutlass::integer_subbyte<(int)4, (bool)1>, cutlass::layout::RowMajorTensorOpMultiplicandCrosswise<(int)4, (int)128>, cutlass::integer_subbyte<(int)4, (bool)1>, cutlass::layout::ColumnMajorTensorOpMultiplicandCrosswise<(int)4, (int)128>, int, cutlass::layout::RowMajor, cutlass::gemm::warp::MmaTensorOpPolicy<cutlass::arch::Mma<cutlass::gemm::GemmShape<(int)16, (int)8, (int)64>, (int)32, cutlass::integer_subbyte<(int)4, (bool)1>, cutlass::layout::RowMajor, cutlass::integer_subbyte<(int)4, (bool)1>, cutlass::layout::ColumnMajor, int, cutlass::layout::RowMajor, cutlass::arch::OpMultiplyAddSaturate>, cutlass::MatrixShape<(int)1, (int)1>>, (int)1, (bool)0, bool>, cutlass::MatrixShape<(int)0, (int)0>, cutlass::MatrixShape<(int)0, (int)0>, (int)1>, (int)3, bool>, cutlass::epilogue::threadblock::EpilogueWithVisitorCallbacks<cutlass::epilogue::threadblock::Epilogue<cutlass::gemm::GemmShape<(int)128, (int)128, (int)128>, cutlass::gemm::warp::MmaTensorOp<cutlass::gemm::GemmShape<(int)64, (int)64, (int)128>, cutlass::integer_subbyte<(int)4, (bool)1>, cutlass::layout::RowMajorTensorOpMultiplicandCrosswise<(int)4, (int)128>, cutlass::integer_subbyte<(int)4, (bool)1>, cutlass::layout::ColumnMajorTensorOpMultiplicandCrosswise<(int)4, (int)128>, int, cutlass::layout::RowMajor, cutlass::gemm::warp::MmaTensorOpPolicy<cutlass::arch::Mma<cutlass::gemm::GemmShape<(int)16, (int)8, (int)64>, (int)32, cutlass::integer_subbyte<(int)4, (bool)1>, cutlass::layout::RowMajor, cutlass::integer_subbyte<(int)4, (bool)1>, cutlass::layout::ColumnMajor, int, cutlass::layout::RowMajor, cutlass::arch::OpMultiplyAddSaturate>, cutlass::MatrixShape<(int)1, (int)1>>, (int)1, (bool)0, bool>, (int)1, cutlass::epilogue::threadblock::PredicatedTileIteratorConv<cutlass::epilogue::threadblock::OutputTileOptimalThreadMap<cutlass::epilogue::threadblock::OutputTileShape<(int)128, (int)8, (int)2, (int)1, (int)1>, cutlass::epilogue::threadblock::OutputTileShape<(int)1, (int)8, (int)1, (int)1, (int)8>, (int)128, (int)8, (int)16>, cutlass::half_t, (bool)0, cutlass::layout::NoPermute, (bool)0, (int)4>, cutlass::epilogue::warp::FragmentIteratorTensorOp<cutlass::gemm::GemmShape<(int)64, (int)64, (int)128>, cutlass::gemm::GemmShape<(int)16, (int)8, (int)64>, int, cutlass::Array<int, (int)4, (bool)1>, cutlass::layout::RowMajor>, cutlass::epilogue::warp::TileIteratorTensorOpMixed<cutlass::gemm::GemmShape<(int)64, (int)64, (int)128>, cutlass::gemm::GemmShape<(int)16, (int)8, (int)64>, int, (int)32, (int)16, (int)8, (int)8, (bool)0>, cutlass::epilogue::threadblock::SharedLoadIteratorMixed<cutlass::epilogue::threadblock::OutputTileOptimalThreadMap<cutlass::epilogue::threadblock::OutputTileShape<(int)128, (int)8, (int)2, (int)1, (int)1>, cutlass::epilogue::threadblock::OutputTileShape<(int)1, (int)8, (int)1, (int)1, (int)8>, (int)128, (int)8, (int)16>::CompactedThreadMap, int, (int)32, (int)16, (int)8, (int)8, (bool)0>, cutlass::epilogue::thread::LinearCombination<cutlass::half_t, (int)8, int, float, (cutlass::epilogue::thread::ScaleType::Kind)0, (cutlass::FloatRoundStyle)2, cutlass::half_t>, cutlass::MatrixShape<(int)0, (int)8>, (int)2, (int)1>, cutlass::epilogue::threadblock::TreeVisitor2x<cutlass::epilogue::threadblock::VisitorAuxStore<cutlass::epilogue::threadblock::OutputTileThreadLayout<cutlass::gemm::GemmShape<(int)128, (int)128, (int)128>, cutlass::gemm::GemmShape<(int)64, (int)64, (int)128>, cutlass::half_t, (int)8, (int)1>, cutlass::half_t, (cutlass::FloatRoundStyle)2, cute::tuple<long, cute::C<(int)1>, long>>, cutlass::epilogue::threadblock::TreeVisitor2x<cutlass::epilogue::threadblock::VisitorCompute<cutlass::plus, float, float, (cutlass::FloatRoundStyle)2, void>, cutlass::epilogue::threadblock::TreeVisitor2x<cutlass::epilogue::threadblock::VisitorCompute<cutlass::plus, float, float, (cutlass::FloatRoundStyle)2, void>, cutlass::epilogue::threadblock::TreeVisitor2x<cutlass::epilogue::threadblock::VisitorCompute<cutlass::multiplies, float, float, (cutlass::FloatRoundStyle)2, void>, cutlass::epilogue::threadblock::TreeVisitor2x<cutlass::epilogue::threadblock::VisitorCompute<cutlass::multiplies, float, float, (cutlass::FloatRoundStyle)2, void>, cutlass::epilogue::threadblock::VisitorAccFetch, cutlass::epilogue::threadblock::VisitorScalarBroadcast<float, cute::tuple<cute::C<(int)0>, cute::C<(int)0>, cute::C<(int)0>>, (int)1, cutlass::multiplies>>, cutlass::epilogue::threadblock::VisitorRowBroadcast<cutlass::epilogue::threadblock::OutputTileThreadLayout<cutlass::gemm::GemmShape<(int)128, (int)128, (int)128>, cutlass::gemm::GemmShape<(int)64, (int)64, (int)128>, cutlass::half_t, (int)8, (int)1>, float, cute::tuple<cute::C<(int)0>, cute::C<(int)1>, int>, (bool)1>>, cutlass::epilogue::threadblock::VisitorRowBroadcast<cutlass::epilogue::threadblock::OutputTileThreadLayout<cutlass::gemm::GemmShape<(int)128, (int)128, (int)128>, cutlass::gemm::GemmShape<(int)64, (int)64, (int)128>, cutlass::half_t, (int)8, (int)1>, float, cute::tuple<cute::C<(int)0>, cute::C<(int)1>, int>, (bool)1>>, cutlass::epilogue::threadblock::VisitorAuxLoad<cutlass::epilogue::threadblock::OutputTileThreadLayout<cutlass::gemm::GemmShape<(int)128, (int)128, (int)128>, cutlass::gemm::GemmShape<(int)64, (int)64, (int)128>, cutlass::half_t, (int)8, (int)1>, cutlass::half_t, cute::tuple<long, cute::C<(int)1>, long>>>>, (int)1, (int)1>, cutlass::gemm::threadblock::GemmIdentityThreadblockSwizzle<(int)1>, (cutlass::conv::Operator)0, cutlass::conv::Conv2dProblemSize>>(T1::Params)",4241657.0
L|resblock_plain|C192|T256,"void cutlass::Kernel<modiff::ImplicitGemmConvolutionEVT<cutlass::conv::threadblock::ImplicitGemmMultistage<cutlass::gemm::GemmShape<(int)128, (int)128, (int)128>, cutlass::conv::threadblock::Conv2dFpropActivationTileAccessIteratorOptimized<cutlass::MatrixShape<(int)128, (int)128>, cutlass::integer_subbyte<(int)4, (bool)1>, cutlass::layout::TensorNHWC, cutlass::transform::PitchLinearWarpRakedThreadMap<cutlass::PitchLinearShape<(int)128, (int)128>, (int)128, cutlass::PitchLinearShape<(int)4, (int)8>, (int)32>, cutlass::AlignedArray<cutlass::integer_subbyte<(int)4, (bool)1>, (int)32, (int)16>>, cutlass::transform::threadblock::RegularTileAccessIterator<cutlass::MatrixShape<(int)128, (int)128>, cutlass::integer_subbyte<(int)4, (bool)1>, cutlass::layout::RowMajorTensorOpMultiplicandCrosswise<(int)4, (int)128>, (int)0, cutlass::transform::PitchLinearWarpRakedThreadMap<cutlass::PitchLinearShape<(int)128, (int)128>, (int)128, cutlass::PitchLinearShape<(int)4, (int)8>, (int)32>, (int)16>, (cutlass::arch::CacheOperation::Kind)0, cutlass::conv::threadblock::Conv2dFpropFilterTileAccessIteratorOptimized<cutlass::MatrixShape<(int)128, (int)128>, cutlass::integer_subbyte<(int)4, (bool)1>, cutlass::layout::TensorNHWC, cutlass::transform::PitchLinearWarpRakedThreadMap<cutlass::PitchLinearShape<(int)128, (int)128>, (int)128, cutlass::PitchLinearShape<(int)4, (int)8>, (int)32>, cutlass::AlignedArray<cutlass::integer_subbyte<(int)4, (bool)1>, (int)32, (int)16>, (bool)0>, cutlass::transform::threadblock::RegularTileAccessIterator<cutlass::MatrixShape<(int)128, (int)128>, cutlass::integer_subbyte<(int)4, (bool)1>, cutlass::layout::ColumnMajorTensorOpMultiplicandCrosswise<(int)4, (int)128>, (int)1, cutlass::transform::PitchLinearWarpRakedThreadMap<cutlass::PitchLinearShape<(int)128, (int)128>, (int)128, cutlass::PitchLinearShape<(int)4, (int)8>, (int)32>, (int)16>, (cutlass::arch::CacheOperation::Kind)1, cutlass::gemm::threadblock::MmaPolicy<cutlass::gemm::warp::MmaTensorOp<cutlass::gemm::GemmShape<(int)64, (int)64, (int)128>, cutlass::integer_subbyte<(int)4, (bool)1>, cutlass::layout::RowMajorTensorOpMultiplicandCrosswise<(int)4, (int)128>, cutlass::integer_subbyte<(int)4, (bool)1>, cutlass::layout::ColumnMajorTensorOpMultiplicandCrosswise<(int)4, (int)128>, int, cutlass::layout::RowMajor, cutlass::gemm::warp::MmaTensorOpPolicy<cutlass::arch::Mma<cutlass::gemm::GemmShape<(int)16, (int)8, (int)64>, (int)32, cutlass::integer_subbyte<(int)4, (bool)1>, cutlass::layout::RowMajor, cutlass::integer_subbyte<(int)4, (bool)1>, cutlass::layout::ColumnMajor, int, cutlass::layout::RowMajor, cutlass::arch::OpMultiplyAddSaturate>, cutlass::MatrixShape<(int)1, (int)1>>, (int)1, (bool)0, bool>, cutlass::MatrixShape<(int)0, (int)0>, cutlass::MatrixShape<(int)0, (int)0>, (int)1>, (int)3, bool>, cutlass::epilogue::threadblock::EpilogueWithVisitorCallbacks<cutlass::epilogue::threadblock::Epilogue<cutlass::gemm::GemmShape<(int)128, (int)128, (int)128>, cutlass::gemm::warp::MmaTensorOp<cutlass::gemm::GemmShape<(int)64, (int)64, (int)128>, cutlass::integer_subbyte<(int)4, (bool)1>, cutlass::layout::RowMajorTensorOpMultiplicandCrosswise<(int)4, (int)128>, cutlass::integer_subbyte<(int)4, (bool)1>, cutlass::layout::ColumnMajorTensorOpMultiplicandCrosswise<(int)4, (int)128>, int, cutlass::layout::RowMajor, cutlass::gemm::warp::MmaTensorOpPolicy<cutlass::arch::Mma<cutlass::gemm::GemmShape<(int)16, (int)8, (int)64>, (int)32, cutlass::integer_subbyte<(int)4, (bool)1>, cutlass::layout::RowMajor, cutlass::integer_subbyte<(int)4, (bool)1>, cutlass::layout::ColumnMajor, int, cutlass::layout::RowMajor, cutlass::arch::OpMultiplyAddSaturate>, cutlass::MatrixShape<(int)1, (int)1>>, (int)1, (bool)0, bool>, (int)1, cutlass::epilogue::threadblock::PredicatedTileIteratorConv<cutlass::epilogue::threadblock::OutputTileOptimalThreadMap<cutlass::epilogue::threadblock::OutputTileShape<(int)128, (int)8, (int)2, (int)1, (int)1>, cutlass::epilogue::threadblock::OutputTileShape<(int)1, (int)8, (int)1, (int)1, (int)8>, (int)128, (int)8, (int)16>, cutlass::half_t, (bool)0, cutlass::layout::NoPermute, (bool)0, (int)4>, cutlass::epilogue::warp::FragmentIteratorTensorOp<cutlass::gemm::GemmShape<(int)64, (int)64, (int)128>, cutlass::gemm::GemmShape<(int)16, (int)8, (int)64>, int, cutlass::Array<int, (int)4, (bool)1>, cutlass::layout::RowMajor>, cutlass::epilogue::warp::TileIteratorTensorOpMixed<cutlass::gemm::GemmShape<(int)64, (int)64, (int)128>, cutlass::gemm::GemmShape<(int)16, (int)8, (int)64>, int, (int)32, (int)16, (int)8, (int)8, (bool)0>, cutlass::epilogue::threadblock::SharedLoadIteratorMixed<cutlass::epilogue::threadblock::OutputTileOptimalThreadMap<cutlass::epilogue::threadblock::OutputTileShape<(int)128, (int)8, (int)2, (int)1, (int)1>, cutlass::epilogue::threadblock::OutputTileShape<(int)1, (int)8, (int)1, (int)1, (int)8>, (int)128, (int)8, (int)16>::CompactedThreadMap, int, (int)32, (int)16, (int)8, (int)8, (bool)0>, cutlass::epilogue::thread::LinearCombination<cutlass::half_t, (int)8, int, float, (cutlass::epilogue::thread::ScaleType::Kind)0, (cutlass::FloatRoundStyle)2, cutlass::half_t>, cutlass::MatrixShape<(int)0, (int)8>, (int)2, (int)1>, cutlass::epilogue::threadblock::TreeVisitor2x<cutlass::epilogue::threadblock::VisitorAuxStore<cutlass::epilogue::threadblock::OutputTileThreadLayout<cutlass::gemm::GemmShape<(int)128, (int)128, (int)128>, cutlass::gemm::GemmShape<(int)64, (int)64, (int)128>, cutlass::half_t, (int)8, (int)1>, cutlass::half_t, (cutlass::FloatRoundStyle)2, cute::tuple<long, cute::C<(int)1>, long>>, cutlass::epilogue::threadblock::TreeVisitor2x<cutlass::epilogue::threadblock::VisitorCompute<cutlass::plus, float, float, (cutlass::FloatRoundStyle)2, void>, cutlass::epilogue::threadblock::TreeVisitor2x<cutlass::epilogue::threadblock::VisitorCompute<cutlass::plus, float, float, (cutlass::FloatRoundStyle)2, void>, cutlass::epilogue::threadblock::TreeVisitor2x<cutlass::epilogue::threadblock::VisitorCompute<cutlass::multiplies, float, float, (cutlass::FloatRoundStyle)2, void>, cutlass::epilogue::threadblock::TreeVisitor2x<cutlass::epilogue::threadblock::VisitorCompute<cutlass::multiplies, float, float, (cutlass::FloatRoundStyle)2, void>, cutlass::epilogue::threadblock::VisitorAccFetch, cutlass::epilogue::threadblock::VisitorScalarBroadcast<float, cute::tuple<cute::C<(int)0>, cute::C<(int)0>, cute::C<(int)0>>, (int)1, cutlass::multiplies>>, cutlass::epilogue::threadblock::VisitorRowBroadcast<cutlass::epilogue::threadblock::OutputTileThreadLayout<cutlass::gemm::GemmShape<(int)128, (int)128, (int)128>, cutlass::gemm::GemmShape<(int)64, (int)64, (int)128>, cutlass::half_t, (int)8, (int)1>, float, cute::tuple<cute::C<(int)0>, cute::C<(int)1>, int>, (bool)1>>, cutlass::epilogue::threadblock::VisitorRowBroadcast<cutlass::epilogue::threadblock::OutputTileThreadLayout<cutlass::gemm::GemmShape<(int)128, (int)128, (int)128>, cutlass::gemm::GemmShape<(int)64, (int)64, (int)128>, cutlass::half_t, (int)8, (int)1>, float, cute::tuple<cute::C<(int)0>, cute::C<(int)1>, int>, (bool)1>>, cutlass::epilogue::threadblock::VisitorAuxLoad<cutlass::epilogue::threadblock::OutputTileThreadLayout<cutlass::gemm::GemmShape<(int)128, (int)128, (int)128>, cutlass::gemm::GemmShape<(int)64, (int)64, (int)128>, cutlass::half_t, (int)8, (int)1>, cutlass::half_t, cute::tuple<long, cute::C<(int)1>, long>>>>, (int)1, (int)1>, cutlass::gemm::threadblock::GemmIdentityThreadblockSwizzle<(int)1>, (cutlass::conv::Operator)0, cutlass::conv::Conv2dProblemSize>>(T1::Params)",4236413.0
L|resblock_plain|C576|T256,"void cutlass::Kernel<modiff::ImplicitGemmConvolutionEVT<cutlass::conv::threadblock::ImplicitGemmMultistage<cutlass::gemm::GemmShape<(int)128, (int)128, (int)128>, cutlass::conv::threadblock::Conv2dFpropActivationTileAccessIteratorOptimized<cutlass::MatrixShape<(int)128, (int)128>, cutlass::integer_subbyte<(int)4, (bool)1>, cutlass::layout::TensorNHWC, cutlass::transform::PitchLinearWarpRakedThreadMap<cutlass::PitchLinearShape<(int)128, (int)128>, (int)128, cutlass::PitchLinearShape<(int)4, (int)8>, (int)32>, cutlass::AlignedArray<cutlass::integer_subbyte<(int)4, (bool)1>, (int)32, (int)16>>, cutlass::transform::threadblock::RegularTileAccessIterator<cutlass::MatrixShape<(int)128, (int)128>, cutlass::integer_subbyte<(int)4, (bool)1>, cutlass::layout::RowMajorTensorOpMultiplicandCrosswise<(int)4, (int)128>, (int)0, cutlass::transform::PitchLinearWarpRakedThreadMap<cutlass::PitchLinearShape<(int)128, (int)128>, (int)128, cutlass::PitchLinearShape<(int)4, (int)8>, (int)32>, (int)16>, (cutlass::arch::CacheOperation::Kind)0, cutlass::conv::threadblock::Conv2dFpropFilterTileAccessIteratorOptimized<cutlass::MatrixShape<(int)128, (int)128>, cutlass::integer_subbyte<(int)4, (bool)1>, cutlass::layout::TensorNHWC, cutlass::transform::PitchLinearWarpRakedThreadMap<cutlass::PitchLinearShape<(int)128, (int)128>, (int)128, cutlass::PitchLinearShape<(int)4, (int)8>, (int)32>, cutlass::AlignedArray<cutlass::integer_subbyte<(int)4, (bool)1>, (int)32, (int)16>, (bool)0>, cutlass::transform::threadblock::RegularTileAccessIterator<cutlass::MatrixShape<(int)128, (int)128>, cutlass::integer_subbyte<(int)4, (bool)1>, cutlass::layout::ColumnMajorTensorOpMultiplicandCrosswise<(int)4, (int)128>, (int)1, cutlass::transform::PitchLinearWarpRakedThreadMap<cutlass::PitchLinearShape<(int)128, (int)128>, (int)128, cutlass::PitchLinearShape<(int)4, (int)8>, (int)32>, (int)16>, (cutlass::arch::CacheOperation::Kind)1, cutlass::gemm::threadblock::MmaPolicy<cutlass::gemm::warp::MmaTensorOp<cutlass::gemm::GemmShape<(int)64, (int)64, (int)128>, cutlass::integer_subbyte<(int)4, (bool)1>, cutlass::layout::RowMajorTensorOpMultiplicandCrosswise<(int)4, (int)128>, cutlass::integer_subbyte<(int)4, (bool)1>, cutlass::layout::ColumnMajorTensorOpMultiplicandCrosswise<(int)4, (int)128>, int, cutlass::layout::RowMajor, cutlass::gemm::warp::MmaTensorOpPolicy<cutlass::arch::Mma<cutlass::gemm::GemmShape<(int)16, (int)8, (int)64>, (int)32, cutlass::integer_subbyte<(int)4, (bool)1>, cutlass::layout::RowMajor, cutlass::integer_subbyte<(int)4, (bool)1>, cutlass::layout::ColumnMajor, int, cutlass::layout::RowMajor, cutlass::arch::OpMultiplyAddSaturate>, cutlass::MatrixShape<(int)1, (int)1>>, (int)1, (bool)0, bool>, cutlass::MatrixShape<(int)0, (int)0>, cutlass::MatrixShape<(int)0, (int)0>, (int)1>, (int)3, bool>, cutlass::epilogue::threadblock::EpilogueWithVisitorCallbacks<cutlass::epilogue::threadblock::Epilogue<cutlass::gemm::GemmShape<(int)128, (int)128, (int)128>, cutlass::gemm::warp::MmaTensorOp<cutlass::gemm::GemmShape<(int)64, (int)64, (int)128>, cutlass::integer_subbyte<(int)4, (bool)1>, cutlass::layout::RowMajorTensorOpMultiplicandCrosswise<(int)4, (int)128>, cutlass::integer_subbyte<(int)4, (bool)1>, cutlass::layout::ColumnMajorTensorOpMultiplicandCrosswise<(int)4, (int)128>, int, cutlass::layout::RowMajor, cutlass::gemm::warp::MmaTensorOpPolicy<cutlass::arch::Mma<cutlass::gemm::GemmShape<(int)16, (int)8, (int)64>, (int)32, cutlass::integer_subbyte<(int)4, (bool)1>, cutlass::layout::RowMajor, cutlass::integer_subbyte<(int)4, (bool)1>, cutlass::layout::ColumnMajor, int, cutlass::layout::RowMajor, cutlass::arch::OpMultiplyAddSaturate>, cutlass::MatrixShape<(int)1, (int)1>>, (int)1, (bool)0, bool>, (int)1, cutlass::epilogue::threadblock::PredicatedTileIteratorConv<cutlass::epilogue::threadblock::OutputTileOptimalThreadMap<cutlass::epilogue::threadblock::OutputTileShape<(int)128, (int)8, (int)2, (int)1, (int)1>, cutlass::epilogue::threadblock::OutputTileShape<(int)1, (int)8, (int)1, (int)1, (int)8>, (int)128, (int)8, (int)16>, cutlass::half_t, (bool)0, cutlass::layout::NoPermute, (bool)0, (int)4>, cutlass::epilogue::warp::FragmentIteratorTensorOp<cutlass::gemm::GemmShape<(int)64, (int)64, (int)128>, cutlass::gemm::GemmShape<(int)16, (int)8, (int)64>, int, cutlass::Array<int, (int)4, (bool)1>, cutlass::layout::RowMajor>, cutlass::epilogue::warp::TileIteratorTensorOpMixed<cutlass::gemm::GemmShape<(int)64, (int)64, (int)128>, cutlass::gemm::GemmShape<(int)16, (int)8, (int)64>, int, (int)32, (int)16, (int)8, (int)8, (bool)0>, cutlass::epilogue::threadblock::SharedLoadIteratorMixed<cutlass::epilogue::threadblock::OutputTileOptimalThreadMap<cutlass::epilogue::threadblock::OutputTileShape<(int)128, (int)8, (int)2, (int)1, (int)1>, cutlass::epilogue::threadblock::OutputTileShape<(int)1, (int)8, (int)1, (int)1, (int)8>, (int)128, (int)8, (int)16>::CompactedThreadMap, int, (int)32, (int)16, (int)8, (int)8, (bool)0>, cutlass::epilogue::thread::LinearCombination<cutlass::half_t, (int)8, int, float, (cutlass::epilogue::thread::ScaleType::Kind)0, (cutlass::FloatRoundStyle)2, cutlass::half_t>, cutlass::MatrixShape<(int)0, (int)8>, (int)2, (int)1>, cutlass::epilogue::threadblock::TreeVisitor2x<cutlass::epilogue::threadblock::VisitorAuxStore<cutlass::epilogue::threadblock::OutputTileThreadLayout<cutlass::gemm::GemmShape<(int)128, (int)128, (int)128>, cutlass::gemm::GemmShape<(int)64, (int)64, (int)128>, cutlass::half_t, (int)8, (int)1>, cutlass::half_t, (cutlass::FloatRoundStyle)2, cute::tuple<long, cute::C<(int)1>, long>>, cutlass::epilogue::threadblock::TreeVisitor2x<cutlass::epilogue::threadblock::VisitorCompute<cutlass::plus, float, float, (cutlass::FloatRoundStyle)2, void>, cutlass::epilogue::threadblock::TreeVisitor2x<cutlass::epilogue::threadblock::VisitorCompute<cutlass::plus, float, float, (cutlass::FloatRoundStyle)2, void>, cutlass::epilogue::threadblock::TreeVisitor2x<cutlass::epilogue::threadblock::VisitorCompute<cutlass::multiplies, float, float, (cutlass::FloatRoundStyle)2, void>, cutlass::epilogue::threadblock::TreeVisitor2x<cutlass::epilogue::threadblock::VisitorCompute<cutlass::multiplies, float, float, (cutlass::FloatRoundStyle)2, void>, cutlass::epilogue::threadblock::VisitorAccFetch, cutlass::epilogue::threadblock::VisitorScalarBroadcast<float, cute::tuple<cute::C<(int)0>, cute::C<(int)0>, cute::C<(int)0>>, (int)1, cutlass::multiplies>>, cutlass::epilogue::threadblock::VisitorRowBroadcast<cutlass::epilogue::threadblock::OutputTileThreadLayout<cutlass::gemm::GemmShape<(int)128, (int)128, (int)128>, cutlass::gemm::GemmShape<(int)64, (int)64, (int)128>, cutlass::half_t, (int)8, (int)1>, float, cute::tuple<cute::C<(int)0>, cute::C<(int)1>, int>, (bool)1>>, cutlass::epilogue::threadblock::VisitorRowBroadcast<cutlass::epilogue::threadblock::OutputTileThreadLayout<cutlass::gemm::GemmShape<(int)128, (int)128, (int)128>, cutlass::gemm::GemmShape<(int)64, (int)64, (int)128>, cutlass::half_t, (int)8, (int)1>, float, cute::tuple<cute::C<(int)0>, cute::C<(int)1>, int>, (bool)1>>, cutlass::epilogue::threadblock::VisitorAuxLoad<cutlass::epilogue::threadblock::OutputTileThreadLayout<cutlass::gemm::GemmShape<(int)128, (int)128, (int)128>, cutlass::gemm::GemmShape<(int)64, (int)64, (int)128>, cutlass::half_t, (int)8, (int)1>, cutlass::half_t, cute::tuple<long, cute::C<(int)1>, long>>>>, (int)1, (int)1>, cutlass::gemm::threadblock::GemmIdentityThreadblockSwizzle<(int)1>, (cutlass::conv::Operator)0, cutlass::conv::Conv2dProblemSize>>(T1::Params)",4232824.0
L|resblock_plain|C384|T256,"void cutlass::Kernel<modiff::ImplicitGemmConvolutionEVT<cutlass::conv::threadblock::ImplicitGemmMultistage<cutlass::gemm::GemmShape<(int)128, (int)128, (int)128>, cutlass::conv::threadblock::Conv2dFpropActivationTileAccessIteratorOptimized<cutlass::MatrixShape<(int)128, (int)128>, cutlass::integer_subbyte<(int)4, (bool)1>, cutlass::layout::TensorNHWC, cutlass::transform::PitchLinearWarpRakedThreadMap<cutlass::PitchLinearShape<(int)128, (int)128>, (int)128, cutlass::PitchLinearShape<(int)4, (int)8>, (int)32>, cutlass::AlignedArray<cutlass::integer_subbyte<(int)4, (bool)1>, (int)32, (int)16>>, cutlass::transform::threadblock::RegularTileAccessIterator<cutlass::MatrixShape<(int)128, (int)128>, cutlass::integer_subbyte<(int)4, (bool)1>, cutlass::layout::RowMajorTensorOpMultiplicandCrosswise<(int)4, (int)128>, (int)0, cutlass::transform::PitchLinearWarpRakedThreadMap<cutlass::PitchLinearShape<(int)128, (int)128>, (int)128, cutlass::PitchLinearShape<(int)4, (int)8>, (int)32>, (int)16>, (cutlass::arch::CacheOperation::Kind)0, cutlass::conv::threadblock::Conv2dFpropFilterTileAccessIteratorOptimized<cutlass::MatrixShape<(int)128, (int)128>, cutlass::integer_subbyte<(int)4, (bool)1>, cutlass::layout::TensorNHWC, cutlass::transform::PitchLinearWarpRakedThreadMap<cutlass::PitchLinearShape<(int)128, (int)128>, (int)128, cutlass::PitchLinearShape<(int)4, (int)8>, (int)32>, cutlass::AlignedArray<cutlass::integer_subbyte<(int)4, (bool)1>, (int)32, (int)16>, (bool)0>, cutlass::transform::threadblock::RegularTileAccessIterator<cutlass::MatrixShape<(int)128, (int)128>, cutlass::integer_subbyte<(int)4, (bool)1>, cutlass::layout::ColumnMajorTensorOpMultiplicandCrosswise<(int)4, (int)128>, (int)1, cutlass::transform::PitchLinearWarpRakedThreadMap<cutlass::PitchLinearShape<(int)128, (int)128>, (int)128, cutlass::PitchLinearShape<(int)4, (int)8>, (int)32>, (int)16>, (cutlass::arch::CacheOperation::Kind)1, cutlass::gemm::threadblock::MmaPolicy<cutlass::gemm::warp::MmaTensorOp<cutlass::gemm::GemmShape<(int)64, (int)64, (int)128>, cutlass::integer_subbyte<(int)4, (bool)1>, cutlass::layout::RowMajorTensorOpMultiplicandCrosswise<(int)4, (int)128>, cutlass::integer_subbyte<(int)4, (bool)1>, cutlass::layout::ColumnMajorTensorOpMultiplicandCrosswise<(int)4, (int)128>, int, cutlass::layout::RowMajor, cutlass::gemm::warp::MmaTensorOpPolicy<cutlass::arch::Mma<cutlass::gemm::GemmShape<(int)16, (int)8, (int)64>, (int)32, cutlass::integer_subbyte<(int)4, (bool)1>, cutlass::layout::RowMajor, cutlass::integer_subbyte<(int)4, (bool)1>, cutlass::layout::ColumnMajor, int, cutlass::layout::RowMajor, cutlass::arch::OpMultiplyAddSaturate>, cutlass::MatrixShape<(int)1, (int)1>>, (int)1, (bool)0, bool>, cutlass::MatrixShape<(int)0, (int)0>, cutlass::MatrixShape<(int)0, (int)0>, (int)1>, (int)3, bool>, cutlass::epilogue::threadblock::EpilogueWithVisitorCallbacks<cutlass::epilogue::threadblock::Epilogue<cutlass::gemm::GemmShape<(int)128, (int)128, (int)128>, cutlass::gemm::warp::MmaTensorOp<cutlass::gemm::GemmShape<(int)64, (int)64, (int)128>, cutlass::integer_subbyte<(int)4, (bool)1>, cutlass::layout::RowMajorTensorOpMultiplicandCrosswise<(int)4, (int)128>, cutlass::integer_subbyte<(int)4, (bool)1>, cutlass::layout::ColumnMajorTensorOpMultiplicandCrosswise<(int)4, (int)128>, int, cutlass::layout::RowMajor, cutlass::gemm::warp::MmaTensorOpPolicy<cutlass::arch::Mma<cutlass::gemm::GemmShape<(int)16, (int)8, (int)64>, (int)32, cutlass::integer_subbyte<(int)4, (bool)1>, cutlass::layout::RowMajor, cutlass::integer_subbyte<(int)4, (bool)1>, cutlass::layout::ColumnMajor, int, cutlass::layout::RowMajor, cutlass::arch::OpMultiplyAddSaturate>, cutlass::MatrixShape<(int)1, (int)1>>, (int)1, (bool)0, bool>, (int)1, cutlass::epilogue::threadblock::PredicatedTileIteratorConv<cutlass::epilogue::threadblock::OutputTileOptimalThreadMap<cutlass::epilogue::threadblock::OutputTileShape<(int)128, (int)8, (int)2, (int)1, (int)1>, cutlass::epilogue::threadblock::OutputTileShape<(int)1, (int)8, (int)1, (int)1, (int)8>, (int)128, (int)8, (int)16>, cutlass::half_t, (bool)0, cutlass::layout::NoPermute, (bool)0, (int)4>, cutlass::epilogue::warp::FragmentIteratorTensorOp<cutlass::gemm::GemmShape<(int)64, (int)64, (int)128>, cutlass::gemm::GemmShape<(int)16, (int)8, (int)64>, int, cutlass::Array<int, (int)4, (bool)1>, cutlass::layout::RowMajor>, cutlass::epilogue::warp::TileIteratorTensorOpMixed<cutlass::gemm::GemmShape<(int)64, (int)64, (int)128>, cutlass::gemm::GemmShape<(int)16, (int)8, (int)64>, int, (int)32, (int)16, (int)8, (int)8, (bool)0>, cutlass::epilogue::threadblock::SharedLoadIteratorMixed<cutlass::epilogue::threadblock::OutputTileOptimalThreadMap<cutlass::epilogue::threadblock::OutputTileShape<(int)128, (int)8, (int)2, (int)1, (int)1>, cutlass::epilogue::threadblock::OutputTileShape<(int)1, (int)8, (int)1, (int)1, (int)8>, (int)128, (int)8, (int)16>::CompactedThreadMap, int, (int)32, (int)16, (int)8, (int)8, (bool)0>, cutlass::epilogue::thread::LinearCombination<cutlass::half_t, (int)8, int, float, (cutlass::epilogue::thread::ScaleType::Kind)0, (cutlass::FloatRoundStyle)2, cutlass::half_t>, cutlass::MatrixShape<(int)0, (int)8>, (int)2, (int)1>, cutlass::epilogue::threadblock::TreeVisitor2x<cutlass::epilogue::threadblock::VisitorAuxStore<cutlass::epilogue::threadblock::OutputTileThreadLayout<cutlass::gemm::GemmShape<(int)128, (int)128, (int)128>, cutlass::gemm::GemmShape<(int)64, (int)64, (int)128>, cutlass::half_t, (int)8, (int)1>, cutlass::half_t, (cutlass::FloatRoundStyle)2, cute::tuple<long, cute::C<(int)1>, long>>, cutlass::epilogue::threadblock::TreeVisitor2x<cutlass::epilogue::threadblock::VisitorCompute<cutlass::plus, float, float, (cutlass::FloatRoundStyle)2, void>, cutlass::epilogue::threadblock::TreeVisitor2x<cutlass::epilogue::threadblock::VisitorCompute<cutlass::multiplies, float, float, (cutlass::FloatRoundStyle)2, void>, cutlass::epilogue::threadblock::TreeVisitor2x<cutlass::epilogue::threadblock::VisitorCompute<cutlass::multiplies, float, float, (cutlass::FloatRoundStyle)2, void>, cutlass::epilogue::threadblock::VisitorAccFetch, cutlass::epilogue::threadblock::VisitorScalarBroadcast<float, cute::tuple<cute::C<(int)0>, cute::C<(int)0>, cute::C<(int)0>>, (int)1, cutlass::multiplies>>, cutlass::epilogue::threadblock::VisitorRowBroadcast<cutlass::epilogue::threadblock::OutputTileThreadLayout<cutlass::gemm::GemmShape<(int)128, (int)128, (int)128>, cutlass::gemm::GemmShape<(int)64, (int)64, (int)128>, cutlass::half_t, (int)8, (int)1>, float, cute::tuple<cute::C<(int)0>, cute::C<(int)1>, int>, (bool)1>>, cutlass::epilogue::threadblock::VisitorRowBroadcast<cutlass::epilogue::threadblock::OutputTileThreadLayout<cutlass::gemm::GemmShape<(int)128, (int)128, (int)128>, cutlass::gemm::GemmShape<(int)64, (int)64, (int)128>, cutlass::half_t, (int)8, (int)1>, float, cute::tuple<cute::C<(int)0>, cute::C<(int)1>, int>, (bool)1>>>, (int)1, (int)1>, cutlass::gemm::threadblock::GemmIdentityThreadblockSwizzle<(int)1>, (cutlass::conv::Operator)0, cutlass::conv::Conv2dProblemSize>>(T1::Params)",4088471.0
,"void at::native::elementwise_kernel<(int)128, (int)4, void at::native::gpu_kernel_impl_nocast<at::native::CUDAFunctor_add<c10::Half>>(at::TensorIteratorBase &, const T1 &)::[lambda(int) (instance 1)]>(int, T3)",3903000.0
L|resblock_plain|C768|T256,"void at::native::elementwise_kernel<(int)128, (int)4, void at::native::gpu_kernel_impl_nocast<at::native::CUDAFunctor_add<c10::Half>>(at::TensorIteratorBase &, const T1 &)::[lambda(int) (instance 1)]>(int, T3)",3898104.0
L|resblock_updown|C384|T256,"void group_norm_silu_quantize_resize_nhwc_kernel<__half, (bool)1, (bool)1, (bool)1>(const T1 *, signed char *, const T1 *, const T1 *, const T1 *, const T1 *, const float *, const float *, int, long, int, float, bool, int, int)",3862551.0
L|resblock_plain|C576|T1024,"void at::native::elementwise_kernel<(int)128, (int)4, void at::native::gpu_kernel_impl_nocast<at::native::CUDAFunctor_add<c10::Half>>(at::TensorIteratorBase &, const T1 &)::[lambda(int) (instance 1)]>(int, T3)",3807381.0
L|attention|C768|T16,"void gemm_w4a4_kernel_awq_out_i8<(int)4>(const signed char *, const signed char *, const float *, float, const float *, signed char *, int, int, int, const __half *, int, int, int, float, float, const float *, const float *, signed char *, signed char *, signed char *, int, int)",3529553.0
L|attention|C768|T16,"gemm_w4a4_kernel_awq(const signed char *, const signed char *, const float *, float, __half *, int, int, int, int, const __half *, const __half *)",3506607.0
L|resblock_plain|C768|T4,"void cutlass::Kernel<modiff::ImplicitGemmConvolutionEVT<cutlass::conv::threadblock::ImplicitGemmMultistage<cutlass::gemm::GemmShape<(int)128, (int)128, (int)128>, cutlass::conv::threadblock::Conv2dFpropActivationTileAccessIteratorOptimized<cutlass::MatrixShape<(int)128, (int)128>, cutlass::integer_subbyte<(int)4, (bool)1>, cutlass::layout::TensorNHWC, cutlass::transform::PitchLinearWarpRakedThreadMap<cutlass::PitchLinearShape<(int)128, (int)128>, (int)128, cutlass::PitchLinearShape<(int)4, (int)8>, (int)32>, cutlass::AlignedArray<cutlass::integer_subbyte<(int)4, (bool)1>, (int)32, (int)16>>, cutlass::transform::threadblock::RegularTileAccessIterator<cutlass::MatrixShape<(int)128, (int)128>, cutlass::integer_subbyte<(int)4, (bool)1>, cutlass::layout::RowMajorTensorOpMultiplicandCrosswise<(int)4, (int)128>, (int)0, cutlass::transform::PitchLinearWarpRakedThreadMap<cutlass::PitchLinearShape<(int)128, (int)128>, (int)128, cutlass::PitchLinearShape<(int)4, (int)8>, (int)32>, (int)16>, (cutlass::arch::CacheOperation::Kind)0, cutlass::conv::threadblock::Conv2dFpropFilterTileAccessIteratorOptimized<cutlass::MatrixShape<(int)128, (int)128>, cutlass::integer_subbyte<(int)4, (bool)1>, cutlass::layout::TensorNHWC, cutlass::transform::PitchLinearWarpRakedThreadMap<cutlass::PitchLinearShape<(int)128, (int)128>, (int)128, cutlass::PitchLinearShape<(int)4, (int)8>, (int)32>, cutlass::AlignedArray<cutlass::integer_subbyte<(int)4, (bool)1>, (int)32, (int)16>, (bool)0>, cutlass::transform::threadblock::RegularTileAccessIterator<cutlass::MatrixShape<(int)128, (int)128>, cutlass::integer_subbyte<(int)4, (bool)1>, cutlass::layout::ColumnMajorTensorOpMultiplicandCrosswise<(int)4, (int)128>, (int)1, cutlass::transform::PitchLinearWarpRakedThreadMap<cutlass::PitchLinearShape<(int)128, (int)128>, (int)128, cutlass::PitchLinearShape<(int)4, (int)8>, (int)32>, (int)16>, (cutlass::arch::CacheOperation::Kind)1, cutlass::gemm::threadblock::MmaPolicy<cutlass::gemm::warp::MmaTensorOp<cutlass::gemm::GemmShape<(int)64, (int)64, (int)128>, cutlass::integer_subbyte<(int)4, (bool)1>, cutlass::layout::RowMajorTensorOpMultiplicandCrosswise<(int)4, (int)128>, cutlass::integer_subbyte<(int)4, (bool)1>, cutlass::layout::ColumnMajorTensorOpMultiplicandCrosswise<(int)4, (int)128>, int, cutlass::layout::RowMajor, cutlass::gemm::warp::MmaTensorOpPolicy<cutlass::arch::Mma<cutlass::gemm::GemmShape<(int)16, (int)8, (int)64>, (int)32, cutlass::integer_subbyte<(int)4, (bool)1>, cutlass::layout::RowMajor, cutlass::integer_subbyte<(int)4, (bool)1>, cutlass::layout::ColumnMajor, int, cutlass::layout::RowMajor, cutlass::arch::OpMultiplyAddSaturate>, cutlass::MatrixShape<(int)1, (int)1>>, (int)1, (bool)0, bool>, cutlass::MatrixShape<(int)0, (int)0>, cutlass::MatrixShape<(int)0, (int)0>, (int)1>, (int)3, bool>, cutlass::epilogue::threadblock::EpilogueWithVisitorCallbacks<cutlass::epilogue::threadblock::Epilogue<cutlass::gemm::GemmShape<(int)128, (int)128, (int)128>, cutlass::gemm::warp::MmaTensorOp<cutlass::gemm::GemmShape<(int)64, (int)64, (int)128>, cutlass::integer_subbyte<(int)4, (bool)1>, cutlass::layout::RowMajorTensorOpMultiplicandCrosswise<(int)4, (int)128>, cutlass::integer_subbyte<(int)4, (bool)1>, cutlass::layout::ColumnMajorTensorOpMultiplicandCrosswise<(int)4, (int)128>, int, cutlass::layout::RowMajor, cutlass::gemm::warp::MmaTensorOpPolicy<cutlass::arch::Mma<cutlass::gemm::GemmShape<(int)16, (int)8, (int)64>, (int)32, cutlass::integer_subbyte<(int)4, (bool)1>, cutlass::layout::RowMajor, cutlass::integer_subbyte<(int)4, (bool)1>, cutlass::layout::ColumnMajor, int, cutlass::layout::RowMajor, cutlass::arch::OpMultiplyAddSaturate>, cutlass::MatrixShape<(int)1, (int)1>>, (int)1, (bool)0, bool>, (int)1, cutlass::epilogue::threadblock::PredicatedTileIteratorConv<cutlass::epilogue::threadblock::OutputTileOptimalThreadMap<cutlass::epilogue::threadblock::OutputTileShape<(int)128, (int)8, (int)2, (int)1, (int)1>, cutlass::epilogue::threadblock::OutputTileShape<(int)1, (int)8, (int)1, (int)1, (int)8>, (int)128, (int)8, (int)16>, cutlass::half_t, (bool)0, cutlass::layout::NoPermute, (bool)0, (int)4>, cutlass::epilogue::warp::FragmentIteratorTensorOp<cutlass::gemm::GemmShape<(int)64, (int)64, (int)128>, cutlass::gemm::GemmShape<(int)16, (int)8, (int)64>, int, cutlass::Array<int, (int)4, (bool)1>, cutlass::layout::RowMajor>, cutlass::epilogue::warp::TileIteratorTensorOpMixed<cutlass::gemm::GemmShape<(int)64, (int)64, (int)128>, cutlass::gemm::GemmShape<(int)16, (int)8, (int)64>, int, (int)32, (int)16, (int)8, (int)8, (bool)0>, cutlass::epilogue::threadblock::SharedLoadIteratorMixed<cutlass::epilogue::threadblock::OutputTileOptimalThreadMap<cutlass::epilogue::threadblock::OutputTileShape<(int)128, (int)8, (int)2, (int)1, (int)1>, cutlass::epilogue::threadblock::OutputTileShape<(int)1, (int)8, (int)1, (int)1, (int)8>, (int)128, (int)8, (int)16>::CompactedThreadMap, int, (int)32, (int)16, (int)8, (int)8, (bool)0>, cutlass::epilogue::thread::LinearCombination<cutlass::half_t, (int)8, int, float, (cutlass::epilogue::thread::ScaleType::Kind)0, (cutlass::FloatRoundStyle)2, cutlass::half_t>, cutlass::MatrixShape<(int)0, (int)8>, (int)2, (int)1>, cutlass::epilogue::threadblock::TreeVisitor2x<cutlass::epilogue::threadblock::VisitorAuxStore<cutlass::epilogue::threadblock::OutputTileThreadLayout<cutlass::gemm::GemmShape<(int)128, (int)128, (int)128>, cutlass::gemm::GemmShape<(int)64, (int)64, (int)128>, cutlass::half_t, (int)8, (int)1>, cutlass::half_t, (cutlass::FloatRoundStyle)2, cute::tuple<long, cute::C<(int)1>, long>>, cutlass::epilogue::threadblock::TreeVisitor2x<cutlass::epilogue::threadblock::VisitorCompute<cutlass::plus, float, float, (cutlass::FloatRoundStyle)2, void>, cutlass::epilogue::threadblock::TreeVisitor2x<cutlass::epilogue::threadblock::VisitorCompute<cutlass::plus, float, float, (cutlass::FloatRoundStyle)2, void>, cutlass::epilogue::threadblock::TreeVisitor2x<cutlass::epilogue::threadblock::VisitorCompute<cutlass::multiplies, float, float, (cutlass::FloatRoundStyle)2, void>, cutlass::epilogue::threadblock::TreeVisitor2x<cutlass::epilogue::threadblock::VisitorCompute<cutlass::multiplies, float, float, (cutlass::FloatRoundStyle)2, void>, cutlass::epilogue::threadblock::VisitorAccFetch, cutlass::epilogue::threadblock::VisitorScalarBroadcast<float, cute::tuple<cute::C<(int)0>, cute::C<(int)0>, cute::C<(int)0>>, (int)1, cutlass::multiplies>>, cutlass::epilogue::threadblock::VisitorRowBroadcast<cutlass::epilogue::threadblock::OutputTileThreadLayout<cutlass::gemm::GemmShape<(int)128, (int)128, (int)128>, cutlass::gemm::GemmShape<(int)64, (int)64, (int)128>, cutlass::half_t, (int)8, (int)1>, float, cute::tuple<cute::C<(int)0>, cute::C<(int)1>, int>, (bool)1>>, cutlass::epilogue::threadblock::VisitorRowBroadcast<cutlass::epilogue::threadblock::OutputTileThreadLayout<cutlass::gemm::GemmShape<(int)128, (int)128, (int)128>, cutlass::gemm::GemmShape<(int)64, (int)64, (int)128>, cutlass::half_t, (int)8, (int)1>, float, cute::tuple<cute::C<(int)0>, cute::C<(int)1>, int>, (bool)1>>, cutlass::epilogue::threadblock::VisitorAuxLoad<cutlass::epilogue::threadblock::OutputTileThreadLayout<cutlass::gemm::GemmShape<(int)128, (int)128, (int)128>, cutlass::gemm::GemmShape<(int)64, (int)64, (int)128>, cutlass::half_t, (int)8, (int)1>, cutlass::half_t, cute::tuple<long, cute::C<(int)1>, long>>>>, (int)1, (int)1>, cutlass::gemm::threadblock::GemmIdentityThreadblockSwizzle<(int)1>, (cutlass::conv::Operator)0, cutlass::conv::Conv2dProblemSize>>(T1::Params)",3247605.0
L|resblock_plain|C1152|T64,"void cutlass::Kernel<modiff::ImplicitGemmConvolutionEVT<cutlass::conv::threadblock::ImplicitGemmMultistage<cutlass::gemm::GemmShape<(int)128, (int)128, (int)128>, cutlass::conv::threadblock::Conv2dFpropActivationTileAccessIteratorOptimized<cutlass::MatrixShape<(int)128, (int)128>, cutlass::integer_subbyte<(int)4, (bool)1>, cutlass::layout::TensorNHWC, cutlass::transform::PitchLinearWarpRakedThreadMap<cutlass::PitchLinearShape<(int)128, (int)128>, (int)128, cutlass::PitchLinearShape<(int)4, (int)8>, (int)32>, cutlass::AlignedArray<cutlass::integer_subbyte<(int)4, (bool)1>, (int)32, (int)16>>, cutlass::transform::threadblock::RegularTileAccessIterator<cutlass::MatrixShape<(int)128, (int)128>, cutlass::integer_subbyte<(int)4, (bool)1>, cutlass::layout::RowMajorTensorOpMultiplicandCrosswise<(int)4, (int)128>, (int)0, cutlass::transform::PitchLinearWarpRakedThreadMap<cutlass::PitchLinearShape<(int)128, (int)128>, (int)128, cutlass::PitchLinearShape<(int)4, (int)8>, (int)32>, (int)16>, (cutlass::arch::CacheOperation::Kind)0, cutlass::conv::threadblock::Conv2dFpropFilterTileAccessIteratorOptimized<cutlass::MatrixShape<(int)128, (int)128>, cutlass::integer_subbyte<(int)4, (bool)1>, cutlass::layout::TensorNHWC, cutlass::transform::PitchLinearWarpRakedThreadMap<cutlass::PitchLinearShape<(int)128, (int)128>, (int)128, cutlass::PitchLinearShape<(int)4, (int)8>, (int)32>, cutlass::AlignedArray<cutlass::integer_subbyte<(int)4, (bool)1>, (int)32, (int)16>, (bool)0>, cutlass::transform::threadblock::RegularTileAccessIterator<cutlass::MatrixShape<(int)128, (int)128>, cutlass::integer_subbyte<(int)4, (bool)1>, cutlass::layout::ColumnMajorTensorOpMultiplicandCrosswise<(int)4, (int)128>, (int)1, cutlass::transform::PitchLinearWarpRakedThreadMap<cutlass::PitchLinearShape<(int)128, (int)128>, (int)128, cutlass::PitchLinearShape<(int)4, (int)8>, (int)32>, (int)16>, (cutlass::arch::CacheOperation::Kind)1, cutlass::gemm::threadblock::MmaPolicy<cutlass::gemm::warp::MmaTensorOp<cutlass::gemm::GemmShape<(int)64, (int)64, (int)128>, cutlass::integer_subbyte<(int)4, (bool)1>, cutlass::layout::RowMajorTensorOpMultiplicandCrosswise<(int)4, (int)128>, cutlass::integer_subbyte<(int)4, (bool)1>, cutlass::layout::ColumnMajorTensorOpMultiplicandCrosswise<(int)4, (int)128>, int, cutlass::layout::RowMajor, cutlass::gemm::warp::MmaTensorOpPolicy<cutlass::arch::Mma<cutlass::gemm::GemmShape<(int)16, (int)8, (int)64>, (int)32, cutlass::integer_subbyte<(int)4, (bool)1>, cutlass::layout::RowMajor, cutlass::integer_subbyte<(int)4, (bool)1>, cutlass::layout::ColumnMajor, int, cutlass::layout::RowMajor, cutlass::arch::OpMultiplyAddSaturate>, cutlass::MatrixShape<(int)1, (int)1>>, (int)1, (bool)0, bool>, cutlass::MatrixShape<(int)0, (int)0>, cutlass::MatrixShape<(int)0, (int)0>, (int)1>, (int)3, bool>, cutlass::epilogue::threadblock::EpilogueWithVisitorCallbacks<cutlass::epilogue::threadblock::Epilogue<cutlass::gemm::GemmShape<(int)128, (int)128, (int)128>, cutlass::gemm::warp::MmaTensorOp<cutlass::gemm::GemmShape<(int)64, (int)64, (int)128>, cutlass::integer_subbyte<(int)4, (bool)1>, cutlass::layout::RowMajorTensorOpMultiplicandCrosswise<(int)4, (int)128>, cutlass::integer_subbyte<(int)4, (bool)1>, cutlass::layout::ColumnMajorTensorOpMultiplicandCrosswise<(int)4, (int)128>, int, cutlass::layout::RowMajor, cutlass::gemm::warp::MmaTensorOpPolicy<cutlass::arch::Mma<cutlass::gemm::GemmShape<(int)16, (int)8, (int)64>, (int)32, cutlass::integer_subbyte<(int)4, (bool)1>, cutlass::layout::RowMajor, cutlass::integer_subbyte<(int)4, (bool)1>, cutlass::layout::ColumnMajor, int, cutlass::layout::RowMajor, cutlass::arch::OpMultiplyAddSaturate>, cutlass::MatrixShape<(int)1, (int)1>>, (int)1, (bool)0, bool>, (int)1, cutlass::epilogue::threadblock::PredicatedTileIteratorConv<cutlass::epilogue::threadblock::OutputTileOptimalThreadMap<cutlass::epilogue::threadblock::OutputTileShape<(int)128, (int)8, (int)2, (int)1, (int)1>, cutlass::epilogue::threadblock::OutputTileShape<(int)1, (int)8, (int)1, (int)1, (int)8>, (int)128, (int)8, (int)16>, cutlass::half_t, (bool)0, cutlass::layout::NoPermute, (bool)0, (int)4>, cutlass::epilogue::warp::FragmentIteratorTensorOp<cutlass::gemm::GemmShape<(int)64, (int)64, (int)128>, cutlass::gemm::GemmShape<(int)16, (int)8, (int)64>, int, cutlass::Array<int, (int)4, (bool)1>, cutlass::layout::RowMajor>, cutlass::epilogue::warp::TileIteratorTensorOpMixed<cutlass::gemm::GemmShape<(int)64, (int)64, (int)128>, cutlass::gemm::GemmShape<(int)16, (int)8, (int)64>, int, (int)32, (int)16, (int)8, (int)8, (bool)0>, cutlass::epilogue::threadblock::SharedLoadIteratorMixed<cutlass::epilogue::threadblock::OutputTileOptimalThreadMap<cutlass::epilogue::threadblock::OutputTileShape<(int)128, (int)8, (int)2, (int)1, (int)1>, cutlass::epilogue::threadblock::OutputTileShape<(int)1, (int)8, (int)1, (int)1, (int)8>, (int)128, (int)8, (int)16>::CompactedThreadMap, int, (int)32, (int)16, (int)8, (int)8, (bool)0>, cutlass::epilogue::thread::LinearCombination<cutlass::half_t, (int)8, int, float, (cutlass::epilogue::thread::ScaleType::Kind)0, (cutlass::FloatRoundStyle)2, cutlass::half_t>, cutlass::MatrixShape<(int)0, (int)8>, (int)2, (int)1>, cutlass::epilogue::threadblock::TreeVisitor2x<cutlass::epilogue::threadblock::VisitorAuxStore<cutlass::epilogue::threadblock::OutputTileThreadLayout<cutlass::gemm::GemmShape<(int)128, (int)128, (int)128>, cutlass::gemm::GemmShape<(int)64, (int)64, (int)128>, cutlass::half_t, (int)8, (int)1>, cutlass::half_t, (cutlass::FloatRoundStyle)2, cute::tuple<long, cute::C<(int)1>, long>>, cutlass::epilogue::threadblock::TreeVisitor2x<cutlass::epilogue::threadblock::VisitorCompute<cutlass::plus, float, float, (cutlass::FloatRoundStyle)2, void>, cutlass::epilogue::threadblock::TreeVisitor2x<cutlass::epilogue::threadblock::VisitorCompute<cutlass::multiplies, float, float, (cutlass::FloatRoundStyle)2, void>, cutlass::epilogue::threadblock::TreeVisitor2x<cutlass::epilogue::threadblock::VisitorCompute<cutlass::multiplies, float, float, (cutlass::FloatRoundStyle)2, void>, cutlass::epilogue::threadblock::VisitorAccFetch, cutlass::epilogue::threadblock::VisitorScalarBroadcast<float, cute::tuple<cute::C<(int)0>, cute::C<(int)0>, cute::C<(int)0>>, (int)1, cutlass::multiplies>>, cutlass::epilogue::threadblock::VisitorRowBroadcast<cutlass::epilogue::threadblock::OutputTileThreadLayout<cutlass::gemm::GemmShape<(int)128, (int)128, (int)128>, cutlass::gemm::GemmShape<(int)64, (int)64, (int)128>, cutlass::half_t, (int)8, (int)1>, float, cute::tuple<cute::C<(int)0>, cute::C<(int)1>, int>, (bool)1>>, cutlass::epilogue::threadblock::VisitorRowBroadcast<cutlass::epilogue::threadblock::OutputTileThreadLayout<cutlass::gemm::GemmShape<(int)128, (int)128, (int)128>, cutlass::gemm::GemmShape<(int)64, (int)64, (int)128>, cutlass::half_t, (int)8, (int)1>, float, cute::tuple<cute::C<(int)0>, cute::C<(int)1>, int>, (bool)1>>>, (int)1, (int)1>, cutlass::gemm::threadblock::GemmIdentityThreadblockSwizzle<(int)1>, (cutlass::conv::Operator)0, cutlass::conv::Conv2dProblemSize>>(T1::Params)",3177139.0
L|attention|C384|T64,"void flash_attn_int4_mma_kernel_t<(int)64, (int)32, (int)4, (bool)1>(const signed char *, const signed char *, const signed char *, const float *, const float *, const float *, __half *, int, int, int, int, int, int, float, signed char *, float, int, float, const __half *, int, float, bool)",3120763.0
L|resblock_plain|C768|T4,"void cutlass::Kernel<modiff::ImplicitGemmConvolutionEVT<cutlass::conv::threadblock::ImplicitGemmMultistage<cutlass::gemm::GemmShape<(int)128, (int)128, (int)128>, cutlass::conv::threadblock::Conv2dFpropActivationTileAccessIteratorOptimized<cutlass::MatrixShape<(int)128, (int)128>, cutlass::integer_subbyte<(int)4, (bool)1>, cutlass::layout::TensorNHWC, cutlass::transform::PitchLinearWarpRakedThreadMap<cutlass::PitchLinearShape<(int)128, (int)128>, (int)128, cutlass::PitchLinearShape<(int)4, (int)8>, (int)32>, cutlass::AlignedArray<cutlass::integer_subbyte<(int)4, (bool)1>, (int)32, (int)16>>, cutlass::transform::threadblock::RegularTileAccessIterator<cutlass::MatrixShape<(int)128, (int)128>, cutlass::integer_subbyte<(int)4, (bool)1>, cutlass::layout::RowMajorTensorOpMultiplicandCrosswise<(int)4, (int)128>, (int)0, cutlass::transform::PitchLinearWarpRakedThreadMap<cutlass::PitchLinearShape<(int)128, (int)128>, (int)128, cutlass::PitchLinearShape<(int)4, (int)8>, (int)32>, (int)16>, (cutlass::arch::CacheOperation::Kind)0, cutlass::conv::threadblock::Conv2dFpropFilterTileAccessIteratorOptimized<cutlass::MatrixShape<(int)128, (int)128>, cutlass::integer_subbyte<(int)4, (bool)1>, cutlass::layout::TensorNHWC, cutlass::transform::PitchLinearWarpRakedThreadMap<cutlass::PitchLinearShape<(int)128, (int)128>, (int)128, cutlass::PitchLinearShape<(int)4, (int)8>, (int)32>, cutlass::AlignedArray<cutlass::integer_subbyte<(int)4, (bool)1>, (int)32, (int)16>, (bool)0>, cutlass::transform::threadblock::RegularTileAccessIterator<cutlass::MatrixShape<(int)128, (int)128>, cutlass::integer_subbyte<(int)4, (bool)1>, cutlass::layout::ColumnMajorTensorOpMultiplicandCrosswise<(int)4, (int)128>, (int)1, cutlass::transform::PitchLinearWarpRakedThreadMap<cutlass::PitchLinearShape<(int)128, (int)128>, (int)128, cutlass::PitchLinearShape<(int)4, (int)8>, (int)32>, (int)16>, (cutlass::arch::CacheOperation::Kind)1, cutlass::gemm::threadblock::MmaPolicy<cutlass::gemm::warp::MmaTensorOp<cutlass::gemm::GemmShape<(int)64, (int)64, (int)128>, cutlass::integer_subbyte<(int)4, (bool)1>, cutlass::layout::RowMajorTensorOpMultiplicandCrosswise<(int)4, (int)128>, cutlass::integer_subbyte<(int)4, (bool)1>, cutlass::layout::ColumnMajorTensorOpMultiplicandCrosswise<(int)4, (int)128>, int, cutlass::layout::RowMajor, cutlass::gemm::warp::MmaTensorOpPolicy<cutlass::arch::Mma<cutlass::gemm::GemmShape<(int)16, (int)8, (int)64>, (int)32, cutlass::integer_subbyte<(int)4, (bool)1>, cutlass::layout::RowMajor, cutlass::integer_subbyte<(int)4, (bool)1>, cutlass::layout::ColumnMajor, int, cutlass::layout::RowMajor, cutlass::arch::OpMultiplyAddSaturate>, cutlass::MatrixShape<(int)1, (int)1>>, (int)1, (bool)0, bool>, cutlass::MatrixShape<(int)0, (int)0>, cutlass::MatrixShape<(int)0, (int)0>, (int)1>, (int)3, bool>, cutlass::epilogue::threadblock::EpilogueWithVisitorCallbacks<cutlass::epilogue::threadblock::Epilogue<cutlass::gemm::GemmShape<(int)128, (int)128, (int)128>, cutlass::gemm::warp::MmaTensorOp<cutlass::gemm::GemmShape<(int)64, (int)64, (int)128>, cutlass::integer_subbyte<(int)4, (bool)1>, cutlass::layout::RowMajorTensorOpMultiplicandCrosswise<(int)4, (int)128>, cutlass::integer_subbyte<(int)4, (bool)1>, cutlass::layout::ColumnMajorTensorOpMultiplicandCrosswise<(int)4, (int)128>, int, cutlass::layout::RowMajor, cutlass::gemm::warp::MmaTensorOpPolicy<cutlass::arch::Mma<cutlass::gemm::GemmShape<(int)16, (int)8, (int)64>, (int)32, cutlass::integer_subbyte<(int)4, (bool)1>, cutlass::layout::RowMajor, cutlass::integer_subbyte<(int)4, (bool)1>, cutlass::layout::ColumnMajor, int, cutlass::layout::RowMajor, cutlass::arch::OpMultiplyAddSaturate>, cutlass::MatrixShape<(int)1, (int)1>>, (int)1, (bool)0, bool>, (int)1, cutlass::epilogue::threadblock::PredicatedTileIteratorConv<cutlass::epilogue::threadblock::OutputTileOptimalThreadMap<cutlass::epilogue::threadblock::OutputTileShape<(int)128, (int)8, (int)2, (int)1, (int)1>, cutlass::epilogue::threadblock::OutputTileShape<(int)1, (int)8, (int)1, (int)1, (int)8>, (int)128, (int)8, (int)16>, cutlass::half_t, (bool)0, cutlass::layout::NoPermute, (bool)0, (int)4>, cutlass::epilogue::warp::FragmentIteratorTensorOp<cutlass::gemm::GemmShape<(int)64, (int)64, (int)128>, cutlass::gemm::GemmShape<(int)16, (int)8, (int)64>, int, cutlass::Array<int, (int)4, (bool)1>, cutlass::layout::RowMajor>, cutlass::epilogue::warp::TileIteratorTensorOpMixed<cutlass::gemm::GemmShape<(int)64, (int)64, (int)128>, cutlass::gemm::GemmShape<(int)16, (int)8, (int)64>, int, (int)32, (int)16, (int)8, (int)8, (bool)0>, cutlass::epilogue::threadblock::SharedLoadIteratorMixed<cutlass::epilogue::threadblock::OutputTileOptimalThreadMap<cutlass::epilogue::threadblock::OutputTileShape<(int)128, (int)8, (int)2, (int)1, (int)1>, cutlass::epilogue::threadblock::OutputTileShape<(int)1, (int)8, (int)1, (int)1, (int)8>, (int)128, (int)8, (int)16>::CompactedThreadMap, int, (int)32, (int)16, (int)8, (int)8, (bool)0>, cutlass::epilogue::thread::LinearCombination<cutlass::half_t, (int)8, int, float, (cutlass::epilogue::thread::ScaleType::Kind)0, (cutlass::FloatRoundStyle)2, cutlass::half_t>, cutlass::MatrixShape<(int)0, (int)8>, (int)2, (int)1>, cutlass::epilogue::threadblock::TreeVisitor2x<cutlass::epilogue::threadblock::VisitorAuxStore<cutlass::epilogue::threadblock::OutputTileThreadLayout<cutlass::gemm::GemmShape<(int)128, (int)128, (int)128>, cutlass::gemm::GemmShape<(int)64, (int)64, (int)128>, cutlass::half_t, (int)8, (int)1>, cutlass::half_t, (cutlass::FloatRoundStyle)2, cute::tuple<long, cute::C<(int)1>, long>>, cutlass::epilogue::threadblock::TreeVisitor2x<cutlass::epilogue::threadblock::VisitorCompute<cutlass::plus, float, float, (cutlass::FloatRoundStyle)2, void>, cutlass::epilogue::threadblock::TreeVisitor2x<cutlass::epilogue::threadblock::VisitorCompute<cutlass::multiplies, float, float, (cutlass::FloatRoundStyle)2, void>, cutlass::epilogue::threadblock::TreeVisitor2x<cutlass::epilogue::threadblock::VisitorCompute<cutlass::multiplies, float, float, (cutlass::FloatRoundStyle)2, void>, cutlass::epilogue::threadblock::VisitorAccFetch, cutlass::epilogue::threadblock::VisitorScalarBroadcast<float, cute::tuple<cute::C<(int)0>, cute::C<(int)0>, cute::C<(int)0>>, (int)1, cutlass::multiplies>>, cutlass::epilogue::threadblock::VisitorRowBroadcast<cutlass::epilogue::threadblock::OutputTileThreadLayout<cutlass::gemm::GemmShape<(int)128, (int)128, (int)128>, cutlass::gemm::GemmShape<(int)64, (int)64, (int)128>, cutlass::half_t, (int)8, (int)1>, float, cute::tuple<cute::C<(int)0>, cute::C<(int)1>, int>, (bool)1>>, cutlass::epilogue::threadblock::VisitorRowBroadcast<cutlass::epilogue::threadblock::OutputTileThreadLayout<cutlass::gemm::GemmShape<(int)128, (int)128, (int)128>, cutlass::gemm::GemmShape<(int)64, (int)64, (int)128>, cutlass::half_t, (int)8, (int)1>, float, cute::tuple<cute::C<(int)0>, cute::C<(int)1>, int>, (bool)1>>>, (int)1, (int)1>, cutlass::gemm::threadblock::GemmIdentityThreadblockSwizzle<(int)1>, (cutlass::conv::Operator)0, cutlass::conv::Conv2dProblemSize>>(T1::Params)",3057646.0
L|resblock_plain|C1536|T16,"void cutlass::Kernel<modiff::ImplicitGemmConvolutionEVT<cutlass::conv::threadblock::ImplicitGemmMultistage<cutlass::gemm::GemmShape<(int)128, (int)128, (int)128>, cutlass::conv::threadblock::Conv2dFpropActivationTileAccessIteratorOptimized<cutlass::MatrixShape<(int)128, (int)128>, cutlass::integer_subbyte<(int)4, (bool)1>, cutlass::layout::TensorNHWC, cutlass::transform::PitchLinearWarpRakedThreadMap<cutlass::PitchLinearShape<(int)128, (int)128>, (int)128, cutlass::PitchLinearShape<(int)4, (int)8>, (int)32>, cutlass::AlignedArray<cutlass::integer_subbyte<(int)4, (bool)1>, (int)32, (int)16>>, cutlass::transform::threadblock::RegularTileAccessIterator<cutlass::MatrixShape<(int)128, (int)128>, cutlass::integer_subbyte<(int)4, (bool)1>, cutlass::layout::RowMajorTensorOpMultiplicandCrosswise<(int)4, (int)128>, (int)0, cutlass::transform::PitchLinearWarpRakedThreadMap<cutlass::PitchLinearShape<(int)128, (int)128>, (int)128, cutlass::PitchLinearShape<(int)4, (int)8>, (int)32>, (int)16>, (cutlass::arch::CacheOperation::Kind)0, cutlass::conv::threadblock::Conv2dFpropFilterTileAccessIteratorOptimized<cutlass::MatrixShape<(int)128, (int)128>, cutlass::integer_subbyte<(int)4, (bool)1>, cutlass::layout::TensorNHWC, cutlass::transform::PitchLinearWarpRakedThreadMap<cutlass::PitchLinearShape<(int)128, (int)128>, (int)128, cutlass::PitchLinearShape<(int)4, (int)8>, (int)32>, cutlass::AlignedArray<cutlass::integer_subbyte<(int)4, (bool)1>, (int)32, (int)16>, (bool)0>, cutlass::transform::threadblock::RegularTileAccessIterator<cutlass::MatrixShape<(int)128, (int)128>, cutlass::integer_subbyte<(int)4, (bool)1>, cutlass::layout::ColumnMajorTensorOpMultiplicandCrosswise<(int)4, (int)128>, (int)1, cutlass::transform::PitchLinearWarpRakedThreadMap<cutlass::PitchLinearShape<(int)128, (int)128>, (int)128, cutlass::PitchLinearShape<(int)4, (int)8>, (int)32>, (int)16>, (cutlass::arch::CacheOperation::Kind)1, cutlass::gemm::threadblock::MmaPolicy<cutlass::gemm::warp::MmaTensorOp<cutlass::gemm::GemmShape<(int)64, (int)64, (int)128>, cutlass::integer_subbyte<(int)4, (bool)1>, cutlass::layout::RowMajorTensorOpMultiplicandCrosswise<(int)4, (int)128>, cutlass::integer_subbyte<(int)4, (bool)1>, cutlass::layout::ColumnMajorTensorOpMultiplicandCrosswise<(int)4, (int)128>, int, cutlass::layout::RowMajor, cutlass::gemm::warp::MmaTensorOpPolicy<cutlass::arch::Mma<cutlass::gemm::GemmShape<(int)16, (int)8, (int)64>, (int)32, cutlass::integer_subbyte<(int)4, (bool)1>, cutlass::layout::RowMajor, cutlass::integer_subbyte<(int)4, (bool)1>, cutlass::layout::ColumnMajor, int, cutlass::layout::RowMajor, cutlass::arch::OpMultiplyAddSaturate>, cutlass::MatrixShape<(int)1, (int)1>>, (int)1, (bool)0, bool>, cutlass::MatrixShape<(int)0, (int)0>, cutlass::MatrixShape<(int)0, (int)0>, (int)1>, (int)3, bool>, cutlass::epilogue::threadblock::EpilogueWithVisitorCallbacks<cutlass::epilogue::threadblock::Epilogue<cutlass::gemm::GemmShape<(int)128, (int)128, (int)128>, cutlass::gemm::warp::MmaTensorOp<cutlass::gemm::GemmShape<(int)64, (int)64, (int)128>, cutlass::integer_subbyte<(int)4, (bool)1>, cutlass::layout::RowMajorTensorOpMultiplicandCrosswise<(int)4, (int)128>, cutlass::integer_subbyte<(int)4, (bool)1>, cutlass::layout::ColumnMajorTensorOpMultiplicandCrosswise<(int)4, (int)128>, int, cutlass::layout::RowMajor, cutlass::gemm::warp::MmaTensorOpPolicy<cutlass::arch::Mma<cutlass::gemm::GemmShape<(int)16, (int)8, (int)64>, (int)32, cutlass::integer_subbyte<(int)4, (bool)1>, cutlass::layout::RowMajor, cutlass::integer_subbyte<(int)4, (bool)1>, cutlass::layout::ColumnMajor, int, cutlass::layout::RowMajor, cutlass::arch::OpMultiplyAddSaturate>, cutlass::MatrixShape<(int)1, (int)1>>, (int)1, (bool)0, bool>, (int)1, cutlass::epilogue::threadblock::PredicatedTileIteratorConv<cutlass::epilogue::threadblock::OutputTileOptimalThreadMap<cutlass::epilogue::threadblock::OutputTileShape<(int)128, (int)8, (int)2, (int)1, (int)1>, cutlass::epilogue::threadblock::OutputTileShape<(int)1, (int)8, (int)1, (int)1, (int)8>, (int)128, (int)8, (int)16>, cutlass::half_t, (bool)0, cutlass::layout::NoPermute, (bool)0, (int)4>, cutlass::epilogue::warp::FragmentIteratorTensorOp<cutlass::gemm::GemmShape<(int)64, (int)64, (int)128>, cutlass::gemm::GemmShape<(int)16, (int)8, (int)64>, int, cutlass::Array<int, (int)4, (bool)1>, cutlass::layout::RowMajor>, cutlass::epilogue::warp::TileIteratorTensorOpMixed<cutlass::gemm::GemmShape<(int)64, (int)64, (int)128>, cutlass::gemm::GemmShape<(int)16, (int)8, (int)64>, int, (int)32, (int)16, (int)8, (int)8, (bool)0>, cutlass::epilogue::threadblock::SharedLoadIteratorMixed<cutlass::epilogue::threadblock::OutputTileOptimalThreadMap<cutlass::epilogue::threadblock::OutputTileShape<(int)128, (int)8, (int)2, (int)1, (int)1>, cutlass::epilogue::threadblock::OutputTileShape<(int)1, (int)8, (int)1, (int)1, (int)8>, (int)128, (int)8, (int)16>::CompactedThreadMap, int, (int)32, (int)16, (int)8, (int)8, (bool)0>, cutlass::epilogue::thread::LinearCombination<cutlass::half_t, (int)8, int, float, (cutlass::epilogue::thread::ScaleType::Kind)0, (cutlass::FloatRoundStyle)2, cutlass::half_t>, cutlass::MatrixShape<(int)0, (int)8>, (int)2, (int)1>, cutlass::epilogue::threadblock::TreeVisitor2x<cutlass::epilogue::threadblock::VisitorAuxStore<cutlass::epilogue::threadblock::OutputTileThreadLayout<cutlass::gemm::GemmShape<(int)128, (int)128, (int)128>, cutlass::gemm::GemmShape<(int)64, (int)64, (int)128>, cutlass::half_t, (int)8, (int)1>, cutlass::half_t, (cutlass::FloatRoundStyle)2, cute::tuple<long, cute::C<(int)1>, long>>, cutlass::epilogue::threadblock::TreeVisitor2x<cutlass::epilogue::threadblock::VisitorCompute<cutlass::plus, float, float, (cutlass::FloatRoundStyle)2, void>, cutlass::epilogue::threadblock::TreeVisitor2x<cutlass::epilogue::threadblock::VisitorCompute<cutlass::plus, float, float, (cutlass::FloatRoundStyle)2, void>, cutlass::epilogue::threadblock::TreeVisitor2x<cutlass::epilogue::threadblock::VisitorCompute<cutlass::multiplies, float, float, (cutlass::FloatRoundStyle)2, void>, cutlass::epilogue::threadblock::TreeVisitor2x<cutlass::epilogue::threadblock::VisitorCompute<cutlass::multiplies, float, float, (cutlass::FloatRoundStyle)2, void>, cutlass::epilogue::threadblock::VisitorAccFetch, cutlass::epilogue::threadblock::VisitorScalarBroadcast<float, cute::tuple<cute::C<(int)0>, cute::C<(int)0>, cute::C<(int)0>>, (int)1, cutlass::multiplies>>, cutlass::epilogue::threadblock::VisitorRowBroadcast<cutlass::epilogue::threadblock::OutputTileThreadLayout<cutlass::gemm::GemmShape<(int)128, (int)128, (int)128>, cutlass::gemm::GemmShape<(int)64, (int)64, (int)128>, cutlass::half_t, (int)8, (int)1>, float, cute::tuple<cute::C<(int)0>, cute::C<(int)1>, int>, (bool)1>>, cutlass::epilogue::threadblock::VisitorRowBroadcast<cutlass::epilogue::threadblock::OutputTileThreadLayout<cutlass::gemm::GemmShape<(int)128, (int)128, (int)128>, cutlass::gemm::GemmShape<(int)64, (int)64, (int)128>, cutlass::half_t, (int)8, (int)1>, float, cute::tuple<cute::C<(int)0>, cute::C<(int)1>, int>, (bool)1>>, cutlass::epilogue::threadblock::VisitorAuxLoad<cutlass::epilogue::threadblock::OutputTileThreadLayout<cutlass::gemm::GemmShape<(int)128, (int)128, (int)128>, cutlass::gemm::GemmShape<(int)64, (int)64, (int)128>, cutlass::half_t, (int)8, (int)1>, cutlass::half_t, cute::tuple<long, cute::C<(int)1>, long>>>>, (int)1, (int)1>, cutlass::gemm::threadblock::GemmIdentityThreadblockSwizzle<(int)1>, (cutlass::conv::Operator)0, cutlass::conv::Conv2dProblemSize>>(T1::Params)",2991988.0
L|resblock_plain|C576|T256,sm86_xmma_fprop_implicit_gemm_f16f16_f16f32_f32_nhwckrsc_nhwc_tilesize128x128x32_stage3_warpsize2x2x1_g1_tensor16x8x16_t1r1s1_execute_kernel__5x_cudnn,2879760.0
L|resblock_plain|C192|T256,"void cutlass::Kernel<modiff::ImplicitGemmConvolutionEVT<cutlass::conv::threadblock::ImplicitGemmMultistage<cutlass::gemm::GemmShape<(int)128, (int)128, (int)128>, cutlass::conv::threadblock::Conv2dFpropActivationTileAccessIteratorOptimized<cutlass::MatrixShape<(int)128, (int)128>, cutlass::integer_subbyte<(int)4, (bool)1>, cutlass::layout::TensorNHWC, cutlass::transform::PitchLinearWarpRakedThreadMap<cutlass::PitchLinearShape<(int)128, (int)128>, (int)128, cutlass::PitchLinearShape<(int)4, (int)8>, (int)32>, cutlass::AlignedArray<cutlass::integer_subbyte<(int)4, (bool)1>, (int)32, (int)16>>, cutlass::transform::threadblock::RegularTileAccessIterator<cutlass::MatrixShape<(int)128, (int)128>, cutlass::integer_subbyte<(int)4, (bool)1>, cutlass::layout::RowMajorTensorOpMultiplicandCrosswise<(int)4, (int)128>, (int)0, cutlass::transform::PitchLinearWarpRakedThreadMap<cutlass::PitchLinearShape<(int)128, (int)128>, (int)128, cutlass::PitchLinearShape<(int)4, (int)8>, (int)32>, (int)16>, (cutlass::arch::CacheOperation::Kind)0, cutlass::conv::threadblock::Conv2dFpropFilterTileAccessIteratorOptimized<cutlass::MatrixShape<(int)128, (int)128>, cutlass::integer_subbyte<(int)4, (bool)1>, cutlass::layout::TensorNHWC, cutlass::transform::PitchLinearWarpRakedThreadMap<cutlass::PitchLinearShape<(int)128, (int)128>, (int)128, cutlass::PitchLinearShape<(int)4, (int)8>, (int)32>, cutlass::AlignedArray<cutlass::integer_subbyte<(int)4, (bool)1>, (int)32, (int)16>, (bool)0>, cutlass::transform::threadblock::RegularTileAccessIterator<cutlass::MatrixShape<(int)128, (int)128>, cutlass::integer_subbyte<(int)4, (bool)1>, cutlass::layout::ColumnMajorTensorOpMultiplicandCrosswise<(int)4, (int)128>, (int)1, cutlass::transform::PitchLinearWarpRakedThreadMap<cutlass::PitchLinearShape<(int)128, (int)128>, (int)128, cutlass::PitchLinearShape<(int)4, (int)8>, (int)32>, (int)16>, (cutlass::arch::CacheOperation::Kind)1, cutlass::gemm::threadblock::MmaPolicy<cutlass::gemm::warp::MmaTensorOp<cutlass::gemm::GemmShape<(int)64, (int)64, (int)128>, cutlass::integer_subbyte<(int)4, (bool)1>, cutlass::layout::RowMajorTensorOpMultiplicandCrosswise<(int)4, (int)128>, cutlass::integer_subbyte<(int)4, (bool)1>, cutlass::layout::ColumnMajorTensorOpMultiplicandCrosswise<(int)4, (int)128>, int, cutlass::layout::RowMajor, cutlass::gemm::warp::MmaTensorOpPolicy<cutlass::arch::Mma<cutlass::gemm::GemmShape<(int)16, (int)8, (int)64>, (int)32, cutlass::integer_subbyte<(int)4, (bool)1>, cutlass::layout::RowMajor, cutlass::integer_subbyte<(int)4, (bool)1>, cutlass::layout::ColumnMajor, int, cutlass::layout::RowMajor, cutlass::arch::OpMultiplyAddSaturate>, cutlass::MatrixShape<(int)1, (int)1>>, (int)1, (bool)0, bool>, cutlass::MatrixShape<(int)0, (int)0>, cutlass::MatrixShape<(int)0, (int)0>, (int)1>, (int)3, bool>, cutlass::epilogue::threadblock::EpilogueWithVisitorCallbacks<cutlass::epilogue::threadblock::Epilogue<cutlass::gemm::GemmShape<(int)128, (int)128, (int)128>, cutlass::gemm::warp::MmaTensorOp<cutlass::gemm::GemmShape<(int)64, (int)64, (int)128>, cutlass::integer_subbyte<(int)4, (bool)1>, cutlass::layout::RowMajorTensorOpMultiplicandCrosswise<(int)4, (int)128>, cutlass::integer_subbyte<(int)4, (bool)1>, cutlass::layout::ColumnMajorTensorOpMultiplicandCrosswise<(int)4, (int)128>, int, cutlass::layout::RowMajor, cutlass::gemm::warp::MmaTensorOpPolicy<cutlass::arch::Mma<cutlass::gemm::GemmShape<(int)16, (int)8, (int)64>, (int)32, cutlass::integer_subbyte<(int)4, (bool)1>, cutlass::layout::RowMajor, cutlass::integer_subbyte<(int)4, (bool)1>, cutlass::layout::ColumnMajor, int, cutlass::layout::RowMajor, cutlass::arch::OpMultiplyAddSaturate>, cutlass::MatrixShape<(int)1, (int)1>>, (int)1, (bool)0, bool>, (int)1, cutlass::epilogue::threadblock::PredicatedTileIteratorConv<cutlass::epilogue::threadblock::OutputTileOptimalThreadMap<cutlass::epilogue::threadblock::OutputTileShape<(int)128, (int)8, (int)2, (int)1, (int)1>, cutlass::epilogue::threadblock::OutputTileShape<(int)1, (int)8, (int)1, (int)1, (int)8>, (int)128, (int)8, (int)16>, cutlass::half_t, (bool)0, cutlass::layout::NoPermute, (bool)0, (int)4>, cutlass::epilogue::warp::FragmentIteratorTensorOp<cutlass::gemm::GemmShape<(int)64, (int)64, (int)128>, cutlass::gemm::GemmShape<(int)16, (int)8, (int)64>, int, cutlass::Array<int, (int)4, (bool)1>, cutlass::layout::RowMajor>, cutlass::epilogue::warp::TileIteratorTensorOpMixed<cutlass::gemm::GemmShape<(int)64, (int)64, (int)128>, cutlass::gemm::GemmShape<(int)16, (int)8, (int)64>, int, (int)32, (int)16, (int)8, (int)8, (bool)0>, cutlass::epilogue::threadblock::SharedLoadIteratorMixed<cutlass::epilogue::threadblock::OutputTileOptimalThreadMap<cutlass::epilogue::threadblock::OutputTileShape<(int)128, (int)8, (int)2, (int)1, (int)1>, cutlass::epilogue::threadblock::OutputTileShape<(int)1, (int)8, (int)1, (int)1, (int)8>, (int)128, (int)8, (int)16>::CompactedThreadMap, int, (int)32, (int)16, (int)8, (int)8, (bool)0>, cutlass::epilogue::thread::LinearCombination<cutlass::half_t, (int)8, int, float, (cutlass::epilogue::thread::ScaleType::Kind)0, (cutlass::FloatRoundStyle)2, cutlass::half_t>, cutlass::MatrixShape<(int)0, (int)8>, (int)2, (int)1>, cutlass::epilogue::threadblock::TreeVisitor2x<cutlass::epilogue::threadblock::VisitorAuxStore<cutlass::epilogue::threadblock::OutputTileThreadLayout<cutlass::gemm::GemmShape<(int)128, (int)128, (int)128>, cutlass::gemm::GemmShape<(int)64, (int)64, (int)128>, cutlass::half_t, (int)8, (int)1>, cutlass::half_t, (cutlass::FloatRoundStyle)2, cute::tuple<long, cute::C<(int)1>, long>>, cutlass::epilogue::threadblock::TreeVisitor2x<cutlass::epilogue::threadblock::VisitorCompute<cutlass::plus, float, float, (cutlass::FloatRoundStyle)2, void>, cutlass::epilogue::threadblock::TreeVisitor2x<cutlass::epilogue::threadblock::VisitorCompute<cutlass::multiplies, float, float, (cutlass::FloatRoundStyle)2, void>, cutlass::epilogue::threadblock::TreeVisitor2x<cutlass::epilogue::threadblock::VisitorCompute<cutlass::multiplies, float, float, (cutlass::FloatRoundStyle)2, void>, cutlass::epilogue::threadblock::VisitorAccFetch, cutlass::epilogue::threadblock::VisitorScalarBroadcast<float, cute::tuple<cute::C<(int)0>, cute::C<(int)0>, cute::C<(int)0>>, (int)1, cutlass::multiplies>>, cutlass::epilogue::threadblock::VisitorRowBroadcast<cutlass::epilogue::threadblock::OutputTileThreadLayout<cutlass::gemm::GemmShape<(int)128, (int)128, (int)128>, cutlass::gemm::GemmShape<(int)64, (int)64, (int)128>, cutlass::half_t, (int)8, (int)1>, float, cute::tuple<cute::C<(int)0>, cute::C<(int)1>, int>, (bool)1>>, cutlass::epilogue::threadblock::VisitorRowBroadcast<cutlass::epilogue::threadblock::OutputTileThreadLayout<cutlass::gemm::GemmShape<(int)128, (int)128, (int)128>, cutlass::gemm::GemmShape<(int)64, (int)64, (int)128>, cutlass::half_t, (int)8, (int)1>, float, cute::tuple<cute::C<(int)0>, cute::C<(int)1>, int>, (bool)1>>>, (int)1, (int)1>, cutlass::gemm::threadblock::GemmIdentityThreadblockSwizzle<(int)1>, (cutlass::conv::Operator)0, cutlass::conv::Conv2dProblemSize>>(T1::Params)",2835790.0
L|attention|C384|T64,"void group_norm_silu_quantize_pack_nhwc_vec2_kernel<__half, (bool)1>(const T1 *, signed char *, const T1 *, const T1 *, const T1 *, const T1 *, const float *, const float *, int, long, int, float, bool, int)",2835149.0
L|resblock_updown|C384|T64,"void at::native::unrolled_elementwise_kernel<at::native::direct_copy_kernel_cuda(at::TensorIteratorBase &)::[lambda() (instance 3)]::operator ()() const::[lambda() (instance 10)]::operator ()() const::[lambda(c10::Half) (instance 1)], at::detail::Array<char *, (int)2>, TrivialOffsetCalculator<(int)1, unsigned int>, TrivialOffsetCalculator<(int)1, unsigned int>, at::native::memory::LoadWithCast<(int)1>, at::native::memory::StoreWithCast<(int)1>>(int, T1, T2, T3, T4, T5, T6)",2701870.0
L|resblock_updown|C384|T256,"void at::native::unrolled_elementwise_kernel<at::native::direct_copy_kernel_cuda(at::TensorIteratorBase &)::[lambda() (instance 3)]::operator ()() const::[lambda() (instance 7)]::operator ()() const::[lambda(float) (instance 1)], at::detail::Array<char *, (int)2>, TrivialOffsetCalculator<(int)1, unsigned int>, TrivialOffsetCalculator<(int)1, unsigned int>, at::native::memory::LoadWithCast<(int)1>, at::native::memory::StoreWithCast<(int)1>>(int, T1, T2, T3, T4, T5, T6)",2690669.0
L|resblock_plain|C768|T64,"void cutlass::Kernel<modiff::ImplicitGemmConvolutionEVT<cutlass::conv::threadblock::ImplicitGemmMultistage<cutlass::gemm::GemmShape<(int)128, (int)128, (int)128>, cutlass::conv::threadblock::Conv2dFpropActivationTileAccessIteratorOptimized<cutlass::MatrixShape<(int)128, (int)128>, cutlass::integer_subbyte<(int)4, (bool)1>, cutlass::layout::TensorNHWC, cutlass::transform::PitchLinearWarpRakedThreadMap<cutlass::PitchLinearShape<(int)128, (int)128>, (int)128, cutlass::PitchLinearShape<(int)4, (int)8>, (int)32>, cutlass::AlignedArray<cutlass::integer_subbyte<(int)4, (bool)1>, (int)32, (int)16>>, cutlass::transform::threadblock::RegularTileAccessIterator<cutlass::MatrixShape<(int)128, (int)128>, cutlass::integer_subbyte<(int)4, (bool)1>, cutlass::layout::RowMajorTensorOpMultiplicandCrosswise<(int)4, (int)128>, (int)0, cutlass::transform::PitchLinearWarpRakedThreadMap<cutlass::PitchLinearShape<(int)128, (int)128>, (int)128, cutlass::PitchLinearShape<(int)4, (int)8>, (int)32>, (int)16>, (cutlass::arch::CacheOperation::Kind)0, cutlass::conv::threadblock::Conv2dFpropFilterTileAccessIteratorOptimized<cutlass::MatrixShape<(int)128, (int)128>, cutlass::integer_subbyte<(int)4, (bool)1>, cutlass::layout::TensorNHWC, cutlass::transform::PitchLinearWarpRakedThreadMap<cutlass::PitchLinearShape<(int)128, (int)128>, (int)128, cutlass::PitchLinearShape<(int)4, (int)8>, (int)32>, cutlass::AlignedArray<cutlass::integer_subbyte<(int)4, (bool)1>, (int)32, (int)16>, (bool)0>, cutlass::transform::threadblock::RegularTileAccessIterator<cutlass::MatrixShape<(int)128, (int)128>, cutlass::integer_subbyte<(int)4, (bool)1>, cutlass::layout::ColumnMajorTensorOpMultiplicandCrosswise<(int)4, (int)128>, (int)1, cutlass::transform::PitchLinearWarpRakedThreadMap<cutlass::PitchLinearShape<(int)128, (int)128>, (int)128, cutlass::PitchLinearShape<(int)4, (int)8>, (int)32>, (int)16>, (cutlass::arch::CacheOperation::Kind)1, cutlass::gemm::threadblock::MmaPolicy<cutlass::gemm::warp::MmaTensorOp<cutlass::gemm::GemmShape<(int)64, (int)64, (int)128>, cutlass::integer_subbyte<(int)4, (bool)1>, cutlass::layout::RowMajorTensorOpMultiplicandCrosswise<(int)4, (int)128>, cutlass::integer_subbyte<(int)4, (bool)1>, cutlass::layout::ColumnMajorTensorOpMultiplicandCrosswise<(int)4, (int)128>, int, cutlass::layout::RowMajor, cutlass::gemm::warp::MmaTensorOpPolicy<cutlass::arch::Mma<cutlass::gemm::GemmShape<(int)16, (int)8, (int)64>, (int)32, cutlass::integer_subbyte<(int)4, (bool)1>, cutlass::layout::RowMajor, cutlass::integer_subbyte<(int)4, (bool)1>, cutlass::layout::ColumnMajor, int, cutlass::layout::RowMajor, cutlass::arch::OpMultiplyAddSaturate>, cutlass::MatrixShape<(int)1, (int)1>>, (int)1, (bool)0, bool>, cutlass::MatrixShape<(int)0, (int)0>, cutlass::MatrixShape<(int)0, (int)0>, (int)1>, (int)3, bool>, cutlass::epilogue::threadblock::EpilogueWithVisitorCallbacks<cutlass::epilogue::threadblock::Epilogue<cutlass::gemm::GemmShape<(int)128, (int)128, (int)128>, cutlass::gemm::warp::MmaTensorOp<cutlass::gemm::GemmShape<(int)64, (int)64, (int)128>, cutlass::integer_subbyte<(int)4, (bool)1>, cutlass::layout::RowMajorTensorOpMultiplicandCrosswise<(int)4, (int)128>, cutlass::integer_subbyte<(int)4, (bool)1>, cutlass::layout::ColumnMajorTensorOpMultiplicandCrosswise<(int)4, (int)128>, int, cutlass::layout::RowMajor, cutlass::gemm::warp::MmaTensorOpPolicy<cutlass::arch::Mma<cutlass::gemm::GemmShape<(int)16, (int)8, (int)64>, (int)32, cutlass::integer_subbyte<(int)4, (bool)1>, cutlass::layout::RowMajor, cutlass::integer_subbyte<(int)4, (bool)1>, cutlass::layout::ColumnMajor, int, cutlass::layout::RowMajor, cutlass::arch::OpMultiplyAddSaturate>, cutlass::MatrixShape<(int)1, (int)1>>, (int)1, (bool)0, bool>, (int)1, cutlass::epilogue::threadblock::PredicatedTileIteratorConv<cutlass::epilogue::threadblock::OutputTileOptimalThreadMap<cutlass::epilogue::threadblock::OutputTileShape<(int)128, (int)8, (int)2, (int)1, (int)1>, cutlass::epilogue::threadblock::OutputTileShape<(int)1, (int)8, (int)1, (int)1, (int)8>, (int)128, (int)8, (int)16>, cutlass::half_t, (bool)0, cutlass::layout::NoPermute, (bool)0, (int)4>, cutlass::epilogue::warp::FragmentIteratorTensorOp<cutlass::gemm::GemmShape<(int)64, (int)64, (int)128>, cutlass::gemm::GemmShape<(int)16, (int)8, (int)64>, int, cutlass::Array<int, (int)4, (bool)1>, cutlass::layout::RowMajor>, cutlass::epilogue::warp::TileIteratorTensorOpMixed<cutlass::gemm::GemmShape<(int)64, (int)64, (int)128>, cutlass::gemm::GemmShape<(int)16, (int)8, (int)64>, int, (int)32, (int)16, (int)8, (int)8, (bool)0>, cutlass::epilogue::threadblock::SharedLoadIteratorMixed<cutlass::epilogue::threadblock::OutputTileOptimalThreadMap<cutlass::epilogue::threadblock::OutputTileShape<(int)128, (int)8, (int)2, (int)1, (int)1>, cutlass::epilogue::threadblock::OutputTileShape<(int)1, (int)8, (int)1, (int)1, (int)8>, (int)128, (int)8, (int)16>::CompactedThreadMap, int, (int)32, (int)16, (int)8, (int)8, (bool)0>, cutlass::epilogue::thread::LinearCombination<cutlass::half_t, (int)8, int, float, (cutlass::epilogue::thread::ScaleType::Kind)0, (cutlass::FloatRoundStyle)2, cutlass::half_t>, cutlass::MatrixShape<(int)0, (int)8>, (int)2, (int)1>, cutlass::epilogue::threadblock::TreeVisitor2x<cutlass::epilogue::threadblock::VisitorAuxStore<cutlass::epilogue::threadblock::OutputTileThreadLayout<cutlass::gemm::GemmShape<(int)128, (int)128, (int)128>, cutlass::gemm::GemmShape<(int)64, (int)64, (int)128>, cutlass::half_t, (int)8, (int)1>, cutlass::half_t, (cutlass::FloatRoundStyle)2, cute::tuple<long, cute::C<(int)1>, long>>, cutlass::epilogue::threadblock::TreeVisitor2x<cutlass::epilogue::threadblock::VisitorCompute<cutlass::plus, float, float, (cutlass::FloatRoundStyle)2, void>, cutlass::epilogue::threadblock::TreeVisitor2x<cutlass::epilogue::threadblock::VisitorCompute<cutlass::plus, float, float, (cutlass::FloatRoundStyle)2, void>, cutlass::epilogue::threadblock::TreeVisitor2x<cutlass::epilogue::threadblock::VisitorCompute<cutlass::multiplies, float, float, (cutlass::FloatRoundStyle)2, void>, cutlass::epilogue::threadblock::TreeVisitor2x<cutlass::epilogue::threadblock::VisitorCompute<cutlass::multiplies, float, float, (cutlass::FloatRoundStyle)2, void>, cutlass::epilogue::threadblock::VisitorAccFetch, cutlass::epilogue::threadblock::VisitorScalarBroadcast<float, cute::tuple<cute::C<(int)0>, cute::C<(int)0>, cute::C<(int)0>>, (int)1, cutlass::multiplies>>, cutlass::epilogue::threadblock::VisitorRowBroadcast<cutlass::epilogue::threadblock::OutputTileThreadLayout<cutlass::gemm::GemmShape<(int)128, (int)128, (int)128>, cutlass::gemm::GemmShape<(int)64, (int)64, (int)128>, cutlass::half_t, (int)8, (int)1>, float, cute::tuple<cute::C<(int)0>, cute::C<(int)1>, int>, (bool)1>>, cutlass::epilogue::threadblock::VisitorRowBroadcast<cutlass::epilogue::threadblock::OutputTileThreadLayout<cutlass::gemm::GemmShape<(int)128, (int)128, (int)128>, cutlass::gemm::GemmShape<(int)64, (int)64, (int)128>, cutlass::half_t, (int)8, (int)1>, float, cute::tuple<cute::C<(int)0>, cute::C<(int)1>, int>, (bool)1>>, cutlass::epilogue::threadblock::VisitorAuxLoad<cutlass::epilogue::threadblock::OutputTileThreadLayout<cutlass::gemm::GemmShape<(int)128, (int)128, (int)128>, cutlass::gemm::GemmShape<(int)64, (int)64, (int)128>, cutlass::half_t, (int)8, (int)1>, cutlass::half_t, cute::tuple<long, cute::C<(int)1>, long>>>>, (int)1, (int)1>, cutlass::gemm::threadblock::GemmIdentityThreadblockSwizzle<(int)1>, (cutlass::conv::Operator)0, cutlass::conv::Conv2dProblemSize>>(T1::Params)",2581362.0
L|resblock_updown|C384|T256,"void at::native::<unnamed>::avg_pool2d_out_cuda_frame_nhwc<c10::Half, float>(int, const T1 *, long, long, long, int, int, int, int, int, int, int, int, T1 *, int, bool, bool)",2571983.0
L|resblock_plain|C1536|T4,"void group_norm_silu_quantize_pack_nhwc_vec2_kernel<__half, (bool)0>(const T1 *, signed char *, const T1 *, const T1 *, const T1 *, const T1 *, const float *, const float *, int, long, int, float, bool, int)",2564463.0
L|resblock_plain|C384|T64,"void cutlass::Kernel<modiff::ImplicitGemmConvolutionEVT<cutlass::conv::threadblock::ImplicitGemmMultistage<cutlass::gemm::GemmShape<(int)128, (int)128, (int)128>, cutlass::conv::threadblock::Conv2dFpropActivationTileAccessIteratorOptimized<cutlass::MatrixShape<(int)128, (int)128>, cutlass::integer_subbyte<(int)4, (bool)1>, cutlass::layout::TensorNHWC, cutlass::transform::PitchLinearWarpRakedThreadMap<cutlass::PitchLinearShape<(int)128, (int)128>, (int)128, cutlass::PitchLinearShape<(int)4, (int)8>, (int)32>, cutlass::AlignedArray<cutlass::integer_subbyte<(int)4, (bool)1>, (int)32, (int)16>>, cutlass::transform::threadblock::RegularTileAccessIterator<cutlass::MatrixShape<(int)128, (int)128>, cutlass::integer_subbyte<(int)4, (bool)1>, cutlass::layout::RowMajorTensorOpMultiplicandCrosswise<(int)4, (int)128>, (int)0, cutlass::transform::PitchLinearWarpRakedThreadMap<cutlass::PitchLinearShape<(int)128, (int)128>, (int)128, cutlass::PitchLinearShape<(int)4, (int)8>, (int)32>, (int)16>, (cutlass::arch::CacheOperation::Kind)0, cutlass::conv::threadblock::Conv2dFpropFilterTileAccessIteratorOptimized<cutlass::MatrixShape<(int)128, (int)128>, cutlass::integer_subbyte<(int)4, (bool)1>, cutlass::layout::TensorNHWC, cutlass::transform::PitchLinearWarpRakedThreadMap<cutlass::PitchLinearShape<(int)128, (int)128>, (int)128, cutlass::PitchLinearShape<(int)4, (int)8>, (int)32>, cutlass::AlignedArray<cutlass::integer_subbyte<(int)4, (bool)1>, (int)32, (int)16>, (bool)0>, cutlass::transform::threadblock::RegularTileAccessIterator<cutlass::MatrixShape<(int)128, (int)128>, cutlass::integer_subbyte<(int)4, (bool)1>, cutlass::layout::ColumnMajorTensorOpMultiplicandCrosswise<(int)4, (int)128>, (int)1, cutlass::transform::PitchLinearWarpRakedThreadMap<cutlass::PitchLinearShape<(int)128, (int)128>, (int)128, cutlass::PitchLinearShape<(int)4, (int)8>, (int)32>, (int)16>, (cutlass::arch::CacheOperation::Kind)1, cutlass::gemm::threadblock::MmaPolicy<cutlass::gemm::warp::MmaTensorOp<cutlass::gemm::GemmShape<(int)64, (int)64, (int)128>, cutlass::integer_subbyte<(int)4, (bool)1>, cutlass::layout::RowMajorTensorOpMultiplicandCrosswise<(int)4, (int)128>, cutlass::integer_subbyte<(int)4, (bool)1>, cutlass::layout::ColumnMajorTensorOpMultiplicandCrosswise<(int)4, (int)128>, int, cutlass::layout::RowMajor, cutlass::gemm::warp::MmaTensorOpPolicy<cutlass::arch::Mma<cutlass::gemm::GemmShape<(int)16, (int)8, (int)64>, (int)32, cutlass::integer_subbyte<(int)4, (bool)1>, cutlass::layout::RowMajor, cutlass::integer_subbyte<(int)4, (bool)1>, cutlass::layout::ColumnMajor, int, cutlass::layout::RowMajor, cutlass::arch::OpMultiplyAddSaturate>, cutlass::MatrixShape<(int)1, (int)1>>, (int)1, (bool)0, bool>, cutlass::MatrixShape<(int)0, (int)0>, cutlass::MatrixShape<(int)0, (int)0>, (int)1>, (int)3, bool>, cutlass::epilogue::threadblock::EpilogueWithVisitorCallbacks<cutlass::epilogue::threadblock::Epilogue<cutlass::gemm::GemmShape<(int)128, (int)128, (int)128>, cutlass::gemm::warp::MmaTensorOp<cutlass::gemm::GemmShape<(int)64, (int)64, (int)128>, cutlass::integer_subbyte<(int)4, (bool)1>, cutlass::layout::RowMajorTensorOpMultiplicandCrosswise<(int)4, (int)128>, cutlass::integer_subbyte<(int)4, (bool)1>, cutlass::layout::ColumnMajorTensorOpMultiplicandCrosswise<(int)4, (int)128>, int, cutlass::layout::RowMajor, cutlass::gemm::warp::MmaTensorOpPolicy<cutlass::arch::Mma<cutlass::gemm::GemmShape<(int)16, (int)8, (int)64>, (int)32, cutlass::integer_subbyte<(int)4, (bool)1>, cutlass::layout::RowMajor, cutlass::integer_subbyte<(int)4, (bool)1>, cutlass::layout::ColumnMajor, int, cutlass::layout::RowMajor, cutlass::arch::OpMultiplyAddSaturate>, cutlass::MatrixShape<(int)1, (int)1>>, (int)1, (bool)0, bool>, (int)1, cutlass::epilogue::threadblock::PredicatedTileIteratorConv<cutlass::epilogue::threadblock::OutputTileOptimalThreadMap<cutlass::epilogue::threadblock::OutputTileShape<(int)128, (int)8, (int)2, (int)1, (int)1>, cutlass::epilogue::threadblock::OutputTileShape<(int)1, (int)8, (int)1, (int)1, (int)8>, (int)128, (int)8, (int)16>, cutlass::half_t, (bool)0, cutlass::layout::NoPermute, (bool)0, (int)4>, cutlass::epilogue::warp::FragmentIteratorTensorOp<cutlass::gemm::GemmShape<(int)64, (int)64, (int)128>, cutlass::gemm::GemmShape<(int)16, (int)8, (int)64>, int, cutlass::Array<int, (int)4, (bool)1>, cutlass::layout::RowMajor>, cutlass::epilogue::warp::TileIteratorTensorOpMixed<cutlass::gemm::GemmShape<(int)64, (int)64, (int)128>, cutlass::gemm::GemmShape<(int)16, (int)8, (int)64>, int, (int)32, (int)16, (int)8, (int)8, (bool)0>, cutlass::epilogue::threadblock::SharedLoadIteratorMixed<cutlass::epilogue::threadblock::OutputTileOptimalThreadMap<cutlass::epilogue::threadblock::OutputTileShape<(int)128, (int)8, (int)2, (int)1, (int)1>, cutlass::epilogue::threadblock::OutputTileShape<(int)1, (int)8, (int)1, (int)1, (int)8>, (int)128, (int)8, (int)16>::CompactedThreadMap, int, (int)32, (int)16, (int)8, (int)8, (bool)0>, cutlass::epilogue::thread::LinearCombination<cutlass::half_t, (int)8, int, float, (cutlass::epilogue::thread::ScaleType::Kind)0, (cutlass::FloatRoundStyle)2, cutlass::half_t>, cutlass::MatrixShape<(int)0, (int)8>, (int)2, (int)1>, cutlass::epilogue::threadblock::TreeVisitor2x<cutlass::epilogue::threadblock::VisitorAuxStore<cutlass::epilogue::threadblock::OutputTileThreadLayout<cutlass::gemm::GemmShape<(int)128, (int)128, (int)128>, cutlass::gemm::GemmShape<(int)64, (int)64, (int)128>, cutlass::half_t, (int)8, (int)1>, cutlass::half_t, (cutlass::FloatRoundStyle)2, cute::tuple<long, cute::C<(int)1>, long>>, cutlass::epilogue::threadblock::TreeVisitor2x<cutlass::epilogue::threadblock::VisitorCompute<cutlass::plus, float, float, (cutlass::FloatRoundStyle)2, void>, cutlass::epilogue::threadblock::TreeVisitor2x<cutlass::epilogue::threadblock::VisitorCompute<cutlass::plus, float, float, (cutlass::FloatRoundStyle)2, void>, cutlass::epilogue::threadblock::TreeVisitor2x<cutlass::epilogue::threadblock::VisitorCompute<cutlass::multiplies, float, float, (cutlass::FloatRoundStyle)2, void>, cutlass::epilogue::threadblock::TreeVisitor2x<cutlass::epilogue::threadblock::VisitorCompute<cutlass::multiplies, float, float, (cutlass::FloatRoundStyle)2, void>, cutlass::epilogue::threadblock::VisitorAccFetch, cutlass::epilogue::threadblock::VisitorScalarBroadcast<float, cute::tuple<cute::C<(int)0>, cute::C<(int)0>, cute::C<(int)0>>, (int)1, cutlass::multiplies>>, cutlass::epilogue::threadblock::VisitorRowBroadcast<cutlass::epilogue::threadblock::OutputTileThreadLayout<cutlass::gemm::GemmShape<(int)128, (int)128, (int)128>, cutlass::gemm::GemmShape<(int)64, (int)64, (int)128>, cutlass::half_t, (int)8, (int)1>, float, cute::tuple<cute::C<(int)0>, cute::C<(int)1>, int>, (bool)1>>, cutlass::epilogue::threadblock::VisitorRowBroadcast<cutlass::epilogue::threadblock::OutputTileThreadLayout<cutlass::gemm::GemmShape<(int)128, (int)128, (int)128>, cutlass::gemm::GemmShape<(int)64, (int)64, (int)128>, cutlass::half_t, (int)8, (int)1>, float, cute::tuple<cute::C<(int)0>, cute::C<(int)1>, int>, (bool)1>>, cutlass::epilogue::threadblock::VisitorAuxLoad<cutlass::epilogue::threadblock::OutputTileThreadLayout<cutlass::gemm::GemmShape<(int)128, (int)128, (int)128>, cutlass::gemm::GemmShape<(int)64, (int)64, (int)128>, cutlass::half_t, (int)8, (int)1>, cutlass::half_t, cute::tuple<long, cute::C<(int)1>, long>>>>, (int)1, (int)1>, cutlass::gemm::threadblock::GemmIdentityThreadblockSwizzle<(int)1>, (cutlass::conv::Operator)0, cutlass::conv::Conv2dProblemSize>>(T1::Params)",2547442.0
L|resblock_plain|C768|T4,"void group_norm_silu_quantize_pack_nhwc_vec2_kernel<__half, (bool)0>(const T1 *, signed char *, const T1 *, const T1 *, const T1 *, const T1 *, const float *, const float *, int, long, int, float, bool, int)",2394258.0
L|resblock_plain|C384|T64,"void cutlass::Kernel<modiff::ImplicitGemmConvolutionEVT<cutlass::conv::threadblock::ImplicitGemmMultistage<cutlass::gemm::GemmShape<(int)128, (int)128, (int)128>, cutlass::conv::threadblock::Conv2dFpropActivationTileAccessIteratorOptimized<cutlass::MatrixShape<(int)128, (int)128>, cutlass::integer_subbyte<(int)4, (bool)1>, cutlass::layout::TensorNHWC, cutlass::transform::PitchLinearWarpRakedThreadMap<cutlass::PitchLinearShape<(int)128, (int)128>, (int)128, cutlass::PitchLinearShape<(int)4, (int)8>, (int)32>, cutlass::AlignedArray<cutlass::integer_subbyte<(int)4, (bool)1>, (int)32, (int)16>>, cutlass::transform::threadblock::RegularTileAccessIterator<cutlass::MatrixShape<(int)128, (int)128>, cutlass::integer_subbyte<(int)4, (bool)1>, cutlass::layout::RowMajorTensorOpMultiplicandCrosswise<(int)4, (int)128>, (int)0, cutlass::transform::PitchLinearWarpRakedThreadMap<cutlass::PitchLinearShape<(int)128, (int)128>, (int)128, cutlass::PitchLinearShape<(int)4, (int)8>, (int)32>, (int)16>, (cutlass::arch::CacheOperation::Kind)0, cutlass::conv::threadblock::Conv2dFpropFilterTileAccessIteratorOptimized<cutlass::MatrixShape<(int)128, (int)128>, cutlass::integer_subbyte<(int)4, (bool)1>, cutlass::layout::TensorNHWC, cutlass::transform::PitchLinearWarpRakedThreadMap<cutlass::PitchLinearShape<(int)128, (int)128>, (int)128, cutlass::PitchLinearShape<(int)4, (int)8>, (int)32>, cutlass::AlignedArray<cutlass::integer_subbyte<(int)4, (bool)1>, (int)32, (int)16>, (bool)0>, cutlass::transform::threadblock::RegularTileAccessIterator<cutlass::MatrixShape<(int)128, (int)128>, cutlass::integer_subbyte<(int)4, (bool)1>, cutlass::layout::ColumnMajorTensorOpMultiplicandCrosswise<(int)4, (int)128>, (int)1, cutlass::transform::PitchLinearWarpRakedThreadMap<cutlass::PitchLinearShape<(int)128, (int)128>, (int)128, cutlass::PitchLinearShape<(int)4, (int)8>, (int)32>, (int)16>, (cutlass::arch::CacheOperation::Kind)1, cutlass::gemm::threadblock::MmaPolicy<cutlass::gemm::warp::MmaTensorOp<cutlass::gemm::GemmShape<(int)64, (int)64, (int)128>, cutlass::integer_subbyte<(int)4, (bool)1>, cutlass::layout::RowMajorTensorOpMultiplicandCrosswise<(int)4, (int)128>, cutlass::integer_subbyte<(int)4, (bool)1>, cutlass::layout::ColumnMajorTensorOpMultiplicandCrosswise<(int)4, (int)128>, int, cutlass::layout::RowMajor, cutlass::gemm::warp::MmaTensorOpPolicy<cutlass::arch::Mma<cutlass::gemm::GemmShape<(int)16, (int)8, (int)64>, (int)32, cutlass::integer_subbyte<(int)4, (bool)1>, cutlass::layout::RowMajor, cutlass::integer_subbyte<(int)4, (bool)1>, cutlass::layout::ColumnMajor, int, cutlass::layout::RowMajor, cutlass::arch::OpMultiplyAddSaturate>, cutlass::MatrixShape<(int)1, (int)1>>, (int)1, (bool)0, bool>, cutlass::MatrixShape<(int)0, (int)0>, cutlass::MatrixShape<(int)0, (int)0>, (int)1>, (int)3, bool>, cutlass::epilogue::threadblock::EpilogueWithVisitorCallbacks<cutlass::epilogue::threadblock::Epilogue<cutlass::gemm::GemmShape<(int)128, (int)128, (int)128>, cutlass::gemm::warp::MmaTensorOp<cutlass::gemm::GemmShape<(int)64, (int)64, (int)128>, cutlass::integer_subbyte<(int)4, (bool)1>, cutlass::layout::RowMajorTensorOpMultiplicandCrosswise<(int)4, (int)128>, cutlass::integer_subbyte<(int)4, (bool)1>, cutlass::layout::ColumnMajorTensorOpMultiplicandCrosswise<(int)4, (int)128>, int, cutlass::layout::RowMajor, cutlass::gemm::warp::MmaTensorOpPolicy<cutlass::arch::Mma<cutlass::gemm::GemmShape<(int)16, (int)8, (int)64>, (int)32, cutlass::integer_subbyte<(int)4, (bool)1>, cutlass::layout::RowMajor, cutlass::integer_subbyte<(int)4, (bool)1>, cutlass::layout::ColumnMajor, int, cutlass::layout::RowMajor, cutlass::arch::OpMultiplyAddSaturate>, cutlass::MatrixShape<(int)1, (int)1>>, (int)1, (bool)0, bool>, (int)1, cutlass::epilogue::threadblock::PredicatedTileIteratorConv<cutlass::epilogue::threadblock::OutputTileOptimalThreadMap<cutlass::epilogue::threadblock::OutputTileShape<(int)128, (int)8, (int)2, (int)1, (int)1>, cutlass::epilogue::threadblock::OutputTileShape<(int)1, (int)8, (int)1, (int)1, (int)8>, (int)128, (int)8, (int)16>, cutlass::half_t, (bool)0, cutlass::layout::NoPermute, (bool)0, (int)4>, cutlass::epilogue::warp::FragmentIteratorTensorOp<cutlass::gemm::GemmShape<(int)64, (int)64, (int)128>, cutlass::gemm::GemmShape<(int)16, (int)8, (int)64>, int, cutlass::Array<int, (int)4, (bool)1>, cutlass::layout::RowMajor>, cutlass::epilogue::warp::TileIteratorTensorOpMixed<cutlass::gemm::GemmShape<(int)64, (int)64, (int)128>, cutlass::gemm::GemmShape<(int)16, (int)8, (int)64>, int, (int)32, (int)16, (int)8, (int)8, (bool)0>, cutlass::epilogue::threadblock::SharedLoadIteratorMixed<cutlass::epilogue::threadblock::OutputTileOptimalThreadMap<cutlass::epilogue::threadblock::OutputTileShape<(int)128, (int)8, (int)2, (int)1, (int)1>, cutlass::epilogue::threadblock::OutputTileShape<(int)1, (int)8, (int)1, (int)1, (int)8>, (int)128, (int)8, (int)16>::CompactedThreadMap, int, (int)32, (int)16, (int)8, (int)8, (bool)0>, cutlass::epilogue::thread::LinearCombination<cutlass::half_t, (int)8, int, float, (cutlass::epilogue::thread::ScaleType::Kind)0, (cutlass::FloatRoundStyle)2, cutlass::half_t>, cutlass::MatrixShape<(int)0, (int)8>, (int)2, (int)1>, cutlass::epilogue::threadblock::TreeVisitor2x<cutlass::epilogue::threadblock::VisitorAuxStore<cutlass::epilogue::threadblock::OutputTileThreadLayout<cutlass::gemm::GemmShape<(int)128, (int)128, (int)128>, cutlass::gemm::GemmShape<(int)64, (int)64, (int)128>, cutlass::half_t, (int)8, (int)1>, cutlass::half_t, (cutlass::FloatRoundStyle)2, cute::tuple<long, cute::C<(int)1>, long>>, cutlass::epilogue::threadblock::TreeVisitor2x<cutlass::epilogue::threadblock::VisitorCompute<cutlass::plus, float, float, (cutlass::FloatRoundStyle)2, void>, cutlass::epilogue::threadblock::TreeVisitor2x<cutlass::epilogue::threadblock::VisitorCompute<cutlass::multiplies, float, float, (cutlass::FloatRoundStyle)2, void>, cutlass::epilogue::threadblock::TreeVisitor2x<cutlass::epilogue::threadblock::VisitorCompute<cutlass::multiplies, float, float, (cutlass::FloatRoundStyle)2, void>, cutlass::epilogue::threadblock::VisitorAccFetch, cutlass::epilogue::threadblock::VisitorScalarBroadcast<float, cute::tuple<cute::C<(int)0>, cute::C<(int)0>, cute::C<(int)0>>, (int)1, cutlass::multiplies>>, cutlass::epilogue::threadblock::VisitorRowBroadcast<cutlass::epilogue::threadblock::OutputTileThreadLayout<cutlass::gemm::GemmShape<(int)128, (int)128, (int)128>, cutlass::gemm::GemmShape<(int)64, (int)64, (int)128>, cutlass::half_t, (int)8, (int)1>, float, cute::tuple<cute::C<(int)0>, cute::C<(int)1>, int>, (bool)1>>, cutlass::epilogue::threadblock::VisitorRowBroadcast<cutlass::epilogue::threadblock::OutputTileThreadLayout<cutlass::gemm::GemmShape<(int)128, (int)128, (int)128>, cutlass::gemm::GemmShape<(int)64, (int)64, (int)128>, cutlass::half_t, (int)8, (int)1>, float, cute::tuple<cute::C<(int)0>, cute::C<(int)1>, int>, (bool)1>>>, (int)1, (int)1>, cutlass::gemm::threadblock::GemmIdentityThreadblockSwizzle<(int)1>, (cutlass::conv::Operator)0, cutlass::conv::Conv2dProblemSize>>(T1::Params)",2393293.0
L|resblock_plain|C768|T16,"void group_norm_silu_quantize_pack_nhwc_vec2_kernel<__half, (bool)0>(const T1 *, signed char *, const T1 *, const T1 *, const T1 *, const T1 *, const float *, const float *, int, long, int, float, bool, int)",2392403.0
L|resblock_plain|C1536|T4,"void cutlass::Kernel<modiff::ImplicitGemmConvolutionEVT<cutlass::conv::threadblock::ImplicitGemmMultistage<cutlass::gemm::GemmShape<(int)128, (int)128, (int)128>, cutlass::conv::threadblock::Conv2dFpropActivationTileAccessIteratorOptimized<cutlass::MatrixShape<(int)128, (int)128>, cutlass::integer_subbyte<(int)4, (bool)1>, cutlass::layout::TensorNHWC, cutlass::transform::PitchLinearWarpRakedThreadMap<cutlass::PitchLinearShape<(int)128, (int)128>, (int)128, cutlass::PitchLinearShape<(int)4, (int)8>, (int)32>, cutlass::AlignedArray<cutlass::integer_subbyte<(int)4, (bool)1>, (int)32, (int)16>>, cutlass::transform::threadblock::RegularTileAccessIterator<cutlass::MatrixShape<(int)128, (int)128>, cutlass::integer_subbyte<(int)4, (bool)1>, cutlass::layout::RowMajorTensorOpMultiplicandCrosswise<(int)4, (int)128>, (int)0, cutlass::transform::PitchLinearWarpRakedThreadMap<cutlass::PitchLinearShape<(int)128, (int)128>, (int)128, cutlass::PitchLinearShape<(int)4, (int)8>, (int)32>, (int)16>, (cutlass::arch::CacheOperation::Kind)0, cutlass::conv::threadblock::Conv2dFpropFilterTileAccessIteratorOptimized<cutlass::MatrixShape<(int)128, (int)128>, cutlass::integer_subbyte<(int)4, (bool)1>, cutlass::layout::TensorNHWC, cutlass::transform::PitchLinearWarpRakedThreadMap<cutlass::PitchLinearShape<(int)128, (int)128>, (int)128, cutlass::PitchLinearShape<(int)4, (int)8>, (int)32>, cutlass::AlignedArray<cutlass::integer_subbyte<(int)4, (bool)1>, (int)32, (int)16>, (bool)0>, cutlass::transform::threadblock::RegularTileAccessIterator<cutlass::MatrixShape<(int)128, (int)128>, cutlass::integer_subbyte<(int)4, (bool)1>, cutlass::layout::ColumnMajorTensorOpMultiplicandCrosswise<(int)4, (int)128>, (int)1, cutlass::transform::PitchLinearWarpRakedThreadMap<cutlass::PitchLinearShape<(int)128, (int)128>, (int)128, cutlass::PitchLinearShape<(int)4, (int)8>, (int)32>, (int)16>, (cutlass::arch::CacheOperation::Kind)1, cutlass::gemm::threadblock::MmaPolicy<cutlass::gemm::warp::MmaTensorOp<cutlass::gemm::GemmShape<(int)64, (int)64, (int)128>, cutlass::integer_subbyte<(int)4, (bool)1>, cutlass::layout::RowMajorTensorOpMultiplicandCrosswise<(int)4, (int)128>, cutlass::integer_subbyte<(int)4, (bool)1>, cutlass::layout::ColumnMajorTensorOpMultiplicandCrosswise<(int)4, (int)128>, int, cutlass::layout::RowMajor, cutlass::gemm::warp::MmaTensorOpPolicy<cutlass::arch::Mma<cutlass::gemm::GemmShape<(int)16, (int)8, (int)64>, (int)32, cutlass::integer_subbyte<(int)4, (bool)1>, cutlass::layout::RowMajor, cutlass::integer_subbyte<(int)4, (bool)1>, cutlass::layout::ColumnMajor, int, cutlass::layout::RowMajor, cutlass::arch::OpMultiplyAddSaturate>, cutlass::MatrixShape<(int)1, (int)1>>, (int)1, (bool)0, bool>, cutlass::MatrixShape<(int)0, (int)0>, cutlass::MatrixShape<(int)0, (int)0>, (int)1>, (int)3, bool>, cutlass::epilogue::threadblock::EpilogueWithVisitorCallbacks<cutlass::epilogue::threadblock::Epilogue<cutlass::gemm::GemmShape<(int)128, (int)128, (int)128>, cutlass::gemm::warp::MmaTensorOp<cutlass::gemm::GemmShape<(int)64, (int)64, (int)128>, cutlass::integer_subbyte<(int)4, (bool)1>, cutlass::layout::RowMajorTensorOpMultiplicandCrosswise<(int)4, (int)128>, cutlass::integer_subbyte<(int)4, (bool)1>, cutlass::layout::ColumnMajorTensorOpMultiplicandCrosswise<(int)4, (int)128>, int, cutlass::layout::RowMajor, cutlass::gemm::warp::MmaTensorOpPolicy<cutlass::arch::Mma<cutlass::gemm::GemmShape<(int)16, (int)8, (int)64>, (int)32, cutlass::integer_subbyte<(int)4, (bool)1>, cutlass::layout::RowMajor, cutlass::integer_subbyte<(int)4, (bool)1>, cutlass::layout::ColumnMajor, int, cutlass::layout::RowMajor, cutlass::arch::OpMultiplyAddSaturate>, cutlass::MatrixShape<(int)1, (int)1>>, (int)1, (bool)0, bool>, (int)1, cutlass::epilogue::threadblock::PredicatedTileIteratorConv<cutlass::epilogue::threadblock::OutputTileOptimalThreadMap<cutlass::epilogue::threadblock::OutputTileShape<(int)128, (int)8, (int)2, (int)1, (int)1>, cutlass::epilogue::threadblock::OutputTileShape<(int)1, (int)8, (int)1, (int)1, (int)8>, (int)128, (int)8, (int)16>, cutlass::half_t, (bool)0, cutlass::layout::NoPermute, (bool)0, (int)4>, cutlass::epilogue::warp::FragmentIteratorTensorOp<cutlass::gemm::GemmShape<(int)64, (int)64, (int)128>, cutlass::gemm::GemmShape<(int)16, (int)8, (int)64>, int, cutlass::Array<int, (int)4, (bool)1>, cutlass::layout::RowMajor>, cutlass::epilogue::warp::TileIteratorTensorOpMixed<cutlass::gemm::GemmShape<(int)64, (int)64, (int)128>, cutlass::gemm::GemmShape<(int)16, (int)8, (int)64>, int, (int)32, (int)16, (int)8, (int)8, (bool)0>, cutlass::epilogue::threadblock::SharedLoadIteratorMixed<cutlass::epilogue::threadblock::OutputTileOptimalThreadMap<cutlass::epilogue::threadblock::OutputTileShape<(int)128, (int)8, (int)2, (int)1, (int)1>, cutlass::epilogue::threadblock::OutputTileShape<(int)1, (int)8, (int)1, (int)1, (int)8>, (int)128, (int)8, (int)16>::CompactedThreadMap, int, (int)32, (int)16, (int)8, (int)8, (bool)0>, cutlass::epilogue::thread::LinearCombination<cutlass::half_t, (int)8, int, float, (cutlass::epilogue::thread::ScaleType::Kind)0, (cutlass::FloatRoundStyle)2, cutlass::half_t>, cutlass::MatrixShape<(int)0, (int)8>, (int)2, (int)1>, cutlass::epilogue::threadblock::TreeVisitor2x<cutlass::epilogue::threadblock::VisitorAuxStore<cutlass::epilogue::threadblock::OutputTileThreadLayout<cutlass::gemm::GemmShape<(int)128, (int)128, (int)128>, cutlass::gemm::GemmShape<(int)64, (int)64, (int)128>, cutlass::half_t, (int)8, (int)1>, cutlass::half_t, (cutlass::FloatRoundStyle)2, cute::tuple<long, cute::C<(int)1>, long>>, cutlass::epilogue::threadblock::TreeVisitor2x<cutlass::epilogue::threadblock::VisitorCompute<cutlass::plus, float, float, (cutlass::FloatRoundStyle)2, void>, cutlass::epilogue::threadblock::TreeVisitor2x<cutlass::epilogue::threadblock::VisitorCompute<cutlass::plus, float, float, (cutlass::FloatRoundStyle)2, void>, cutlass::epilogue::threadblock::TreeVisitor2x<cutlass::epilogue::threadblock::VisitorCompute<cutlass::multiplies, float, float, (cutlass::FloatRoundStyle)2, void>, cutlass::epilogue::threadblock::TreeVisitor2x<cutlass::epilogue::threadblock::VisitorCompute<cutlass::multiplies, float, float, (cutlass::FloatRoundStyle)2, void>, cutlass::epilogue::threadblock::VisitorAccFetch, cutlass::epilogue::threadblock::VisitorScalarBroadcast<float, cute::tuple<cute::C<(int)0>, cute::C<(int)0>, cute::C<(int)0>>, (int)1, cutlass::multiplies>>, cutlass::epilogue::threadblock::VisitorRowBroadcast<cutlass::epilogue::threadblock::OutputTileThreadLayout<cutlass::gemm::GemmShape<(int)128, (int)128, (int)128>, cutlass::gemm::GemmShape<(int)64, (int)64, (int)128>, cutlass::half_t, (int)8, (int)1>, float, cute::tuple<cute::C<(int)0>, cute::C<(int)1>, int>, (bool)1>>, cutlass::epilogue::threadblock::VisitorRowBroadcast<cutlass::epilogue::threadblock::OutputTileThreadLayout<cutlass::gemm::GemmShape<(int)128, (int)128, (int)128>, cutlass::gemm::GemmShape<(int)64, (int)64, (int)128>, cutlass::half_t, (int)8, (int)1>, float, cute::tuple<cute::C<(int)0>, cute::C<(int)1>, int>, (bool)1>>, cutlass::epilogue::threadblock::VisitorAuxLoad<cutlass::epilogue::threadblock::OutputTileThreadLayout<cutlass::gemm::GemmShape<(int)128, (int)128, (int)128>, cutlass::gemm::GemmShape<(int)64, (int)64, (int)128>, cutlass::half_t, (int)8, (int)1>, cutlass::half_t, cute::tuple<long, cute::C<(int)1>, long>>>>, (int)1, (int)1>, cutlass::gemm::threadblock::GemmIdentityThreadblockSwizzle<(int)1>, (cutlass::conv::Operator)0, cutlass::conv::Conv2dProblemSize>>(T1::Params)",2383663.0
L|resblock_plain|C768|T64,sm86_xmma_fprop_implicit_gemm_f16f16_f16f32_f32_nhwckrsc_nhwc_tilesize64x128x32_stage4_warpsize2x2x1_g1_tensor16x8x16_execute_kernel__5x_cudnn,2364881.0
L|resblock_updown|C768|T16,"void at::native::<unnamed>::upsample_nearest2d_nhwc_out_frame<float, &at::native::nearest_neighbor_compute_source_index>(const T1 *, T1 *, unsigned long, unsigned long, unsigned long, unsigned long, unsigned long, float, float, unsigned long)",2270638.0
L|resblock_plain|C1536|T16,sm80_xmma_gemm_f16f16_f16f32_f32_tn_n_tilesize96x128x32_stage4_warpsize2x2x1_tensor16x8x16_kernel,2241614.0
L|resblock_updown|C384|T256,"void group_norm_silu_quantize_resize_nhwc_kernel<__half, (bool)1, (bool)0, (bool)1>(const T1 *, signed char *, const T1 *, const T1 *, const T1 *, const T1 *, const float *, const float *, int, long, int, float, bool, int, int)",2172875.0
L|resblock_plain|C1152|T16,"void cutlass::Kernel<modiff::ImplicitGemmConvolutionEVT<cutlass::conv::threadblock::ImplicitGemmMultistage<cutlass::gemm::GemmShape<(int)128, (int)128, (int)128>, cutlass::conv::threadblock::Conv2dFpropActivationTileAccessIteratorOptimized<cutlass::MatrixShape<(int)128, (int)128>, cutlass::integer_subbyte<(int)4, (bool)1>, cutlass::layout::TensorNHWC, cutlass::transform::PitchLinearWarpRakedThreadMap<cutlass::PitchLinearShape<(int)128, (int)128>, (int)128, cutlass::PitchLinearShape<(int)4, (int)8>, (int)32>, cutlass::AlignedArray<cutlass::integer_subbyte<(int)4, (bool)1>, (int)32, (int)16>>, cutlass::transform::threadblock::RegularTileAccessIterator<cutlass::MatrixShape<(int)128, (int)128>, cutlass::integer_subbyte<(int)4, (bool)1>, cutlass::layout::RowMajorTensorOpMultiplicandCrosswise<(int)4, (int)128>, (int)0, cutlass::transform::PitchLinearWarpRakedThreadMap<cutlass::PitchLinearShape<(int)128, (int)128>, (int)128, cutlass::PitchLinearShape<(int)4, (int)8>, (int)32>, (int)16>, (cutlass::arch::CacheOperation::Kind)0, cutlass::conv::threadblock::Conv2dFpropFilterTileAccessIteratorOptimized<cutlass::MatrixShape<(int)128, (int)128>, cutlass::integer_subbyte<(int)4, (bool)1>, cutlass::layout::TensorNHWC, cutlass::transform::PitchLinearWarpRakedThreadMap<cutlass::PitchLinearShape<(int)128, (int)128>, (int)128, cutlass::PitchLinearShape<(int)4, (int)8>, (int)32>, cutlass::AlignedArray<cutlass::integer_subbyte<(int)4, (bool)1>, (int)32, (int)16>, (bool)0>, cutlass::transform::threadblock::RegularTileAccessIterator<cutlass::MatrixShape<(int)128, (int)128>, cutlass::integer_subbyte<(int)4, (bool)1>, cutlass::layout::ColumnMajorTensorOpMultiplicandCrosswise<(int)4, (int)128>, (int)1, cutlass::transform::PitchLinearWarpRakedThreadMap<cutlass::PitchLinearShape<(int)128, (int)128>, (int)128, cutlass::PitchLinearShape<(int)4, (int)8>, (int)32>, (int)16>, (cutlass::arch::CacheOperation::Kind)1, cutlass::gemm::threadblock::MmaPolicy<cutlass::gemm::warp::MmaTensorOp<cutlass::gemm::GemmShape<(int)64, (int)64, (int)128>, cutlass::integer_subbyte<(int)4, (bool)1>, cutlass::layout::RowMajorTensorOpMultiplicandCrosswise<(int)4, (int)128>, cutlass::integer_subbyte<(int)4, (bool)1>, cutlass::layout::ColumnMajorTensorOpMultiplicandCrosswise<(int)4, (int)128>, int, cutlass::layout::RowMajor, cutlass::gemm::warp::MmaTensorOpPolicy<cutlass::arch::Mma<cutlass::gemm::GemmShape<(int)16, (int)8, (int)64>, (int)32, cutlass::integer_subbyte<(int)4, (bool)1>, cutlass::layout::RowMajor, cutlass::integer_subbyte<(int)4, (bool)1>, cutlass::layout::ColumnMajor, int, cutlass::layout::RowMajor, cutlass::arch::OpMultiplyAddSaturate>, cutlass::MatrixShape<(int)1, (int)1>>, (int)1, (bool)0, bool>, cutlass::MatrixShape<(int)0, (int)0>, cutlass::MatrixShape<(int)0, (int)0>, (int)1>, (int)3, bool>, cutlass::epilogue::threadblock::EpilogueWithVisitorCallbacks<cutlass::epilogue::threadblock::Epilogue<cutlass::gemm::GemmShape<(int)128, (int)128, (int)128>, cutlass::gemm::warp::MmaTensorOp<cutlass::gemm::GemmShape<(int)64, (int)64, (int)128>, cutlass::integer_subbyte<(int)4, (bool)1>, cutlass::layout::RowMajorTensorOpMultiplicandCrosswise<(int)4, (int)128>, cutlass::integer_subbyte<(int)4, (bool)1>, cutlass::layout::ColumnMajorTensorOpMultiplicandCrosswise<(int)4, (int)128>, int, cutlass::layout::RowMajor, cutlass::gemm::warp::MmaTensorOpPolicy<cutlass::arch::Mma<cutlass::gemm::GemmShape<(int)16, (int)8, (int)64>, (int)32, cutlass::integer_subbyte<(int)4, (bool)1>, cutlass::layout::RowMajor, cutlass::integer_subbyte<(int)4, (bool)1>, cutlass::layout::ColumnMajor, int, cutlass::layout::RowMajor, cutlass::arch::OpMultiplyAddSaturate>, cutlass::MatrixShape<(int)1, (int)1>>, (int)1, (bool)0, bool>, (int)1, cutlass::epilogue::threadblock::PredicatedTileIteratorConv<cutlass::epilogue::threadblock::OutputTileOptimalThreadMap<cutlass::epilogue::threadblock::OutputTileShape<(int)128, (int)8, (int)2, (int)1, (int)1>, cutlass::epilogue::threadblock::OutputTileShape<(int)1, (int)8, (int)1, (int)1, (int)8>, (int)128, (int)8, (int)16>, cutlass::half_t, (bool)0, cutlass::layout::NoPermute, (bool)0, (int)4>, cutlass::epilogue::warp::FragmentIteratorTensorOp<cutlass::gemm::GemmShape<(int)64, (int)64, (int)128>, cutlass::gemm::GemmShape<(int)16, (int)8, (int)64>, int, cutlass::Array<int, (int)4, (bool)1>, cutlass::layout::RowMajor>, cutlass::epilogue::warp::TileIteratorTensorOpMixed<cutlass::gemm::GemmShape<(int)64, (int)64, (int)128>, cutlass::gemm::GemmShape<(int)16, (int)8, (int)64>, int, (int)32, (int)16, (int)8, (int)8, (bool)0>, cutlass::epilogue::threadblock::SharedLoadIteratorMixed<cutlass::epilogue::threadblock::OutputTileOptimalThreadMap<cutlass::epilogue::threadblock::OutputTileShape<(int)128, (int)8, (int)2, (int)1, (int)1>, cutlass::epilogue::threadblock::OutputTileShape<(int)1, (int)8, (int)1, (int)1, (int)8>, (int)128, (int)8, (int)16>::CompactedThreadMap, int, (int)32, (int)16, (int)8, (int)8, (bool)0>, cutlass::epilogue::thread::LinearCombination<cutlass::half_t, (int)8, int, float, (cutlass::epilogue::thread::ScaleType::Kind)0, (cutlass::FloatRoundStyle)2, cutlass::half_t>, cutlass::MatrixShape<(int)0, (int)8>, (int)2, (int)1>, cutlass::epilogue::threadblock::TreeVisitor2x<cutlass::epilogue::threadblock::VisitorAuxStore<cutlass::epilogue::threadblock::OutputTileThreadLayout<cutlass::gemm::GemmShape<(int)128, (int)128, (int)128>, cutlass::gemm::GemmShape<(int)64, (int)64, (int)128>, cutlass::half_t, (int)8, (int)1>, cutlass::half_t, (cutlass::FloatRoundStyle)2, cute::tuple<long, cute::C<(int)1>, long>>, cutlass::epilogue::threadblock::TreeVisitor2x<cutlass::epilogue::threadblock::VisitorCompute<cutlass::plus, float, float, (cutlass::FloatRoundStyle)2, void>, cutlass::epilogue::threadblock::TreeVisitor2x<cutlass::epilogue::threadblock::VisitorCompute<cutlass::multiplies, float, float, (cutlass::FloatRoundStyle)2, void>, cutlass::epilogue::threadblock::TreeVisitor2x<cutlass::epilogue::threadblock::VisitorCompute<cutlass::multiplies, float, float, (cutlass::FloatRoundStyle)2, void>, cutlass::epilogue::threadblock::VisitorAccFetch, cutlass::epilogue::threadblock::VisitorScalarBroadcast<float, cute::tuple<cute::C<(int)0>, cute::C<(int)0>, cute::C<(int)0>>, (int)1, cutlass::multiplies>>, cutlass::epilogue::threadblock::VisitorRowBroadcast<cutlass::epilogue::threadblock::OutputTileThreadLayout<cutlass::gemm::GemmShape<(int)128, (int)128, (int)128>, cutlass::gemm::GemmShape<(int)64, (int)64, (int)128>, cutlass::half_t, (int)8, (int)1>, float, cute::tuple<cute::C<(int)0>, cute::C<(int)1>, int>, (bool)1>>, cutlass::epilogue::threadblock::VisitorRowBroadcast<cutlass::epilogue::threadblock::OutputTileThreadLayout<cutlass::gemm::GemmShape<(int)128, (int)128, (int)128>, cutlass::gemm::GemmShape<(int)64, (int)64, (int)128>, cutlass::half_t, (int)8, (int)1>, float, cute::tuple<cute::C<(int)0>, cute::C<(int)1>, int>, (bool)1>>>, (int)1, (int)1>, cutlass::gemm::threadblock::GemmIdentityThreadblockSwizzle<(int)1>, (cutlass::conv::Operator)0, cutlass::conv::Conv2dProblemSize>>(T1::Params)",2127948.0
L|resblock_updown|C192|T1024,"void cutlass::Kernel<modiff::ImplicitGemmConvolutionEVT<cutlass::conv::threadblock::ImplicitGemmMultistage<cutlass::gemm::GemmShape<(int)128, (int)128, (int)128>, cutlass::conv::threadblock::Conv2dFpropActivationTileAccessIteratorOptimized<cutlass::MatrixShape<(int)128, (int)128>, cutlass::integer_subbyte<(int)4, (bool)1>, cutlass::layout::TensorNHWC, cutlass::transform::PitchLinearWarpRakedThreadMap<cutlass::PitchLinearShape<(int)128, (int)128>, (int)128, cutlass::PitchLinearShape<(int)4, (int)8>, (int)32>, cutlass::AlignedArray<cutlass::integer_subbyte<(int)4, (bool)1>, (int)32, (int)16>>, cutlass::transform::threadblock::RegularTileAccessIterator<cutlass::MatrixShape<(int)128, (int)128>, cutlass::integer_subbyte<(int)4, (bool)1>, cutlass::layout::RowMajorTensorOpMultiplicandCrosswise<(int)4, (int)128>, (int)0, cutlass::transform::PitchLinearWarpRakedThreadMap<cutlass::PitchLinearShape<(int)128, (int)128>, (int)128, cutlass::PitchLinearShape<(int)4, (int)8>, (int)32>, (int)16>, (cutlass::arch::CacheOperation::Kind)0, cutlass::conv::threadblock::Conv2dFpropFilterTileAccessIteratorOptimized<cutlass::MatrixShape<(int)128, (int)128>, cutlass::integer_subbyte<(int)4, (bool)1>, cutlass::layout::TensorNHWC, cutlass::transform::PitchLinearWarpRakedThreadMap<cutlass::PitchLinearShape<(int)128, (int)128>, (int)128, cutlass::PitchLinearShape<(int)4, (int)8>, (int)32>, cutlass::AlignedArray<cutlass::integer_subbyte<(int)4, (bool)1>, (int)32, (int)16>, (bool)0>, cutlass::transform::threadblock::RegularTileAccessIterator<cutlass::MatrixShape<(int)128, (int)128>, cutlass::integer_subbyte<(int)4, (bool)1>, cutlass::layout::ColumnMajorTensorOpMultiplicandCrosswise<(int)4, (int)128>, (int)1, cutlass::transform::PitchLinearWarpRakedThreadMap<cutlass::PitchLinearShape<(int)128, (int)128>, (int)128, cutlass::PitchLinearShape<(int)4, (int)8>, (int)32>, (int)16>, (cutlass::arch::CacheOperation::Kind)1, cutlass::gemm::threadblock::MmaPolicy<cutlass::gemm::warp::MmaTensorOp<cutlass::gemm::GemmShape<(int)64, (int)64, (int)128>, cutlass::integer_subbyte<(int)4, (bool)1>, cutlass::layout::RowMajorTensorOpMultiplicandCrosswise<(int)4, (int)128>, cutlass::integer_subbyte<(int)4, (bool)1>, cutlass::layout::ColumnMajorTensorOpMultiplicandCrosswise<(int)4, (int)128>, int, cutlass::layout::RowMajor, cutlass::gemm::warp::MmaTensorOpPolicy<cutlass::arch::Mma<cutlass::gemm::GemmShape<(int)16, (int)8, (int)64>, (int)32, cutlass::integer_subbyte<(int)4, (bool)1>, cutlass::layout::RowMajor, cutlass::integer_subbyte<(int)4, (bool)1>, cutlass::layout::ColumnMajor, int, cutlass::layout::RowMajor, cutlass::arch::OpMultiplyAddSaturate>, cutlass::MatrixShape<(int)1, (int)1>>, (int)1, (bool)0, bool>, cutlass::MatrixShape<(int)0, (int)0>, cutlass::MatrixShape<(int)0, (int)0>, (int)1>, (int)3, bool>, cutlass::epilogue::threadblock::EpilogueWithVisitorCallbacks<cutlass::epilogue::threadblock::Epilogue<cutlass::gemm::GemmShape<(int)128, (int)128, (int)128>, cutlass::gemm::warp::MmaTensorOp<cutlass::gemm::GemmShape<(int)64, (int)64, (int)128>, cutlass::integer_subbyte<(int)4, (bool)1>, cutlass::layout::RowMajorTensorOpMultiplicandCrosswise<(int)4, (int)128>, cutlass::integer_subbyte<(int)4, (bool)1>, cutlass::layout::ColumnMajorTensorOpMultiplicandCrosswise<(int)4, (int)128>, int, cutlass::layout::RowMajor, cutlass::gemm::warp::MmaTensorOpPolicy<cutlass::arch::Mma<cutlass::gemm::GemmShape<(int)16, (int)8, (int)64>, (int)32, cutlass::integer_subbyte<(int)4, (bool)1>, cutlass::layout::RowMajor, cutlass::integer_subbyte<(int)4, (bool)1>, cutlass::layout::ColumnMajor, int, cutlass::layout::RowMajor, cutlass::arch::OpMultiplyAddSaturate>, cutlass::MatrixShape<(int)1, (int)1>>, (int)1, (bool)0, bool>, (int)1, cutlass::epilogue::threadblock::PredicatedTileIteratorConv<cutlass::epilogue::threadblock::OutputTileOptimalThreadMap<cutlass::epilogue::threadblock::OutputTileShape<(int)128, (int)8, (int)2, (int)1, (int)1>, cutlass::epilogue::threadblock::OutputTileShape<(int)1, (int)8, (int)1, (int)1, (int)8>, (int)128, (int)8, (int)16>, cutlass::half_t, (bool)0, cutlass::layout::NoPermute, (bool)0, (int)4>, cutlass::epilogue::warp::FragmentIteratorTensorOp<cutlass::gemm::GemmShape<(int)64, (int)64, (int)128>, cutlass::gemm::GemmShape<(int)16, (int)8, (int)64>, int, cutlass::Array<int, (int)4, (bool)1>, cutlass::layout::RowMajor>, cutlass::epilogue::warp::TileIteratorTensorOpMixed<cutlass::gemm::GemmShape<(int)64, (int)64, (int)128>, cutlass::gemm::GemmShape<(int)16, (int)8, (int)64>, int, (int)32, (int)16, (int)8, (int)8, (bool)0>, cutlass::epilogue::threadblock::SharedLoadIteratorMixed<cutlass::epilogue::threadblock::OutputTileOptimalThreadMap<cutlass::epilogue::threadblock::OutputTileShape<(int)128, (int)8, (int)2, (int)1, (int)1>, cutlass::epilogue::threadblock::OutputTileShape<(int)1, (int)8, (int)1, (int)1, (int)8>, (int)128, (int)8, (int)16>::CompactedThreadMap, int, (int)32, (int)16, (int)8, (int)8, (bool)0>, cutlass::epilogue::thread::LinearCombination<cutlass::half_t, (int)8, int, float, (cutlass::epilogue::thread::ScaleType::Kind)0, (cutlass::FloatRoundStyle)2, cutlass::half_t>, cutlass::MatrixShape<(int)0, (int)8>, (int)2, (int)1>, cutlass::epilogue::threadblock::TreeVisitor2x<cutlass::epilogue::threadblock::VisitorAuxStore<cutlass::epilogue::threadblock::OutputTileThreadLayout<cutlass::gemm::GemmShape<(int)128, (int)128, (int)128>, cutlass::gemm::GemmShape<(int)64, (int)64, (int)128>, cutlass::half_t, (int)8, (int)1>, cutlass::half_t, (cutlass::FloatRoundStyle)2, cute::tuple<long, cute::C<(int)1>, long>>, cutlass::epilogue::threadblock::TreeVisitor2x<cutlass::epilogue::threadblock::VisitorCompute<cutlass::plus, float, float, (cutlass::FloatRoundStyle)2, void>, cutlass::epilogue::threadblock::TreeVisitor2x<cutlass::epilogue::threadblock::VisitorCompute<cutlass::plus, float, float, (cutlass::FloatRoundStyle)2, void>, cutlass::epilogue::threadblock::TreeVisitor2x<cutlass::epilogue::threadblock::VisitorCompute<cutlass::multiplies, float, float, (cutlass::FloatRoundStyle)2, void>, cutlass::epilogue::threadblock::TreeVisitor2x<cutlass::epilogue::threadblock::VisitorCompute<cutlass::multiplies, float, float, (cutlass::FloatRoundStyle)2, void>, cutlass::epilogue::threadblock::VisitorAccFetch, cutlass::epilogue::threadblock::VisitorScalarBroadcast<float, cute::tuple<cute::C<(int)0>, cute::C<(int)0>, cute::C<(int)0>>, (int)1, cutlass::multiplies>>, cutlass::epilogue::threadblock::VisitorRowBroadcast<cutlass::epilogue::threadblock::OutputTileThreadLayout<cutlass::gemm::GemmShape<(int)128, (int)128, (int)128>, cutlass::gemm::GemmShape<(int)64, (int)64, (int)128>, cutlass::half_t, (int)8, (int)1>, float, cute::tuple<cute::C<(int)0>, cute::C<(int)1>, int>, (bool)1>>, cutlass::epilogue::threadblock::VisitorRowBroadcast<cutlass::epilogue::threadblock::OutputTileThreadLayout<cutlass::gemm::GemmShape<(int)128, (int)128, (int)128>, cutlass::gemm::GemmShape<(int)64, (int)64, (int)128>, cutlass::half_t, (int)8, (int)1>, float, cute::tuple<cute::C<(int)0>, cute::C<(int)1>, int>, (bool)1>>, cutlass::epilogue::threadblock::VisitorAuxLoad<cutlass::epilogue::threadblock::OutputTileThreadLayout<cutlass::gemm::GemmShape<(int)128, (int)128, (int)128>, cutlass::gemm::GemmShape<(int)64, (int)64, (int)128>, cutlass::half_t, (int)8, (int)1>, cutlass::half_t, cute::tuple<long, cute::C<(int)1>, long>>>>, (int)1, (int)1>, cutlass::gemm::threadblock::GemmIdentityThreadblockSwizzle<(int)1>, (cutlass::conv::Operator)0, cutlass::conv::Conv2dProblemSize>>(T1::Params)",1988425.0
L|resblock_plain|C192|T256,"void at::native::elementwise_kernel<(int)128, (int)4, void at::native::gpu_kernel_impl_nocast<at::native::CUDAFunctor_add<c10::Half>>(at::TensorIteratorBase &, const T1 &)::[lambda(int) (instance 1)]>(int, T3)",1952651.0
L|resblock_plain|C576|T256,"void at::native::elementwise_kernel<(int)128, (int)4, void at::native::gpu_kernel_impl_nocast<at::native::CUDAFunctor_add<c10::Half>>(at::TensorIteratorBase &, const T1 &)::[lambda(int) (instance 1)]>(int, T3)",1950317.0
L|resblock_updown|C192|T1024,"void cutlass::Kernel<modiff::ImplicitGemmConvolutionEVT<cutlass::conv::threadblock::ImplicitGemmMultistage<cutlass::gemm::GemmShape<(int)128, (int)128, (int)128>, cutlass::conv::threadblock::Conv2dFpropActivationTileAccessIteratorOptimized<cutlass::MatrixShape<(int)128, (int)128>, cutlass::integer_subbyte<(int)4, (bool)1>, cutlass::layout::TensorNHWC, cutlass::transform::PitchLinearWarpRakedThreadMap<cutlass::PitchLinearShape<(int)128, (int)128>, (int)128, cutlass::PitchLinearShape<(int)4, (int)8>, (int)32>, cutlass::AlignedArray<cutlass::integer_subbyte<(int)4, (bool)1>, (int)32, (int)16>>, cutlass::transform::threadblock::RegularTileAccessIterator<cutlass::MatrixShape<(int)128, (int)128>, cutlass::integer_subbyte<(int)4, (bool)1>, cutlass::layout::RowMajorTensorOpMultiplicandCrosswise<(int)4, (int)128>, (int)0, cutlass::transform::PitchLinearWarpRakedThreadMap<cutlass::PitchLinearShape<(int)128, (int)128>, (int)128, cutlass::PitchLinearShape<(int)4, (int)8>, (int)32>, (int)16>, (cutlass::arch::CacheOperation::Kind)0, cutlass::conv::threadblock::Conv2dFpropFilterTileAccessIteratorOptimized<cutlass::MatrixShape<(int)128, (int)128>, cutlass::integer_subbyte<(int)4, (bool)1>, cutlass::layout::TensorNHWC, cutlass::transform::PitchLinearWarpRakedThreadMap<cutlass::PitchLinearShape<(int)128, (int)128>, (int)128, cutlass::PitchLinearShape<(int)4, (int)8>, (int)32>, cutlass::AlignedArray<cutlass::integer_subbyte<(int)4, (bool)1>, (int)32, (int)16>, (bool)0>, cutlass::transform::threadblock::RegularTileAccessIterator<cutlass::MatrixShape<(int)128, (int)128>, cutlass::integer_subbyte<(int)4, (bool)1>, cutlass::layout::ColumnMajorTensorOpMultiplicandCrosswise<(int)4, (int)128>, (int)1, cutlass::transform::PitchLinearWarpRakedThreadMap<cutlass::PitchLinearShape<(int)128, (int)128>, (int)128, cutlass::PitchLinearShape<(int)4, (int)8>, (int)32>, (int)16>, (cutlass::arch::CacheOperation::Kind)1, cutlass::gemm::threadblock::MmaPolicy<cutlass::gemm::warp::MmaTensorOp<cutlass::gemm::GemmShape<(int)64, (int)64, (int)128>, cutlass::integer_subbyte<(int)4, (bool)1>, cutlass::layout::RowMajorTensorOpMultiplicandCrosswise<(int)4, (int)128>, cutlass::integer_subbyte<(int)4, (bool)1>, cutlass::layout::ColumnMajorTensorOpMultiplicandCrosswise<(int)4, (int)128>, int, cutlass::layout::RowMajor, cutlass::gemm::warp::MmaTensorOpPolicy<cutlass::arch::Mma<cutlass::gemm::GemmShape<(int)16, (int)8, (int)64>, (int)32, cutlass::integer_subbyte<(int)4, (bool)1>, cutlass::layout::RowMajor, cutlass::integer_subbyte<(int)4, (bool)1>, cutlass::layout::ColumnMajor, int, cutlass::layout::RowMajor, cutlass::arch::OpMultiplyAddSaturate>, cutlass::MatrixShape<(int)1, (int)1>>, (int)1, (bool)0, bool>, cutlass::MatrixShape<(int)0, (int)0>, cutlass::MatrixShape<(int)0, (int)0>, (int)1>, (int)3, bool>, cutlass::epilogue::threadblock::EpilogueWithVisitorCallbacks<cutlass::epilogue::threadblock::Epilogue<cutlass::gemm::GemmShape<(int)128, (int)128, (int)128>, cutlass::gemm::warp::MmaTensorOp<cutlass::gemm::GemmShape<(int)64, (int)64, (int)128>, cutlass::integer_subbyte<(int)4, (bool)1>, cutlass::layout::RowMajorTensorOpMultiplicandCrosswise<(int)4, (int)128>, cutlass::integer_subbyte<(int)4, (bool)1>, cutlass::layout::ColumnMajorTensorOpMultiplicandCrosswise<(int)4, (int)128>, int, cutlass::layout::RowMajor, cutlass::gemm::warp::MmaTensorOpPolicy<cutlass::arch::Mma<cutlass::gemm::GemmShape<(int)16, (int)8, (int)64>, (int)32, cutlass::integer_subbyte<(int)4, (bool)1>, cutlass::layout::RowMajor, cutlass::integer_subbyte<(int)4, (bool)1>, cutlass::layout::ColumnMajor, int, cutlass::layout::RowMajor, cutlass::arch::OpMultiplyAddSaturate>, cutlass::MatrixShape<(int)1, (int)1>>, (int)1, (bool)0, bool>, (int)1, cutlass::epilogue::threadblock::PredicatedTileIteratorConv<cutlass::epilogue::threadblock::OutputTileOptimalThreadMap<cutlass::epilogue::threadblock::OutputTileShape<(int)128, (int)8, (int)2, (int)1, (int)1>, cutlass::epilogue::threadblock::OutputTileShape<(int)1, (int)8, (int)1, (int)1, (int)8>, (int)128, (int)8, (int)16>, cutlass::half_t, (bool)0, cutlass::layout::NoPermute, (bool)0, (int)4>, cutlass::epilogue::warp::FragmentIteratorTensorOp<cutlass::gemm::GemmShape<(int)64, (int)64, (int)128>, cutlass::gemm::GemmShape<(int)16, (int)8, (int)64>, int, cutlass::Array<int, (int)4, (bool)1>, cutlass::layout::RowMajor>, cutlass::epilogue::warp::TileIteratorTensorOpMixed<cutlass::gemm::GemmShape<(int)64, (int)64, (int)128>, cutlass::gemm::GemmShape<(int)16, (int)8, (int)64>, int, (int)32, (int)16, (int)8, (int)8, (bool)0>, cutlass::epilogue::threadblock::SharedLoadIteratorMixed<cutlass::epilogue::threadblock::OutputTileOptimalThreadMap<cutlass::epilogue::threadblock::OutputTileShape<(int)128, (int)8, (int)2, (int)1, (int)1>, cutlass::epilogue::threadblock::OutputTileShape<(int)1, (int)8, (int)1, (int)1, (int)8>, (int)128, (int)8, (int)16>::CompactedThreadMap, int, (int)32, (int)16, (int)8, (int)8, (bool)0>, cutlass::epilogue::thread::LinearCombination<cutlass::half_t, (int)8, int, float, (cutlass::epilogue::thread::ScaleType::Kind)0, (cutlass::FloatRoundStyle)2, cutlass::half_t>, cutlass::MatrixShape<(int)0, (int)8>, (int)2, (int)1>, cutlass::epilogue::threadblock::TreeVisitor2x<cutlass::epilogue::threadblock::VisitorAuxStore<cutlass::epilogue::threadblock::OutputTileThreadLayout<cutlass::gemm::GemmShape<(int)128, (int)128, (int)128>, cutlass::gemm::GemmShape<(int)64, (int)64, (int)128>, cutlass::half_t, (int)8, (int)1>, cutlass::half_t, (cutlass::FloatRoundStyle)2, cute::tuple<long, cute::C<(int)1>, long>>, cutlass::epilogue::threadblock::TreeVisitor2x<cutlass::epilogue::threadblock::VisitorCompute<cutlass::plus, float, float, (cutlass::FloatRoundStyle)2, void>, cutlass::epilogue::threadblock::TreeVisitor2x<cutlass::epilogue::threadblock::VisitorCompute<cutlass::multiplies, float, float, (cutlass::FloatRoundStyle)2, void>, cutlass::epilogue::threadblock::TreeVisitor2x<cutlass::epilogue::threadblock::VisitorCompute<cutlass::multiplies, float, float, (cutlass::FloatRoundStyle)2, void>, cutlass::epilogue::threadblock::VisitorAccFetch, cutlass::epilogue::threadblock::VisitorScalarBroadcast<float, cute::tuple<cute::C<(int)0>, cute::C<(int)0>, cute::C<(int)0>>, (int)1, cutlass::multiplies>>, cutlass::epilogue::threadblock::VisitorRowBroadcast<cutlass::epilogue::threadblock::OutputTileThreadLayout<cutlass::gemm::GemmShape<(int)128, (int)128, (int)128>, cutlass::gemm::GemmShape<(int)64, (int)64, (int)128>, cutlass::half_t, (int)8, (int)1>, float, cute::tuple<cute::C<(int)0>, cute::C<(int)1>, int>, (bool)1>>, cutlass::epilogue::threadblock::VisitorRowBroadcast<cutlass::epilogue::threadblock::OutputTileThreadLayout<cutlass::gemm::GemmShape<(int)128, (int)128, (int)128>, cutlass::gemm::GemmShape<(int)64, (int)64, (int)128>, cutlass::half_t, (int)8, (int)1>, float, cute::tuple<cute::C<(int)0>, cute::C<(int)1>, int>, (bool)1>>>, (int)1, (int)1>, cutlass::gemm::threadblock::GemmIdentityThreadblockSwizzle<(int)1>, (cutlass::conv::Operator)0, cutlass::conv::Conv2dProblemSize>>(T1::Params)",1942989.0
,sm80_xmma_fprop_implicit_gemm_indexed_wo_smem_f16f16_f16f32_f32_nhwckrsc_nhwc_tilesize128x32x64_stage1_warpsize4x1x1_g1_tensor16x8x16_aligna4_alignc4_execute_kernel__5x_cudnn,1925643.0
L|attention|C768|T16,"void group_norm_silu_quantize_pack_nhwc_vec2_kernel<__half, (bool)1>(const T1 *, signed char *, const T1 *, const T1 *, const T1 *, const T1 *, const float *, const float *, int, long, int, float, bool, int)",1808942.0
L|resblock_plain|C384|T16,"void group_norm_silu_quantize_pack_nhwc_vec2_kernel<__half, (bool)0>(const T1 *, signed char *, const T1 *, const T1 *, const T1 *, const T1 *, const float *, const float *, int, long, int, float, bool, int)",1771655.0
L|resblock_plain|C1152|T64,sm86_xmma_fprop_implicit_gemm_f16f16_f16f32_f32_nhwckrsc_nhwc_tilesize128x128x32_stage3_warpsize2x2x1_g1_tensor16x8x16_execute_kernel__5x_cudnn,1588646.0
L|resblock_plain|C192|T256,sm86_xmma_fprop_implicit_gemm_f16f16_f16f32_f32_nhwckrsc_nhwc_tilesize64x128x32_stage4_warpsize2x2x1_g1_tensor16x8x16_execute_kernel__5x_cudnn,1515723.0
L|resblock_updown|C768|T4,"void cutlass::Kernel<modiff::ImplicitGemmConvolutionEVT<cutlass::conv::threadblock::ImplicitGemmMultistage<cutlass::gemm::GemmShape<(int)128, (int)128, (int)128>, cutlass::conv::threadblock::Conv2dFpropActivationTileAccessIteratorOptimized<cutlass::MatrixShape<(int)128, (int)128>, cutlass::integer_subbyte<(int)4, (bool)1>, cutlass::layout::TensorNHWC, cutlass::transform::PitchLinearWarpRakedThreadMap<cutlass::PitchLinearShape<(int)128, (int)128>, (int)128, cutlass::PitchLinearShape<(int)4, (int)8>, (int)32>, cutlass::AlignedArray<cutlass::integer_subbyte<(int)4, (bool)1>, (int)32, (int)16>>, cutlass::transform::threadblock::RegularTileAccessIterator<cutlass::MatrixShape<(int)128, (int)128>, cutlass::integer_subbyte<(int)4, (bool)1>, cutlass::layout::RowMajorTensorOpMultiplicandCrosswise<(int)4, (int)128>, (int)0, cutlass::transform::PitchLinearWarpRakedThreadMap<cutlass::PitchLinearShape<(int)128, (int)128>, (int)128, cutlass::PitchLinearShape<(int)4, (int)8>, (int)32>, (int)16>, (cutlass::arch::CacheOperation::Kind)0, cutlass::conv::threadblock::Conv2dFpropFilterTileAccessIteratorOptimized<cutlass::MatrixShape<(int)128, (int)128>, cutlass::integer_subbyte<(int)4, (bool)1>, cutlass::layout::TensorNHWC, cutlass::transform::PitchLinearWarpRakedThreadMap<cutlass::PitchLinearShape<(int)128, (int)128>, (int)128, cutlass::PitchLinearShape<(int)4, (int)8>, (int)32>, cutlass::AlignedArray<cutlass::integer_subbyte<(int)4, (bool)1>, (int)32, (int)16>, (bool)0>, cutlass::transform::threadblock::RegularTileAccessIterator<cutlass::MatrixShape<(int)128, (int)128>, cutlass::integer_subbyte<(int)4, (bool)1>, cutlass::layout::ColumnMajorTensorOpMultiplicandCrosswise<(int)4, (int)128>, (int)1, cutlass::transform::PitchLinearWarpRakedThreadMap<cutlass::PitchLinearShape<(int)128, (int)128>, (int)128, cutlass::PitchLinearShape<(int)4, (int)8>, (int)32>, (int)16>, (cutlass::arch::CacheOperation::Kind)1, cutlass::gemm::threadblock::MmaPolicy<cutlass::gemm::warp::MmaTensorOp<cutlass::gemm::GemmShape<(int)64, (int)64, (int)128>, cutlass::integer_subbyte<(int)4, (bool)1>, cutlass::layout::RowMajorTensorOpMultiplicandCrosswise<(int)4, (int)128>, cutlass::integer_subbyte<(int)4, (bool)1>, cutlass::layout::ColumnMajorTensorOpMultiplicandCrosswise<(int)4, (int)128>, int, cutlass::layout::RowMajor, cutlass::gemm::warp::MmaTensorOpPolicy<cutlass::arch::Mma<cutlass::gemm::GemmShape<(int)16, (int)8, (int)64>, (int)32, cutlass::integer_subbyte<(int)4, (bool)1>, cutlass::layout::RowMajor, cutlass::integer_subbyte<(int)4, (bool)1>, cutlass::layout::ColumnMajor, int, cutlass::layout::RowMajor, cutlass::arch::OpMultiplyAddSaturate>, cutlass::MatrixShape<(int)1, (int)1>>, (int)1, (bool)0, bool>, cutlass::MatrixShape<(int)0, (int)0>, cutlass::MatrixShape<(int)0, (int)0>, (int)1>, (int)3, bool>, cutlass::epilogue::threadblock::EpilogueWithVisitorCallbacks<cutlass::epilogue::threadblock::Epilogue<cutlass::gemm::GemmShape<(int)128, (int)128, (int)128>, cutlass::gemm::warp::MmaTensorOp<cutlass::gemm::GemmShape<(int)64, (int)64, (int)128>, cutlass::integer_subbyte<(int)4, (bool)1>, cutlass::layout::RowMajorTensorOpMultiplicandCrosswise<(int)4, (int)128>, cutlass::integer_subbyte<(int)4, (bool)1>, cutlass::layout::ColumnMajorTensorOpMultiplicandCrosswise<(int)4, (int)128>, int, cutlass::layout::RowMajor, cutlass::gemm::warp::MmaTensorOpPolicy<cutlass::arch::Mma<cutlass::gemm::GemmShape<(int)16, (int)8, (int)64>, (int)32, cutlass::integer_subbyte<(int)4, (bool)1>, cutlass::layout::RowMajor, cutlass::integer_subbyte<(int)4, (bool)1>, cutlass::layout::ColumnMajor, int, cutlass::layout::RowMajor, cutlass::arch::OpMultiplyAddSaturate>, cutlass::MatrixShape<(int)1, (int)1>>, (int)1, (bool)0, bool>, (int)1, cutlass::epilogue::threadblock::PredicatedTileIteratorConv<cutlass::epilogue::threadblock::OutputTileOptimalThreadMap<cutlass::epilogue::threadblock::OutputTileShape<(int)128, (int)8, (int)2, (int)1, (int)1>, cutlass::epilogue::threadblock::OutputTileShape<(int)1, (int)8, (int)1, (int)1, (int)8>, (int)128, (int)8, (int)16>, cutlass::half_t, (bool)0, cutlass::layout::NoPermute, (bool)0, (int)4>, cutlass::epilogue::warp::FragmentIteratorTensorOp<cutlass::gemm::GemmShape<(int)64, (int)64, (int)128>, cutlass::gemm::GemmShape<(int)16, (int)8, (int)64>, int, cutlass::Array<int, (int)4, (bool)1>, cutlass::layout::RowMajor>, cutlass::epilogue::warp::TileIteratorTensorOpMixed<cutlass::gemm::GemmShape<(int)64, (int)64, (int)128>, cutlass::gemm::GemmShape<(int)16, (int)8, (int)64>, int, (int)32, (int)16, (int)8, (int)8, (bool)0>, cutlass::epilogue::threadblock::SharedLoadIteratorMixed<cutlass::epilogue::threadblock::OutputTileOptimalThreadMap<cutlass::epilogue::threadblock::OutputTileShape<(int)128, (int)8, (int)2, (int)1, (int)1>, cutlass::epilogue::threadblock::OutputTileShape<(int)1, (int)8, (int)1, (int)1, (int)8>, (int)128, (int)8, (int)16>::CompactedThreadMap, int, (int)32, (int)16, (int)8, (int)8, (bool)0>, cutlass::epilogue::thread::LinearCombination<cutlass::half_t, (int)8, int, float, (cutlass::epilogue::thread::ScaleType::Kind)0, (cutlass::FloatRoundStyle)2, cutlass::half_t>, cutlass::MatrixShape<(int)0, (int)8>, (int)2, (int)1>, cutlass::epilogue::threadblock::TreeVisitor2x<cutlass::epilogue::threadblock::VisitorAuxStore<cutlass::epilogue::threadblock::OutputTileThreadLayout<cutlass::gemm::GemmShape<(int)128, (int)128, (int)128>, cutlass::gemm::GemmShape<(int)64, (int)64, (int)128>, cutlass::half_t, (int)8, (int)1>, cutlass::half_t, (cutlass::FloatRoundStyle)2, cute::tuple<long, cute::C<(int)1>, long>>, cutlass::epilogue::threadblock::TreeVisitor2x<cutlass::epilogue::threadblock::VisitorCompute<cutlass::plus, float, float, (cutlass::FloatRoundStyle)2, void>, cutlass::epilogue::threadblock::TreeVisitor2x<cutlass::epilogue::threadblock::VisitorCompute<cutlass::plus, float, float, (cutlass::FloatRoundStyle)2, void>, cutlass::epilogue::threadblock::TreeVisitor2x<cutlass::epilogue::threadblock::VisitorCompute<cutlass::multiplies, float, float, (cutlass::FloatRoundStyle)2, void>, cutlass::epilogue::threadblock::TreeVisitor2x<cutlass::epilogue::threadblock::VisitorCompute<cutlass::multiplies, float, float, (cutlass::FloatRoundStyle)2, void>, cutlass::epilogue::threadblock::VisitorAccFetch, cutlass::epilogue::threadblock::VisitorScalarBroadcast<float, cute::tuple<cute::C<(int)0>, cute::C<(int)0>, cute::C<(int)0>>, (int)1, cutlass::multiplies>>, cutlass::epilogue::threadblock::VisitorRowBroadcast<cutlass::epilogue::threadblock::OutputTileThreadLayout<cutlass::gemm::GemmShape<(int)128, (int)128, (int)128>, cutlass::gemm::GemmShape<(int)64, (int)64, (int)128>, cutlass::half_t, (int)8, (int)1>, float, cute::tuple<cute::C<(int)0>, cute::C<(int)1>, int>, (bool)1>>, cutlass::epilogue::threadblock::VisitorRowBroadcast<cutlass::epilogue::threadblock::OutputTileThreadLayout<cutlass::gemm::GemmShape<(int)128, (int)128, (int)128>, cutlass::gemm::GemmShape<(int)64, (int)64, (int)128>, cutlass::half_t, (int)8, (int)1>, float, cute::tuple<cute::C<(int)0>, cute::C<(int)1>, int>, (bool)1>>, cutlass::epilogue::threadblock::VisitorAuxLoad<cutlass::epilogue::threadblock::OutputTileThreadLayout<cutlass::gemm::GemmShape<(int)128, (int)128, (int)128>, cutlass::gemm::GemmShape<(int)64, (int)64, (int)128>, cutlass::half_t, (int)8, (int)1>, cutlass::half_t, cute::tuple<long, cute::C<(int)1>, long>>>>, (int)1, (int)1>, cutlass::gemm::threadblock::GemmIdentityThreadblockSwizzle<(int)1>, (cutlass::conv::Operator)0, cutlass::conv::Conv2dProblemSize>>(T1::Params)",1498890.0
L|resblock_plain|C384|T16,"void cutlass::Kernel<modiff::ImplicitGemmConvolutionEVT<cutlass::conv::threadblock::ImplicitGemmMultistage<cutlass::gemm::GemmShape<(int)128, (int)128, (int)128>, cutlass::conv::threadblock::Conv2dFpropActivationTileAccessIteratorOptimized<cutlass::MatrixShape<(int)128, (int)128>, cutlass::integer_subbyte<(int)4, (bool)1>, cutlass::layout::TensorNHWC, cutlass::transform::PitchLinearWarpRakedThreadMap<cutlass::PitchLinearShape<(int)128, (int)128>, (int)128, cutlass::PitchLinearShape<(int)4, (int)8>, (int)32>, cutlass::AlignedArray<cutlass::integer_subbyte<(int)4, (bool)1>, (int)32, (int)16>>, cutlass::transform::threadblock::RegularTileAccessIterator<cutlass::MatrixShape<(int)128, (int)128>, cutlass::integer_subbyte<(int)4, (bool)1>, cutlass::layout::RowMajorTensorOpMultiplicandCrosswise<(int)4, (int)128>, (int)0, cutlass::transform::PitchLinearWarpRakedThreadMap<cutlass::PitchLinearShape<(int)128, (int)128>, (int)128, cutlass::PitchLinearShape<(int)4, (int)8>, (int)32>, (int)16>, (cutlass::arch::CacheOperation::Kind)0, cutlass::conv::threadblock::Conv2dFpropFilterTileAccessIteratorOptimized<cutlass::MatrixShape<(int)128, (int)128>, cutlass::integer_subbyte<(int)4, (bool)1>, cutlass::layout::TensorNHWC, cutlass::transform::PitchLinearWarpRakedThreadMap<cutlass::PitchLinearShape<(int)128, (int)128>, (int)128, cutlass::PitchLinearShape<(int)4, (int)8>, (int)32>, cutlass::AlignedArray<cutlass::integer_subbyte<(int)4, (bool)1>, (int)32, (int)16>, (bool)0>, cutlass::transform::threadblock::RegularTileAccessIterator<cutlass::MatrixShape<(int)128, (int)128>, cutlass::integer_subbyte<(int)4, (bool)1>, cutlass::layout::ColumnMajorTensorOpMultiplicandCrosswise<(int)4, (int)128>, (int)1, cutlass::transform::PitchLinearWarpRakedThreadMap<cutlass::PitchLinearShape<(int)128, (int)128>, (int)128, cutlass::PitchLinearShape<(int)4, (int)8>, (int)32>, (int)16>, (cutlass::arch::CacheOperation::Kind)1, cutlass::gemm::threadblock::MmaPolicy<cutlass::gemm::warp::MmaTensorOp<cutlass::gemm::GemmShape<(int)64, (int)64, (int)128>, cutlass::integer_subbyte<(int)4, (bool)1>, cutlass::layout::RowMajorTensorOpMultiplicandCrosswise<(int)4, (int)128>, cutlass::integer_subbyte<(int)4, (bool)1>, cutlass::layout::ColumnMajorTensorOpMultiplicandCrosswise<(int)4, (int)128>, int, cutlass::layout::RowMajor, cutlass::gemm::warp::MmaTensorOpPolicy<cutlass::arch::Mma<cutlass::gemm::GemmShape<(int)16, (int)8, (int)64>, (int)32, cutlass::integer_subbyte<(int)4, (bool)1>, cutlass::layout::RowMajor, cutlass::integer_subbyte<(int)4, (bool)1>, cutlass::layout::ColumnMajor, int, cutlass::layout::RowMajor, cutlass::arch::OpMultiplyAddSaturate>, cutlass::MatrixShape<(int)1, (int)1>>, (int)1, (bool)0, bool>, cutlass::MatrixShape<(int)0, (int)0>, cutlass::MatrixShape<(int)0, (int)0>, (int)1>, (int)3, bool>, cutlass::epilogue::threadblock::EpilogueWithVisitorCallbacks<cutlass::epilogue::threadblock::Epilogue<cutlass::gemm::GemmShape<(int)128, (int)128, (int)128>, cutlass::gemm::warp::MmaTensorOp<cutlass::gemm::GemmShape<(int)64, (int)64, (int)128>, cutlass::integer_subbyte<(int)4, (bool)1>, cutlass::layout::RowMajorTensorOpMultiplicandCrosswise<(int)4, (int)128>, cutlass::integer_subbyte<(int)4, (bool)1>, cutlass::layout::ColumnMajorTensorOpMultiplicandCrosswise<(int)4, (int)128>, int, cutlass::layout::RowMajor, cutlass::gemm::warp::MmaTensorOpPolicy<cutlass::arch::Mma<cutlass::gemm::GemmShape<(int)16, (int)8, (int)64>, (int)32, cutlass::integer_subbyte<(int)4, (bool)1>, cutlass::layout::RowMajor, cutlass::integer_subbyte<(int)4, (bool)1>, cutlass::layout::ColumnMajor, int, cutlass::layout::RowMajor, cutlass::arch::OpMultiplyAddSaturate>, cutlass::MatrixShape<(int)1, (int)1>>, (int)1, (bool)0, bool>, (int)1, cutlass::epilogue::threadblock::PredicatedTileIteratorConv<cutlass::epilogue::threadblock::OutputTileOptimalThreadMap<cutlass::epilogue::threadblock::OutputTileShape<(int)128, (int)8, (int)2, (int)1, (int)1>, cutlass::epilogue::threadblock::OutputTileShape<(int)1, (int)8, (int)1, (int)1, (int)8>, (int)128, (int)8, (int)16>, cutlass::half_t, (bool)0, cutlass::layout::NoPermute, (bool)0, (int)4>, cutlass::epilogue::warp::FragmentIteratorTensorOp<cutlass::gemm::GemmShape<(int)64, (int)64, (int)128>, cutlass::gemm::GemmShape<(int)16, (int)8, (int)64>, int, cutlass::Array<int, (int)4, (bool)1>, cutlass::layout::RowMajor>, cutlass::epilogue::warp::TileIteratorTensorOpMixed<cutlass::gemm::GemmShape<(int)64, (int)64, (int)128>, cutlass::gemm::GemmShape<(int)16, (int)8, (int)64>, int, (int)32, (int)16, (int)8, (int)8, (bool)0>, cutlass::epilogue::threadblock::SharedLoadIteratorMixed<cutlass::epilogue::threadblock::OutputTileOptimalThreadMap<cutlass::epilogue::threadblock::OutputTileShape<(int)128, (int)8, (int)2, (int)1, (int)1>, cutlass::epilogue::threadblock::OutputTileShape<(int)1, (int)8, (int)1, (int)1, (int)8>, (int)128, (int)8, (int)16>::CompactedThreadMap, int, (int)32, (int)16, (int)8, (int)8, (bool)0>, cutlass::epilogue::thread::LinearCombination<cutlass::half_t, (int)8, int, float, (cutlass::epilogue::thread::ScaleType::Kind)0, (cutlass::FloatRoundStyle)2, cutlass::half_t>, cutlass::MatrixShape<(int)0, (int)8>, (int)2, (int)1>, cutlass::epilogue::threadblock::TreeVisitor2x<cutlass::epilogue::threadblock::VisitorAuxStore<cutlass::epilogue::threadblock::OutputTileThreadLayout<cutlass::gemm::GemmShape<(int)128, (int)128, (int)128>, cutlass::gemm::GemmShape<(int)64, (int)64, (int)128>, cutlass::half_t, (int)8, (int)1>, cutlass::half_t, (cutlass::FloatRoundStyle)2, cute::tuple<long, cute::C<(int)1>, long>>, cutlass::epilogue::threadblock::TreeVisitor2x<cutlass::epilogue::threadblock::VisitorCompute<cutlass::plus, float, float, (cutlass::FloatRoundStyle)2, void>, cutlass::epilogue::threadblock::TreeVisitor2x<cutlass::epilogue::threadblock::VisitorCompute<cutlass::plus, float, float, (cutlass::FloatRoundStyle)2, void>, cutlass::epilogue::threadblock::TreeVisitor2x<cutlass::epilogue::threadblock::VisitorCompute<cutlass::multiplies, float, float, (cutlass::FloatRoundStyle)2, void>, cutlass::epilogue::threadblock::TreeVisitor2x<cutlass::epilogue::threadblock::VisitorCompute<cutlass::multiplies, float, float, (cutlass::FloatRoundStyle)2, void>, cutlass::epilogue::threadblock::VisitorAccFetch, cutlass::epilogue::threadblock::VisitorScalarBroadcast<float, cute::tuple<cute::C<(int)0>, cute::C<(int)0>, cute::C<(int)0>>, (int)1, cutlass::multiplies>>, cutlass::epilogue::threadblock::VisitorRowBroadcast<cutlass::epilogue::threadblock::OutputTileThreadLayout<cutlass::gemm::GemmShape<(int)128, (int)128, (int)128>, cutlass::gemm::GemmShape<(int)64, (int)64, (int)128>, cutlass::half_t, (int)8, (int)1>, float, cute::tuple<cute::C<(int)0>, cute::C<(int)1>, int>, (bool)1>>, cutlass::epilogue::threadblock::VisitorRowBroadcast<cutlass::epilogue::threadblock::OutputTileThreadLayout<cutlass::gemm::GemmShape<(int)128, (int)128, (int)128>, cutlass::gemm::GemmShape<(int)64, (int)64, (int)128>, cutlass::half_t, (int)8, (int)1>, float, cute::tuple<cute::C<(int)0>, cute::C<(int)1>, int>, (bool)1>>, cutlass::epilogue::threadblock::VisitorAuxLoad<cutlass::epilogue::threadblock::OutputTileThreadLayout<cutlass::gemm::GemmShape<(int)128, (int)128, (int)128>, cutlass::gemm::GemmShape<(int)64, (int)64, (int)128>, cutlass::half_t, (int)8, (int)1>, cutlass::half_t, cute::tuple<long, cute::C<(int)1>, long>>>>, (int)1, (int)1>, cutlass::gemm::threadblock::GemmIdentityThreadblockSwizzle<(int)1>, (cutlass::conv::Operator)0, cutlass::conv::Conv2dProblemSize>>(T1::Params)",1498185.0
L|resblock_plain|C1152|T16,"void cutlass::Kernel<modiff::ImplicitGemmConvolutionEVT<cutlass::conv::threadblock::ImplicitGemmMultistage<cutlass::gemm::GemmShape<(int)128, (int)128, (int)128>, cutlass::conv::threadblock::Conv2dFpropActivationTileAccessIteratorOptimized<cutlass::MatrixShape<(int)128, (int)128>, cutlass::integer_subbyte<(int)4, (bool)1>, cutlass::layout::TensorNHWC, cutlass::transform::PitchLinearWarpRakedThreadMap<cutlass::PitchLinearShape<(int)128, (int)128>, (int)128, cutlass::PitchLinearShape<(int)4, (int)8>, (int)32>, cutlass::AlignedArray<cutlass::integer_subbyte<(int)4, (bool)1>, (int)32, (int)16>>, cutlass::transform::threadblock::RegularTileAccessIterator<cutlass::MatrixShape<(int)128, (int)128>, cutlass::integer_subbyte<(int)4, (bool)1>, cutlass::layout::RowMajorTensorOpMultiplicandCrosswise<(int)4, (int)128>, (int)0, cutlass::transform::PitchLinearWarpRakedThreadMap<cutlass::PitchLinearShape<(int)128, (int)128>, (int)128, cutlass::PitchLinearShape<(int)4, (int)8>, (int)32>, (int)16>, (cutlass::arch::CacheOperation::Kind)0, cutlass::conv::threadblock::Conv2dFpropFilterTileAccessIteratorOptimized<cutlass::MatrixShape<(int)128, (int)128>, cutlass::integer_subbyte<(int)4, (bool)1>, cutlass::layout::TensorNHWC, cutlass::transform::PitchLinearWarpRakedThreadMap<cutlass::PitchLinearShape<(int)128, (int)128>, (int)128, cutlass::PitchLinearShape<(int)4, (int)8>, (int)32>, cutlass::AlignedArray<cutlass::integer_subbyte<(int)4, (bool)1>, (int)32, (int)16>, (bool)0>, cutlass::transform::threadblock::RegularTileAccessIterator<cutlass::MatrixShape<(int)128, (int)128>, cutlass::integer_subbyte<(int)4, (bool)1>, cutlass::layout::ColumnMajorTensorOpMultiplicandCrosswise<(int)4, (int)128>, (int)1, cutlass::transform::PitchLinearWarpRakedThreadMap<cutlass::PitchLinearShape<(int)128, (int)128>, (int)128, cutlass::PitchLinearShape<(int)4, (int)8>, (int)32>, (int)16>, (cutlass::arch::CacheOperation::Kind)1, cutlass::gemm::threadblock::MmaPolicy<cutlass::gemm::warp::MmaTensorOp<cutlass::gemm::GemmShape<(int)64, (int)64, (int)128>, cutlass::integer_subbyte<(int)4, (bool)1>, cutlass::layout::RowMajorTensorOpMultiplicandCrosswise<(int)4, (int)128>, cutlass::integer_subbyte<(int)4, (bool)1>, cutlass::layout::ColumnMajorTensorOpMultiplicandCrosswise<(int)4, (int)128>, int, cutlass::layout::RowMajor, cutlass::gemm::warp::MmaTensorOpPolicy<cutlass::arch::Mma<cutlass::gemm::GemmShape<(int)16, (int)8, (int)64>, (int)32, cutlass::integer_subbyte<(int)4, (bool)1>, cutlass::layout::RowMajor, cutlass::integer_subbyte<(int)4, (bool)1>, cutlass::layout::ColumnMajor, int, cutlass::layout::RowMajor, cutlass::arch::OpMultiplyAddSaturate>, cutlass::MatrixShape<(int)1, (int)1>>, (int)1, (bool)0, bool>, cutlass::MatrixShape<(int)0, (int)0>, cutlass::MatrixShape<(int)0, (int)0>, (int)1>, (int)3, bool>, cutlass::epilogue::threadblock::EpilogueWithVisitorCallbacks<cutlass::epilogue::threadblock::Epilogue<cutlass::gemm::GemmShape<(int)128, (int)128, (int)128>, cutlass::gemm::warp::MmaTensorOp<cutlass::gemm::GemmShape<(int)64, (int)64, (int)128>, cutlass::integer_subbyte<(int)4, (bool)1>, cutlass::layout::RowMajorTensorOpMultiplicandCrosswise<(int)4, (int)128>, cutlass::integer_subbyte<(int)4, (bool)1>, cutlass::layout::ColumnMajorTensorOpMultiplicandCrosswise<(int)4, (int)128>, int, cutlass::layout::RowMajor, cutlass::gemm::warp::MmaTensorOpPolicy<cutlass::arch::Mma<cutlass::gemm::GemmShape<(int)16, (int)8, (int)64>, (int)32, cutlass::integer_subbyte<(int)4, (bool)1>, cutlass::layout::RowMajor, cutlass::integer_subbyte<(int)4, (bool)1>, cutlass::layout::ColumnMajor, int, cutlass::layout::RowMajor, cutlass::arch::OpMultiplyAddSaturate>, cutlass::MatrixShape<(int)1, (int)1>>, (int)1, (bool)0, bool>, (int)1, cutlass::epilogue::threadblock::PredicatedTileIteratorConv<cutlass::epilogue::threadblock::OutputTileOptimalThreadMap<cutlass::epilogue::threadblock::OutputTileShape<(int)128, (int)8, (int)2, (int)1, (int)1>, cutlass::epilogue::threadblock::OutputTileShape<(int)1, (int)8, (int)1, (int)1, (int)8>, (int)128, (int)8, (int)16>, cutlass::half_t, (bool)0, cutlass::layout::NoPermute, (bool)0, (int)4>, cutlass::epilogue::warp::FragmentIteratorTensorOp<cutlass::gemm::GemmShape<(int)64, (int)64, (int)128>, cutlass::gemm::GemmShape<(int)16, (int)8, (int)64>, int, cutlass::Array<int, (int)4, (bool)1>, cutlass::layout::RowMajor>, cutlass::epilogue::warp::TileIteratorTensorOpMixed<cutlass::gemm::GemmShape<(int)64, (int)64, (int)128>, cutlass::gemm::GemmShape<(int)16, (int)8, (int)64>, int, (int)32, (int)16, (int)8, (int)8, (bool)0>, cutlass::epilogue::threadblock::SharedLoadIteratorMixed<cutlass::epilogue::threadblock::OutputTileOptimalThreadMap<cutlass::epilogue::threadblock::OutputTileShape<(int)128, (int)8, (int)2, (int)1, (int)1>, cutlass::epilogue::threadblock::OutputTileShape<(int)1, (int)8, (int)1, (int)1, (int)8>, (int)128, (int)8, (int)16>::CompactedThreadMap, int, (int)32, (int)16, (int)8, (int)8, (bool)0>, cutlass::epilogue::thread::LinearCombination<cutlass::half_t, (int)8, int, float, (cutlass::epilogue::thread::ScaleType::Kind)0, (cutlass::FloatRoundStyle)2, cutlass::half_t>, cutlass::MatrixShape<(int)0, (int)8>, (int)2, (int)1>, cutlass::epilogue::threadblock::TreeVisitor2x<cutlass::epilogue::threadblock::VisitorAuxStore<cutlass::epilogue::threadblock::OutputTileThreadLayout<cutlass::gemm::GemmShape<(int)128, (int)128, (int)128>, cutlass::gemm::GemmShape<(int)64, (int)64, (int)128>, cutlass::half_t, (int)8, (int)1>, cutlass::half_t, (cutlass::FloatRoundStyle)2, cute::tuple<long, cute::C<(int)1>, long>>, cutlass::epilogue::threadblock::TreeVisitor2x<cutlass::epilogue::threadblock::VisitorCompute<cutlass::plus, float, float, (cutlass::FloatRoundStyle)2, void>, cutlass::epilogue::threadblock::TreeVisitor2x<cutlass::epilogue::threadblock::VisitorCompute<cutlass::plus, float, float, (cutlass::FloatRoundStyle)2, void>, cutlass::epilogue::threadblock::TreeVisitor2x<cutlass::epilogue::threadblock::VisitorCompute<cutlass::multiplies, float, float, (cutlass::FloatRoundStyle)2, void>, cutlass::epilogue::threadblock::TreeVisitor2x<cutlass::epilogue::threadblock::VisitorCompute<cutlass::multiplies, float, float, (cutlass::FloatRoundStyle)2, void>, cutlass::epilogue::threadblock::VisitorAccFetch, cutlass::epilogue::threadblock::VisitorScalarBroadcast<float, cute::tuple<cute::C<(int)0>, cute::C<(int)0>, cute::C<(int)0>>, (int)1, cutlass::multiplies>>, cutlass::epilogue::threadblock::VisitorRowBroadcast<cutlass::epilogue::threadblock::OutputTileThreadLayout<cutlass::gemm::GemmShape<(int)128, (int)128, (int)128>, cutlass::gemm::GemmShape<(int)64, (int)64, (int)128>, cutlass::half_t, (int)8, (int)1>, float, cute::tuple<cute::C<(int)0>, cute::C<(int)1>, int>, (bool)1>>, cutlass::epilogue::threadblock::VisitorRowBroadcast<cutlass::epilogue::threadblock::OutputTileThreadLayout<cutlass::gemm::GemmShape<(int)128, (int)128, (int)128>, cutlass::gemm::GemmShape<(int)64, (int)64, (int)128>, cutlass::half_t, (int)8, (int)1>, float, cute::tuple<cute::C<(int)0>, cute::C<(int)1>, int>, (bool)1>>, cutlass::epilogue::threadblock::VisitorAuxLoad<cutlass::epilogue::threadblock::OutputTileThreadLayout<cutlass::gemm::GemmShape<(int)128, (int)128, (int)128>, cutlass::gemm::GemmShape<(int)64, (int)64, (int)128>, cutlass::half_t, (int)8, (int)1>, cutlass::half_t, cute::tuple<long, cute::C<(int)1>, long>>>>, (int)1, (int)1>, cutlass::gemm::threadblock::GemmIdentityThreadblockSwizzle<(int)1>, (cutlass::conv::Operator)0, cutlass::conv::Conv2dProblemSize>>(T1::Params)",1496717.0
L|resblock_plain|C768|T16,"void cutlass::Kernel<modiff::ImplicitGemmConvolutionEVT<cutlass::conv::threadblock::ImplicitGemmMultistage<cutlass::gemm::GemmShape<(int)128, (int)128, (int)128>, cutlass::conv::threadblock::Conv2dFpropActivationTileAccessIteratorOptimized<cutlass::MatrixShape<(int)128, (int)128>, cutlass::integer_subbyte<(int)4, (bool)1>, cutlass::layout::TensorNHWC, cutlass::transform::PitchLinearWarpRakedThreadMap<cutlass::PitchLinearShape<(int)128, (int)128>, (int)128, cutlass::PitchLinearShape<(int)4, (int)8>, (int)32>, cutlass::AlignedArray<cutlass::integer_subbyte<(int)4, (bool)1>, (int)32, (int)16>>, cutlass::transform::threadblock::RegularTileAccessIterator<cutlass::MatrixShape<(int)128, (int)128>, cutlass::integer_subbyte<(int)4, (bool)1>, cutlass::layout::RowMajorTensorOpMultiplicandCrosswise<(int)4, (int)128>, (int)0, cutlass::transform::PitchLinearWarpRakedThreadMap<cutlass::PitchLinearShape<(int)128, (int)128>, (int)128, cutlass::PitchLinearShape<(int)4, (int)8>, (int)32>, (int)16>, (cutlass::arch::CacheOperation::Kind)0, cutlass::conv::threadblock::Conv2dFpropFilterTileAccessIteratorOptimized<cutlass::MatrixShape<(int)128, (int)128>, cutlass::integer_subbyte<(int)4, (bool)1>, cutlass::layout::TensorNHWC, cutlass::transform::PitchLinearWarpRakedThreadMap<cutlass::PitchLinearShape<(int)128, (int)128>, (int)128, cutlass::PitchLinearShape<(int)4, (int)8>, (int)32>, cutlass::AlignedArray<cutlass::integer_subbyte<(int)4, (bool)1>, (int)32, (int)16>, (bool)0>, cutlass::transform::threadblock::RegularTileAccessIterator<cutlass::MatrixShape<(int)128, (int)128>, cutlass::integer_subbyte<(int)4, (bool)1>, cutlass::layout::ColumnMajorTensorOpMultiplicandCrosswise<(int)4, (int)128>, (int)1, cutlass::transform::PitchLinearWarpRakedThreadMap<cutlass::PitchLinearShape<(int)128, (int)128>, (int)128, cutlass::PitchLinearShape<(int)4, (int)8>, (int)32>, (int)16>, (cutlass::arch::CacheOperation::Kind)1, cutlass::gemm::threadblock::MmaPolicy<cutlass::gemm::warp::MmaTensorOp<cutlass::gemm::GemmShape<(int)64, (int)64, (int)128>, cutlass::integer_subbyte<(int)4, (bool)1>, cutlass::layout::RowMajorTensorOpMultiplicandCrosswise<(int)4, (int)128>, cutlass::integer_subbyte<(int)4, (bool)1>, cutlass::layout::ColumnMajorTensorOpMultiplicandCrosswise<(int)4, (int)128>, int, cutlass::layout::RowMajor, cutlass::gemm::warp::MmaTensorOpPolicy<cutlass::arch::Mma<cutlass::gemm::GemmShape<(int)16, (int)8, (int)64>, (int)32, cutlass::integer_subbyte<(int)4, (bool)1>, cutlass::layout::RowMajor, cutlass::integer_subbyte<(int)4, (bool)1>, cutlass::layout::ColumnMajor, int, cutlass::layout::RowMajor, cutlass::arch::OpMultiplyAddSaturate>, cutlass::MatrixShape<(int)1, (int)1>>, (int)1, (bool)0, bool>, cutlass::MatrixShape<(int)0, (int)0>, cutlass::MatrixShape<(int)0, (int)0>, (int)1>, (int)3, bool>, cutlass::epilogue::threadblock::EpilogueWithVisitorCallbacks<cutlass::epilogue::threadblock::Epilogue<cutlass::gemm::GemmShape<(int)128, (int)128, (int)128>, cutlass::gemm::warp::MmaTensorOp<cutlass::gemm::GemmShape<(int)64, (int)64, (int)128>, cutlass::integer_subbyte<(int)4, (bool)1>, cutlass::layout::RowMajorTensorOpMultiplicandCrosswise<(int)4, (int)128>, cutlass::integer_subbyte<(int)4, (bool)1>, cutlass::layout::ColumnMajorTensorOpMultiplicandCrosswise<(int)4, (int)128>, int, cutlass::layout::RowMajor, cutlass::gemm::warp::MmaTensorOpPolicy<cutlass::arch::Mma<cutlass::gemm::GemmShape<(int)16, (int)8, (int)64>, (int)32, cutlass::integer_subbyte<(int)4, (bool)1>, cutlass::layout::RowMajor, cutlass::integer_subbyte<(int)4, (bool)1>, cutlass::layout::ColumnMajor, int, cutlass::layout::RowMajor, cutlass::arch::OpMultiplyAddSaturate>, cutlass::MatrixShape<(int)1, (int)1>>, (int)1, (bool)0, bool>, (int)1, cutlass::epilogue::threadblock::PredicatedTileIteratorConv<cutlass::epilogue::threadblock::OutputTileOptimalThreadMap<cutlass::epilogue::threadblock::OutputTileShape<(int)128, (int)8, (int)2, (int)1, (int)1>, cutlass::epilogue::threadblock::OutputTileShape<(int)1, (int)8, (int)1, (int)1, (int)8>, (int)128, (int)8, (int)16>, cutlass::half_t, (bool)0, cutlass::layout::NoPermute, (bool)0, (int)4>, cutlass::epilogue::warp::FragmentIteratorTensorOp<cutlass::gemm::GemmShape<(int)64, (int)64, (int)128>, cutlass::gemm::GemmShape<(int)16, (int)8, (int)64>, int, cutlass::Array<int, (int)4, (bool)1>, cutlass::layout::RowMajor>, cutlass::epilogue::warp::TileIteratorTensorOpMixed<cutlass::gemm::GemmShape<(int)64, (int)64, (int)128>, cutlass::gemm::GemmShape<(int)16, (int)8, (int)64>, int, (int)32, (int)16, (int)8, (int)8, (bool)0>, cutlass::epilogue::threadblock::SharedLoadIteratorMixed<cutlass::epilogue::threadblock::OutputTileOptimalThreadMap<cutlass::epilogue::threadblock::OutputTileShape<(int)128, (int)8, (int)2, (int)1, (int)1>, cutlass::epilogue::threadblock::OutputTileShape<(int)1, (int)8, (int)1, (int)1, (int)8>, (int)128, (int)8, (int)16>::CompactedThreadMap, int, (int)32, (int)16, (int)8, (int)8, (bool)0>, cutlass::epilogue::thread::LinearCombination<cutlass::half_t, (int)8, int, float, (cutlass::epilogue::thread::ScaleType::Kind)0, (cutlass::FloatRoundStyle)2, cutlass::half_t>, cutlass::MatrixShape<(int)0, (int)8>, (int)2, (int)1>, cutlass::epilogue::threadblock::TreeVisitor2x<cutlass::epilogue::threadblock::VisitorAuxStore<cutlass::epilogue::threadblock::OutputTileThreadLayout<cutlass::gemm::GemmShape<(int)128, (int)128, (int)128>, cutlass::gemm::GemmShape<(int)64, (int)64, (int)128>, cutlass::half_t, (int)8, (int)1>, cutlass::half_t, (cutlass::FloatRoundStyle)2, cute::tuple<long, cute::C<(int)1>, long>>, cutlass::epilogue::threadblock::TreeVisitor2x<cutlass::epilogue::threadblock::VisitorCompute<cutlass::plus, float, float, (cutlass::FloatRoundStyle)2, void>, cutlass::epilogue::threadblock::TreeVisitor2x<cutlass::epilogue::threadblock::VisitorCompute<cutlass::plus, float, float, (cutlass::FloatRoundStyle)2, void>, cutlass::epilogue::threadblock::TreeVisitor2x<cutlass::epilogue::threadblock::VisitorCompute<cutlass::multiplies, float, float, (cutlass::FloatRoundStyle)2, void>, cutlass::epilogue::threadblock::TreeVisitor2x<cutlass::epilogue::threadblock::VisitorCompute<cutlass::multiplies, float, float, (cutlass::FloatRoundStyle)2, void>, cutlass::epilogue::threadblock::VisitorAccFetch, cutlass::epilogue::threadblock::VisitorScalarBroadcast<float, cute::tuple<cute::C<(int)0>, cute::C<(int)0>, cute::C<(int)0>>, (int)1, cutlass::multiplies>>, cutlass::epilogue::threadblock::VisitorRowBroadcast<cutlass::epilogue::threadblock::OutputTileThreadLayout<cutlass::gemm::GemmShape<(int)128, (int)128, (int)128>, cutlass::gemm::GemmShape<(int)64, (int)64, (int)128>, cutlass::half_t, (int)8, (int)1>, float, cute::tuple<cute::C<(int)0>, cute::C<(int)1>, int>, (bool)1>>, cutlass::epilogue::threadblock::VisitorRowBroadcast<cutlass::epilogue::threadblock::OutputTileThreadLayout<cutlass::gemm::GemmShape<(int)128, (int)128, (int)128>, cutlass::gemm::GemmShape<(int)64, (int)64, (int)128>, cutlass::half_t, (int)8, (int)1>, float, cute::tuple<cute::C<(int)0>, cute::C<(int)1>, int>, (bool)1>>, cutlass::epilogue::threadblock::VisitorAuxLoad<cutlass::epilogue::threadblock::OutputTileThreadLayout<cutlass::gemm::GemmShape<(int)128, (int)128, (int)128>, cutlass::gemm::GemmShape<(int)64, (int)64, (int)128>, cutlass::half_t, (int)8, (int)1>, cutlass::half_t, cute::tuple<long, cute::C<(int)1>, long>>>>, (int)1, (int)1>, cutlass::gemm::threadblock::GemmIdentityThreadblockSwizzle<(int)1>, (cutlass::conv::Operator)0, cutlass::conv::Conv2dProblemSize>>(T1::Params)",1496648.0
L|resblock_plain|C768|T16,"void cutlass::Kernel<modiff::ImplicitGemmConvolutionEVT<cutlass::conv::threadblock::ImplicitGemmMultistage<cutlass::gemm::GemmShape<(int)128, (int)128, (int)128>, cutlass::conv::threadblock::Conv2dFpropActivationTileAccessIteratorOptimized<cutlass::MatrixShape<(int)128, (int)128>, cutlass::integer_subbyte<(int)4, (bool)1>, cutlass::layout::TensorNHWC, cutlass::transform::PitchLinearWarpRakedThreadMap<cutlass::PitchLinearShape<(int)128, (int)128>, (int)128, cutlass::PitchLinearShape<(int)4, (int)8>, (int)32>, cutlass::AlignedArray<cutlass::integer_subbyte<(int)4, (bool)1>, (int)32, (int)16>>, cutlass::transform::threadblock::RegularTileAccessIterator<cutlass::MatrixShape<(int)128, (int)128>, cutlass::integer_subbyte<(int)4, (bool)1>, cutlass::layout::RowMajorTensorOpMultiplicandCrosswise<(int)4, (int)128>, (int)0, cutlass::transform::PitchLinearWarpRakedThreadMap<cutlass::PitchLinearShape<(int)128, (int)128>, (int)128, cutlass::PitchLinearShape<(int)4, (int)8>, (int)32>, (int)16>, (cutlass::arch::CacheOperation::Kind)0, cutlass::conv::threadblock::Conv2dFpropFilterTileAccessIteratorOptimized<cutlass::MatrixShape<(int)128, (int)128>, cutlass::integer_subbyte<(int)4, (bool)1>, cutlass::layout::TensorNHWC, cutlass::transform::PitchLinearWarpRakedThreadMap<cutlass::PitchLinearShape<(int)128, (int)128>, (int)128, cutlass::PitchLinearShape<(int)4, (int)8>, (int)32>, cutlass::AlignedArray<cutlass::integer_subbyte<(int)4, (bool)1>, (int)32, (int)16>, (bool)0>, cutlass::transform::threadblock::RegularTileAccessIterator<cutlass::MatrixShape<(int)128, (int)128>, cutlass::integer_subbyte<(int)4, (bool)1>, cutlass::layout::ColumnMajorTensorOpMultiplicandCrosswise<(int)4, (int)128>, (int)1, cutlass::transform::PitchLinearWarpRakedThreadMap<cutlass::PitchLinearShape<(int)128, (int)128>, (int)128, cutlass::PitchLinearShape<(int)4, (int)8>, (int)32>, (int)16>, (cutlass::arch::CacheOperation::Kind)1, cutlass::gemm::threadblock::MmaPolicy<cutlass::gemm::warp::MmaTensorOp<cutlass::gemm::GemmShape<(int)64, (int)64, (int)128>, cutlass::integer_subbyte<(int)4, (bool)1>, cutlass::layout::RowMajorTensorOpMultiplicandCrosswise<(int)4, (int)128>, cutlass::integer_subbyte<(int)4, (bool)1>, cutlass::layout::ColumnMajorTensorOpMultiplicandCrosswise<(int)4, (int)128>, int, cutlass::layout::RowMajor, cutlass::gemm::warp::MmaTensorOpPolicy<cutlass::arch::Mma<cutlass::gemm::GemmShape<(int)16, (int)8, (int)64>, (int)32, cutlass::integer_subbyte<(int)4, (bool)1>, cutlass::layout::RowMajor, cutlass::integer_subbyte<(int)4, (bool)1>, cutlass::layout::ColumnMajor, int, cutlass::layout::RowMajor, cutlass::arch::OpMultiplyAddSaturate>, cutlass::MatrixShape<(int)1, (int)1>>, (int)1, (bool)0, bool>, cutlass::MatrixShape<(int)0, (int)0>, cutlass::MatrixShape<(int)0, (int)0>, (int)1>, (int)3, bool>, cutlass::epilogue::threadblock::EpilogueWithVisitorCallbacks<cutlass::epilogue::threadblock::Epilogue<cutlass::gemm::GemmShape<(int)128, (int)128, (int)128>, cutlass::gemm::warp::MmaTensorOp<cutlass::gemm::GemmShape<(int)64, (int)64, (int)128>, cutlass::integer_subbyte<(int)4, (bool)1>, cutlass::layout::RowMajorTensorOpMultiplicandCrosswise<(int)4, (int)128>, cutlass::integer_subbyte<(int)4, (bool)1>, cutlass::layout::ColumnMajorTensorOpMultiplicandCrosswise<(int)4, (int)128>, int, cutlass::layout::RowMajor, cutlass::gemm::warp::MmaTensorOpPolicy<cutlass::arch::Mma<cutlass::gemm::GemmShape<(int)16, (int)8, (int)64>, (int)32, cutlass::integer_subbyte<(int)4, (bool)1>, cutlass::layout::RowMajor, cutlass::integer_subbyte<(int)4, (bool)1>, cutlass::layout::ColumnMajor, int, cutlass::layout::RowMajor, cutlass::arch::OpMultiplyAddSaturate>, cutlass::MatrixShape<(int)1, (int)1>>, (int)1, (bool)0, bool>, (int)1, cutlass::epilogue::threadblock::PredicatedTileIteratorConv<cutlass::epilogue::threadblock::OutputTileOptimalThreadMap<cutlass::epilogue::threadblock::OutputTileShape<(int)128, (int)8, (int)2, (int)1, (int)1>, cutlass::epilogue::threadblock::OutputTileShape<(int)1, (int)8, (int)1, (int)1, (int)8>, (int)128, (int)8, (int)16>, cutlass::half_t, (bool)0, cutlass::layout::NoPermute, (bool)0, (int)4>, cutlass::epilogue::warp::FragmentIteratorTensorOp<cutlass::gemm::GemmShape<(int)64, (int)64, (int)128>, cutlass::gemm::GemmShape<(int)16, (int)8, (int)64>, int, cutlass::Array<int, (int)4, (bool)1>, cutlass::layout::RowMajor>, cutlass::epilogue::warp::TileIteratorTensorOpMixed<cutlass::gemm::GemmShape<(int)64, (int)64, (int)128>, cutlass::gemm::GemmShape<(int)16, (int)8, (int)64>, int, (int)32, (int)16, (int)8, (int)8, (bool)0>, cutlass::epilogue::threadblock::SharedLoadIteratorMixed<cutlass::epilogue::threadblock::OutputTileOptimalThreadMap<cutlass::epilogue::threadblock::OutputTileShape<(int)128, (int)8, (int)2, (int)1, (int)1>, cutlass::epilogue::threadblock::OutputTileShape<(int)1, (int)8, (int)1, (int)1, (int)8>, (int)128, (int)8, (int)16>::CompactedThreadMap, int, (int)32, (int)16, (int)8, (int)8, (bool)0>, cutlass::epilogue::thread::LinearCombination<cutlass::half_t, (int)8, int, float, (cutlass::epilogue::thread::ScaleType::Kind)0, (cutlass::FloatRoundStyle)2, cutlass::half_t>, cutlass::MatrixShape<(int)0, (int)8>, (int)2, (int)1>, cutlass::epilogue::threadblock::TreeVisitor2x<cutlass::epilogue::threadblock::VisitorAuxStore<cutlass::epilogue::threadblock::OutputTileThreadLayout<cutlass::gemm::GemmShape<(int)128, (int)128, (int)128>, cutlass::gemm::GemmShape<(int)64, (int)64, (int)128>, cutlass::half_t, (int)8, (int)1>, cutlass::half_t, (cutlass::FloatRoundStyle)2, cute::tuple<long, cute::C<(int)1>, long>>, cutlass::epilogue::threadblock::TreeVisitor2x<cutlass::epilogue::threadblock::VisitorCompute<cutlass::plus, float, float, (cutlass::FloatRoundStyle)2, void>, cutlass::epilogue::threadblock::TreeVisitor2x<cutlass::epilogue::threadblock::VisitorCompute<cutlass::multiplies, float, float, (cutlass::FloatRoundStyle)2, void>, cutlass::epilogue::threadblock::TreeVisitor2x<cutlass::epilogue::threadblock::VisitorCompute<cutlass::multiplies, float, float, (cutlass::FloatRoundStyle)2, void>, cutlass::epilogue::threadblock::VisitorAccFetch, cutlass::epilogue::threadblock::VisitorScalarBroadcast<float, cute::tuple<cute::C<(int)0>, cute::C<(int)0>, cute::C<(int)0>>, (int)1, cutlass::multiplies>>, cutlass::epilogue::threadblock::VisitorRowBroadcast<cutlass::epilogue::threadblock::OutputTileThreadLayout<cutlass::gemm::GemmShape<(int)128, (int)128, (int)128>, cutlass::gemm::GemmShape<(int)64, (int)64, (int)128>, cutlass::half_t, (int)8, (int)1>, float, cute::tuple<cute::C<(int)0>, cute::C<(int)1>, int>, (bool)1>>, cutlass::epilogue::threadblock::VisitorRowBroadcast<cutlass::epilogue::threadblock::OutputTileThreadLayout<cutlass::gemm::GemmShape<(int)128, (int)128, (int)128>, cutlass::gemm::GemmShape<(int)64, (int)64, (int)128>, cutlass::half_t, (int)8, (int)1>, float, cute::tuple<cute::C<(int)0>, cute::C<(int)1>, int>, (bool)1>>>, (int)1, (int)1>, cutlass::gemm::threadblock::GemmIdentityThreadblockSwizzle<(int)1>, (cutlass::conv::Operator)0, cutlass::conv::Conv2dProblemSize>>(T1::Params)",1460484.0
L|resblock_updown|C768|T4,"void cutlass::Kernel<modiff::ImplicitGemmConvolutionEVT<cutlass::conv::threadblock::ImplicitGemmMultistage<cutlass::gemm::GemmShape<(int)128, (int)128, (int)128>, cutlass::conv::threadblock::Conv2dFpropActivationTileAccessIteratorOptimized<cutlass::MatrixShape<(int)128, (int)128>, cutlass::integer_subbyte<(int)4, (bool)1>, cutlass::layout::TensorNHWC, cutlass::transform::PitchLinearWarpRakedThreadMap<cutlass::PitchLinearShape<(int)128, (int)128>, (int)128, cutlass::PitchLinearShape<(int)4, (int)8>, (int)32>, cutlass::AlignedArray<cutlass::integer_subbyte<(int)4, (bool)1>, (int)32, (int)16>>, cutlass::transform::threadblock::RegularTileAccessIterator<cutlass::MatrixShape<(int)128, (int)128>, cutlass::integer_subbyte<(int)4, (bool)1>, cutlass::layout::RowMajorTensorOpMultiplicandCrosswise<(int)4, (int)128>, (int)0, cutlass::transform::PitchLinearWarpRakedThreadMap<cutlass::PitchLinearShape<(int)128, (int)128>, (int)128, cutlass::PitchLinearShape<(int)4, (int)8>, (int)32>, (int)16>, (cutlass::arch::CacheOperation::Kind)0, cutlass::conv::threadblock::Conv2dFpropFilterTileAccessIteratorOptimized<cutlass::MatrixShape<(int)128, (int)128>, cutlass::integer_subbyte<(int)4, (bool)1>, cutlass::layout::TensorNHWC, cutlass::transform::PitchLinearWarpRakedThreadMap<cutlass::PitchLinearShape<(int)128, (int)128>, (int)128, cutlass::PitchLinearShape<(int)4, (int)8>, (int)32>, cutlass::AlignedArray<cutlass::integer_subbyte<(int)4, (bool)1>, (int)32, (int)16>, (bool)0>, cutlass::transform::threadblock::RegularTileAccessIterator<cutlass::MatrixShape<(int)128, (int)128>, cutlass::integer_subbyte<(int)4, (bool)1>, cutlass::layout::ColumnMajorTensorOpMultiplicandCrosswise<(int)4, (int)128>, (int)1, cutlass::transform::PitchLinearWarpRakedThreadMap<cutlass::PitchLinearShape<(int)128, (int)128>, (int)128, cutlass::PitchLinearShape<(int)4, (int)8>, (int)32>, (int)16>, (cutlass::arch::CacheOperation::Kind)1, cutlass::gemm::threadblock::MmaPolicy<cutlass::gemm::warp::MmaTensorOp<cutlass::gemm::GemmShape<(int)64, (int)64, (int)128>, cutlass::integer_subbyte<(int)4, (bool)1>, cutlass::layout::RowMajorTensorOpMultiplicandCrosswise<(int)4, (int)128>, cutlass::integer_subbyte<(int)4, (bool)1>, cutlass::layout::ColumnMajorTensorOpMultiplicandCrosswise<(int)4, (int)128>, int, cutlass::layout::RowMajor, cutlass::gemm::warp::MmaTensorOpPolicy<cutlass::arch::Mma<cutlass::gemm::GemmShape<(int)16, (int)8, (int)64>, (int)32, cutlass::integer_subbyte<(int)4, (bool)1>, cutlass::layout::RowMajor, cutlass::integer_subbyte<(int)4, (bool)1>, cutlass::layout::ColumnMajor, int, cutlass::layout::RowMajor, cutlass::arch::OpMultiplyAddSaturate>, cutlass::MatrixShape<(int)1, (int)1>>, (int)1, (bool)0, bool>, cutlass::MatrixShape<(int)0, (int)0>, cutlass::MatrixShape<(int)0, (int)0>, (int)1>, (int)3, bool>, cutlass::epilogue::threadblock::EpilogueWithVisitorCallbacks<cutlass::epilogue::threadblock::Epilogue<cutlass::gemm::GemmShape<(int)128, (int)128, (int)128>, cutlass::gemm::warp::MmaTensorOp<cutlass::gemm::GemmShape<(int)64, (int)64, (int)128>, cutlass::integer_subbyte<(int)4, (bool)1>, cutlass::layout::RowMajorTensorOpMultiplicandCrosswise<(int)4, (int)128>, cutlass::integer_subbyte<(int)4, (bool)1>, cutlass::layout::ColumnMajorTensorOpMultiplicandCrosswise<(int)4, (int)128>, int, cutlass::layout::RowMajor, cutlass::gemm::warp::MmaTensorOpPolicy<cutlass::arch::Mma<cutlass::gemm::GemmShape<(int)16, (int)8, (int)64>, (int)32, cutlass::integer_subbyte<(int)4, (bool)1>, cutlass::layout::RowMajor, cutlass::integer_subbyte<(int)4, (bool)1>, cutlass::layout::ColumnMajor, int, cutlass::layout::RowMajor, cutlass::arch::OpMultiplyAddSaturate>, cutlass::MatrixShape<(int)1, (int)1>>, (int)1, (bool)0, bool>, (int)1, cutlass::epilogue::threadblock::PredicatedTileIteratorConv<cutlass::epilogue::threadblock::OutputTileOptimalThreadMap<cutlass::epilogue::threadblock::OutputTileShape<(int)128, (int)8, (int)2, (int)1, (int)1>, cutlass::epilogue::threadblock::OutputTileShape<(int)1, (int)8, (int)1, (int)1, (int)8>, (int)128, (int)8, (int)16>, cutlass::half_t, (bool)0, cutlass::layout::NoPermute, (bool)0, (int)4>, cutlass::epilogue::warp::FragmentIteratorTensorOp<cutlass::gemm::GemmShape<(int)64, (int)64, (int)128>, cutlass::gemm::GemmShape<(int)16, (int)8, (int)64>, int, cutlass::Array<int, (int)4, (bool)1>, cutlass::layout::RowMajor>, cutlass::epilogue::warp::TileIteratorTensorOpMixed<cutlass::gemm::GemmShape<(int)64, (int)64, (int)128>, cutlass::gemm::GemmShape<(int)16, (int)8, (int)64>, int, (int)32, (int)16, (int)8, (int)8, (bool)0>, cutlass::epilogue::threadblock::SharedLoadIteratorMixed<cutlass::epilogue::threadblock::OutputTileOptimalThreadMap<cutlass::epilogue::threadblock::OutputTileShape<(int)128, (int)8, (int)2, (int)1, (int)1>, cutlass::epilogue::threadblock::OutputTileShape<(int)1, (int)8, (int)1, (int)1, (int)8>, (int)128, (int)8, (int)16>::CompactedThreadMap, int, (int)32, (int)16, (int)8, (int)8, (bool)0>, cutlass::epilogue::thread::LinearCombination<cutlass::half_t, (int)8, int, float, (cutlass::epilogue::thread::ScaleType::Kind)0, (cutlass::FloatRoundStyle)2, cutlass::half_t>, cutlass::MatrixShape<(int)0, (int)8>, (int)2, (int)1>, cutlass::epilogue::threadblock::TreeVisitor2x<cutlass::epilogue::threadblock::VisitorAuxStore<cutlass::epilogue::threadblock::OutputTileThreadLayout<cutlass::gemm::GemmShape<(int)128, (int)128, (int)128>, cutlass::gemm::GemmShape<(int)64, (int)64, (int)128>, cutlass::half_t, (int)8, (int)1>, cutlass::half_t, (cutlass::FloatRoundStyle)2, cute::tuple<long, cute::C<(int)1>, long>>, cutlass::epilogue::threadblock::TreeVisitor2x<cutlass::epilogue::threadblock::VisitorCompute<cutlass::plus, float, float, (cutlass::FloatRoundStyle)2, void>, cutlass::epilogue::threadblock::TreeVisitor2x<cutlass::epilogue::threadblock::VisitorCompute<cutlass::multiplies, float, float, (cutlass::FloatRoundStyle)2, void>, cutlass::epilogue::threadblock::TreeVisitor2x<cutlass::epilogue::threadblock::VisitorCompute<cutlass::multiplies, float, float, (cutlass::FloatRoundStyle)2, void>, cutlass::epilogue::threadblock::VisitorAccFetch, cutlass::epilogue::threadblock::VisitorScalarBroadcast<float, cute::tuple<cute::C<(int)0>, cute::C<(int)0>, cute::C<(int)0>>, (int)1, cutlass::multiplies>>, cutlass::epilogue::threadblock::VisitorRowBroadcast<cutlass::epilogue::threadblock::OutputTileThreadLayout<cutlass::gemm::GemmShape<(int)128, (int)128, (int)128>, cutlass::gemm::GemmShape<(int)64, (int)64, (int)128>, cutlass::half_t, (int)8, (int)1>, float, cute::tuple<cute::C<(int)0>, cute::C<(int)1>, int>, (bool)1>>, cutlass::epilogue::threadblock::VisitorRowBroadcast<cutlass::epilogue::threadblock::OutputTileThreadLayout<cutlass::gemm::GemmShape<(int)128, (int)128, (int)128>, cutlass::gemm::GemmShape<(int)64, (int)64, (int)128>, cutlass::half_t, (int)8, (int)1>, float, cute::tuple<cute::C<(int)0>, cute::C<(int)1>, int>, (bool)1>>>, (int)1, (int)1>, cutlass::gemm::threadblock::GemmIdentityThreadblockSwizzle<(int)1>, (cutlass::conv::Operator)0, cutlass::conv::Conv2dProblemSize>>(T1::Params)",1454538.0
L|resblock_updown|C768|T16,"void at::native::unrolled_elementwise_kernel<at::native::direct_copy_kernel_cuda(at::TensorIteratorBase &)::[lambda() (instance 3)]::operator ()() const::[lambda() (instance 10)]::operator ()() const::[lambda(c10::Half) (instance 1)], at::detail::Array<char *, (int)2>, TrivialOffsetCalculator<(int)1, unsigned int>, TrivialOffsetCalculator<(int)1, unsigned int>, at::native::memory::LoadWithCast<(int)1>, at::native::memory::StoreWithCast<(int)1>>(int, T1, T2, T3, T4, T5, T6)",1365542.0
L|resblock_plain|C1152|T64,"void cutlass::Kernel<modiff::ImplicitGemmConvolutionEVT<cutlass::conv::threadblock::ImplicitGemmMultistage<cutlass::gemm::GemmShape<(int)128, (int)128, (int)128>, cutlass::conv::threadblock::Conv2dFpropActivationTileAccessIteratorOptimized<cutlass::MatrixShape<(int)128, (int)128>, cutlass::integer_subbyte<(int)4, (bool)1>, cutlass::layout::TensorNHWC, cutlass::transform::PitchLinearWarpRakedThreadMap<cutlass::PitchLinearShape<(int)128, (int)128>, (int)128, cutlass::PitchLinearShape<(int)4, (int)8>, (int)32>, cutlass::AlignedArray<cutlass::integer_subbyte<(int)4, (bool)1>, (int)32, (int)16>>, cutlass::transform::threadblock::RegularTileAccessIterator<cutlass::MatrixShape<(int)128, (int)128>, cutlass::integer_subbyte<(int)4, (bool)1>, cutlass::layout::RowMajorTensorOpMultiplicandCrosswise<(int)4, (int)128>, (int)0, cutlass::transform::PitchLinearWarpRakedThreadMap<cutlass::PitchLinearShape<(int)128, (int)128>, (int)128, cutlass::PitchLinearShape<(int)4, (int)8>, (int)32>, (int)16>, (cutlass::arch::CacheOperation::Kind)0, cutlass::conv::threadblock::Conv2dFpropFilterTileAccessIteratorOptimized<cutlass::MatrixShape<(int)128, (int)128>, cutlass::integer_subbyte<(int)4, (bool)1>, cutlass::layout::TensorNHWC, cutlass::transform::PitchLinearWarpRakedThreadMap<cutlass::PitchLinearShape<(int)128, (int)128>, (int)128, cutlass::PitchLinearShape<(int)4, (int)8>, (int)32>, cutlass::AlignedArray<cutlass::integer_subbyte<(int)4, (bool)1>, (int)32, (int)16>, (bool)0>, cutlass::transform::threadblock::RegularTileAccessIterator<cutlass::MatrixShape<(int)128, (int)128>, cutlass::integer_subbyte<(int)4, (bool)1>, cutlass::layout::ColumnMajorTensorOpMultiplicandCrosswise<(int)4, (int)128>, (int)1, cutlass::transform::PitchLinearWarpRakedThreadMap<cutlass::PitchLinearShape<(int)128, (int)128>, (int)128, cutlass::PitchLinearShape<(int)4, (int)8>, (int)32>, (int)16>, (cutlass::arch::CacheOperation::Kind)1, cutlass::gemm::threadblock::MmaPolicy<cutlass::gemm::warp::MmaTensorOp<cutlass::gemm::GemmShape<(int)64, (int)64, (int)128>, cutlass::integer_subbyte<(int)4, (bool)1>, cutlass::layout::RowMajorTensorOpMultiplicandCrosswise<(int)4, (int)128>, cutlass::integer_subbyte<(int)4, (bool)1>, cutlass::layout::ColumnMajorTensorOpMultiplicandCrosswise<(int)4, (int)128>, int, cutlass::layout::RowMajor, cutlass::gemm::warp::MmaTensorOpPolicy<cutlass::arch::Mma<cutlass::gemm::GemmShape<(int)16, (int)8, (int)64>, (int)32, cutlass::integer_subbyte<(int)4, (bool)1>, cutlass::layout::RowMajor, cutlass::integer_subbyte<(int)4, (bool)1>, cutlass::layout::ColumnMajor, int, cutlass::layout::RowMajor, cutlass::arch::OpMultiplyAddSaturate>, cutlass::MatrixShape<(int)1, (int)1>>, (int)1, (bool)0, bool>, cutlass::MatrixShape<(int)0, (int)0>, cutlass::MatrixShape<(int)0, (int)0>, (int)1>, (int)3, bool>, cutlass::epilogue::threadblock::EpilogueWithVisitorCallbacks<cutlass::epilogue::threadblock::Epilogue<cutlass::gemm::GemmShape<(int)128, (int)128, (int)128>, cutlass::gemm::warp::MmaTensorOp<cutlass::gemm::GemmShape<(int)64, (int)64, (int)128>, cutlass::integer_subbyte<(int)4, (bool)1>, cutlass::layout::RowMajorTensorOpMultiplicandCrosswise<(int)4, (int)128>, cutlass::integer_subbyte<(int)4, (bool)1>, cutlass::layout::ColumnMajorTensorOpMultiplicandCrosswise<(int)4, (int)128>, int, cutlass::layout::RowMajor, cutlass::gemm::warp::MmaTensorOpPolicy<cutlass::arch::Mma<cutlass::gemm::GemmShape<(int)16, (int)8, (int)64>, (int)32, cutlass::integer_subbyte<(int)4, (bool)1>, cutlass::layout::RowMajor, cutlass::integer_subbyte<(int)4, (bool)1>, cutlass::layout::ColumnMajor, int, cutlass::layout::RowMajor, cutlass::arch::OpMultiplyAddSaturate>, cutlass::MatrixShape<(int)1, (int)1>>, (int)1, (bool)0, bool>, (int)1, cutlass::epilogue::threadblock::PredicatedTileIteratorConv<cutlass::epilogue::threadblock::OutputTileOptimalThreadMap<cutlass::epilogue::threadblock::OutputTileShape<(int)128, (int)8, (int)2, (int)1, (int)1>, cutlass::epilogue::threadblock::OutputTileShape<(int)1, (int)8, (int)1, (int)1, (int)8>, (int)128, (int)8, (int)16>, cutlass::half_t, (bool)0, cutlass::layout::NoPermute, (bool)0, (int)4>, cutlass::epilogue::warp::FragmentIteratorTensorOp<cutlass::gemm::GemmShape<(int)64, (int)64, (int)128>, cutlass::gemm::GemmShape<(int)16, (int)8, (int)64>, int, cutlass::Array<int, (int)4, (bool)1>, cutlass::layout::RowMajor>, cutlass::epilogue::warp::TileIteratorTensorOpMixed<cutlass::gemm::GemmShape<(int)64, (int)64, (int)128>, cutlass::gemm::GemmShape<(int)16, (int)8, (int)64>, int, (int)32, (int)16, (int)8, (int)8, (bool)0>, cutlass::epilogue::threadblock::SharedLoadIteratorMixed<cutlass::epilogue::threadblock::OutputTileOptimalThreadMap<cutlass::epilogue::threadblock::OutputTileShape<(int)128, (int)8, (int)2, (int)1, (int)1>, cutlass::epilogue::threadblock::OutputTileShape<(int)1, (int)8, (int)1, (int)1, (int)8>, (int)128, (int)8, (int)16>::CompactedThreadMap, int, (int)32, (int)16, (int)8, (int)8, (bool)0>, cutlass::epilogue::thread::LinearCombination<cutlass::half_t, (int)8, int, float, (cutlass::epilogue::thread::ScaleType::Kind)0, (cutlass::FloatRoundStyle)2, cutlass::half_t>, cutlass::MatrixShape<(int)0, (int)8>, (int)2, (int)1>, cutlass::epilogue::threadblock::TreeVisitor2x<cutlass::epilogue::threadblock::VisitorAuxStore<cutlass::epilogue::threadblock::OutputTileThreadLayout<cutlass::gemm::GemmShape<(int)128, (int)128, (int)128>, cutlass::gemm::GemmShape<(int)64, (int)64, (int)128>, cutlass::half_t, (int)8, (int)1>, cutlass::half_t, (cutlass::FloatRoundStyle)2, cute::tuple<long, cute::C<(int)1>, long>>, cutlass::epilogue::threadblock::TreeVisitor2x<cutlass::epilogue::threadblock::VisitorCompute<cutlass::plus, float, float, (cutlass::FloatRoundStyle)2, void>, cutlass::epilogue::threadblock::TreeVisitor2x<cutlass::epilogue::threadblock::VisitorCompute<cutlass::plus, float, float, (cutlass::FloatRoundStyle)2, void>, cutlass::epilogue::threadblock::TreeVisitor2x<cutlass::epilogue::threadblock::VisitorCompute<cutlass::multiplies, float, float, (cutlass::FloatRoundStyle)2, void>, cutlass::epilogue::threadblock::TreeVisitor2x<cutlass::epilogue::threadblock::VisitorCompute<cutlass::multiplies, float, float, (cutlass::FloatRoundStyle)2, void>, cutlass::epilogue::threadblock::VisitorAccFetch, cutlass::epilogue::threadblock::VisitorScalarBroadcast<float, cute::tuple<cute::C<(int)0>, cute::C<(int)0>, cute::C<(int)0>>, (int)1, cutlass::multiplies>>, cutlass::epilogue::threadblock::VisitorRowBroadcast<cutlass::epilogue::threadblock::OutputTileThreadLayout<cutlass::gemm::GemmShape<(int)128, (int)128, (int)128>, cutlass::gemm::GemmShape<(int)64, (int)64, (int)128>, cutlass::half_t, (int)8, (int)1>, float, cute::tuple<cute::C<(int)0>, cute::C<(int)1>, int>, (bool)1>>, cutlass::epilogue::threadblock::VisitorRowBroadcast<cutlass::epilogue::threadblock::OutputTileThreadLayout<cutlass::gemm::GemmShape<(int)128, (int)128, (int)128>, cutlass::gemm::GemmShape<(int)64, (int)64, (int)128>, cutlass::half_t, (int)8, (int)1>, float, cute::tuple<cute::C<(int)0>, cute::C<(int)1>, int>, (bool)1>>, cutlass::epilogue::threadblock::VisitorAuxLoad<cutlass::epilogue::threadblock::OutputTileThreadLayout<cutlass::gemm::GemmShape<(int)128, (int)128, (int)128>, cutlass::gemm::GemmShape<(int)64, (int)64, (int)128>, cutlass::half_t, (int)8, (int)1>, cutlass::half_t, cute::tuple<long, cute::C<(int)1>, long>>>>, (int)1, (int)1>, cutlass::gemm::threadblock::GemmIdentityThreadblockSwizzle<(int)1>, (cutlass::conv::Operator)0, cutlass::conv::Conv2dProblemSize>>(T1::Params)",1290823.0
L|resblock_updown|C768|T4,"void group_norm_silu_quantize_pack_nhwc_vec2_kernel<__half, (bool)0>(const T1 *, signed char *, const T1 *, const T1 *, const T1 *, const T1 *, const float *, const float *, int, long, int, float, bool, int)",1239302.0
L|resblock_plain|C1536|T4,ampere_fp16_s16816gemm_fp16_128x64_ldg8_f2f_stages_32x6_tn,1204519.0
L|resblock_plain|C768|T64,"void at::native::elementwise_kernel<(int)128, (int)4, void at::native::gpu_kernel_impl_nocast<at::native::CUDAFunctor_add<c10::Half>>(at::TensorIteratorBase &, const T1 &)::[lambda(int) (instance 1)]>(int, T3)",1054661.0
L|resblock_updown|C384|T64,"void group_norm_silu_quantize_resize_nhwc_kernel<__half, (bool)1, (bool)1, (bool)1>(const T1 *, signed char *, const T1 *, const T1 *, const T1 *, const T1 *, const float *, const float *, int, long, int, float, bool, int, int)",1054310.0
L|resblock_plain|C1152|T16,ampere_fp16_s1688gemm_fp16_128x128_ldg8_f2f_stages_32x1_tn,928647.0
L|resblock_plain|C768|T4,ampere_fp16_s16816gemm_fp16_64x64_sliced1x2_ldg8_relu_f2f_stages_64x5_tn,803076.0
L|resblock_plain|C384|T16,"void cutlass::Kernel<modiff::ImplicitGemmConvolutionEVT<cutlass::conv::threadblock::ImplicitGemmMultistage<cutlass::gemm::GemmShape<(int)128, (int)128, (int)128>, cutlass::conv::threadblock::Conv2dFpropActivationTileAccessIteratorOptimized<cutlass::MatrixShape<(int)128, (int)128>, cutlass::integer_subbyte<(int)4, (bool)1>, cutlass::layout::TensorNHWC, cutlass::transform::PitchLinearWarpRakedThreadMap<cutlass::PitchLinearShape<(int)128, (int)128>, (int)128, cutlass::PitchLinearShape<(int)4, (int)8>, (int)32>, cutlass::AlignedArray<cutlass::integer_subbyte<(int)4, (bool)1>, (int)32, (int)16>>, cutlass::transform::threadblock::RegularTileAccessIterator<cutlass::MatrixShape<(int)128, (int)128>, cutlass::integer_subbyte<(int)4, (bool)1>, cutlass::layout::RowMajorTensorOpMultiplicandCrosswise<(int)4, (int)128>, (int)0, cutlass::transform::PitchLinearWarpRakedThreadMap<cutlass::PitchLinearShape<(int)128, (int)128>, (int)128, cutlass::PitchLinearShape<(int)4, (int)8>, (int)32>, (int)16>, (cutlass::arch::CacheOperation::Kind)0, cutlass::conv::threadblock::Conv2dFpropFilterTileAccessIteratorOptimized<cutlass::MatrixShape<(int)128, (int)128>, cutlass::integer_subbyte<(int)4, (bool)1>, cutlass::layout::TensorNHWC, cutlass::transform::PitchLinearWarpRakedThreadMap<cutlass::PitchLinearShape<(int)128, (int)128>, (int)128, cutlass::PitchLinearShape<(int)4, (int)8>, (int)32>, cutlass::AlignedArray<cutlass::integer_subbyte<(int)4, (bool)1>, (int)32, (int)16>, (bool)0>, cutlass::transform::threadblock::RegularTileAccessIterator<cutlass::MatrixShape<(int)128, (int)128>, cutlass::integer_subbyte<(int)4, (bool)1>, cutlass::layout::ColumnMajorTensorOpMultiplicandCrosswise<(int)4, (int)128>, (int)1, cutlass::transform::PitchLinearWarpRakedThreadMap<cutlass::PitchLinearShape<(int)128, (int)128>, (int)128, cutlass::PitchLinearShape<(int)4, (int)8>, (int)32>, (int)16>, (cutlass::arch::CacheOperation::Kind)1, cutlass::gemm::threadblock::MmaPolicy<cutlass::gemm::warp::MmaTensorOp<cutlass::gemm::GemmShape<(int)64, (int)64, (int)128>, cutlass::integer_subbyte<(int)4, (bool)1>, cutlass::layout::RowMajorTensorOpMultiplicandCrosswise<(int)4, (int)128>, cutlass::integer_subbyte<(int)4, (bool)1>, cutlass::layout::ColumnMajorTensorOpMultiplicandCrosswise<(int)4, (int)128>, int, cutlass::layout::RowMajor, cutlass::gemm::warp::MmaTensorOpPolicy<cutlass::arch::Mma<cutlass::gemm::GemmShape<(int)16, (int)8, (int)64>, (int)32, cutlass::integer_subbyte<(int)4, (bool)1>, cutlass::layout::RowMajor, cutlass::integer_subbyte<(int)4, (bool)1>, cutlass::layout::ColumnMajor, int, cutlass::layout::RowMajor, cutlass::arch::OpMultiplyAddSaturate>, cutlass::MatrixShape<(int)1, (int)1>>, (int)1, (bool)0, bool>, cutlass::MatrixShape<(int)0, (int)0>, cutlass::MatrixShape<(int)0, (int)0>, (int)1>, (int)3, bool>, cutlass::epilogue::threadblock::EpilogueWithVisitorCallbacks<cutlass::epilogue::threadblock::Epilogue<cutlass::gemm::GemmShape<(int)128, (int)128, (int)128>, cutlass::gemm::warp::MmaTensorOp<cutlass::gemm::GemmShape<(int)64, (int)64, (int)128>, cutlass::integer_subbyte<(int)4, (bool)1>, cutlass::layout::RowMajorTensorOpMultiplicandCrosswise<(int)4, (int)128>, cutlass::integer_subbyte<(int)4, (bool)1>, cutlass::layout::ColumnMajorTensorOpMultiplicandCrosswise<(int)4, (int)128>, int, cutlass::layout::RowMajor, cutlass::gemm::warp::MmaTensorOpPolicy<cutlass::arch::Mma<cutlass::gemm::GemmShape<(int)16, (int)8, (int)64>, (int)32, cutlass::integer_subbyte<(int)4, (bool)1>, cutlass::layout::RowMajor, cutlass::integer_subbyte<(int)4, (bool)1>, cutlass::layout::ColumnMajor, int, cutlass::layout::RowMajor, cutlass::arch::OpMultiplyAddSaturate>, cutlass::MatrixShape<(int)1, (int)1>>, (int)1, (bool)0, bool>, (int)1, cutlass::epilogue::threadblock::PredicatedTileIteratorConv<cutlass::epilogue::threadblock::OutputTileOptimalThreadMap<cutlass::epilogue::threadblock::OutputTileShape<(int)128, (int)8, (int)2, (int)1, (int)1>, cutlass::epilogue::threadblock::OutputTileShape<(int)1, (int)8, (int)1, (int)1, (int)8>, (int)128, (int)8, (int)16>, cutlass::half_t, (bool)0, cutlass::layout::NoPermute, (bool)0, (int)4>, cutlass::epilogue::warp::FragmentIteratorTensorOp<cutlass::gemm::GemmShape<(int)64, (int)64, (int)128>, cutlass::gemm::GemmShape<(int)16, (int)8, (int)64>, int, cutlass::Array<int, (int)4, (bool)1>, cutlass::layout::RowMajor>, cutlass::epilogue::warp::TileIteratorTensorOpMixed<cutlass::gemm::GemmShape<(int)64, (int)64, (int)128>, cutlass::gemm::GemmShape<(int)16, (int)8, (int)64>, int, (int)32, (int)16, (int)8, (int)8, (bool)0>, cutlass::epilogue::threadblock::SharedLoadIteratorMixed<cutlass::epilogue::threadblock::OutputTileOptimalThreadMap<cutlass::epilogue::threadblock::OutputTileShape<(int)128, (int)8, (int)2, (int)1, (int)1>, cutlass::epilogue::threadblock::OutputTileShape<(int)1, (int)8, (int)1, (int)1, (int)8>, (int)128, (int)8, (int)16>::CompactedThreadMap, int, (int)32, (int)16, (int)8, (int)8, (bool)0>, cutlass::epilogue::thread::LinearCombination<cutlass::half_t, (int)8, int, float, (cutlass::epilogue::thread::ScaleType::Kind)0, (cutlass::FloatRoundStyle)2, cutlass::half_t>, cutlass::MatrixShape<(int)0, (int)8>, (int)2, (int)1>, cutlass::epilogue::threadblock::TreeVisitor2x<cutlass::epilogue::threadblock::VisitorAuxStore<cutlass::epilogue::threadblock::OutputTileThreadLayout<cutlass::gemm::GemmShape<(int)128, (int)128, (int)128>, cutlass::gemm::GemmShape<(int)64, (int)64, (int)128>, cutlass::half_t, (int)8, (int)1>, cutlass::half_t, (cutlass::FloatRoundStyle)2, cute::tuple<long, cute::C<(int)1>, long>>, cutlass::epilogue::threadblock::TreeVisitor2x<cutlass::epilogue::threadblock::VisitorCompute<cutlass::plus, float, float, (cutlass::FloatRoundStyle)2, void>, cutlass::epilogue::threadblock::TreeVisitor2x<cutlass::epilogue::threadblock::VisitorCompute<cutlass::multiplies, float, float, (cutlass::FloatRoundStyle)2, void>, cutlass::epilogue::threadblock::TreeVisitor2x<cutlass::epilogue::threadblock::VisitorCompute<cutlass::multiplies, float, float, (cutlass::FloatRoundStyle)2, void>, cutlass::epilogue::threadblock::VisitorAccFetch, cutlass::epilogue::threadblock::VisitorScalarBroadcast<float, cute::tuple<cute::C<(int)0>, cute::C<(int)0>, cute::C<(int)0>>, (int)1, cutlass::multiplies>>, cutlass::epilogue::threadblock::VisitorRowBroadcast<cutlass::epilogue::threadblock::OutputTileThreadLayout<cutlass::gemm::GemmShape<(int)128, (int)128, (int)128>, cutlass::gemm::GemmShape<(int)64, (int)64, (int)128>, cutlass::half_t, (int)8, (int)1>, float, cute::tuple<cute::C<(int)0>, cute::C<(int)1>, int>, (bool)1>>, cutlass::epilogue::threadblock::VisitorRowBroadcast<cutlass::epilogue::threadblock::OutputTileThreadLayout<cutlass::gemm::GemmShape<(int)128, (int)128, (int)128>, cutlass::gemm::GemmShape<(int)64, (int)64, (int)128>, cutlass::half_t, (int)8, (int)1>, float, cute::tuple<cute::C<(int)0>, cute::C<(int)1>, int>, (bool)1>>>, (int)1, (int)1>, cutlass::gemm::threadblock::GemmIdentityThreadblockSwizzle<(int)1>, (cutlass::conv::Operator)0, cutlass::conv::Conv2dProblemSize>>(T1::Params)",789766.0
L|resblock_updown|C384|T64,"void at::native::unrolled_elementwise_kernel<at::native::direct_copy_kernel_cuda(at::TensorIteratorBase &)::[lambda() (instance 3)]::operator ()() const::[lambda() (instance 7)]::operator ()() const::[lambda(float) (instance 1)], at::detail::Array<char *, (int)2>, TrivialOffsetCalculator<(int)1, unsigned int>, TrivialOffsetCalculator<(int)1, unsigned int>, at::native::memory::LoadWithCast<(int)1>, at::native::memory::StoreWithCast<(int)1>>(int, T1, T2, T3, T4, T5, T6)",718374.0
L|resblock_updown|C384|T64,"void at::native::<unnamed>::avg_pool2d_out_cuda_frame_nhwc<c10::Half, float>(int, const T1 *, long, long, long, int, int, int, int, int, int, int, int, T1 *, int, bool, bool)",716963.0
L|resblock_updown|C384|T64,"void group_norm_silu_quantize_resize_nhwc_kernel<__half, (bool)1, (bool)0, (bool)1>(const T1 *, signed char *, const T1 *, const T1 *, const T1 *, const T1 *, const float *, const float *, int, long, int, float, bool, int, int)",648867.0
L|resblock_plain|C1536|T4,ampere_fp16_s16816gemm_fp16_64x64_sliced1x2_ldg8_relu_f2f_stages_64x5_tn,575908.0
L|resblock_updown|C768|T4,"void at::native::<unnamed>::upsample_nearest2d_nhwc_out_frame<float, &at::native::nearest_neighbor_compute_source_index>(const T1 *, T1 *, unsigned long, unsigned long, unsigned long, unsigned long, unsigned long, float, float, unsigned long)",539074.0
L|resblock_plain|C1152|T64,"void at::native::elementwise_kernel<(int)128, (int)4, void at::native::gpu_kernel_impl_nocast<at::native::CUDAFunctor_add<c10::Half>>(at::TensorIteratorBase &, const T1 &)::[lambda(int) (instance 1)]>(int, T3)",508933.0
L|resblock_updown|C768|T16,"void group_norm_silu_quantize_resize_nhwc_kernel<__half, (bool)1, (bool)1, (bool)1>(const T1 *, signed char *, const T1 *, const T1 *, const T1 *, const T1 *, const float *, const float *, int, long, int, float, bool, int, int)",505029.0
L|resblock_updown|C768|T16,"void group_norm_silu_quantize_resize_nhwc_kernel<__half, (bool)1, (bool)0, (bool)1>(const T1 *, signed char *, const T1 *, const T1 *, const T1 *, const T1 *, const float *, const float *, int, long, int, float, bool, int, int)",472098.0
L|resblock_plain|C1536|T16,"void at::native::elementwise_kernel<(int)128, (int)4, void at::native::gpu_kernel_impl_nocast<at::native::CUDAFunctor_add<c10::Half>>(at::TensorIteratorBase &, const T1 &)::[lambda(int) (instance 1)]>(int, T3)",434850.0
L|resblock_plain|C384|T16,ampere_fp16_s16816gemm_fp16_256x128_ldg8_f2f_stages_32x3_tn,432387.0
L|resblock_plain|C768|T4,"void at::native::elementwise_kernel<(int)128, (int)4, void at::native::gpu_kernel_impl_nocast<at::native::direct_copy_kernel_cuda(at::TensorIteratorBase &)::[lambda() (instance 3)]::operator ()() const::[lambda() (instance 10)]::operator ()() const::[lambda(c10::Half) (instance 1)]>(at::TensorIteratorBase &, const T1 &)::[lambda(int) (instance 1)]>(int, T3)",430656.0
L|resblock_plain|C1536|T16,ampere_fp16_s16816gemm_fp16_64x64_sliced1x2_ldg8_relu_f2f_stages_64x5_tn,426787.0
L|attention|C768|T4,"gemm_w4a4_kernel_awq(const signed char *, const signed char *, const float *, float, __half *, int, int, int, int, const __half *, const __half *)",406917.0
L|resblock_updown|C768|T16,ampere_fp16_s16816gemm_fp16_64x64_sliced1x2_ldg8_relu_f2f_stages_64x5_tn,405764.0
L|resblock_updown|C768|T16,"void at::native::unrolled_elementwise_kernel<at::native::direct_copy_kernel_cuda(at::TensorIteratorBase &)::[lambda() (instance 3)]::operator ()() const::[lambda() (instance 7)]::operator ()() const::[lambda(float) (instance 1)], at::detail::Array<char *, (int)2>, TrivialOffsetCalculator<(int)1, unsigned int>, TrivialOffsetCalculator<(int)1, unsigned int>, at::native::memory::LoadWithCast<(int)1>, at::native::memory::StoreWithCast<(int)1>>(int, T1, T2, T3, T4, T5, T6)",396705.0
,"void at::native::elementwise_kernel<(int)128, (int)4, void at::native::gpu_kernel_impl<at::native::CUDAFunctor_add<float>>(at::TensorIteratorBase &, const T1 &)::[lambda(int) (instance 1)]>(int, T3)",378949.0
L|resblock_updown|C768|T16,"void at::native::<unnamed>::avg_pool2d_out_cuda_frame_nhwc<c10::Half, float>(int, const T1 *, long, long, long, int, int, int, int, int, int, int, int, T1 *, int, bool, bool)",364419.0
L|resblock_updown|C768|T4,"void at::native::unrolled_elementwise_kernel<at::native::direct_copy_kernel_cuda(at::TensorIteratorBase &)::[lambda() (instance 3)]::operator ()() const::[lambda() (instance 10)]::operator ()() const::[lambda(c10::Half) (instance 1)], at::detail::Array<char *, (int)2>, TrivialOffsetCalculator<(int)1, unsigned int>, TrivialOffsetCalculator<(int)1, unsigned int>, at::native::memory::LoadWithCast<(int)1>, at::native::memory::StoreWithCast<(int)1>>(int, T1, T2, T3, T4, T5, T6)",352706.0
L|resblock_plain|C1536|T4,"void at::native::elementwise_kernel<(int)128, (int)4, void at::native::gpu_kernel_impl_nocast<at::native::direct_copy_kernel_cuda(at::TensorIteratorBase &)::[lambda() (instance 3)]::operator ()() const::[lambda() (instance 10)]::operator ()() const::[lambda(c10::Half) (instance 1)]>(at::TensorIteratorBase &, const T1 &)::[lambda(int) (instance 1)]>(int, T3)",349765.0
L|resblock_plain|C768|T256,"void at::native::elementwise_kernel<(int)128, (int)4, void at::native::gpu_kernel_impl_nocast<at::native::direct_copy_kernel_cuda(at::TensorIteratorBase &)::[lambda() (instance 3)]::operator ()() const::[lambda() (instance 10)]::operator ()() const::[lambda(c10::Half) (instance 1)]>(at::TensorIteratorBase &, const T1 &)::[lambda(int) (instance 1)]>(int, T3)",336738.0
L|resblock_plain|C768|T64,"void at::native::elementwise_kernel<(int)128, (int)4, void at::native::gpu_kernel_impl_nocast<at::native::direct_copy_kernel_cuda(at::TensorIteratorBase &)::[lambda() (instance 3)]::operator ()() const::[lambda() (instance 10)]::operator ()() const::[lambda(c10::Half) (instance 1)]>(at::TensorIteratorBase &, const T1 &)::[lambda(int) (instance 1)]>(int, T3)",333665.0
L|resblock_plain|C384|T1024,"void at::native::elementwise_kernel<(int)128, (int)4, void at::native::gpu_kernel_impl_nocast<at::native::direct_copy_kernel_cuda(at::TensorIteratorBase &)::[lambda() (instance 3)]::operator ()() const::[lambda() (instance 10)]::operator ()() const::[lambda(c10::Half) (instance 1)]>(at::TensorIteratorBase &, const T1 &)::[lambda(int) (instance 1)]>(int, T3)",325730.0
L|resblock_plain|C768|T256,sm80_xmma_gemm_f16f16_f16f32_f32_tn_n_tilesize32x32x64_stage6_warpsize2x2x1_tensor16x8x16_kernel,324129.0
L|resblock_plain|C384|T64,sm80_xmma_gemm_f16f16_f16f32_f32_tn_n_tilesize32x32x64_stage6_warpsize2x2x1_tensor16x8x16_kernel,321121.0
L|resblock_plain|C768|T64,sm80_xmma_gemm_f16f16_f16f32_f32_tn_n_tilesize32x32x64_stage6_warpsize2x2x1_tensor16x8x16_kernel,320835.0
L|resblock_updown|C384|T64,sm80_xmma_gemm_f16f16_f16f32_f32_tn_n_tilesize32x32x64_stage6_warpsize2x2x1_tensor16x8x16_kernel,318533.0
L|resblock_updown|C384|T256,sm80_xmma_gemm_f16f16_f16f32_f32_tn_n_tilesize32x32x64_stage6_warpsize2x2x1_tensor16x8x16_kernel,317154.0
L|resblock_plain|C1536|T16,"void at::native::elementwise_kernel<(int)128, (int)4, void at::native::gpu_kernel_impl_nocast<at::native::direct_copy_kernel_cuda(at::TensorIteratorBase &)::[lambda() (instance 3)]::operator ()() const::[lambda() (instance 10)]::operator ()() const::[lambda(c10::Half) (instance 1)]>(at::TensorIteratorBase &, const T1 &)::[lambda(int) (instance 1)]>(int, T3)",299620.0
L|resblock_updown|C768|T4,"void group_norm_silu_quantize_resize_nhwc_kernel<__half, (bool)1, (bool)1, (bool)1>(const T1 *, signed char *, const T1 *, const T1 *, const T1 *, const T1 *, const float *, const float *, int, long, int, float, bool, int, int)",284609.0
L|resblock_updown|C768|T16,"void at::native::elementwise_kernel<(int)128, (int)4, void at::native::gpu_kernel_impl_nocast<at::native::direct_copy_kernel_cuda(at::TensorIteratorBase &)::[lambda() (instance 3)]::operator ()() const::[lambda() (instance 10)]::operator ()() const::[lambda(c10::Half) (instance 1)]>(at::TensorIteratorBase &, const T1 &)::[lambda(int) (instance 1)]>(int, T3)",282274.0
L|attention|C768|T4,"void gemm_w4a4_kernel_awq_out_i8<(int)4>(const signed char *, const signed char *, const float *, float, const float *, signed char *, int, int, int, const __half *, int, int, int, float, float, const float *, const float *, signed char *, signed char *, signed char *, int, int)",278306.0
L|resblock_updown|C384|T256,"void at::native::elementwise_kernel<(int)128, (int)4, void at::native::gpu_kernel_impl_nocast<at::native::direct_copy_kernel_cuda(at::TensorIteratorBase &)::[lambda() (instance 3)]::operator ()() const::[lambda() (instance 10)]::operator ()() const::[lambda(c10::Half) (instance 1)]>(at::TensorIteratorBase &, const T1 &)::[lambda(int) (instance 1)]>(int, T3)",273249.0
L|resblock_updown|C384|T64,"void at::native::elementwise_kernel<(int)128, (int)4, void at::native::gpu_kernel_impl_nocast<at::native::direct_copy_kernel_cuda(at::TensorIteratorBase &)::[lambda() (instance 3)]::operator ()() const::[lambda() (instance 10)]::operator ()() const::[lambda(c10::Half) (instance 1)]>(at::TensorIteratorBase &, const T1 &)::[lambda(int) (instance 1)]>(int, T3)",272928.0
L|resblock_plain|C1536|T4,"void at::native::elementwise_kernel<(int)128, (int)4, void at::native::gpu_kernel_impl_nocast<at::native::CUDAFunctor_add<c10::Half>>(at::TensorIteratorBase &, const T1 &)::[lambda(int) (instance 1)]>(int, T3)",238178.0
L|attention|C768|T4,"void group_norm_silu_quantize_pack_nhwc_vec2_kernel<__half, (bool)1>(const T1 *, signed char *, const T1 *, const T1 *, const T1 *, const T1 *, const float *, const float *, int, long, int, float, bool, int)",230048.0
L|resblock_plain|C384|T1024,sm80_xmma_gemm_f16f16_f16f32_f32_tn_n_tilesize32x32x64_stage6_warpsize2x2x1_tensor16x8x16_kernel,213474.0
L|resblock_plain|C192|T1024,sm80_xmma_gemm_f16f16_f16f32_f32_tn_n_tilesize32x32x64_stage6_warpsize2x2x1_tensor16x8x16_kernel,213121.0
L|resblock_plain|C1152|T16,ampere_fp16_s16816gemm_fp16_64x64_sliced1x2_ldg8_relu_f2f_stages_64x5_tn,207906.0
L|resblock_plain|C384|T64,"void at::native::elementwise_kernel<(int)128, (int)4, void at::native::gpu_kernel_impl_nocast<at::native::direct_copy_kernel_cuda(at::TensorIteratorBase &)::[lambda() (instance 3)]::operator ()() const::[lambda() (instance 10)]::operator ()() const::[lambda(c10::Half) (instance 1)]>(at::TensorIteratorBase &, const T1 &)::[lambda(int) (instance 1)]>(int, T3)",207425.0
L|resblock_plain|C192|T1024,"void at::native::elementwise_kernel<(int)128, (int)4, void at::native::gpu_kernel_impl_nocast<at::native::direct_copy_kernel_cuda(at::TensorIteratorBase &)::[lambda() (instance 3)]::operator ()() const::[lambda() (instance 10)]::operator ()() const::[lambda(c10::Half) (instance 1)]>(at::TensorIteratorBase &, const T1 &)::[lambda(int) (instance 1)]>(int, T3)",202017.0
L|resblock_updown|C768|T4,ampere_fp16_s16816gemm_fp16_64x64_sliced1x2_ldg8_relu_f2f_stages_64x5_tn,200481.0
L|resblock_plain|C768|T16,ampere_fp16_s16816gemm_fp16_64x64_sliced1x2_ldg8_relu_f2f_stages_64x5_tn,198179.0
L|resblock_plain|C384|T16,ampere_fp16_s16816gemm_fp16_64x64_sliced1x2_ldg8_relu_f2f_stages_64x5_tn,192992.0
,"void nhwcAddPaddingKernel<__half, __half, float, (bool)1, (cudnnKernelDataType_t)0>(int, int, int, int, int, int, int, int, const T1 *, T2 *, int, int, int, int, T3, T3, cudnn::reduced_divisor, cudnn::reduced_divisor, cudnn::reduced_divisor)",188800.0
L|resblock_plain|C1152|T16,"void at::native::elementwise_kernel<(int)128, (int)4, void at::native::gpu_kernel_impl_nocast<at::native::CUDAFunctor_add<c10::Half>>(at::TensorIteratorBase &, const T1 &)::[lambda(int) (instance 1)]>(int, T3)",179105.0
L|resblock_plain|C768|T4,"void at::native::vectorized_elementwise_kernel<(int)4, at::native::<unnamed>::silu_kernel(at::TensorIteratorBase &)::[lambda() (instance 1)]::operator ()() const::[lambda() (instance 5)]::operator ()() const::[lambda(c10::Half) (instance 1)], at::detail::Array<char *, (int)2>>(int, T2, T3)",175041.0
L|resblock_plain|C384|T16,"void at::native::elementwise_kernel<(int)128, (int)4, void at::native::gpu_kernel_impl_nocast<at::native::CUDAFunctor_add<c10::Half>>(at::TensorIteratorBase &, const T1 &)::[lambda(int) (instance 1)]>(int, T3)",172292.0
L|attention|C768|T4,"void flash_attn_int8_qi8packed_small_qout_kernel<(int)4, (int)96, (int)4, (bool)1>(const signed char *, const float *, signed char *, int, int, float, float, float, int)",170529.0
L|resblock_plain|C192|T256,"void at::native::elementwise_kernel<(int)128, (int)4, void at::native::gpu_kernel_impl_nocast<at::native::direct_copy_kernel_cuda(at::TensorIteratorBase &)::[lambda() (instance 3)]::operator ()() const::[lambda() (instance 10)]::operator ()() const::[lambda(c10::Half) (instance 1)]>(at::TensorIteratorBase &, const T1 &)::[lambda(int) (instance 1)]>(int, T3)",169284.0
L|resblock_plain|C576|T256,"void at::native::elementwise_kernel<(int)128, (int)4, void at::native::gpu_kernel_impl_nocast<at::native::direct_copy_kernel_cuda(at::TensorIteratorBase &)::[lambda() (instance 3)]::operator ()() const::[lambda() (instance 10)]::operator ()() const::[lambda(c10::Half) (instance 1)]>(at::TensorIteratorBase &, const T1 &)::[lambda(int) (instance 1)]>(int, T3)",167808.0
L|resblock_plain|C1152|T64,"void at::native::elementwise_kernel<(int)128, (int)4, void at::native::gpu_kernel_impl_nocast<at::native::direct_copy_kernel_cuda(at::TensorIteratorBase &)::[lambda() (instance 3)]::operator ()() const::[lambda() (instance 10)]::operator ()() const::[lambda(c10::Half) (instance 1)]>(at::TensorIteratorBase &, const T1 &)::[lambda(int) (instance 1)]>(int, T3)",167266.0
L|resblock_plain|C576|T1024,"void at::native::elementwise_kernel<(int)128, (int)4, void at::native::gpu_kernel_impl_nocast<at::native::direct_copy_kernel_cuda(at::TensorIteratorBase &)::[lambda() (instance 3)]::operator ()() const::[lambda() (instance 10)]::operator ()() const::[lambda(c10::Half) (instance 1)]>(at::TensorIteratorBase &, const T1 &)::[lambda(int) (instance 1)]>(int, T3)",163457.0
L|resblock_plain|C1152|T64,sm80_xmma_gemm_f16f16_f16f32_f32_tn_n_tilesize32x32x64_stage6_warpsize2x2x1_tensor16x8x16_kernel,161250.0
L|resblock_plain|C576|T256,sm80_xmma_gemm_f16f16_f16f32_f32_tn_n_tilesize32x32x64_stage6_warpsize2x2x1_tensor16x8x16_kernel,159777.0
L|resblock_plain|C384|T256,sm80_xmma_gemm_f16f16_f16f32_f32_tn_n_tilesize32x32x64_stage6_warpsize2x2x1_tensor16x8x16_kernel,159746.0
L|resblock_plain|C192|T256,sm80_xmma_gemm_f16f16_f16f32_f32_tn_n_tilesize32x32x64_stage6_warpsize2x2x1_tensor16x8x16_kernel,158528.0
,sm80_xmma_gemm_f16f16_f16f32_f32_tn_n_tilesize32x32x64_stage6_warpsize2x2x1_tensor16x8x16_kernel,158528.0
L|resblock_updown|C768|T4,"void at::native::elementwise_kernel<(int)128, (int)4, void at::native::gpu_kernel_impl_nocast<at::native::direct_copy_kernel_cuda(at::TensorIteratorBase &)::[lambda() (instance 3)]::operator ()() const::[lambda() (instance 10)]::operator ()() const::[lambda(c10::Half) (instance 1)]>(at::TensorIteratorBase &, const T1 &)::[lambda(int) (instance 1)]>(int, T3)",156576.0
,"void at::native::vectorized_elementwise_kernel<(int)4, at::native::AUnaryFunctor<c10::Half, c10::Half, c10::Half, at::native::binary_internal::MulFunctor<float>>, at::detail::Array<char *, (int)2>>(int, T2, T3)",154176.0
L|resblock_plain|C1152|T16,"void at::native::elementwise_kernel<(int)128, (int)4, void at::native::gpu_kernel_impl_nocast<at::native::direct_copy_kernel_cuda(at::TensorIteratorBase &)::[lambda() (instance 3)]::operator ()() const::[lambda() (instance 10)]::operator ()() const::[lambda(c10::Half) (instance 1)]>(at::TensorIteratorBase &, const T1 &)::[lambda(int) (instance 1)]>(int, T3)",146529.0
L|resblock_plain|C1536|T4,"void at::native::vectorized_elementwise_kernel<(int)4, at::native::<unnamed>::silu_kernel(at::TensorIteratorBase &)::[lambda() (instance 1)]::operator ()() const::[lambda() (instance 5)]::operator ()() const::[lambda(c10::Half) (instance 1)], at::detail::Array<char *, (int)2>>(int, T2, T3)",146402.0
L|resblock_plain|C384|T16,"void at::native::elementwise_kernel<(int)128, (int)4, void at::native::gpu_kernel_impl_nocast<at::native::direct_copy_kernel_cuda(at::TensorIteratorBase &)::[lambda() (instance 3)]::operator ()() const::[lambda() (instance 10)]::operator ()() const::[lambda(c10::Half) (instance 1)]>(at::TensorIteratorBase &, const T1 &)::[lambda(int) (instance 1)]>(int, T3)",142816.0
,"void at::native::vectorized_elementwise_kernel<(int)4, at::native::AUnaryFunctor<float, float, float, at::native::binary_internal::MulFunctor<float>>, at::detail::Array<char *, (int)2>>(int, T2, T3)",128384.0
L|resblock_plain|C768|T64,"void at::native::vectorized_elementwise_kernel<(int)4, at::native::<unnamed>::silu_kernel(at::TensorIteratorBase &)::[lambda() (instance 1)]::operator ()() const::[lambda() (instance 5)]::operator ()() const::[lambda(c10::Half) (instance 1)], at::detail::Array<char *, (int)2>>(int, T2, T3)",121409.0
L|resblock_updown|C768|T4,"void at::native::unrolled_elementwise_kernel<at::native::direct_copy_kernel_cuda(at::TensorIteratorBase &)::[lambda() (instance 3)]::operator ()() const::[lambda() (instance 7)]::operator ()() const::[lambda(float) (instance 1)], at::detail::Array<char *, (int)2>, TrivialOffsetCalculator<(int)1, unsigned int>, TrivialOffsetCalculator<(int)1, unsigned int>, at::native::memory::LoadWithCast<(int)1>, at::native::memory::StoreWithCast<(int)1>>(int, T1, T2, T3, T4, T5, T6)",120995.0
L|resblock_plain|C192|T1024,"void at::native::vectorized_elementwise_kernel<(int)4, at::native::<unnamed>::silu_kernel(at::TensorIteratorBase &)::[lambda() (instance 1)]::operator ()() const::[lambda() (instance 5)]::operator ()() const::[lambda(c10::Half) (instance 1)], at::detail::Array<char *, (int)2>>(int, T2, T3)",120992.0
L|resblock_plain|C384|T64,"void at::native::vectorized_elementwise_kernel<(int)4, at::native::<unnamed>::silu_kernel(at::TensorIteratorBase &)::[lambda() (instance 1)]::operator ()() const::[lambda() (instance 5)]::operator ()() const::[lambda(c10::Half) (instance 1)], at::detail::Array<char *, (int)2>>(int, T2, T3)",120512.0
L|resblock_plain|C1536|T16,"void at::native::vectorized_elementwise_kernel<(int)4, at::native::<unnamed>::silu_kernel(at::TensorIteratorBase &)::[lambda() (instance 1)]::operator ()() const::[lambda() (instance 5)]::operator ()() const::[lambda(c10::Half) (instance 1)], at::detail::Array<char *, (int)2>>(int, T2, T3)",120161.0
L|resblock_plain|C768|T256,"void at::native::vectorized_elementwise_kernel<(int)4, at::native::<unnamed>::silu_kernel(at::TensorIteratorBase &)::[lambda() (instance 1)]::operator ()() const::[lambda() (instance 5)]::operator ()() const::[lambda(c10::Half) (instance 1)], at::detail::Array<char *, (int)2>>(int, T2, T3)",118144.0
L|resblock_updown|C384|T64,"void at::native::vectorized_elementwise_kernel<(int)4, at::native::<unnamed>::silu_kernel(at::TensorIteratorBase &)::[lambda() (instance 1)]::operator ()() const::[lambda() (instance 5)]::operator ()() const::[lambda(c10::Half) (instance 1)], at::detail::Array<char *, (int)2>>(int, T2, T3)",116768.0
L|resblock_updown|C384|T256,"void at::native::vectorized_elementwise_kernel<(int)4, at::native::<unnamed>::silu_kernel(at::TensorIteratorBase &)::[lambda() (instance 1)]::operator ()() const::[lambda() (instance 5)]::operator ()() const::[lambda(c10::Half) (instance 1)], at::detail::Array<char *, (int)2>>(int, T2, T3)",116194.0
L|resblock_plain|C384|T1024,"void at::native::vectorized_elementwise_kernel<(int)4, at::native::<unnamed>::silu_kernel(at::TensorIteratorBase &)::[lambda() (instance 1)]::operator ()() const::[lambda() (instance 5)]::operator ()() const::[lambda(c10::Half) (instance 1)], at::detail::Array<char *, (int)2>>(int, T2, T3)",113952.0
L|resblock_plain|C768|T16,"void at::native::elementwise_kernel<(int)128, (int)4, void at::native::gpu_kernel_impl_nocast<at::native::direct_copy_kernel_cuda(at::TensorIteratorBase &)::[lambda() (instance 3)]::operator ()() const::[lambda() (instance 10)]::operator ()() const::[lambda(c10::Half) (instance 1)]>(at::TensorIteratorBase &, const T1 &)::[lambda(int) (instance 1)]>(int, T3)",110368.0
L|resblock_updown|C768|T16,"void at::native::vectorized_elementwise_kernel<(int)4, at::native::<unnamed>::silu_kernel(at::TensorIteratorBase &)::[lambda() (instance 1)]::operator ()() const::[lambda() (instance 5)]::operator ()() const::[lambda(c10::Half) (instance 1)], at::detail::Array<char *, (int)2>>(int, T2, T3)",109312.0
L|resblock_plain|C576|T1024,sm80_xmma_gemm_f16f16_f16f32_f32_tn_n_tilesize32x32x64_stage6_warpsize2x2x1_tensor16x8x16_kernel,105536.0
L|resblock_plain|C384|T256,"void at::native::elementwise_kernel<(int)128, (int)4, void at::native::gpu_kernel_impl_nocast<at::native::direct_copy_kernel_cuda(at::TensorIteratorBase &)::[lambda() (instance 3)]::operator ()() const::[lambda() (instance 10)]::operator ()() const::[lambda(c10::Half) (instance 1)]>(at::TensorIteratorBase &, const T1 &)::[lambda(int) (instance 1)]>(int, T3)",104832.0
L|resblock_updown|C192|T1024,sm80_xmma_gemm_f16f16_f16f32_f32_tn_n_tilesize32x32x64_stage6_warpsize2x2x1_tensor16x8x16_kernel,104544.0
L|resblock_updown|C192|T1024,"void at::native::elementwise_kernel<(int)128, (int)4, void at::native::gpu_kernel_impl_nocast<at::native::direct_copy_kernel_cuda(at::TensorIteratorBase &)::[lambda() (instance 3)]::operator ()() const::[lambda() (instance 10)]::operator ()() const::[lambda(c10::Half) (instance 1)]>(at::TensorIteratorBase &, const T1 &)::[lambda(int) (instance 1)]>(int, T3)",102656.0
,void cutlass::Kernel2<cutlass_80_wmma_tensorop_f16_s161616gemm_f16_32x32_128x2_tn_align8>(T1::Params),93664.0
,"void at::native::reduce_kernel<(int)512, (int)1, at::native::ReduceOp<long, at::native::func_wrapper_t<long, at::native::MaxNanFunctor<long>>, unsigned int, long, (int)4>>(T3)",69120.0
,"void at::native::<unnamed>::ComputeFusedParamsCUDAKernel<float>(long, long, long, const T1 *, const T1 *, const T1 *, const T1 *, at::AccumulateType<T1, (bool)1>::type *, at::AccumulateType<T1, (bool)1>::type *)",68160.0
,"void at::native::<unnamed>::indexSelectLargeIndex<float, long, unsigned int, (int)2, (int)2, (int)-2, (bool)1>(at::cuda::detail::TensorInfo<T1, T3>, at::cuda::detail::TensorInfo<const T1, T3>, at::cuda::detail::TensorInfo<const T2, T3>, int, int, T3, T3, long)",64321.0
L|resblock_plain|C192|T256,"void at::native::vectorized_elementwise_kernel<(int)4, at::native::<unnamed>::silu_kernel(at::TensorIteratorBase &)::[lambda() (instance 1)]::operator ()() const::[lambda() (instance 5)]::operator ()() const::[lambda(c10::Half) (instance 1)], at::detail::Array<char *, (int)2>>(int, T2, T3)",60896.0
L|resblock_plain|C1152|T64,"void at::native::vectorized_elementwise_kernel<(int)4, at::native::<unnamed>::silu_kernel(at::TensorIteratorBase &)::[lambda() (instance 1)]::operator ()() const::[lambda() (instance 5)]::operator ()() const::[lambda(c10::Half) (instance 1)], at::detail::Array<char *, (int)2>>(int, T2, T3)",60864.0
L|resblock_plain|C384|T256,"void at::native::vectorized_elementwise_kernel<(int)4, at::native::<unnamed>::silu_kernel(at::TensorIteratorBase &)::[lambda() (instance 1)]::operator ()() const::[lambda() (instance 5)]::operator ()() const::[lambda(c10::Half) (instance 1)], at::detail::Array<char *, (int)2>>(int, T2, T3)",60544.0
L|resblock_plain|C576|T256,"void at::native::vectorized_elementwise_kernel<(int)4, at::native::<unnamed>::silu_kernel(at::TensorIteratorBase &)::[lambda() (instance 1)]::operator ()() const::[lambda() (instance 5)]::operator ()() const::[lambda(c10::Half) (instance 1)], at::detail::Array<char *, (int)2>>(int, T2, T3)",59969.0
L|resblock_plain|C1152|T16,"void at::native::vectorized_elementwise_kernel<(int)4, at::native::<unnamed>::silu_kernel(at::TensorIteratorBase &)::[lambda() (instance 1)]::operator ()() const::[lambda() (instance 5)]::operator ()() const::[lambda(c10::Half) (instance 1)], at::detail::Array<char *, (int)2>>(int, T2, T3)",59072.0
L|resblock_updown|C768|T4,"void at::native::vectorized_elementwise_kernel<(int)4, at::native::<unnamed>::silu_kernel(at::TensorIteratorBase &)::[lambda() (instance 1)]::operator ()() const::[lambda() (instance 5)]::operator ()() const::[lambda(c10::Half) (instance 1)], at::detail::Array<char *, (int)2>>(int, T2, T3)",58720.0
L|resblock_plain|C576|T1024,"void at::native::vectorized_elementwise_kernel<(int)4, at::native::<unnamed>::silu_kernel(at::TensorIteratorBase &)::[lambda() (instance 1)]::operator ()() const::[lambda() (instance 5)]::operator ()() const::[lambda(c10::Half) (instance 1)], at::detail::Array<char *, (int)2>>(int, T2, T3)",57120.0
L|resblock_updown|C192|T1024,"void at::native::vectorized_elementwise_kernel<(int)4, at::native::<unnamed>::silu_kernel(at::TensorIteratorBase &)::[lambda() (instance 1)]::operator ()() const::[lambda() (instance 5)]::operator ()() const::[lambda(c10::Half) (instance 1)], at::detail::Array<char *, (int)2>>(int, T2, T3)",55648.0
L|resblock_plain|C768|T16,"void at::native::vectorized_elementwise_kernel<(int)4, at::native::<unnamed>::silu_kernel(at::TensorIteratorBase &)::[lambda() (instance 1)]::operator ()() const::[lambda() (instance 5)]::operator ()() const::[lambda(c10::Half) (instance 1)], at::detail::Array<char *, (int)2>>(int, T2, T3)",53313.0
L|resblock_plain|C384|T16,"void at::native::vectorized_elementwise_kernel<(int)4, at::native::<unnamed>::silu_kernel(at::TensorIteratorBase &)::[lambda() (instance 1)]::operator ()() const::[lambda() (instance 5)]::operator ()() const::[lambda(c10::Half) (instance 1)], at::detail::Array<char *, (int)2>>(int, T2, T3)",50432.0
,"void at::native::vectorized_elementwise_kernel<(int)4, at::native::<unnamed>::silu_kernel(at::TensorIteratorBase &)::[lambda() (instance 1)]::operator ()() const::[lambda() (instance 5)]::operator ()() const::[lambda(c10::Half) (instance 1)], at::detail::Array<char *, (int)2>>(int, T2, T3)",35360.0
,"void at::native::vectorized_elementwise_kernel<(int)4, at::native::FillFunctor<long>, at::detail::Array<char *, (int)1>>(int, T2, T3)",30784.0
,"void at::native::<unnamed>::distribution_elementwise_grid_stride_kernel<float, (int)4, void at::native::templates::cuda::normal_and_transform<float, float, (unsigned long)4, at::CUDAGeneratorImpl *, void at::native::templates::cuda::normal_kernel<at::CUDAGeneratorImpl *>(const at::TensorBase &, double, double, T1)::[lambda() (instance 1)]::operator ()() const::[lambda() (instance 2)]::operator ()() const::[lambda(float) (instance 1)]>(at::TensorIteratorBase &, T4, T5)::[lambda(curandStatePhilox4_32_10 *) (instance 2)], void at::native::<unnamed>::distribution_nullary_kernel<float, float, (int)4, at::CUDAGeneratorImpl *, void at::native::templates::cuda::normal_and_transform<float, float, (unsigned long)4, at::CUDAGeneratorImpl *, void at::native::templates::cuda::normal_kernel<at::CUDAGeneratorImpl *>(const at::TensorBase &, double, double, T1)::[lambda() (instance 1)]::operator ()() const::[lambda() (instance 2)]::operator ()() const::[lambda(float) (instance 1)]>(at::TensorIteratorBase &, T4, T5)::[lambda(curandStatePhilox4_32_10 *) (instance 2)], void at::native::templates::cuda::normal_kernel<at::CUDAGeneratorImpl *>(const at::TensorBase &, double, double, T1)::[lambda() (instance 1)]::operator ()() const::[lambda() (instance 2)]::operator ()() const::[lambda(float) (instance 1)]>(at::TensorIteratorBase &, T4, const T5 &, T6)::[lambda(int, float) (instance 1)]>(int, at::PhiloxCudaState, T3, T4)",6720.0
,"void at::native::vectorized_elementwise_kernel<(int)4, at::native::CUDAFunctorOnOther_add<float>, at::detail::Array<char *, (int)2>>(int, T2, T3)",4064.0
,"void at::native::vectorized_elementwise_kernel<(int)4, at::native::BinaryFunctor<float, float, float, at::native::binary_internal::DivFunctor<float>>, at::detail::Array<char *, (int)3>>(int, T2, T3)",3232.0
,"void at::native::vectorized_elementwise_kernel<(int)4, at::native::sqrt_kernel_cuda(at::TensorIteratorBase &)::[lambda() (instance 2)]::operator ()() const::[lambda() (instance 2)]::operator ()() const::[lambda(float) (instance 1)], at::detail::Array<char *, (int)2>>(int, T2, T3)",1600.0
,"void at::native::vectorized_elementwise_kernel<(int)4, at::native::BinaryFunctor<float, float, float, at::native::binary_internal::MulFunctor<float>>, at::detail::Array<char *, (int)3>>(int, T2, T3)",1408.0
