L|attention|C192|T1024,"void flash_attn_int8_mma_kernel_t<(int)32, (int)8, (int)32, (bool)1, (bool)1, (bool)0, (bool)0, (int)24, (int)1024>(const signed char *, const signed char *, const signed char *, const float *, const float *, const float *, __half *, int, int, int, int, int, float, signed char *, float, int, float, const __half *, int, float, const signed char *, int)",137863216.0
L|attention|C192|T1024,"void gemm_w4a4_kernel_awq_out_i8<(int)1>(const signed char *, const signed char *, const float *, float, const float *, signed char *, int, int, int, const __half *, int, int, int, float, float, const float *, const float *, signed char *, signed char *, signed char *, int, int)",57853654.0
L|resblock_plain|C384|T1024,"void group_norm_silu_quantize_pack_nhwc_vec2_kernel<__half, (bool)0>(const T1 *, signed char *, const T1 *, const T1 *, const T1 *, const T1 *, const float *, const float *, int, long, int, float, bool, int)",49575789.0
L|resblock_plain|C192|T1024,"void group_norm_silu_quantize_pack_nhwc_vec2_kernel<__half, (bool)0>(const T1 *, signed char *, const T1 *, const T1 *, const T1 *, const T1 *, const float *, const float *, int, long, int, float, bool, int)",38991674.0
,"cat2_channels_last_fp16_kernel(const __half *, const __half *, __half *, long, int, int)",38397742.0
L|attention|C384|T256,"void gemm_w4a4_kernel_awq_out_i8<(int)3>(const signed char *, const signed char *, const float *, float, const float *, signed char *, int, int, int, const __half *, int, int, int, float, float, const float *, const float *, signed char *, signed char *, signed char *, int, int)",33915956.0
L|attention|C192|T1024,"gemm_w4a4_kernel_awq(const signed char *, const signed char *, const float *, float, __half *, int, int, int, int, const __half *, const __half *)",32378109.0
L|resblock_plain|C768|T256,"void group_norm_silu_quantize_pack_nhwc_vec2_kernel<__half, (bool)0>(const T1 *, signed char *, const T1 *, const T1 *, const T1 *, const T1 *, const float *, const float *, int, long, int, float, bool, int)",31006330.0
L|resblock_plain|C576|T1024,"void group_norm_silu_quantize_pack_nhwc_vec2_kernel<__half, (bool)0>(const T1 *, signed char *, const T1 *, const T1 *, const T1 *, const T1 *, const float *, const float *, int, long, int, float, bool, int)",31004471.0
L|attention|C192|T1024,"void group_norm_silu_quantize_pack_nhwc_vec2_kernel<__half, (bool)1>(const T1 *, signed char *, const T1 *, const T1 *, const T1 *, const T1 *, const float *, const float *, int, long, int, float, bool, int)",27204760.0
L|resblock_updown|C384|T256,"void group_norm_silu_quantize_pack_nhwc_vec2_kernel<__half, (bool)0>(const T1 *, signed char *, const T1 *, const T1 *, const T1 *, const T1 *, const float *, const float *, int, long, int, float, bool, int)",19889791.0
L|attention|C384|T256,"void flash_attn_int4_mma_kernel_t<(int)64, (int)64, (int)8, (bool)1>(const signed char *, const signed char *, const signed char *, const float *, const float *, const float *, __half *, int, int, int, int, int, int, float, signed char *, float, int, float, const __half *, int, float, bool)",19285815.0
L|resblock_plain|C384|T1024,"void cutlass::Kernel<modiff::ImplicitGemmConvolutionEVT<cutlass::conv::threadblock::ImplicitGemmMultistage<cutlass::gemm::GemmShape<(int)128, (int)128, (int)128>, cutlass::conv::threadblock::Conv2dFpropActivationTileAccessIteratorOptimized<cutlass::MatrixShape<(int)128, (int)128>, cutlass::integer_subbyte<(int)4, (bool)1>, cutlass::layout::TensorNHWC, cutlass::transform::PitchLinearWarpRakedThreadMap<cutlass::PitchLinearShape<(int)128, (int)128>, (int)128, cutlass::PitchLinearShape<(int)4, (int)8>, (int)32>, cutlass::AlignedArray<cutlass::integer_subbyte<(int)4, (bool)1>, (int)32, (int)16>>, cutlass::transform::threadblock::RegularTileAccessIterator<cutlass::MatrixShape<(int)128, (int)128>, cutlass::integer_subbyte<(int)4, (bool)1>, cutlass::layout::RowMajorTensorOpMultiplicandCrosswise<(int)4, (int)128>, (int)0, cutlass::transform::PitchLinearWarpRakedThreadMap<cutlass::PitchLinearShape<(int)128, (int)128>, (int)128, cutlass::PitchLinearShape<(int)4, (int)8>, (int)32>, (int)16>, (cutlass::arch::CacheOperation::Kind)0, cutlass::conv::threadblock::Conv2dFpropFilterTileAccessIteratorOptimized<cutlass::MatrixShape<(int)128, (int)128>, cutlass::integer_subbyte<(int)4, (bool)1>, cutlass::layout::TensorNHWC, cutlass::transform::PitchLinearWarpRakedThreadMap<cutlass::PitchLinearShape<(int)128, (int)128>, (int)128, cutlass::PitchLinearShape<(int)4, (int)8>, (int)32>, cutlass::AlignedArray<cutlass::integer_subbyte<(int)4, (bool)1>, (int)32, (int)16>, (bool)0>, cutlass::transform::threadblock::RegularTileAccessIterator<cutlass::MatrixShape<(int)128, (int)128>, cutlass::integer_subbyte<(int)4, (bool)1>, cutlass::layout::ColumnMajorTensorOpMultiplicandCrosswise<(int)4, (int)128>, (int)1, cutlass::transform::PitchLinearWarpRakedThreadMap<cutlass::PitchLinearShape<(int)128, (int)128>, (int)128, cutlass::PitchLinearShape<(int)4, (int)8>, (int)32>, (int)16>, (cutlass::arch::CacheOperation::Kind)1, cutlass::gemm::threadblock::MmaPolicy<cutlass::gemm::warp::MmaTensorOp<cutlass::gemm::GemmShape<(int)64, (int)64, (int)128>, cutlass::integer_subbyte<(int)4, (bool)1>, cutlass::layout::RowMajorTensorOpMultiplicandCrosswise<(int)4, (int)128>, cutlass::integer_subbyte<(int)4, (bool)1>, cutlass::layout::ColumnMajorTensorOpMultiplicandCrosswise<(int)4, (int)128>, int, cutlass::layout::RowMajor, cutlass::gemm::warp::MmaTensorOpPolicy<cutlass::arch::Mma<cutlass::gemm::GemmShape<(int)16, (int)8, (int)64>, (int)32, cutlass::integer_subbyte<(int)4, (bool)1>, cutlass::layout::RowMajor, cutlass::integer_subbyte<(int)4, (bool)1>, cutlass::layout::ColumnMajor, int, cutlass::layout::RowMajor, cutlass::arch::OpMultiplyAddSaturate>, cutlass::MatrixShape<(int)1, (int)1>>, (int)1, (bool)0, bool>, cutlass::MatrixShape<(int)0, (int)0>, cutlass::MatrixShape<(int)0, (int)0>, (int)1>, (int)3, bool>, cutlass::epilogue::threadblock::EpilogueWithVisitorCallbacks<cutlass::epilogue::threadblock::Epilogue<cutlass::gemm::GemmShape<(int)128, (int)128, (int)128>, cutlass::gemm::warp::MmaTensorOp<cutlass::gemm::GemmShape<(int)64, (int)64, (int)128>, cutlass::integer_subbyte<(int)4, (bool)1>, cutlass::layout::RowMajorTensorOpMultiplicandCrosswise<(int)4, (int)128>, cutlass::integer_subbyte<(int)4, (bool)1>, cutlass::layout::ColumnMajorTensorOpMultiplicandCrosswise<(int)4, (int)128>, int, cutlass::layout::RowMajor, cutlass::gemm::warp::MmaTensorOpPolicy<cutlass::arch::Mma<cutlass::gemm::GemmShape<(int)16, (int)8, (int)64>, (int)32, cutlass::integer_subbyte<(int)4, (bool)1>, cutlass::layout::RowMajor, cutlass::integer_subbyte<(int)4, (bool)1>, cutlass::layout::ColumnMajor, int, cutlass::layout::RowMajor, cutlass::arch::OpMultiplyAddSaturate>, cutlass::MatrixShape<(int)1, (int)1>>, (int)1, (bool)0, bool>, (int)1, cutlass::epilogue::threadblock::PredicatedTileIteratorConv<cutlass::epilogue::threadblock::OutputTileOptimalThreadMap<cutlass::epilogue::threadblock::OutputTileShape<(int)128, (int)8, (int)2, (int)1, (int)1>, cutlass::epilogue::threadblock::OutputTileShape<(int)1, (int)8, (int)1, (int)1, (int)8>, (int)128, (int)8, (int)16>, cutlass::half_t, (bool)0, cutlass::layout::NoPermute, (bool)0, (int)4>, cutlass::epilogue::warp::FragmentIteratorTensorOp<cutlass::gemm::GemmShape<(int)64, (int)64, (int)128>, cutlass::gemm::GemmShape<(int)16, (int)8, (int)64>, int, cutlass::Array<int, (int)4, (bool)1>, cutlass::layout::RowMajor>, cutlass::epilogue::warp::TileIteratorTensorOpMixed<cutlass::gemm::GemmShape<(int)64, (int)64, (int)128>, cutlass::gemm::GemmShape<(int)16, (int)8, (int)64>, int, (int)32, (int)16, (int)8, (int)8, (bool)0>, cutlass::epilogue::threadblock::SharedLoadIteratorMixed<cutlass::epilogue::threadblock::OutputTileOptimalThreadMap<cutlass::epilogue::threadblock::OutputTileShape<(int)128, (int)8, (int)2, (int)1, (int)1>, cutlass::epilogue::threadblock::OutputTileShape<(int)1, (int)8, (int)1, (int)1, (int)8>, (int)128, (int)8, (int)16>::CompactedThreadMap, int, (int)32, (int)16, (int)8, (int)8, (bool)0>, cutlass::epilogue::thread::LinearCombination<cutlass::half_t, (int)8, int, float, (cutlass::epilogue::thread::ScaleType::Kind)0, (cutlass::FloatRoundStyle)2, cutlass::half_t>, cutlass::MatrixShape<(int)0, (int)8>, (int)2, (int)1>, cutlass::epilogue::threadblock::TreeVisitor2x<cutlass::epilogue::threadblock::VisitorAuxStore<cutlass::epilogue::threadblock::OutputTileThreadLayout<cutlass::gemm::GemmShape<(int)128, (int)128, (int)128>, cutlass::gemm::GemmShape<(int)64, (int)64, (int)128>, cutlass::half_t, (int)8, (int)1>, cutlass::half_t, (cutlass::FloatRoundStyle)2, cute::tuple<long, cute::C<(int)1>, long>>, cutlass::epilogue::threadblock::TreeVisitor2x<cutlass::epilogue::threadblock::VisitorCompute<cutlass::plus, float, float, (cutlass::FloatRoundStyle)2, void>, cutlass::epilogue::threadblock::TreeVisitor2x<cutlass::epilogue::threadblock::VisitorCompute<cutlass::multiplies, float, float, (cutlass::FloatRoundStyle)2, void>, cutlass::epilogue::threadblock::TreeVisitor2x<cutlass::epilogue::threadblock::VisitorCompute<cutlass::multiplies, float, float, (cutlass::FloatRoundStyle)2, void>, cutlass::epilogue::threadblock::VisitorAccFetch, cutlass::epilogue::threadblock::VisitorScalarBroadcast<float, cute::tuple<cute::C<(int)0>, cute::C<(int)0>, cute::C<(int)0>>, (int)1, cutlass::multiplies>>, cutlass::epilogue::threadblock::VisitorRowBroadcast<cutlass::epilogue::threadblock::OutputTileThreadLayout<cutlass::gemm::GemmShape<(int)128, (int)128, (int)128>, cutlass::gemm::GemmShape<(int)64, (int)64, (int)128>, cutlass::half_t, (int)8, (int)1>, float, cute::tuple<cute::C<(int)0>, cute::C<(int)1>, int>, (bool)1>>, cutlass::epilogue::threadblock::VisitorRowBroadcast<cutlass::epilogue::threadblock::OutputTileThreadLayout<cutlass::gemm::GemmShape<(int)128, (int)128, (int)128>, cutlass::gemm::GemmShape<(int)64, (int)64, (int)128>, cutlass::half_t, (int)8, (int)1>, float, cute::tuple<cute::C<(int)0>, cute::C<(int)1>, int>, (bool)1>>>, (int)1, (int)1>, cutlass::gemm::threadblock::GemmIdentityThreadblockSwizzle<(int)1>, (cutlass::conv::Operator)0, cutlass::conv::Conv2dProblemSize>>(T1::Params)",19138713.0
L|resblock_plain|C768|T64,"void group_norm_silu_quantize_pack_nhwc_vec2_kernel<__half, (bool)0>(const T1 *, signed char *, const T1 *, const T1 *, const T1 *, const T1 *, const float *, const float *, int, long, int, float, bool, int)",17660780.0
L|resblock_updown|C384|T256,"void at::native::<unnamed>::upsample_nearest2d_nhwc_out_frame<float, &at::native::nearest_neighbor_compute_source_index>(const T1 *, T1 *, unsigned long, unsigned long, unsigned long, unsigned long, unsigned long, float, float, unsigned long)",17306378.0
L|attention|C384|T256,"gemm_w4a4_kernel_awq(const signed char *, const signed char *, const float *, float, __half *, int, int, int, int, const __half *, const __half *)",16604391.0
L|resblock_plain|C384|T64,"void group_norm_silu_quantize_pack_nhwc_vec2_kernel<__half, (bool)0>(const T1 *, signed char *, const T1 *, const T1 *, const T1 *, const T1 *, const float *, const float *, int, long, int, float, bool, int)",16072610.0
L|resblock_updown|C384|T256,"void cutlass::Kernel<modiff::ImplicitGemmConvolutionEVT<cutlass::conv::threadblock::ImplicitGemmMultistage<cutlass::gemm::GemmShape<(int)128, (int)128, (int)128>, cutlass::conv::threadblock::Conv2dFpropActivationTileAccessIteratorOptimized<cutlass::MatrixShape<(int)128, (int)128>, cutlass::integer_subbyte<(int)4, (bool)1>, cutlass::layout::TensorNHWC, cutlass::transform::PitchLinearWarpRakedThreadMap<cutlass::PitchLinearShape<(int)128, (int)128>, (int)128, cutlass::PitchLinearShape<(int)4, (int)8>, (int)32>, cutlass::AlignedArray<cutlass::integer_subbyte<(int)4, (bool)1>, (int)32, (int)16>>, cutlass::transform::threadblock::RegularTileAccessIterator<cutlass::MatrixShape<(int)128, (int)128>, cutlass::integer_subbyte<(int)4, (bool)1>, cutlass::layout::RowMajorTensorOpMultiplicandCrosswise<(int)4, (int)128>, (int)0, cutlass::transform::PitchLinearWarpRakedThreadMap<cutlass::PitchLinearShape<(int)128, (int)128>, (int)128, cutlass::PitchLinearShape<(int)4, (int)8>, (int)32>, (int)16>, (cutlass::arch::CacheOperation::Kind)0, cutlass::conv::threadblock::Conv2dFpropFilterTileAccessIteratorOptimized<cutlass::MatrixShape<(int)128, (int)128>, cutlass::integer_subbyte<(int)4, (bool)1>, cutlass::layout::TensorNHWC, cutlass::transform::PitchLinearWarpRakedThreadMap<cutlass::PitchLinearShape<(int)128, (int)128>, (int)128, cutlass::PitchLinearShape<(int)4, (int)8>, (int)32>, cutlass::AlignedArray<cutlass::integer_subbyte<(int)4, (bool)1>, (int)32, (int)16>, (bool)0>, cutlass::transform::threadblock::RegularTileAccessIterator<cutlass::MatrixShape<(int)128, (int)128>, cutlass::integer_subbyte<(int)4, (bool)1>, cutlass::layout::ColumnMajorTensorOpMultiplicandCrosswise<(int)4, (int)128>, (int)1, cutlass::transform::PitchLinearWarpRakedThreadMap<cutlass::PitchLinearShape<(int)128, (int)128>, (int)128, cutlass::PitchLinearShape<(int)4, (int)8>, (int)32>, (int)16>, (cutlass::arch::CacheOperation::Kind)1, cutlass::gemm::threadblock::MmaPolicy<cutlass::gemm::warp::MmaTensorOp<cutlass::gemm::GemmShape<(int)64, (int)64, (int)128>, cutlass::integer_subbyte<(int)4, (bool)1>, cutlass::layout::RowMajorTensorOpMultiplicandCrosswise<(int)4, (int)128>, cutlass::integer_subbyte<(int)4, (bool)1>, cutlass::layout::ColumnMajorTensorOpMultiplicandCrosswise<(int)4, (int)128>, int, cutlass::layout::RowMajor, cutlass::gemm::warp::MmaTensorOpPolicy<cutlass::arch::Mma<cutlass::gemm::GemmShape<(int)16, (int)8, (int)64>, (int)32, cutlass::integer_subbyte<(int)4, (bool)1>, cutlass::layout::RowMajor, cutlass::integer_subbyte<(int)4, (bool)1>, cutlass::layout::ColumnMajor, int, cutlass::layout::RowMajor, cutlass::arch::OpMultiplyAddSaturate>, cutlass::MatrixShape<(int)1, (int)1>>, (int)1, (bool)0, bool>, cutlass::MatrixShape<(int)0, (int)0>, cutlass::MatrixShape<(int)0, (int)0>, (int)1>, (int)3, bool>, cutlass::epilogue::threadblock::EpilogueWithVisitorCallbacks<cutlass::epilogue::threadblock::Epilogue<cutlass::gemm::GemmShape<(int)128, (int)128, (int)128>, cutlass::gemm::warp::MmaTensorOp<cutlass::gemm::GemmShape<(int)64, (int)64, (int)128>, cutlass::integer_subbyte<(int)4, (bool)1>, cutlass::layout::RowMajorTensorOpMultiplicandCrosswise<(int)4, (int)128>, cutlass::integer_subbyte<(int)4, (bool)1>, cutlass::layout::ColumnMajorTensorOpMultiplicandCrosswise<(int)4, (int)128>, int, cutlass::layout::RowMajor, cutlass::gemm::warp::MmaTensorOpPolicy<cutlass::arch::Mma<cutlass::gemm::GemmShape<(int)16, (int)8, (int)64>, (int)32, cutlass::integer_subbyte<(int)4, (bool)1>, cutlass::layout::RowMajor, cutlass::integer_subbyte<(int)4, (bool)1>, cutlass::layout::ColumnMajor, int, cutlass::layout::RowMajor, cutlass::arch::OpMultiplyAddSaturate>, cutlass::MatrixShape<(int)1, (int)1>>, (int)1, (bool)0, bool>, (int)1, cutlass::epilogue::threadblock::PredicatedTileIteratorConv<cutlass::epilogue::threadblock::OutputTileOptimalThreadMap<cutlass::epilogue::threadblock::OutputTileShape<(int)128, (int)8, (int)2, (int)1, (int)1>, cutlass::epilogue::threadblock::OutputTileShape<(int)1, (int)8, (int)1, (int)1, (int)8>, (int)128, (int)8, (int)16>, cutlass::half_t, (bool)0, cutlass::layout::NoPermute, (bool)0, (int)4>, cutlass::epilogue::warp::FragmentIteratorTensorOp<cutlass::gemm::GemmShape<(int)64, (int)64, (int)128>, cutlass::gemm::GemmShape<(int)16, (int)8, (int)64>, int, cutlass::Array<int, (int)4, (bool)1>, cutlass::layout::RowMajor>, cutlass::epilogue::warp::TileIteratorTensorOpMixed<cutlass::gemm::GemmShape<(int)64, (int)64, (int)128>, cutlass::gemm::GemmShape<(int)16, (int)8, (int)64>, int, (int)32, (int)16, (int)8, (int)8, (bool)0>, cutlass::epilogue::threadblock::SharedLoadIteratorMixed<cutlass::epilogue::threadblock::OutputTileOptimalThreadMap<cutlass::epilogue::threadblock::OutputTileShape<(int)128, (int)8, (int)2, (int)1, (int)1>, cutlass::epilogue::threadblock::OutputTileShape<(int)1, (int)8, (int)1, (int)1, (int)8>, (int)128, (int)8, (int)16>::CompactedThreadMap, int, (int)32, (int)16, (int)8, (int)8, (bool)0>, cutlass::epilogue::thread::LinearCombination<cutlass::half_t, (int)8, int, float, (cutlass::epilogue::thread::ScaleType::Kind)0, (cutlass::FloatRoundStyle)2, cutlass::half_t>, cutlass::MatrixShape<(int)0, (int)8>, (int)2, (int)1>, cutlass::epilogue::threadblock::TreeVisitor2x<cutlass::epilogue::threadblock::VisitorAuxStore<cutlass::epilogue::threadblock::OutputTileThreadLayout<cutlass::gemm::GemmShape<(int)128, (int)128, (int)128>, cutlass::gemm::GemmShape<(int)64, (int)64, (int)128>, cutlass::half_t, (int)8, (int)1>, cutlass::half_t, (cutlass::FloatRoundStyle)2, cute::tuple<long, cute::C<(int)1>, long>>, cutlass::epilogue::threadblock::TreeVisitor2x<cutlass::epilogue::threadblock::VisitorCompute<cutlass::plus, float, float, (cutlass::FloatRoundStyle)2, void>, cutlass::epilogue::threadblock::TreeVisitor2x<cutlass::epilogue::threadblock::VisitorCompute<cutlass::multiplies, float, float, (cutlass::FloatRoundStyle)2, void>, cutlass::epilogue::threadblock::TreeVisitor2x<cutlass::epilogue::threadblock::VisitorCompute<cutlass::multiplies, float, float, (cutlass::FloatRoundStyle)2, void>, cutlass::epilogue::threadblock::VisitorAccFetch, cutlass::epilogue::threadblock::VisitorScalarBroadcast<float, cute::tuple<cute::C<(int)0>, cute::C<(int)0>, cute::C<(int)0>>, (int)1, cutlass::multiplies>>, cutlass::epilogue::threadblock::VisitorRowBroadcast<cutlass::epilogue::threadblock::OutputTileThreadLayout<cutlass::gemm::GemmShape<(int)128, (int)128, (int)128>, cutlass::gemm::GemmShape<(int)64, (int)64, (int)128>, cutlass::half_t, (int)8, (int)1>, float, cute::tuple<cute::C<(int)0>, cute::C<(int)1>, int>, (bool)1>>, cutlass::epilogue::threadblock::VisitorRowBroadcast<cutlass::epilogue::threadblock::OutputTileThreadLayout<cutlass::gemm::GemmShape<(int)128, (int)128, (int)128>, cutlass::gemm::GemmShape<(int)64, (int)64, (int)128>, cutlass::half_t, (int)8, (int)1>, float, cute::tuple<cute::C<(int)0>, cute::C<(int)1>, int>, (bool)1>>>, (int)1, (int)1>, cutlass::gemm::threadblock::GemmIdentityThreadblockSwizzle<(int)1>, (cutlass::conv::Operator)0, cutlass::conv::Conv2dProblemSize>>(T1::Params)",15707452.0
L|resblock_updown|C384|T256,"void cutlass::Kernel<modiff::ImplicitGemmConvolutionEVT<cutlass::conv::threadblock::ImplicitGemmMultistage<cutlass::gemm::GemmShape<(int)128, (int)128, (int)128>, cutlass::conv::threadblock::Conv2dFpropActivationTileAccessIteratorOptimized<cutlass::MatrixShape<(int)128, (int)128>, cutlass::integer_subbyte<(int)4, (bool)1>, cutlass::layout::TensorNHWC, cutlass::transform::PitchLinearWarpRakedThreadMap<cutlass::PitchLinearShape<(int)128, (int)128>, (int)128, cutlass::PitchLinearShape<(int)4, (int)8>, (int)32>, cutlass::AlignedArray<cutlass::integer_subbyte<(int)4, (bool)1>, (int)32, (int)16>>, cutlass::transform::threadblock::RegularTileAccessIterator<cutlass::MatrixShape<(int)128, (int)128>, cutlass::integer_subbyte<(int)4, (bool)1>, cutlass::layout::RowMajorTensorOpMultiplicandCrosswise<(int)4, (int)128>, (int)0, cutlass::transform::PitchLinearWarpRakedThreadMap<cutlass::PitchLinearShape<(int)128, (int)128>, (int)128, cutlass::PitchLinearShape<(int)4, (int)8>, (int)32>, (int)16>, (cutlass::arch::CacheOperation::Kind)0, cutlass::conv::threadblock::Conv2dFpropFilterTileAccessIteratorOptimized<cutlass::MatrixShape<(int)128, (int)128>, cutlass::integer_subbyte<(int)4, (bool)1>, cutlass::layout::TensorNHWC, cutlass::transform::PitchLinearWarpRakedThreadMap<cutlass::PitchLinearShape<(int)128, (int)128>, (int)128, cutlass::PitchLinearShape<(int)4, (int)8>, (int)32>, cutlass::AlignedArray<cutlass::integer_subbyte<(int)4, (bool)1>, (int)32, (int)16>, (bool)0>, cutlass::transform::threadblock::RegularTileAccessIterator<cutlass::MatrixShape<(int)128, (int)128>, cutlass::integer_subbyte<(int)4, (bool)1>, cutlass::layout::ColumnMajorTensorOpMultiplicandCrosswise<(int)4, (int)128>, (int)1, cutlass::transform::PitchLinearWarpRakedThreadMap<cutlass::PitchLinearShape<(int)128, (int)128>, (int)128, cutlass::PitchLinearShape<(int)4, (int)8>, (int)32>, (int)16>, (cutlass::arch::CacheOperation::Kind)1, cutlass::gemm::threadblock::MmaPolicy<cutlass::gemm::warp::MmaTensorOp<cutlass::gemm::GemmShape<(int)64, (int)64, (int)128>, cutlass::integer_subbyte<(int)4, (bool)1>, cutlass::layout::RowMajorTensorOpMultiplicandCrosswise<(int)4, (int)128>, cutlass::integer_subbyte<(int)4, (bool)1>, cutlass::layout::ColumnMajorTensorOpMultiplicandCrosswise<(int)4, (int)128>, int, cutlass::layout::RowMajor, cutlass::gemm::warp::MmaTensorOpPolicy<cutlass::arch::Mma<cutlass::gemm::GemmShape<(int)16, (int)8, (int)64>, (int)32, cutlass::integer_subbyte<(int)4, (bool)1>, cutlass::layout::RowMajor, cutlass::integer_subbyte<(int)4, (bool)1>, cutlass::layout::ColumnMajor, int, cutlass::layout::RowMajor, cutlass::arch::OpMultiplyAddSaturate>, cutlass::MatrixShape<(int)1, (int)1>>, (int)1, (bool)0, bool>, cutlass::MatrixShape<(int)0, (int)0>, cutlass::MatrixShape<(int)0, (int)0>, (int)1>, (int)3, bool>, cutlass::epilogue::threadblock::EpilogueWithVisitorCallbacks<cutlass::epilogue::threadblock::Epilogue<cutlass::gemm::GemmShape<(int)128, (int)128, (int)128>, cutlass::gemm::warp::MmaTensorOp<cutlass::gemm::GemmShape<(int)64, (int)64, (int)128>, cutlass::integer_subbyte<(int)4, (bool)1>, cutlass::layout::RowMajorTensorOpMultiplicandCrosswise<(int)4, (int)128>, cutlass::integer_subbyte<(int)4, (bool)1>, cutlass::layout::ColumnMajorTensorOpMultiplicandCrosswise<(int)4, (int)128>, int, cutlass::layout::RowMajor, cutlass::gemm::warp::MmaTensorOpPolicy<cutlass::arch::Mma<cutlass::gemm::GemmShape<(int)16, (int)8, (int)64>, (int)32, cutlass::integer_subbyte<(int)4, (bool)1>, cutlass::layout::RowMajor, cutlass::integer_subbyte<(int)4, (bool)1>, cutlass::layout::ColumnMajor, int, cutlass::layout::RowMajor, cutlass::arch::OpMultiplyAddSaturate>, cutlass::MatrixShape<(int)1, (int)1>>, (int)1, (bool)0, bool>, (int)1, cutlass::epilogue::threadblock::PredicatedTileIteratorConv<cutlass::epilogue::threadblock::OutputTileOptimalThreadMap<cutlass::epilogue::threadblock::OutputTileShape<(int)128, (int)8, (int)2, (int)1, (int)1>, cutlass::epilogue::threadblock::OutputTileShape<(int)1, (int)8, (int)1, (int)1, (int)8>, (int)128, (int)8, (int)16>, cutlass::half_t, (bool)0, cutlass::layout::NoPermute, (bool)0, (int)4>, cutlass::epilogue::warp::FragmentIteratorTensorOp<cutlass::gemm::GemmShape<(int)64, (int)64, (int)128>, cutlass::gemm::GemmShape<(int)16, (int)8, (int)64>, int, cutlass::Array<int, (int)4, (bool)1>, cutlass::layout::RowMajor>, cutlass::epilogue::warp::TileIteratorTensorOpMixed<cutlass::gemm::GemmShape<(int)64, (int)64, (int)128>, cutlass::gemm::GemmShape<(int)16, (int)8, (int)64>, int, (int)32, (int)16, (int)8, (int)8, (bool)0>, cutlass::epilogue::threadblock::SharedLoadIteratorMixed<cutlass::epilogue::threadblock::OutputTileOptimalThreadMap<cutlass::epilogue::threadblock::OutputTileShape<(int)128, (int)8, (int)2, (int)1, (int)1>, cutlass::epilogue::threadblock::OutputTileShape<(int)1, (int)8, (int)1, (int)1, (int)8>, (int)128, (int)8, (int)16>::CompactedThreadMap, int, (int)32, (int)16, (int)8, (int)8, (bool)0>, cutlass::epilogue::thread::LinearCombination<cutlass::half_t, (int)8, int, float, (cutlass::epilogue::thread::ScaleType::Kind)0, (cutlass::FloatRoundStyle)2, cutlass::half_t>, cutlass::MatrixShape<(int)0, (int)8>, (int)2, (int)1>, cutlass::epilogue::threadblock::TreeVisitor2x<cutlass::epilogue::threadblock::VisitorAuxStore<cutlass::epilogue::threadblock::OutputTileThreadLayout<cutlass::gemm::GemmShape<(int)128, (int)128, (int)128>, cutlass::gemm::GemmShape<(int)64, (int)64, (int)128>, cutlass::half_t, (int)8, (int)1>, cutlass::half_t, (cutlass::FloatRoundStyle)2, cute::tuple<long, cute::C<(int)1>, long>>, cutlass::epilogue::threadblock::TreeVisitor2x<cutlass::epilogue::threadblock::VisitorCompute<cutlass::plus, float, float, (cutlass::FloatRoundStyle)2, void>, cutlass::epilogue::threadblock::TreeVisitor2x<cutlass::epilogue::threadblock::VisitorCompute<cutlass::plus, float, float, (cutlass::FloatRoundStyle)2, void>, cutlass::epilogue::threadblock::TreeVisitor2x<cutlass::epilogue::threadblock::VisitorCompute<cutlass::multiplies, float, float, (cutlass::FloatRoundStyle)2, void>, cutlass::epilogue::threadblock::TreeVisitor2x<cutlass::epilogue::threadblock::VisitorCompute<cutlass::multiplies, float, float, (cutlass::FloatRoundStyle)2, void>, cutlass::epilogue::threadblock::VisitorAccFetch, cutlass::epilogue::threadblock::VisitorScalarBroadcast<float, cute::tuple<cute::C<(int)0>, cute::C<(int)0>, cute::C<(int)0>>, (int)1, cutlass::multiplies>>, cutlass::epilogue::threadblock::VisitorRowBroadcast<cutlass::epilogue::threadblock::OutputTileThreadLayout<cutlass::gemm::GemmShape<(int)128, (int)128, (int)128>, cutlass::gemm::GemmShape<(int)64, (int)64, (int)128>, cutlass::half_t, (int)8, (int)1>, float, cute::tuple<cute::C<(int)0>, cute::C<(int)1>, int>, (bool)1>>, cutlass::epilogue::threadblock::VisitorRowBroadcast<cutlass::epilogue::threadblock::OutputTileThreadLayout<cutlass::gemm::GemmShape<(int)128, (int)128, (int)128>, cutlass::gemm::GemmShape<(int)64, (int)64, (int)128>, cutlass::half_t, (int)8, (int)1>, float, cute::tuple<cute::C<(int)0>, cute::C<(int)1>, int>, (bool)1>>, cutlass::epilogue::threadblock::VisitorAuxLoad<cutlass::epilogue::threadblock::OutputTileThreadLayout<cutlass::gemm::GemmShape<(int)128, (int)128, (int)128>, cutlass::gemm::GemmShape<(int)64, (int)64, (int)128>, cutlass::half_t, (int)8, (int)1>, cutlass::half_t, cute::tuple<long, cute::C<(int)1>, long>>>>, (int)1, (int)1>, cutlass::gemm::threadblock::GemmIdentityThreadblockSwizzle<(int)1>, (cutlass::conv::Operator)0, cutlass::conv::Conv2dProblemSize>>(T1::Params)",15592350.0
L|resblock_plain|C576|T1024,"void cutlass::Kernel<modiff::ImplicitGemmConvolutionEVT<cutlass::conv::threadblock::ImplicitGemmMultistage<cutlass::gemm::GemmShape<(int)128, (int)128, (int)128>, cutlass::conv::threadblock::Conv2dFpropActivationTileAccessIteratorOptimized<cutlass::MatrixShape<(int)128, (int)128>, cutlass::integer_subbyte<(int)4, (bool)1>, cutlass::layout::TensorNHWC, cutlass::transform::PitchLinearWarpRakedThreadMap<cutlass::PitchLinearShape<(int)128, (int)128>, (int)128, cutlass::PitchLinearShape<(int)4, (int)8>, (int)32>, cutlass::AlignedArray<cutlass::integer_subbyte<(int)4, (bool)1>, (int)32, (int)16>>, cutlass::transform::threadblock::RegularTileAccessIterator<cutlass::MatrixShape<(int)128, (int)128>, cutlass::integer_subbyte<(int)4, (bool)1>, cutlass::layout::RowMajorTensorOpMultiplicandCrosswise<(int)4, (int)128>, (int)0, cutlass::transform::PitchLinearWarpRakedThreadMap<cutlass::PitchLinearShape<(int)128, (int)128>, (int)128, cutlass::PitchLinearShape<(int)4, (int)8>, (int)32>, (int)16>, (cutlass::arch::CacheOperation::Kind)0, cutlass::conv::threadblock::Conv2dFpropFilterTileAccessIteratorOptimized<cutlass::MatrixShape<(int)128, (int)128>, cutlass::integer_subbyte<(int)4, (bool)1>, cutlass::layout::TensorNHWC, cutlass::transform::PitchLinearWarpRakedThreadMap<cutlass::PitchLinearShape<(int)128, (int)128>, (int)128, cutlass::PitchLinearShape<(int)4, (int)8>, (int)32>, cutlass::AlignedArray<cutlass::integer_subbyte<(int)4, (bool)1>, (int)32, (int)16>, (bool)0>, cutlass::transform::threadblock::RegularTileAccessIterator<cutlass::MatrixShape<(int)128, (int)128>, cutlass::integer_subbyte<(int)4, (bool)1>, cutlass::layout::ColumnMajorTensorOpMultiplicandCrosswise<(int)4, (int)128>, (int)1, cutlass::transform::PitchLinearWarpRakedThreadMap<cutlass::PitchLinearShape<(int)128, (int)128>, (int)128, cutlass::PitchLinearShape<(int)4, (int)8>, (int)32>, (int)16>, (cutlass::arch::CacheOperation::Kind)1, cutlass::gemm::threadblock::MmaPolicy<cutlass::gemm::warp::MmaTensorOp<cutlass::gemm::GemmShape<(int)64, (int)64, (int)128>, cutlass::integer_subbyte<(int)4, (bool)1>, cutlass::layout::RowMajorTensorOpMultiplicandCrosswise<(int)4, (int)128>, cutlass::integer_subbyte<(int)4, (bool)1>, cutlass::layout::ColumnMajorTensorOpMultiplicandCrosswise<(int)4, (int)128>, int, cutlass::layout::RowMajor, cutlass::gemm::warp::MmaTensorOpPolicy<cutlass::arch::Mma<cutlass::gemm::GemmShape<(int)16, (int)8, (int)64>, (int)32, cutlass::integer_subbyte<(int)4, (bool)1>, cutlass::layout::RowMajor, cutlass::integer_subbyte<(int)4, (bool)1>, cutlass::layout::ColumnMajor, int, cutlass::layout::RowMajor, cutlass::arch::OpMultiplyAddSaturate>, cutlass::MatrixShape<(int)1, (int)1>>, (int)1, (bool)0, bool>, cutlass::MatrixShape<(int)0, (int)0>, cutlass::MatrixShape<(int)0, (int)0>, (int)1>, (int)3, bool>, cutlass::epilogue::threadblock::EpilogueWithVisitorCallbacks<cutlass::epilogue::threadblock::Epilogue<cutlass::gemm::GemmShape<(int)128, (int)128, (int)128>, cutlass::gemm::warp::MmaTensorOp<cutlass::gemm::GemmShape<(int)64, (int)64, (int)128>, cutlass::integer_subbyte<(int)4, (bool)1>, cutlass::layout::RowMajorTensorOpMultiplicandCrosswise<(int)4, (int)128>, cutlass::integer_subbyte<(int)4, (bool)1>, cutlass::layout::ColumnMajorTensorOpMultiplicandCrosswise<(int)4, (int)128>, int, cutlass::layout::RowMajor, cutlass::gemm::warp::MmaTensorOpPolicy<cutlass::arch::Mma<cutlass::gemm::GemmShape<(int)16, (int)8, (int)64>, (int)32, cutlass::integer_subbyte<(int)4, (bool)1>, cutlass::layout::RowMajor, cutlass::integer_subbyte<(int)4, (bool)1>, cutlass::layout::ColumnMajor, int, cutlass::layout::RowMajor, cutlass::arch::OpMultiplyAddSaturate>, cutlass::MatrixShape<(int)1, (int)1>>, (int)1, (bool)0, bool>, (int)1, cutlass::epilogue::threadblock::PredicatedTileIteratorConv<cutlass::epilogue::threadblock::OutputTileOptimalThreadMap<cutlass::epilogue::threadblock::OutputTileShape<(int)128, (int)8, (int)2, (int)1, (int)1>, cutlass::epilogue::threadblock::OutputTileShape<(int)1, (int)8, (int)1, (int)1, (int)8>, (int)128, (int)8, (int)16>, cutlass::half_t, (bool)0, cutlass::layout::NoPermute, (bool)0, (int)4>, cutlass::epilogue::warp::FragmentIteratorTensorOp<cutlass::gemm::GemmShape<(int)64, (int)64, (int)128>, cutlass::gemm::GemmShape<(int)16, (int)8, (int)64>, int, cutlass::Array<int, (int)4, (bool)1>, cutlass::layout::RowMajor>, cutlass::epilogue::warp::TileIteratorTensorOpMixed<cutlass::gemm::GemmShape<(int)64, (int)64, (int)128>, cutlass::gemm::GemmShape<(int)16, (int)8, (int)64>, int, (int)32, (int)16, (int)8, (int)8, (bool)0>, cutlass::epilogue::threadblock::SharedLoadIteratorMixed<cutlass::epilogue::threadblock::OutputTileOptimalThreadMap<cutlass::epilogue::threadblock::OutputTileShape<(int)128, (int)8, (int)2, (int)1, (int)1>, cutlass::epilogue::threadblock::OutputTileShape<(int)1, (int)8, (int)1, (int)1, (int)8>, (int)128, (int)8, (int)16>::CompactedThreadMap, int, (int)32, (int)16, (int)8, (int)8, (bool)0>, cutlass::epilogue::thread::LinearCombination<cutlass::half_t, (int)8, int, float, (cutlass::epilogue::thread::ScaleType::Kind)0, (cutlass::FloatRoundStyle)2, cutlass::half_t>, cutlass::MatrixShape<(int)0, (int)8>, (int)2, (int)1>, cutlass::epilogue::threadblock::TreeVisitor2x<cutlass::epilogue::threadblock::VisitorAuxStore<cutlass::epilogue::threadblock::OutputTileThreadLayout<cutlass::gemm::GemmShape<(int)128, (int)128, (int)128>, cutlass::gemm::GemmShape<(int)64, (int)64, (int)128>, cutlass::half_t, (int)8, (int)1>, cutlass::half_t, (cutlass::FloatRoundStyle)2, cute::tuple<long, cute::C<(int)1>, long>>, cutlass::epilogue::threadblock::TreeVisitor2x<cutlass::epilogue::threadblock::VisitorCompute<cutlass::plus, float, float, (cutlass::FloatRoundStyle)2, void>, cutlass::epilogue::threadblock::TreeVisitor2x<cutlass::epilogue::threadblock::VisitorCompute<cutlass::multiplies, float, float, (cutlass::FloatRoundStyle)2, void>, cutlass::epilogue::threadblock::TreeVisitor2x<cutlass::epilogue::threadblock::VisitorCompute<cutlass::multiplies, float, float, (cutlass::FloatRoundStyle)2, void>, cutlass::epilogue::threadblock::VisitorAccFetch, cutlass::epilogue::threadblock::VisitorScalarBroadcast<float, cute::tuple<cute::C<(int)0>, cute::C<(int)0>, cute::C<(int)0>>, (int)1, cutlass::multiplies>>, cutlass::epilogue::threadblock::VisitorRowBroadcast<cutlass::epilogue::threadblock::OutputTileThreadLayout<cutlass::gemm::GemmShape<(int)128, (int)128, (int)128>, cutlass::gemm::GemmShape<(int)64, (int)64, (int)128>, cutlass::half_t, (int)8, (int)1>, float, cute::tuple<cute::C<(int)0>, cute::C<(int)1>, int>, (bool)1>>, cutlass::epilogue::threadblock::VisitorRowBroadcast<cutlass::epilogue::threadblock::OutputTileThreadLayout<cutlass::gemm::GemmShape<(int)128, (int)128, (int)128>, cutlass::gemm::GemmShape<(int)64, (int)64, (int)128>, cutlass::half_t, (int)8, (int)1>, float, cute::tuple<cute::C<(int)0>, cute::C<(int)1>, int>, (bool)1>>>, (int)1, (int)1>, cutlass::gemm::threadblock::GemmIdentityThreadblockSwizzle<(int)1>, (cutlass::conv::Operator)0, cutlass::conv::Conv2dProblemSize>>(T1::Params)",15116377.0
L|resblock_plain|C768|T256,"void cutlass::Kernel<modiff::ImplicitGemmConvolutionEVT<cutlass::conv::threadblock::ImplicitGemmMultistage<cutlass::gemm::GemmShape<(int)128, (int)128, (int)128>, cutlass::conv::threadblock::Conv2dFpropActivationTileAccessIteratorOptimized<cutlass::MatrixShape<(int)128, (int)128>, cutlass::integer_subbyte<(int)4, (bool)1>, cutlass::layout::TensorNHWC, cutlass::transform::PitchLinearWarpRakedThreadMap<cutlass::PitchLinearShape<(int)128, (int)128>, (int)128, cutlass::PitchLinearShape<(int)4, (int)8>, (int)32>, cutlass::AlignedArray<cutlass::integer_subbyte<(int)4, (bool)1>, (int)32, (int)16>>, cutlass::transform::threadblock::RegularTileAccessIterator<cutlass::MatrixShape<(int)128, (int)128>, cutlass::integer_subbyte<(int)4, (bool)1>, cutlass::layout::RowMajorTensorOpMultiplicandCrosswise<(int)4, (int)128>, (int)0, cutlass::transform::PitchLinearWarpRakedThreadMap<cutlass::PitchLinearShape<(int)128, (int)128>, (int)128, cutlass::PitchLinearShape<(int)4, (int)8>, (int)32>, (int)16>, (cutlass::arch::CacheOperation::Kind)0, cutlass::conv::threadblock::Conv2dFpropFilterTileAccessIteratorOptimized<cutlass::MatrixShape<(int)128, (int)128>, cutlass::integer_subbyte<(int)4, (bool)1>, cutlass::layout::TensorNHWC, cutlass::transform::PitchLinearWarpRakedThreadMap<cutlass::PitchLinearShape<(int)128, (int)128>, (int)128, cutlass::PitchLinearShape<(int)4, (int)8>, (int)32>, cutlass::AlignedArray<cutlass::integer_subbyte<(int)4, (bool)1>, (int)32, (int)16>, (bool)0>, cutlass::transform::threadblock::RegularTileAccessIterator<cutlass::MatrixShape<(int)128, (int)128>, cutlass::integer_subbyte<(int)4, (bool)1>, cutlass::layout::ColumnMajorTensorOpMultiplicandCrosswise<(int)4, (int)128>, (int)1, cutlass::transform::PitchLinearWarpRakedThreadMap<cutlass::PitchLinearShape<(int)128, (int)128>, (int)128, cutlass::PitchLinearShape<(int)4, (int)8>, (int)32>, (int)16>, (cutlass::arch::CacheOperation::Kind)1, cutlass::gemm::threadblock::MmaPolicy<cutlass::gemm::warp::MmaTensorOp<cutlass::gemm::GemmShape<(int)64, (int)64, (int)128>, cutlass::integer_subbyte<(int)4, (bool)1>, cutlass::layout::RowMajorTensorOpMultiplicandCrosswise<(int)4, (int)128>, cutlass::integer_subbyte<(int)4, (bool)1>, cutlass::layout::ColumnMajorTensorOpMultiplicandCrosswise<(int)4, (int)128>, int, cutlass::layout::RowMajor, cutlass::gemm::warp::MmaTensorOpPolicy<cutlass::arch::Mma<cutlass::gemm::GemmShape<(int)16, (int)8, (int)64>, (int)32, cutlass::integer_subbyte<(int)4, (bool)1>, cutlass::layout::RowMajor, cutlass::integer_subbyte<(int)4, (bool)1>, cutlass::layout::ColumnMajor, int, cutlass::layout::RowMajor, cutlass::arch::OpMultiplyAddSaturate>, cutlass::MatrixShape<(int)1, (int)1>>, (int)1, (bool)0, bool>, cutlass::MatrixShape<(int)0, (int)0>, cutlass::MatrixShape<(int)0, (int)0>, (int)1>, (int)3, bool>, cutlass::epilogue::threadblock::EpilogueWithVisitorCallbacks<cutlass::epilogue::threadblock::Epilogue<cutlass::gemm::GemmShape<(int)128, (int)128, (int)128>, cutlass::gemm::warp::MmaTensorOp<cutlass::gemm::GemmShape<(int)64, (int)64, (int)128>, cutlass::integer_subbyte<(int)4, (bool)1>, cutlass::layout::RowMajorTensorOpMultiplicandCrosswise<(int)4, (int)128>, cutlass::integer_subbyte<(int)4, (bool)1>, cutlass::layout::ColumnMajorTensorOpMultiplicandCrosswise<(int)4, (int)128>, int, cutlass::layout::RowMajor, cutlass::gemm::warp::MmaTensorOpPolicy<cutlass::arch::Mma<cutlass::gemm::GemmShape<(int)16, (int)8, (int)64>, (int)32, cutlass::integer_subbyte<(int)4, (bool)1>, cutlass::layout::RowMajor, cutlass::integer_subbyte<(int)4, (bool)1>, cutlass::layout::ColumnMajor, int, cutlass::layout::RowMajor, cutlass::arch::OpMultiplyAddSaturate>, cutlass::MatrixShape<(int)1, (int)1>>, (int)1, (bool)0, bool>, (int)1, cutlass::epilogue::threadblock::PredicatedTileIteratorConv<cutlass::epilogue::threadblock::OutputTileOptimalThreadMap<cutlass::epilogue::threadblock::OutputTileShape<(int)128, (int)8, (int)2, (int)1, (int)1>, cutlass::epilogue::threadblock::OutputTileShape<(int)1, (int)8, (int)1, (int)1, (int)8>, (int)128, (int)8, (int)16>, cutlass::half_t, (bool)0, cutlass::layout::NoPermute, (bool)0, (int)4>, cutlass::epilogue::warp::FragmentIteratorTensorOp<cutlass::gemm::GemmShape<(int)64, (int)64, (int)128>, cutlass::gemm::GemmShape<(int)16, (int)8, (int)64>, int, cutlass::Array<int, (int)4, (bool)1>, cutlass::layout::RowMajor>, cutlass::epilogue::warp::TileIteratorTensorOpMixed<cutlass::gemm::GemmShape<(int)64, (int)64, (int)128>, cutlass::gemm::GemmShape<(int)16, (int)8, (int)64>, int, (int)32, (int)16, (int)8, (int)8, (bool)0>, cutlass::epilogue::threadblock::SharedLoadIteratorMixed<cutlass::epilogue::threadblock::OutputTileOptimalThreadMap<cutlass::epilogue::threadblock::OutputTileShape<(int)128, (int)8, (int)2, (int)1, (int)1>, cutlass::epilogue::threadblock::OutputTileShape<(int)1, (int)8, (int)1, (int)1, (int)8>, (int)128, (int)8, (int)16>::CompactedThreadMap, int, (int)32, (int)16, (int)8, (int)8, (bool)0>, cutlass::epilogue::thread::LinearCombination<cutlass::half_t, (int)8, int, float, (cutlass::epilogue::thread::ScaleType::Kind)0, (cutlass::FloatRoundStyle)2, cutlass::half_t>, cutlass::MatrixShape<(int)0, (int)8>, (int)2, (int)1>, cutlass::epilogue::threadblock::TreeVisitor2x<cutlass::epilogue::threadblock::VisitorAuxStore<cutlass::epilogue::threadblock::OutputTileThreadLayout<cutlass::gemm::GemmShape<(int)128, (int)128, (int)128>, cutlass::gemm::GemmShape<(int)64, (int)64, (int)128>, cutlass::half_t, (int)8, (int)1>, cutlass::half_t, (cutlass::FloatRoundStyle)2, cute::tuple<long, cute::C<(int)1>, long>>, cutlass::epilogue::threadblock::TreeVisitor2x<cutlass::epilogue::threadblock::VisitorCompute<cutlass::plus, float, float, (cutlass::FloatRoundStyle)2, void>, cutlass::epilogue::threadblock::TreeVisitor2x<cutlass::epilogue::threadblock::VisitorCompute<cutlass::multiplies, float, float, (cutlass::FloatRoundStyle)2, void>, cutlass::epilogue::threadblock::TreeVisitor2x<cutlass::epilogue::threadblock::VisitorCompute<cutlass::multiplies, float, float, (cutlass::FloatRoundStyle)2, void>, cutlass::epilogue::threadblock::VisitorAccFetch, cutlass::epilogue::threadblock::VisitorScalarBroadcast<float, cute::tuple<cute::C<(int)0>, cute::C<(int)0>, cute::C<(int)0>>, (int)1, cutlass::multiplies>>, cutlass::epilogue::threadblock::VisitorRowBroadcast<cutlass::epilogue::threadblock::OutputTileThreadLayout<cutlass::gemm::GemmShape<(int)128, (int)128, (int)128>, cutlass::gemm::GemmShape<(int)64, (int)64, (int)128>, cutlass::half_t, (int)8, (int)1>, float, cute::tuple<cute::C<(int)0>, cute::C<(int)1>, int>, (bool)1>>, cutlass::epilogue::threadblock::VisitorRowBroadcast<cutlass::epilogue::threadblock::OutputTileThreadLayout<cutlass::gemm::GemmShape<(int)128, (int)128, (int)128>, cutlass::gemm::GemmShape<(int)64, (int)64, (int)128>, cutlass::half_t, (int)8, (int)1>, float, cute::tuple<cute::C<(int)0>, cute::C<(int)1>, int>, (bool)1>>>, (int)1, (int)1>, cutlass::gemm::threadblock::GemmIdentityThreadblockSwizzle<(int)1>, (cutlass::conv::Operator)0, cutlass::conv::Conv2dProblemSize>>(T1::Params)",14706067.0
L|resblock_plain|C576|T256,"void group_norm_silu_quantize_pack_nhwc_vec2_kernel<__half, (bool)0>(const T1 *, signed char *, const T1 *, const T1 *, const T1 *, const T1 *, const float *, const float *, int, long, int, float, bool, int)",14569299.0
L|resblock_plain|C192|T1024,"void cutlass::Kernel<modiff::ImplicitGemmConvolutionEVT<cutlass::conv::threadblock::ImplicitGemmMultistage<cutlass::gemm::GemmShape<(int)128, (int)128, (int)128>, cutlass::conv::threadblock::Conv2dFpropActivationTileAccessIteratorOptimized<cutlass::MatrixShape<(int)128, (int)128>, cutlass::integer_subbyte<(int)4, (bool)1>, cutlass::layout::TensorNHWC, cutlass::transform::PitchLinearWarpRakedThreadMap<cutlass::PitchLinearShape<(int)128, (int)128>, (int)128, cutlass::PitchLinearShape<(int)4, (int)8>, (int)32>, cutlass::AlignedArray<cutlass::integer_subbyte<(int)4, (bool)1>, (int)32, (int)16>>, cutlass::transform::threadblock::RegularTileAccessIterator<cutlass::MatrixShape<(int)128, (int)128>, cutlass::integer_subbyte<(int)4, (bool)1>, cutlass::layout::RowMajorTensorOpMultiplicandCrosswise<(int)4, (int)128>, (int)0, cutlass::transform::PitchLinearWarpRakedThreadMap<cutlass::PitchLinearShape<(int)128, (int)128>, (int)128, cutlass::PitchLinearShape<(int)4, (int)8>, (int)32>, (int)16>, (cutlass::arch::CacheOperation::Kind)0, cutlass::conv::threadblock::Conv2dFpropFilterTileAccessIteratorOptimized<cutlass::MatrixShape<(int)128, (int)128>, cutlass::integer_subbyte<(int)4, (bool)1>, cutlass::layout::TensorNHWC, cutlass::transform::PitchLinearWarpRakedThreadMap<cutlass::PitchLinearShape<(int)128, (int)128>, (int)128, cutlass::PitchLinearShape<(int)4, (int)8>, (int)32>, cutlass::AlignedArray<cutlass::integer_subbyte<(int)4, (bool)1>, (int)32, (int)16>, (bool)0>, cutlass::transform::threadblock::RegularTileAccessIterator<cutlass::MatrixShape<(int)128, (int)128>, cutlass::integer_subbyte<(int)4, (bool)1>, cutlass::layout::ColumnMajorTensorOpMultiplicandCrosswise<(int)4, (int)128>, (int)1, cutlass::transform::PitchLinearWarpRakedThreadMap<cutlass::PitchLinearShape<(int)128, (int)128>, (int)128, cutlass::PitchLinearShape<(int)4, (int)8>, (int)32>, (int)16>, (cutlass::arch::CacheOperation::Kind)1, cutlass::gemm::threadblock::MmaPolicy<cutlass::gemm::warp::MmaTensorOp<cutlass::gemm::GemmShape<(int)64, (int)64, (int)128>, cutlass::integer_subbyte<(int)4, (bool)1>, cutlass::layout::RowMajorTensorOpMultiplicandCrosswise<(int)4, (int)128>, cutlass::integer_subbyte<(int)4, (bool)1>, cutlass::layout::ColumnMajorTensorOpMultiplicandCrosswise<(int)4, (int)128>, int, cutlass::layout::RowMajor, cutlass::gemm::warp::MmaTensorOpPolicy<cutlass::arch::Mma<cutlass::gemm::GemmShape<(int)16, (int)8, (int)64>, (int)32, cutlass::integer_subbyte<(int)4, (bool)1>, cutlass::layout::RowMajor, cutlass::integer_subbyte<(int)4, (bool)1>, cutlass::layout::ColumnMajor, int, cutlass::layout::RowMajor, cutlass::arch::OpMultiplyAddSaturate>, cutlass::MatrixShape<(int)1, (int)1>>, (int)1, (bool)0, bool>, cutlass::MatrixShape<(int)0, (int)0>, cutlass::MatrixShape<(int)0, (int)0>, (int)1>, (int)3, bool>, cutlass::epilogue::threadblock::EpilogueWithVisitorCallbacks<cutlass::epilogue::threadblock::Epilogue<cutlass::gemm::GemmShape<(int)128, (int)128, (int)128>, cutlass::gemm::warp::MmaTensorOp<cutlass::gemm::GemmShape<(int)64, (int)64, (int)128>, cutlass::integer_subbyte<(int)4, (bool)1>, cutlass::layout::RowMajorTensorOpMultiplicandCrosswise<(int)4, (int)128>, cutlass::integer_subbyte<(int)4, (bool)1>, cutlass::layout::ColumnMajorTensorOpMultiplicandCrosswise<(int)4, (int)128>, int, cutlass::layout::RowMajor, cutlass::gemm::warp::MmaTensorOpPolicy<cutlass::arch::Mma<cutlass::gemm::GemmShape<(int)16, (int)8, (int)64>, (int)32, cutlass::integer_subbyte<(int)4, (bool)1>, cutlass::layout::RowMajor, cutlass::integer_subbyte<(int)4, (bool)1>, cutlass::layout::ColumnMajor, int, cutlass::layout::RowMajor, cutlass::arch::OpMultiplyAddSaturate>, cutlass::MatrixShape<(int)1, (int)1>>, (int)1, (bool)0, bool>, (int)1, cutlass::epilogue::threadblock::PredicatedTileIteratorConv<cutlass::epilogue::threadblock::OutputTileOptimalThreadMap<cutlass::epilogue::threadblock::OutputTileShape<(int)128, (int)8, (int)2, (int)1, (int)1>, cutlass::epilogue::threadblock::OutputTileShape<(int)1, (int)8, (int)1, (int)1, (int)8>, (int)128, (int)8, (int)16>, cutlass::half_t, (bool)0, cutlass::layout::NoPermute, (bool)0, (int)4>, cutlass::epilogue::warp::FragmentIteratorTensorOp<cutlass::gemm::GemmShape<(int)64, (int)64, (int)128>, cutlass::gemm::GemmShape<(int)16, (int)8, (int)64>, int, cutlass::Array<int, (int)4, (bool)1>, cutlass::layout::RowMajor>, cutlass::epilogue::warp::TileIteratorTensorOpMixed<cutlass::gemm::GemmShape<(int)64, (int)64, (int)128>, cutlass::gemm::GemmShape<(int)16, (int)8, (int)64>, int, (int)32, (int)16, (int)8, (int)8, (bool)0>, cutlass::epilogue::threadblock::SharedLoadIteratorMixed<cutlass::epilogue::threadblock::OutputTileOptimalThreadMap<cutlass::epilogue::threadblock::OutputTileShape<(int)128, (int)8, (int)2, (int)1, (int)1>, cutlass::epilogue::threadblock::OutputTileShape<(int)1, (int)8, (int)1, (int)1, (int)8>, (int)128, (int)8, (int)16>::CompactedThreadMap, int, (int)32, (int)16, (int)8, (int)8, (bool)0>, cutlass::epilogue::thread::LinearCombination<cutlass::half_t, (int)8, int, float, (cutlass::epilogue::thread::ScaleType::Kind)0, (cutlass::FloatRoundStyle)2, cutlass::half_t>, cutlass::MatrixShape<(int)0, (int)8>, (int)2, (int)1>, cutlass::epilogue::threadblock::TreeVisitor2x<cutlass::epilogue::threadblock::VisitorAuxStore<cutlass::epilogue::threadblock::OutputTileThreadLayout<cutlass::gemm::GemmShape<(int)128, (int)128, (int)128>, cutlass::gemm::GemmShape<(int)64, (int)64, (int)128>, cutlass::half_t, (int)8, (int)1>, cutlass::half_t, (cutlass::FloatRoundStyle)2, cute::tuple<long, cute::C<(int)1>, long>>, cutlass::epilogue::threadblock::TreeVisitor2x<cutlass::epilogue::threadblock::VisitorCompute<cutlass::plus, float, float, (cutlass::FloatRoundStyle)2, void>, cutlass::epilogue::threadblock::TreeVisitor2x<cutlass::epilogue::threadblock::VisitorCompute<cutlass::plus, float, float, (cutlass::FloatRoundStyle)2, void>, cutlass::epilogue::threadblock::TreeVisitor2x<cutlass::epilogue::threadblock::VisitorCompute<cutlass::multiplies, float, float, (cutlass::FloatRoundStyle)2, void>, cutlass::epilogue::threadblock::TreeVisitor2x<cutlass::epilogue::threadblock::VisitorCompute<cutlass::multiplies, float, float, (cutlass::FloatRoundStyle)2, void>, cutlass::epilogue::threadblock::VisitorAccFetch, cutlass::epilogue::threadblock::VisitorScalarBroadcast<float, cute::tuple<cute::C<(int)0>, cute::C<(int)0>, cute::C<(int)0>>, (int)1, cutlass::multiplies>>, cutlass::epilogue::threadblock::VisitorRowBroadcast<cutlass::epilogue::threadblock::OutputTileThreadLayout<cutlass::gemm::GemmShape<(int)128, (int)128, (int)128>, cutlass::gemm::GemmShape<(int)64, (int)64, (int)128>, cutlass::half_t, (int)8, (int)1>, float, cute::tuple<cute::C<(int)0>, cute::C<(int)1>, int>, (bool)1>>, cutlass::epilogue::threadblock::VisitorRowBroadcast<cutlass::epilogue::threadblock::OutputTileThreadLayout<cutlass::gemm::GemmShape<(int)128, (int)128, (int)128>, cutlass::gemm::GemmShape<(int)64, (int)64, (int)128>, cutlass::half_t, (int)8, (int)1>, float, cute::tuple<cute::C<(int)0>, cute::C<(int)1>, int>, (bool)1>>, cutlass::epilogue::threadblock::VisitorAuxLoad<cutlass::epilogue::threadblock::OutputTileThreadLayout<cutlass::gemm::GemmShape<(int)128, (int)128, (int)128>, cutlass::gemm::GemmShape<(int)64, (int)64, (int)128>, cutlass::half_t, (int)8, (int)1>, cutlass::half_t, cute::tuple<long, cute::C<(int)1>, long>>>>, (int)1, (int)1>, cutlass::gemm::threadblock::GemmIdentityThreadblockSwizzle<(int)1>, (cutlass::conv::Operator)0, cutlass::conv::Conv2dProblemSize>>(T1::Params)",13449042.0
L|resblock_plain|C384|T1024,"void cutlass::Kernel<modiff::ImplicitGemmConvolutionEVT<cutlass::conv::threadblock::ImplicitGemmMultistage<cutlass::gemm::GemmShape<(int)128, (int)128, (int)128>, cutlass::conv::threadblock::Conv2dFpropActivationTileAccessIteratorOptimized<cutlass::MatrixShape<(int)128, (int)128>, cutlass::integer_subbyte<(int)4, (bool)1>, cutlass::layout::TensorNHWC, cutlass::transform::PitchLinearWarpRakedThreadMap<cutlass::PitchLinearShape<(int)128, (int)128>, (int)128, cutlass::PitchLinearShape<(int)4, (int)8>, (int)32>, cutlass::AlignedArray<cutlass::integer_subbyte<(int)4, (bool)1>, (int)32, (int)16>>, cutlass::transform::threadblock::RegularTileAccessIterator<cutlass::MatrixShape<(int)128, (int)128>, cutlass::integer_subbyte<(int)4, (bool)1>, cutlass::layout::RowMajorTensorOpMultiplicandCrosswise<(int)4, (int)128>, (int)0, cutlass::transform::PitchLinearWarpRakedThreadMap<cutlass::PitchLinearShape<(int)128, (int)128>, (int)128, cutlass::PitchLinearShape<(int)4, (int)8>, (int)32>, (int)16>, (cutlass::arch::CacheOperation::Kind)0, cutlass::conv::threadblock::Conv2dFpropFilterTileAccessIteratorOptimized<cutlass::MatrixShape<(int)128, (int)128>, cutlass::integer_subbyte<(int)4, (bool)1>, cutlass::layout::TensorNHWC, cutlass::transform::PitchLinearWarpRakedThreadMap<cutlass::PitchLinearShape<(int)128, (int)128>, (int)128, cutlass::PitchLinearShape<(int)4, (int)8>, (int)32>, cutlass::AlignedArray<cutlass::integer_subbyte<(int)4, (bool)1>, (int)32, (int)16>, (bool)0>, cutlass::transform::threadblock::RegularTileAccessIterator<cutlass::MatrixShape<(int)128, (int)128>, cutlass::integer_subbyte<(int)4, (bool)1>, cutlass::layout::ColumnMajorTensorOpMultiplicandCrosswise<(int)4, (int)128>, (int)1, cutlass::transform::PitchLinearWarpRakedThreadMap<cutlass::PitchLinearShape<(int)128, (int)128>, (int)128, cutlass::PitchLinearShape<(int)4, (int)8>, (int)32>, (int)16>, (cutlass::arch::CacheOperation::Kind)1, cutlass::gemm::threadblock::MmaPolicy<cutlass::gemm::warp::MmaTensorOp<cutlass::gemm::GemmShape<(int)64, (int)64, (int)128>, cutlass::integer_subbyte<(int)4, (bool)1>, cutlass::layout::RowMajorTensorOpMultiplicandCrosswise<(int)4, (int)128>, cutlass::integer_subbyte<(int)4, (bool)1>, cutlass::layout::ColumnMajorTensorOpMultiplicandCrosswise<(int)4, (int)128>, int, cutlass::layout::RowMajor, cutlass::gemm::warp::MmaTensorOpPolicy<cutlass::arch::Mma<cutlass::gemm::GemmShape<(int)16, (int)8, (int)64>, (int)32, cutlass::integer_subbyte<(int)4, (bool)1>, cutlass::layout::RowMajor, cutlass::integer_subbyte<(int)4, (bool)1>, cutlass::layout::ColumnMajor, int, cutlass::layout::RowMajor, cutlass::arch::OpMultiplyAddSaturate>, cutlass::MatrixShape<(int)1, (int)1>>, (int)1, (bool)0, bool>, cutlass::MatrixShape<(int)0, (int)0>, cutlass::MatrixShape<(int)0, (int)0>, (int)1>, (int)3, bool>, cutlass::epilogue::threadblock::EpilogueWithVisitorCallbacks<cutlass::epilogue::threadblock::Epilogue<cutlass::gemm::GemmShape<(int)128, (int)128, (int)128>, cutlass::gemm::warp::MmaTensorOp<cutlass::gemm::GemmShape<(int)64, (int)64, (int)128>, cutlass::integer_subbyte<(int)4, (bool)1>, cutlass::layout::RowMajorTensorOpMultiplicandCrosswise<(int)4, (int)128>, cutlass::integer_subbyte<(int)4, (bool)1>, cutlass::layout::ColumnMajorTensorOpMultiplicandCrosswise<(int)4, (int)128>, int, cutlass::layout::RowMajor, cutlass::gemm::warp::MmaTensorOpPolicy<cutlass::arch::Mma<cutlass::gemm::GemmShape<(int)16, (int)8, (int)64>, (int)32, cutlass::integer_subbyte<(int)4, (bool)1>, cutlass::layout::RowMajor, cutlass::integer_subbyte<(int)4, (bool)1>, cutlass::layout::ColumnMajor, int, cutlass::layout::RowMajor, cutlass::arch::OpMultiplyAddSaturate>, cutlass::MatrixShape<(int)1, (int)1>>, (int)1, (bool)0, bool>, (int)1, cutlass::epilogue::threadblock::PredicatedTileIteratorConv<cutlass::epilogue::threadblock::OutputTileOptimalThreadMap<cutlass::epilogue::threadblock::OutputTileShape<(int)128, (int)8, (int)2, (int)1, (int)1>, cutlass::epilogue::threadblock::OutputTileShape<(int)1, (int)8, (int)1, (int)1, (int)8>, (int)128, (int)8, (int)16>, cutlass::half_t, (bool)0, cutlass::layout::NoPermute, (bool)0, (int)4>, cutlass::epilogue::warp::FragmentIteratorTensorOp<cutlass::gemm::GemmShape<(int)64, (int)64, (int)128>, cutlass::gemm::GemmShape<(int)16, (int)8, (int)64>, int, cutlass::Array<int, (int)4, (bool)1>, cutlass::layout::RowMajor>, cutlass::epilogue::warp::TileIteratorTensorOpMixed<cutlass::gemm::GemmShape<(int)64, (int)64, (int)128>, cutlass::gemm::GemmShape<(int)16, (int)8, (int)64>, int, (int)32, (int)16, (int)8, (int)8, (bool)0>, cutlass::epilogue::threadblock::SharedLoadIteratorMixed<cutlass::epilogue::threadblock::OutputTileOptimalThreadMap<cutlass::epilogue::threadblock::OutputTileShape<(int)128, (int)8, (int)2, (int)1, (int)1>, cutlass::epilogue::threadblock::OutputTileShape<(int)1, (int)8, (int)1, (int)1, (int)8>, (int)128, (int)8, (int)16>::CompactedThreadMap, int, (int)32, (int)16, (int)8, (int)8, (bool)0>, cutlass::epilogue::thread::LinearCombination<cutlass::half_t, (int)8, int, float, (cutlass::epilogue::thread::ScaleType::Kind)0, (cutlass::FloatRoundStyle)2, cutlass::half_t>, cutlass::MatrixShape<(int)0, (int)8>, (int)2, (int)1>, cutlass::epilogue::threadblock::TreeVisitor2x<cutlass::epilogue::threadblock::VisitorAuxStore<cutlass::epilogue::threadblock::OutputTileThreadLayout<cutlass::gemm::GemmShape<(int)128, (int)128, (int)128>, cutlass::gemm::GemmShape<(int)64, (int)64, (int)128>, cutlass::half_t, (int)8, (int)1>, cutlass::half_t, (cutlass::FloatRoundStyle)2, cute::tuple<long, cute::C<(int)1>, long>>, cutlass::epilogue::threadblock::TreeVisitor2x<cutlass::epilogue::threadblock::VisitorCompute<cutlass::plus, float, float, (cutlass::FloatRoundStyle)2, void>, cutlass::epilogue::threadblock::TreeVisitor2x<cutlass::epilogue::threadblock::VisitorCompute<cutlass::plus, float, float, (cutlass::FloatRoundStyle)2, void>, cutlass::epilogue::threadblock::TreeVisitor2x<cutlass::epilogue::threadblock::VisitorCompute<cutlass::multiplies, float, float, (cutlass::FloatRoundStyle)2, void>, cutlass::epilogue::threadblock::TreeVisitor2x<cutlass::epilogue::threadblock::VisitorCompute<cutlass::multiplies, float, float, (cutlass::FloatRoundStyle)2, void>, cutlass::epilogue::threadblock::VisitorAccFetch, cutlass::epilogue::threadblock::VisitorScalarBroadcast<float, cute::tuple<cute::C<(int)0>, cute::C<(int)0>, cute::C<(int)0>>, (int)1, cutlass::multiplies>>, cutlass::epilogue::threadblock::VisitorRowBroadcast<cutlass::epilogue::threadblock::OutputTileThreadLayout<cutlass::gemm::GemmShape<(int)128, (int)128, (int)128>, cutlass::gemm::GemmShape<(int)64, (int)64, (int)128>, cutlass::half_t, (int)8, (int)1>, float, cute::tuple<cute::C<(int)0>, cute::C<(int)1>, int>, (bool)1>>, cutlass::epilogue::threadblock::VisitorRowBroadcast<cutlass::epilogue::threadblock::OutputTileThreadLayout<cutlass::gemm::GemmShape<(int)128, (int)128, (int)128>, cutlass::gemm::GemmShape<(int)64, (int)64, (int)128>, cutlass::half_t, (int)8, (int)1>, float, cute::tuple<cute::C<(int)0>, cute::C<(int)1>, int>, (bool)1>>, cutlass::epilogue::threadblock::VisitorAuxLoad<cutlass::epilogue::threadblock::OutputTileThreadLayout<cutlass::gemm::GemmShape<(int)128, (int)128, (int)128>, cutlass::gemm::GemmShape<(int)64, (int)64, (int)128>, cutlass::half_t, (int)8, (int)1>, cutlass::half_t, cute::tuple<long, cute::C<(int)1>, long>>>>, (int)1, (int)1>, cutlass::gemm::threadblock::GemmIdentityThreadblockSwizzle<(int)1>, (cutlass::conv::Operator)0, cutlass::conv::Conv2dProblemSize>>(T1::Params)",13193960.0
L|resblock_plain|C192|T1024,"void cutlass::Kernel<modiff::ImplicitGemmConvolutionEVT<cutlass::conv::threadblock::ImplicitGemmMultistage<cutlass::gemm::GemmShape<(int)128, (int)128, (int)128>, cutlass::conv::threadblock::Conv2dFpropActivationTileAccessIteratorOptimized<cutlass::MatrixShape<(int)128, (int)128>, cutlass::integer_subbyte<(int)4, (bool)1>, cutlass::layout::TensorNHWC, cutlass::transform::PitchLinearWarpRakedThreadMap<cutlass::PitchLinearShape<(int)128, (int)128>, (int)128, cutlass::PitchLinearShape<(int)4, (int)8>, (int)32>, cutlass::AlignedArray<cutlass::integer_subbyte<(int)4, (bool)1>, (int)32, (int)16>>, cutlass::transform::threadblock::RegularTileAccessIterator<cutlass::MatrixShape<(int)128, (int)128>, cutlass::integer_subbyte<(int)4, (bool)1>, cutlass::layout::RowMajorTensorOpMultiplicandCrosswise<(int)4, (int)128>, (int)0, cutlass::transform::PitchLinearWarpRakedThreadMap<cutlass::PitchLinearShape<(int)128, (int)128>, (int)128, cutlass::PitchLinearShape<(int)4, (int)8>, (int)32>, (int)16>, (cutlass::arch::CacheOperation::Kind)0, cutlass::conv::threadblock::Conv2dFpropFilterTileAccessIteratorOptimized<cutlass::MatrixShape<(int)128, (int)128>, cutlass::integer_subbyte<(int)4, (bool)1>, cutlass::layout::TensorNHWC, cutlass::transform::PitchLinearWarpRakedThreadMap<cutlass::PitchLinearShape<(int)128, (int)128>, (int)128, cutlass::PitchLinearShape<(int)4, (int)8>, (int)32>, cutlass::AlignedArray<cutlass::integer_subbyte<(int)4, (bool)1>, (int)32, (int)16>, (bool)0>, cutlass::transform::threadblock::RegularTileAccessIterator<cutlass::MatrixShape<(int)128, (int)128>, cutlass::integer_subbyte<(int)4, (bool)1>, cutlass::layout::ColumnMajorTensorOpMultiplicandCrosswise<(int)4, (int)128>, (int)1, cutlass::transform::PitchLinearWarpRakedThreadMap<cutlass::PitchLinearShape<(int)128, (int)128>, (int)128, cutlass::PitchLinearShape<(int)4, (int)8>, (int)32>, (int)16>, (cutlass::arch::CacheOperation::Kind)1, cutlass::gemm::threadblock::MmaPolicy<cutlass::gemm::warp::MmaTensorOp<cutlass::gemm::GemmShape<(int)64, (int)64, (int)128>, cutlass::integer_subbyte<(int)4, (bool)1>, cutlass::layout::RowMajorTensorOpMultiplicandCrosswise<(int)4, (int)128>, cutlass::integer_subbyte<(int)4, (bool)1>, cutlass::layout::ColumnMajorTensorOpMultiplicandCrosswise<(int)4, (int)128>, int, cutlass::layout::RowMajor, cutlass::gemm::warp::MmaTensorOpPolicy<cutlass::arch::Mma<cutlass::gemm::GemmShape<(int)16, (int)8, (int)64>, (int)32, cutlass::integer_subbyte<(int)4, (bool)1>, cutlass::layout::RowMajor, cutlass::integer_subbyte<(int)4, (bool)1>, cutlass::layout::ColumnMajor, int, cutlass::layout::RowMajor, cutlass::arch::OpMultiplyAddSaturate>, cutlass::MatrixShape<(int)1, (int)1>>, (int)1, (bool)0, bool>, cutlass::MatrixShape<(int)0, (int)0>, cutlass::MatrixShape<(int)0, (int)0>, (int)1>, (int)3, bool>, cutlass::epilogue::threadblock::EpilogueWithVisitorCallbacks<cutlass::epilogue::threadblock::Epilogue<cutlass::gemm::GemmShape<(int)128, (int)128, (int)128>, cutlass::gemm::warp::MmaTensorOp<cutlass::gemm::GemmShape<(int)64, (int)64, (int)128>, cutlass::integer_subbyte<(int)4, (bool)1>, cutlass::layout::RowMajorTensorOpMultiplicandCrosswise<(int)4, (int)128>, cutlass::integer_subbyte<(int)4, (bool)1>, cutlass::layout::ColumnMajorTensorOpMultiplicandCrosswise<(int)4, (int)128>, int, cutlass::layout::RowMajor, cutlass::gemm::warp::MmaTensorOpPolicy<cutlass::arch::Mma<cutlass::gemm::GemmShape<(int)16, (int)8, (int)64>, (int)32, cutlass::integer_subbyte<(int)4, (bool)1>, cutlass::layout::RowMajor, cutlass::integer_subbyte<(int)4, (bool)1>, cutlass::layout::ColumnMajor, int, cutlass::layout::RowMajor, cutlass::arch::OpMultiplyAddSaturate>, cutlass::MatrixShape<(int)1, (int)1>>, (int)1, (bool)0, bool>, (int)1, cutlass::epilogue::threadblock::PredicatedTileIteratorConv<cutlass::epilogue::threadblock::OutputTileOptimalThreadMap<cutlass::epilogue::threadblock::OutputTileShape<(int)128, (int)8, (int)2, (int)1, (int)1>, cutlass::epilogue::threadblock::OutputTileShape<(int)1, (int)8, (int)1, (int)1, (int)8>, (int)128, (int)8, (int)16>, cutlass::half_t, (bool)0, cutlass::layout::NoPermute, (bool)0, (int)4>, cutlass::epilogue::warp::FragmentIteratorTensorOp<cutlass::gemm::GemmShape<(int)64, (int)64, (int)128>, cutlass::gemm::GemmShape<(int)16, (int)8, (int)64>, int, cutlass::Array<int, (int)4, (bool)1>, cutlass::layout::RowMajor>, cutlass::epilogue::warp::TileIteratorTensorOpMixed<cutlass::gemm::GemmShape<(int)64, (int)64, (int)128>, cutlass::gemm::GemmShape<(int)16, (int)8, (int)64>, int, (int)32, (int)16, (int)8, (int)8, (bool)0>, cutlass::epilogue::threadblock::SharedLoadIteratorMixed<cutlass::epilogue::threadblock::OutputTileOptimalThreadMap<cutlass::epilogue::threadblock::OutputTileShape<(int)128, (int)8, (int)2, (int)1, (int)1>, cutlass::epilogue::threadblock::OutputTileShape<(int)1, (int)8, (int)1, (int)1, (int)8>, (int)128, (int)8, (int)16>::CompactedThreadMap, int, (int)32, (int)16, (int)8, (int)8, (bool)0>, cutlass::epilogue::thread::LinearCombination<cutlass::half_t, (int)8, int, float, (cutlass::epilogue::thread::ScaleType::Kind)0, (cutlass::FloatRoundStyle)2, cutlass::half_t>, cutlass::MatrixShape<(int)0, (int)8>, (int)2, (int)1>, cutlass::epilogue::threadblock::TreeVisitor2x<cutlass::epilogue::threadblock::VisitorAuxStore<cutlass::epilogue::threadblock::OutputTileThreadLayout<cutlass::gemm::GemmShape<(int)128, (int)128, (int)128>, cutlass::gemm::GemmShape<(int)64, (int)64, (int)128>, cutlass::half_t, (int)8, (int)1>, cutlass::half_t, (cutlass::FloatRoundStyle)2, cute::tuple<long, cute::C<(int)1>, long>>, cutlass::epilogue::threadblock::TreeVisitor2x<cutlass::epilogue::threadblock::VisitorCompute<cutlass::plus, float, float, (cutlass::FloatRoundStyle)2, void>, cutlass::epilogue::threadblock::TreeVisitor2x<cutlass::epilogue::threadblock::VisitorCompute<cutlass::multiplies, float, float, (cutlass::FloatRoundStyle)2, void>, cutlass::epilogue::threadblock::TreeVisitor2x<cutlass::epilogue::threadblock::VisitorCompute<cutlass::multiplies, float, float, (cutlass::FloatRoundStyle)2, void>, cutlass::epilogue::threadblock::VisitorAccFetch, cutlass::epilogue::threadblock::VisitorScalarBroadcast<float, cute::tuple<cute::C<(int)0>, cute::C<(int)0>, cute::C<(int)0>>, (int)1, cutlass::multiplies>>, cutlass::epilogue::threadblock::VisitorRowBroadcast<cutlass::epilogue::threadblock::OutputTileThreadLayout<cutlass::gemm::GemmShape<(int)128, (int)128, (int)128>, cutlass::gemm::GemmShape<(int)64, (int)64, (int)128>, cutlass::half_t, (int)8, (int)1>, float, cute::tuple<cute::C<(int)0>, cute::C<(int)1>, int>, (bool)1>>, cutlass::epilogue::threadblock::VisitorRowBroadcast<cutlass::epilogue::threadblock::OutputTileThreadLayout<cutlass::gemm::GemmShape<(int)128, (int)128, (int)128>, cutlass::gemm::GemmShape<(int)64, (int)64, (int)128>, cutlass::half_t, (int)8, (int)1>, float, cute::tuple<cute::C<(int)0>, cute::C<(int)1>, int>, (bool)1>>>, (int)1, (int)1>, cutlass::gemm::threadblock::GemmIdentityThreadblockSwizzle<(int)1>, (cutlass::conv::Operator)0, cutlass::conv::Conv2dProblemSize>>(T1::Params)",13174764.0
L|resblock_plain|C384|T256,"void group_norm_silu_quantize_pack_nhwc_vec2_kernel<__half, (bool)0>(const T1 *, signed char *, const T1 *, const T1 *, const T1 *, const T1 *, const float *, const float *, int, long, int, float, bool, int)",12790343.0
L|resblock_updown|C384|T256,"void group_norm_silu_nhwc_kernel<__half>(const T1 *, T1 *, const T1 *, const T1 *, const T1 *, const T1 *, int, long, int, float, bool)",12134179.0
L|resblock_plain|C192|T256,"void group_norm_silu_quantize_pack_nhwc_vec2_kernel<__half, (bool)0>(const T1 *, signed char *, const T1 *, const T1 *, const T1 *, const T1 *, const float *, const float *, int, long, int, float, bool, int)",11475870.0
L|resblock_plain|C384|T1024,sm80_xmma_fprop_implicit_gemm_f16f16_f16f32_f32_nhwckrsc_nhwc_tilesize128x64x32_stage5_warpsize2x2x1_g1_tensor16x8x16_execute_kernel__5x_cudnn,11418846.0
L|resblock_updown|C384|T256,"void at::native::unrolled_elementwise_kernel<at::native::direct_copy_kernel_cuda(at::TensorIteratorBase &)::[lambda() (instance 3)]::operator ()() const::[lambda() (instance 10)]::operator ()() const::[lambda(c10::Half) (instance 1)], at::detail::Array<char *, (int)2>, TrivialOffsetCalculator<(int)1, unsigned int>, TrivialOffsetCalculator<(int)1, unsigned int>, at::native::memory::LoadWithCast<(int)1>, at::native::memory::StoreWithCast<(int)1>>(int, T1, T2, T3, T4, T5, T6)",10705588.0
L|resblock_plain|C1536|T16,"void group_norm_silu_quantize_pack_nhwc_vec2_kernel<__half, (bool)0>(const T1 *, signed char *, const T1 *, const T1 *, const T1 *, const T1 *, const float *, const float *, int, long, int, float, bool, int)",10468788.0
L|resblock_updown|C192|T1024,"void group_norm_silu_nhwc_kernel<__half>(const T1 *, T1 *, const T1 *, const T1 *, const T1 *, const T1 *, int, long, int, float, bool)",10191538.0
L|attention|C384|T256,"void group_norm_silu_quantize_pack_nhwc_vec2_kernel<__half, (bool)1>(const T1 *, signed char *, const T1 *, const T1 *, const T1 *, const T1 *, const float *, const float *, int, long, int, float, bool, int)",9903057.0
L|resblock_plain|C1152|T64,"void group_norm_silu_quantize_pack_nhwc_vec2_kernel<__half, (bool)0>(const T1 *, signed char *, const T1 *, const T1 *, const T1 *, const T1 *, const float *, const float *, int, long, int, float, bool, int)",9862538.0
L|attention|C384|T64,"void gemm_w4a4_kernel_awq_out_i8<(int)3>(const signed char *, const signed char *, const float *, float, const float *, signed char *, int, int, int, const __half *, int, int, int, float, float, const float *, const float *, signed char *, signed char *, signed char *, int, int)",9432020.0
L|resblock_plain|C768|T256,"void cutlass::Kernel<modiff::ImplicitGemmConvolutionEVT<cutlass::conv::threadblock::ImplicitGemmMultistage<cutlass::gemm::GemmShape<(int)128, (int)128, (int)128>, cutlass::conv::threadblock::Conv2dFpropActivationTileAccessIteratorOptimized<cutlass::MatrixShape<(int)128, (int)128>, cutlass::integer_subbyte<(int)4, (bool)1>, cutlass::layout::TensorNHWC, cutlass::transform::PitchLinearWarpRakedThreadMap<cutlass::PitchLinearShape<(int)128, (int)128>, (int)128, cutlass::PitchLinearShape<(int)4, (int)8>, (int)32>, cutlass::AlignedArray<cutlass::integer_subbyte<(int)4, (bool)1>, (int)32, (int)16>>, cutlass::transform::threadblock::RegularTileAccessIterator<cutlass::MatrixShape<(int)128, (int)128>, cutlass::integer_subbyte<(int)4, (bool)1>, cutlass::layout::RowMajorTensorOpMultiplicandCrosswise<(int)4, (int)128>, (int)0, cutlass::transform::PitchLinearWarpRakedThreadMap<cutlass::PitchLinearShape<(int)128, (int)128>, (int)128, cutlass::PitchLinearShape<(int)4, (int)8>, (int)32>, (int)16>, (cutlass::arch::CacheOperation::Kind)0, cutlass::conv::threadblock::Conv2dFpropFilterTileAccessIteratorOptimized<cutlass::MatrixShape<(int)128, (int)128>, cutlass::integer_subbyte<(int)4, (bool)1>, cutlass::layout::TensorNHWC, cutlass::transform::PitchLinearWarpRakedThreadMap<cutlass::PitchLinearShape<(int)128, (int)128>, (int)128, cutlass::PitchLinearShape<(int)4, (int)8>, (int)32>, cutlass::AlignedArray<cutlass::integer_subbyte<(int)4, (bool)1>, (int)32, (int)16>, (bool)0>, cutlass::transform::threadblock::RegularTileAccessIterator<cutlass::MatrixShape<(int)128, (int)128>, cutlass::integer_subbyte<(int)4, (bool)1>, cutlass::layout::ColumnMajorTensorOpMultiplicandCrosswise<(int)4, (int)128>, (int)1, cutlass::transform::PitchLinearWarpRakedThreadMap<cutlass::PitchLinearShape<(int)128, (int)128>, (int)128, cutlass::PitchLinearShape<(int)4, (int)8>, (int)32>, (int)16>, (cutlass::arch::CacheOperation::Kind)1, cutlass::gemm::threadblock::MmaPolicy<cutlass::gemm::warp::MmaTensorOp<cutlass::gemm::GemmShape<(int)64, (int)64, (int)128>, cutlass::integer_subbyte<(int)4, (bool)1>, cutlass::layout::RowMajorTensorOpMultiplicandCrosswise<(int)4, (int)128>, cutlass::integer_subbyte<(int)4, (bool)1>, cutlass::layout::ColumnMajorTensorOpMultiplicandCrosswise<(int)4, (int)128>, int, cutlass::layout::RowMajor, cutlass::gemm::warp::MmaTensorOpPolicy<cutlass::arch::Mma<cutlass::gemm::GemmShape<(int)16, (int)8, (int)64>, (int)32, cutlass::integer_subbyte<(int)4, (bool)1>, cutlass::layout::RowMajor, cutlass::integer_subbyte<(int)4, (bool)1>, cutlass::layout::ColumnMajor, int, cutlass::layout::RowMajor, cutlass::arch::OpMultiplyAddSaturate>, cutlass::MatrixShape<(int)1, (int)1>>, (int)1, (bool)0, bool>, cutlass::MatrixShape<(int)0, (int)0>, cutlass::MatrixShape<(int)0, (int)0>, (int)1>, (int)3, bool>, cutlass::epilogue::threadblock::EpilogueWithVisitorCallbacks<cutlass::epilogue::threadblock::Epilogue<cutlass::gemm::GemmShape<(int)128, (int)128, (int)128>, cutlass::gemm::warp::MmaTensorOp<cutlass::gemm::GemmShape<(int)64, (int)64, (int)128>, cutlass::integer_subbyte<(int)4, (bool)1>, cutlass::layout::RowMajorTensorOpMultiplicandCrosswise<(int)4, (int)128>, cutlass::integer_subbyte<(int)4, (bool)1>, cutlass::layout::ColumnMajorTensorOpMultiplicandCrosswise<(int)4, (int)128>, int, cutlass::layout::RowMajor, cutlass::gemm::warp::MmaTensorOpPolicy<cutlass::arch::Mma<cutlass::gemm::GemmShape<(int)16, (int)8, (int)64>, (int)32, cutlass::integer_subbyte<(int)4, (bool)1>, cutlass::layout::RowMajor, cutlass::integer_subbyte<(int)4, (bool)1>, cutlass::layout::ColumnMajor, int, cutlass::layout::RowMajor, cutlass::arch::OpMultiplyAddSaturate>, cutlass::MatrixShape<(int)1, (int)1>>, (int)1, (bool)0, bool>, (int)1, cutlass::epilogue::threadblock::PredicatedTileIteratorConv<cutlass::epilogue::threadblock::OutputTileOptimalThreadMap<cutlass::epilogue::threadblock::OutputTileShape<(int)128, (int)8, (int)2, (int)1, (int)1>, cutlass::epilogue::threadblock::OutputTileShape<(int)1, (int)8, (int)1, (int)1, (int)8>, (int)128, (int)8, (int)16>, cutlass::half_t, (bool)0, cutlass::layout::NoPermute, (bool)0, (int)4>, cutlass::epilogue::warp::FragmentIteratorTensorOp<cutlass::gemm::GemmShape<(int)64, (int)64, (int)128>, cutlass::gemm::GemmShape<(int)16, (int)8, (int)64>, int, cutlass::Array<int, (int)4, (bool)1>, cutlass::layout::RowMajor>, cutlass::epilogue::warp::TileIteratorTensorOpMixed<cutlass::gemm::GemmShape<(int)64, (int)64, (int)128>, cutlass::gemm::GemmShape<(int)16, (int)8, (int)64>, int, (int)32, (int)16, (int)8, (int)8, (bool)0>, cutlass::epilogue::threadblock::SharedLoadIteratorMixed<cutlass::epilogue::threadblock::OutputTileOptimalThreadMap<cutlass::epilogue::threadblock::OutputTileShape<(int)128, (int)8, (int)2, (int)1, (int)1>, cutlass::epilogue::threadblock::OutputTileShape<(int)1, (int)8, (int)1, (int)1, (int)8>, (int)128, (int)8, (int)16>::CompactedThreadMap, int, (int)32, (int)16, (int)8, (int)8, (bool)0>, cutlass::epilogue::thread::LinearCombination<cutlass::half_t, (int)8, int, float, (cutlass::epilogue::thread::ScaleType::Kind)0, (cutlass::FloatRoundStyle)2, cutlass::half_t>, cutlass::MatrixShape<(int)0, (int)8>, (int)2, (int)1>, cutlass::epilogue::threadblock::TreeVisitor2x<cutlass::epilogue::threadblock::VisitorAuxStore<cutlass::epilogue::threadblock::OutputTileThreadLayout<cutlass::gemm::GemmShape<(int)128, (int)128, (int)128>, cutlass::gemm::GemmShape<(int)64, (int)64, (int)128>, cutlass::half_t, (int)8, (int)1>, cutlass::half_t, (cutlass::FloatRoundStyle)2, cute::tuple<long, cute::C<(int)1>, long>>, cutlass::epilogue::threadblock::TreeVisitor2x<cutlass::epilogue::threadblock::VisitorCompute<cutlass::plus, float, float, (cutlass::FloatRoundStyle)2, void>, cutlass::epilogue::threadblock::TreeVisitor2x<cutlass::epilogue::threadblock::VisitorCompute<cutlass::plus, float, float, (cutlass::FloatRoundStyle)2, void>, cutlass::epilogue::threadblock::TreeVisitor2x<cutlass::epilogue::threadblock::VisitorCompute<cutlass::multiplies, float, float, (cutlass::FloatRoundStyle)2, void>, cutlass::epilogue::threadblock::TreeVisitor2x<cutlass::epilogue::threadblock::VisitorCompute<cutlass::multiplies, float, float, (cutlass::FloatRoundStyle)2, void>, cutlass::epilogue::threadblock::VisitorAccFetch, cutlass::epilogue::threadblock::VisitorScalarBroadcast<float, cute::tuple<cute::C<(int)0>, cute::C<(int)0>, cute::C<(int)0>>, (int)1, cutlass::multiplies>>, cutlass::epilogue::threadblock::VisitorRowBroadcast<cutlass::epilogue::threadblock::OutputTileThreadLayout<cutlass::gemm::GemmShape<(int)128, (int)128, (int)128>, cutlass::gemm::GemmShape<(int)64, (int)64, (int)128>, cutlass::half_t, (int)8, (int)1>, float, cute::tuple<cute::C<(int)0>, cute::C<(int)1>, int>, (bool)1>>, cutlass::epilogue::threadblock::VisitorRowBroadcast<cutlass::epilogue::threadblock::OutputTileThreadLayout<cutlass::gemm::GemmShape<(int)128, (int)128, (int)128>, cutlass::gemm::GemmShape<(int)64, (int)64, (int)128>, cutlass::half_t, (int)8, (int)1>, float, cute::tuple<cute::C<(int)0>, cute::C<(int)1>, int>, (bool)1>>, cutlass::epilogue::threadblock::VisitorAuxLoad<cutlass::epilogue::threadblock::OutputTileThreadLayout<cutlass::gemm::GemmShape<(int)128, (int)128, (int)128>, cutlass::gemm::GemmShape<(int)64, (int)64, (int)128>, cutlass::half_t, (int)8, (int)1>, cutlass::half_t, cute::tuple<long, cute::C<(int)1>, long>>>>, (int)1, (int)1>, cutlass::gemm::threadblock::GemmIdentityThreadblockSwizzle<(int)1>, (cutlass::conv::Operator)0, cutlass::conv::Conv2dProblemSize>>(T1::Params)",8626242.0
,"void at::native::elementwise_kernel<(int)128, (int)2, void at::native::gpu_kernel_impl_nocast<at::native::direct_copy_kernel_cuda(at::TensorIteratorBase &)::[lambda() (instance 3)]::operator ()() const::[lambda() (instance 7)]::operator ()() const::[lambda(float) (instance 1)]>(at::TensorIteratorBase &, const T1 &)::[lambda(int) (instance 1)]>(int, T3)",8245669.0
L|resblock_plain|C576|T1024,sm86_xmma_fprop_implicit_gemm_f16f16_f16f32_f32_nhwckrsc_nhwc_tilesize128x128x32_stage3_warpsize2x2x1_g1_tensor16x8x16_execute_kernel__5x_cudnn,7721949.0
L|resblock_plain|C384|T1024,"void at::native::elementwise_kernel<(int)128, (int)4, void at::native::gpu_kernel_impl_nocast<at::native::CUDAFunctor_add<c10::Half>>(at::TensorIteratorBase &, const T1 &)::[lambda(int) (instance 1)]>(int, T3)",7634140.0
L|resblock_plain|C768|T256,sm86_xmma_fprop_implicit_gemm_f16f16_f16f32_f32_nhwckrsc_nhwc_tilesize128x128x32_stage3_warpsize2x2x1_g1_tensor16x8x16_t1r1s1_execute_kernel__5x_cudnn,7333016.0
L|resblock_updown|C384|T64,"void group_norm_silu_nhwc_kernel<__half>(const T1 *, T1 *, const T1 *, const T1 *, const T1 *, const T1 *, int, long, int, float, bool)",7182940.0
,"void at::native::elementwise_kernel<(int)128, (int)2, void at::native::gpu_kernel_impl_nocast<void at::native::<unnamed>::GroupNormKernelImplInternal<float>(const at::Tensor &, const at::Tensor &, const at::Tensor &, long, long, long, long, T1, at::Tensor &, at::Tensor &, at::Tensor &)::[lambda(float, float, float) (instance 2)]>(at::TensorIteratorBase &, const T1 &)::[lambda(int) (instance 1)]>(int, T3)",7136727.0
L|resblock_updown|C384|T64,"void group_norm_silu_quantize_pack_nhwc_vec2_kernel<__half, (bool)0>(const T1 *, signed char *, const T1 *, const T1 *, const T1 *, const T1 *, const float *, const float *, int, long, int, float, bool, int)",7131484.0
,"void at::native::vectorized_elementwise_kernel<(int)4, at::native::<unnamed>::silu_kernel(at::TensorIteratorBase &)::[lambda() (instance 1)]::operator ()() const::[lambda() (instance 2)]::operator ()() const::[lambda(float) (instance 1)], at::detail::Array<char *, (int)2>>(int, T2, T3)",7113081.0
L|resblock_updown|C384|T256,"void upsample2x_quantize_pack_noahat_kernel<__half>(const T1 *, signed char *, const float *, const float *, int, int, int, int, long)",6918360.0
L|attention|C768|T16,"void flash_attn_int8_qi8packed_small_qout_kernel<(int)16, (int)96, (int)4, (bool)1>(const signed char *, const float *, signed char *, int, int, float, float, float, int)",6742073.0
L|resblock_plain|C576|T1024,"void cutlass::Kernel<modiff::ImplicitGemmConvolutionEVT<cutlass::conv::threadblock::ImplicitGemmMultistage<cutlass::gemm::GemmShape<(int)128, (int)128, (int)128>, cutlass::conv::threadblock::Conv2dFpropActivationTileAccessIteratorOptimized<cutlass::MatrixShape<(int)128, (int)128>, cutlass::integer_subbyte<(int)4, (bool)1>, cutlass::layout::TensorNHWC, cutlass::transform::PitchLinearWarpRakedThreadMap<cutlass::PitchLinearShape<(int)128, (int)128>, (int)128, cutlass::PitchLinearShape<(int)4, (int)8>, (int)32>, cutlass::AlignedArray<cutlass::integer_subbyte<(int)4, (bool)1>, (int)32, (int)16>>, cutlass::transform::threadblock::RegularTileAccessIterator<cutlass::MatrixShape<(int)128, (int)128>, cutlass::integer_subbyte<(int)4, (bool)1>, cutlass::layout::RowMajorTensorOpMultiplicandCrosswise<(int)4, (int)128>, (int)0, cutlass::transform::PitchLinearWarpRakedThreadMap<cutlass::PitchLinearShape<(int)128, (int)128>, (int)128, cutlass::PitchLinearShape<(int)4, (int)8>, (int)32>, (int)16>, (cutlass::arch::CacheOperation::Kind)0, cutlass::conv::threadblock::Conv2dFpropFilterTileAccessIteratorOptimized<cutlass::MatrixShape<(int)128, (int)128>, cutlass::integer_subbyte<(int)4, (bool)1>, cutlass::layout::TensorNHWC, cutlass::transform::PitchLinearWarpRakedThreadMap<cutlass::PitchLinearShape<(int)128, (int)128>, (int)128, cutlass::PitchLinearShape<(int)4, (int)8>, (int)32>, cutlass::AlignedArray<cutlass::integer_subbyte<(int)4, (bool)1>, (int)32, (int)16>, (bool)0>, cutlass::transform::threadblock::RegularTileAccessIterator<cutlass::MatrixShape<(int)128, (int)128>, cutlass::integer_subbyte<(int)4, (bool)1>, cutlass::layout::ColumnMajorTensorOpMultiplicandCrosswise<(int)4, (int)128>, (int)1, cutlass::transform::PitchLinearWarpRakedThreadMap<cutlass::PitchLinearShape<(int)128, (int)128>, (int)128, cutlass::PitchLinearShape<(int)4, (int)8>, (int)32>, (int)16>, (cutlass::arch::CacheOperation::Kind)1, cutlass::gemm::threadblock::MmaPolicy<cutlass::gemm::warp::MmaTensorOp<cutlass::gemm::GemmShape<(int)64, (int)64, (int)128>, cutlass::integer_subbyte<(int)4, (bool)1>, cutlass::layout::RowMajorTensorOpMultiplicandCrosswise<(int)4, (int)128>, cutlass::integer_subbyte<(int)4, (bool)1>, cutlass::layout::ColumnMajorTensorOpMultiplicandCrosswise<(int)4, (int)128>, int, cutlass::layout::RowMajor, cutlass::gemm::warp::MmaTensorOpPolicy<cutlass::arch::Mma<cutlass::gemm::GemmShape<(int)16, (int)8, (int)64>, (int)32, cutlass::integer_subbyte<(int)4, (bool)1>, cutlass::layout::RowMajor, cutlass::integer_subbyte<(int)4, (bool)1>, cutlass::layout::ColumnMajor, int, cutlass::layout::RowMajor, cutlass::arch::OpMultiplyAddSaturate>, cutlass::MatrixShape<(int)1, (int)1>>, (int)1, (bool)0, bool>, cutlass::MatrixShape<(int)0, (int)0>, cutlass::MatrixShape<(int)0, (int)0>, (int)1>, (int)3, bool>, cutlass::epilogue::threadblock::EpilogueWithVisitorCallbacks<cutlass::epilogue::threadblock::Epilogue<cutlass::gemm::GemmShape<(int)128, (int)128, (int)128>, cutlass::gemm::warp::MmaTensorOp<cutlass::gemm::GemmShape<(int)64, (int)64, (int)128>, cutlass::integer_subbyte<(int)4, (bool)1>, cutlass::layout::RowMajorTensorOpMultiplicandCrosswise<(int)4, (int)128>, cutlass::integer_subbyte<(int)4, (bool)1>, cutlass::layout::ColumnMajorTensorOpMultiplicandCrosswise<(int)4, (int)128>, int, cutlass::layout::RowMajor, cutlass::gemm::warp::MmaTensorOpPolicy<cutlass::arch::Mma<cutlass::gemm::GemmShape<(int)16, (int)8, (int)64>, (int)32, cutlass::integer_subbyte<(int)4, (bool)1>, cutlass::layout::RowMajor, cutlass::integer_subbyte<(int)4, (bool)1>, cutlass::layout::ColumnMajor, int, cutlass::layout::RowMajor, cutlass::arch::OpMultiplyAddSaturate>, cutlass::MatrixShape<(int)1, (int)1>>, (int)1, (bool)0, bool>, (int)1, cutlass::epilogue::threadblock::PredicatedTileIteratorConv<cutlass::epilogue::threadblock::OutputTileOptimalThreadMap<cutlass::epilogue::threadblock::OutputTileShape<(int)128, (int)8, (int)2, (int)1, (int)1>, cutlass::epilogue::threadblock::OutputTileShape<(int)1, (int)8, (int)1, (int)1, (int)8>, (int)128, (int)8, (int)16>, cutlass::half_t, (bool)0, cutlass::layout::NoPermute, (bool)0, (int)4>, cutlass::epilogue::warp::FragmentIteratorTensorOp<cutlass::gemm::GemmShape<(int)64, (int)64, (int)128>, cutlass::gemm::GemmShape<(int)16, (int)8, (int)64>, int, cutlass::Array<int, (int)4, (bool)1>, cutlass::layout::RowMajor>, cutlass::epilogue::warp::TileIteratorTensorOpMixed<cutlass::gemm::GemmShape<(int)64, (int)64, (int)128>, cutlass::gemm::GemmShape<(int)16, (int)8, (int)64>, int, (int)32, (int)16, (int)8, (int)8, (bool)0>, cutlass::epilogue::threadblock::SharedLoadIteratorMixed<cutlass::epilogue::threadblock::OutputTileOptimalThreadMap<cutlass::epilogue::threadblock::OutputTileShape<(int)128, (int)8, (int)2, (int)1, (int)1>, cutlass::epilogue::threadblock::OutputTileShape<(int)1, (int)8, (int)1, (int)1, (int)8>, (int)128, (int)8, (int)16>::CompactedThreadMap, int, (int)32, (int)16, (int)8, (int)8, (bool)0>, cutlass::epilogue::thread::LinearCombination<cutlass::half_t, (int)8, int, float, (cutlass::epilogue::thread::ScaleType::Kind)0, (cutlass::FloatRoundStyle)2, cutlass::half_t>, cutlass::MatrixShape<(int)0, (int)8>, (int)2, (int)1>, cutlass::epilogue::threadblock::TreeVisitor2x<cutlass::epilogue::threadblock::VisitorAuxStore<cutlass::epilogue::threadblock::OutputTileThreadLayout<cutlass::gemm::GemmShape<(int)128, (int)128, (int)128>, cutlass::gemm::GemmShape<(int)64, (int)64, (int)128>, cutlass::half_t, (int)8, (int)1>, cutlass::half_t, (cutlass::FloatRoundStyle)2, cute::tuple<long, cute::C<(int)1>, long>>, cutlass::epilogue::threadblock::TreeVisitor2x<cutlass::epilogue::threadblock::VisitorCompute<cutlass::plus, float, float, (cutlass::FloatRoundStyle)2, void>, cutlass::epilogue::threadblock::TreeVisitor2x<cutlass::epilogue::threadblock::VisitorCompute<cutlass::plus, float, float, (cutlass::FloatRoundStyle)2, void>, cutlass::epilogue::threadblock::TreeVisitor2x<cutlass::epilogue::threadblock::VisitorCompute<cutlass::multiplies, float, float, (cutlass::FloatRoundStyle)2, void>, cutlass::epilogue::threadblock::TreeVisitor2x<cutlass::epilogue::threadblock::VisitorCompute<cutlass::multiplies, float, float, (cutlass::FloatRoundStyle)2, void>, cutlass::epilogue::threadblock::VisitorAccFetch, cutlass::epilogue::threadblock::VisitorScalarBroadcast<float, cute::tuple<cute::C<(int)0>, cute::C<(int)0>, cute::C<(int)0>>, (int)1, cutlass::multiplies>>, cutlass::epilogue::threadblock::VisitorRowBroadcast<cutlass::epilogue::threadblock::OutputTileThreadLayout<cutlass::gemm::GemmShape<(int)128, (int)128, (int)128>, cutlass::gemm::GemmShape<(int)64, (int)64, (int)128>, cutlass::half_t, (int)8, (int)1>, float, cute::tuple<cute::C<(int)0>, cute::C<(int)1>, int>, (bool)1>>, cutlass::epilogue::threadblock::VisitorRowBroadcast<cutlass::epilogue::threadblock::OutputTileThreadLayout<cutlass::gemm::GemmShape<(int)128, (int)128, (int)128>, cutlass::gemm::GemmShape<(int)64, (int)64, (int)128>, cutlass::half_t, (int)8, (int)1>, float, cute::tuple<cute::C<(int)0>, cute::C<(int)1>, int>, (bool)1>>, cutlass::epilogue::threadblock::VisitorAuxLoad<cutlass::epilogue::threadblock::OutputTileThreadLayout<cutlass::gemm::GemmShape<(int)128, (int)128, (int)128>, cutlass::gemm::GemmShape<(int)64, (int)64, (int)128>, cutlass::half_t, (int)8, (int)1>, cutlass::half_t, cute::tuple<long, cute::C<(int)1>, long>>>>, (int)1, (int)1>, cutlass::gemm::threadblock::GemmIdentityThreadblockSwizzle<(int)1>, (cutlass::conv::Operator)0, cutlass::conv::Conv2dProblemSize>>(T1::Params)",6664147.0
L|resblock_plain|C576|T256,"void cutlass::Kernel<modiff::ImplicitGemmConvolutionEVT<cutlass::conv::threadblock::ImplicitGemmMultistage<cutlass::gemm::GemmShape<(int)128, (int)128, (int)128>, cutlass::conv::threadblock::Conv2dFpropActivationTileAccessIteratorOptimized<cutlass::MatrixShape<(int)128, (int)128>, cutlass::integer_subbyte<(int)4, (bool)1>, cutlass::layout::TensorNHWC, cutlass::transform::PitchLinearWarpRakedThreadMap<cutlass::PitchLinearShape<(int)128, (int)128>, (int)128, cutlass::PitchLinearShape<(int)4, (int)8>, (int)32>, cutlass::AlignedArray<cutlass::integer_subbyte<(int)4, (bool)1>, (int)32, (int)16>>, cutlass::transform::threadblock::RegularTileAccessIterator<cutlass::MatrixShape<(int)128, (int)128>, cutlass::integer_subbyte<(int)4, (bool)1>, cutlass::layout::RowMajorTensorOpMultiplicandCrosswise<(int)4, (int)128>, (int)0, cutlass::transform::PitchLinearWarpRakedThreadMap<cutlass::PitchLinearShape<(int)128, (int)128>, (int)128, cutlass::PitchLinearShape<(int)4, (int)8>, (int)32>, (int)16>, (cutlass::arch::CacheOperation::Kind)0, cutlass::conv::threadblock::Conv2dFpropFilterTileAccessIteratorOptimized<cutlass::MatrixShape<(int)128, (int)128>, cutlass::integer_subbyte<(int)4, (bool)1>, cutlass::layout::TensorNHWC, cutlass::transform::PitchLinearWarpRakedThreadMap<cutlass::PitchLinearShape<(int)128, (int)128>, (int)128, cutlass::PitchLinearShape<(int)4, (int)8>, (int)32>, cutlass::AlignedArray<cutlass::integer_subbyte<(int)4, (bool)1>, (int)32, (int)16>, (bool)0>, cutlass::transform::threadblock::RegularTileAccessIterator<cutlass::MatrixShape<(int)128, (int)128>, cutlass::integer_subbyte<(int)4, (bool)1>, cutlass::layout::ColumnMajorTensorOpMultiplicandCrosswise<(int)4, (int)128>, (int)1, cutlass::transform::PitchLinearWarpRakedThreadMap<cutlass::PitchLinearShape<(int)128, (int)128>, (int)128, cutlass::PitchLinearShape<(int)4, (int)8>, (int)32>, (int)16>, (cutlass::arch::CacheOperation::Kind)1, cutlass::gemm::threadblock::MmaPolicy<cutlass::gemm::warp::MmaTensorOp<cutlass::gemm::GemmShape<(int)64, (int)64, (int)128>, cutlass::integer_subbyte<(int)4, (bool)1>, cutlass::layout::RowMajorTensorOpMultiplicandCrosswise<(int)4, (int)128>, cutlass::integer_subbyte<(int)4, (bool)1>, cutlass::layout::ColumnMajorTensorOpMultiplicandCrosswise<(int)4, (int)128>, int, cutlass::layout::RowMajor, cutlass::gemm::warp::MmaTensorOpPolicy<cutlass::arch::Mma<cutlass::gemm::GemmShape<(int)16, (int)8, (int)64>, (int)32, cutlass::integer_subbyte<(int)4, (bool)1>, cutlass::layout::RowMajor, cutlass::integer_subbyte<(int)4, (bool)1>, cutlass::layout::ColumnMajor, int, cutlass::layout::RowMajor, cutlass::arch::OpMultiplyAddSaturate>, cutlass::MatrixShape<(int)1, (int)1>>, (int)1, (bool)0, bool>, cutlass::MatrixShape<(int)0, (int)0>, cutlass::MatrixShape<(int)0, (int)0>, (int)1>, (int)3, bool>, cutlass::epilogue::threadblock::EpilogueWithVisitorCallbacks<cutlass::epilogue::threadblock::Epilogue<cutlass::gemm::GemmShape<(int)128, (int)128, (int)128>, cutlass::gemm::warp::MmaTensorOp<cutlass::gemm::GemmShape<(int)64, (int)64, (int)128>, cutlass::integer_subbyte<(int)4, (bool)1>, cutlass::layout::RowMajorTensorOpMultiplicandCrosswise<(int)4, (int)128>, cutlass::integer_subbyte<(int)4, (bool)1>, cutlass::layout::ColumnMajorTensorOpMultiplicandCrosswise<(int)4, (int)128>, int, cutlass::layout::RowMajor, cutlass::gemm::warp::MmaTensorOpPolicy<cutlass::arch::Mma<cutlass::gemm::GemmShape<(int)16, (int)8, (int)64>, (int)32, cutlass::integer_subbyte<(int)4, (bool)1>, cutlass::layout::RowMajor, cutlass::integer_subbyte<(int)4, (bool)1>, cutlass::layout::ColumnMajor, int, cutlass::layout::RowMajor, cutlass::arch::OpMultiplyAddSaturate>, cutlass::MatrixShape<(int)1, (int)1>>, (int)1, (bool)0, bool>, (int)1, cutlass::epilogue::threadblock::PredicatedTileIteratorConv<cutlass::epilogue::threadblock::OutputTileOptimalThreadMap<cutlass::epilogue::threadblock::OutputTileShape<(int)128, (int)8, (int)2, (int)1, (int)1>, cutlass::epilogue::threadblock::OutputTileShape<(int)1, (int)8, (int)1, (int)1, (int)8>, (int)128, (int)8, (int)16>, cutlass::half_t, (bool)0, cutlass::layout::NoPermute, (bool)0, (int)4>, cutlass::epilogue::warp::FragmentIteratorTensorOp<cutlass::gemm::GemmShape<(int)64, (int)64, (int)128>, cutlass::gemm::GemmShape<(int)16, (int)8, (int)64>, int, cutlass::Array<int, (int)4, (bool)1>, cutlass::layout::RowMajor>, cutlass::epilogue::warp::TileIteratorTensorOpMixed<cutlass::gemm::GemmShape<(int)64, (int)64, (int)128>, cutlass::gemm::GemmShape<(int)16, (int)8, (int)64>, int, (int)32, (int)16, (int)8, (int)8, (bool)0>, cutlass::epilogue::threadblock::SharedLoadIteratorMixed<cutlass::epilogue::threadblock::OutputTileOptimalThreadMap<cutlass::epilogue::threadblock::OutputTileShape<(int)128, (int)8, (int)2, (int)1, (int)1>, cutlass::epilogue::threadblock::OutputTileShape<(int)1, (int)8, (int)1, (int)1, (int)8>, (int)128, (int)8, (int)16>::CompactedThreadMap, int, (int)32, (int)16, (int)8, (int)8, (bool)0>, cutlass::epilogue::thread::LinearCombination<cutlass::half_t, (int)8, int, float, (cutlass::epilogue::thread::ScaleType::Kind)0, (cutlass::FloatRoundStyle)2, cutlass::half_t>, cutlass::MatrixShape<(int)0, (int)8>, (int)2, (int)1>, cutlass::epilogue::threadblock::TreeVisitor2x<cutlass::epilogue::threadblock::VisitorAuxStore<cutlass::epilogue::threadblock::OutputTileThreadLayout<cutlass::gemm::GemmShape<(int)128, (int)128, (int)128>, cutlass::gemm::GemmShape<(int)64, (int)64, (int)128>, cutlass::half_t, (int)8, (int)1>, cutlass::half_t, (cutlass::FloatRoundStyle)2, cute::tuple<long, cute::C<(int)1>, long>>, cutlass::epilogue::threadblock::TreeVisitor2x<cutlass::epilogue::threadblock::VisitorCompute<cutlass::plus, float, float, (cutlass::FloatRoundStyle)2, void>, cutlass::epilogue::threadblock::TreeVisitor2x<cutlass::epilogue::threadblock::VisitorCompute<cutlass::multiplies, float, float, (cutlass::FloatRoundStyle)2, void>, cutlass::epilogue::threadblock::TreeVisitor2x<cutlass::epilogue::threadblock::VisitorCompute<cutlass::multiplies, float, float, (cutlass::FloatRoundStyle)2, void>, cutlass::epilogue::threadblock::VisitorAccFetch, cutlass::epilogue::threadblock::VisitorScalarBroadcast<float, cute::tuple<cute::C<(int)0>, cute::C<(int)0>, cute::C<(int)0>>, (int)1, cutlass::multiplies>>, cutlass::epilogue::threadblock::VisitorRowBroadcast<cutlass::epilogue::threadblock::OutputTileThreadLayout<cutlass::gemm::GemmShape<(int)128, (int)128, (int)128>, cutlass::gemm::GemmShape<(int)64, (int)64, (int)128>, cutlass::half_t, (int)8, (int)1>, float, cute::tuple<cute::C<(int)0>, cute::C<(int)1>, int>, (bool)1>>, cutlass::epilogue::threadblock::VisitorRowBroadcast<cutlass::epilogue::threadblock::OutputTileThreadLayout<cutlass::gemm::GemmShape<(int)128, (int)128, (int)128>, cutlass::gemm::GemmShape<(int)64, (int)64, (int)128>, cutlass::half_t, (int)8, (int)1>, float, cute::tuple<cute::C<(int)0>, cute::C<(int)1>, int>, (bool)1>>>, (int)1, (int)1>, cutlass::gemm::threadblock::GemmIdentityThreadblockSwizzle<(int)1>, (cutlass::conv::Operator)0, cutlass::conv::Conv2dProblemSize>>(T1::Params)",6374069.0
,"void at::native::elementwise_kernel<(int)128, (int)4, void at::native::gpu_kernel_impl_nocast<at::native::direct_copy_kernel_cuda(at::TensorIteratorBase &)::[lambda() (instance 3)]::operator ()() const::[lambda() (instance 10)]::operator ()() const::[lambda(c10::Half) (instance 1)]>(at::TensorIteratorBase &, const T1 &)::[lambda(int) (instance 1)]>(int, T3)",6004977.0
L|attention|C384|T64,"gemm_w4a4_kernel_awq(const signed char *, const signed char *, const float *, float, __half *, int, int, int, int, const __half *, const __half *)",5975159.0
L|resblock_plain|C1536|T16,"void cutlass::Kernel<modiff::ImplicitGemmConvolutionEVT<cutlass::conv::threadblock::ImplicitGemmMultistage<cutlass::gemm::GemmShape<(int)128, (int)128, (int)128>, cutlass::conv::threadblock::Conv2dFpropActivationTileAccessIteratorOptimized<cutlass::MatrixShape<(int)128, (int)128>, cutlass::integer_subbyte<(int)4, (bool)1>, cutlass::layout::TensorNHWC, cutlass::transform::PitchLinearWarpRakedThreadMap<cutlass::PitchLinearShape<(int)128, (int)128>, (int)128, cutlass::PitchLinearShape<(int)4, (int)8>, (int)32>, cutlass::AlignedArray<cutlass::integer_subbyte<(int)4, (bool)1>, (int)32, (int)16>>, cutlass::transform::threadblock::RegularTileAccessIterator<cutlass::MatrixShape<(int)128, (int)128>, cutlass::integer_subbyte<(int)4, (bool)1>, cutlass::layout::RowMajorTensorOpMultiplicandCrosswise<(int)4, (int)128>, (int)0, cutlass::transform::PitchLinearWarpRakedThreadMap<cutlass::PitchLinearShape<(int)128, (int)128>, (int)128, cutlass::PitchLinearShape<(int)4, (int)8>, (int)32>, (int)16>, (cutlass::arch::CacheOperation::Kind)0, cutlass::conv::threadblock::Conv2dFpropFilterTileAccessIteratorOptimized<cutlass::MatrixShape<(int)128, (int)128>, cutlass::integer_subbyte<(int)4, (bool)1>, cutlass::layout::TensorNHWC, cutlass::transform::PitchLinearWarpRakedThreadMap<cutlass::PitchLinearShape<(int)128, (int)128>, (int)128, cutlass::PitchLinearShape<(int)4, (int)8>, (int)32>, cutlass::AlignedArray<cutlass::integer_subbyte<(int)4, (bool)1>, (int)32, (int)16>, (bool)0>, cutlass::transform::threadblock::RegularTileAccessIterator<cutlass::MatrixShape<(int)128, (int)128>, cutlass::integer_subbyte<(int)4, (bool)1>, cutlass::layout::ColumnMajorTensorOpMultiplicandCrosswise<(int)4, (int)128>, (int)1, cutlass::transform::PitchLinearWarpRakedThreadMap<cutlass::PitchLinearShape<(int)128, (int)128>, (int)128, cutlass::PitchLinearShape<(int)4, (int)8>, (int)32>, (int)16>, (cutlass::arch::CacheOperation::Kind)1, cutlass::gemm::threadblock::MmaPolicy<cutlass::gemm::warp::MmaTensorOp<cutlass::gemm::GemmShape<(int)64, (int)64, (int)128>, cutlass::integer_subbyte<(int)4, (bool)1>, cutlass::layout::RowMajorTensorOpMultiplicandCrosswise<(int)4, (int)128>, cutlass::integer_subbyte<(int)4, (bool)1>, cutlass::layout::ColumnMajorTensorOpMultiplicandCrosswise<(int)4, (int)128>, int, cutlass::layout::RowMajor, cutlass::gemm::warp::MmaTensorOpPolicy<cutlass::arch::Mma<cutlass::gemm::GemmShape<(int)16, (int)8, (int)64>, (int)32, cutlass::integer_subbyte<(int)4, (bool)1>, cutlass::layout::RowMajor, cutlass::integer_subbyte<(int)4, (bool)1>, cutlass::layout::ColumnMajor, int, cutlass::layout::RowMajor, cutlass::arch::OpMultiplyAddSaturate>, cutlass::MatrixShape<(int)1, (int)1>>, (int)1, (bool)0, bool>, cutlass::MatrixShape<(int)0, (int)0>, cutlass::MatrixShape<(int)0, (int)0>, (int)1>, (int)3, bool>, cutlass::epilogue::threadblock::EpilogueWithVisitorCallbacks<cutlass::epilogue::threadblock::Epilogue<cutlass::gemm::GemmShape<(int)128, (int)128, (int)128>, cutlass::gemm::warp::MmaTensorOp<cutlass::gemm::GemmShape<(int)64, (int)64, (int)128>, cutlass::integer_subbyte<(int)4, (bool)1>, cutlass::layout::RowMajorTensorOpMultiplicandCrosswise<(int)4, (int)128>, cutlass::integer_subbyte<(int)4, (bool)1>, cutlass::layout::ColumnMajorTensorOpMultiplicandCrosswise<(int)4, (int)128>, int, cutlass::layout::RowMajor, cutlass::gemm::warp::MmaTensorOpPolicy<cutlass::arch::Mma<cutlass::gemm::GemmShape<(int)16, (int)8, (int)64>, (int)32, cutlass::integer_subbyte<(int)4, (bool)1>, cutlass::layout::RowMajor, cutlass::integer_subbyte<(int)4, (bool)1>, cutlass::layout::ColumnMajor, int, cutlass::layout::RowMajor, cutlass::arch::OpMultiplyAddSaturate>, cutlass::MatrixShape<(int)1, (int)1>>, (int)1, (bool)0, bool>, (int)1, cutlass::epilogue::threadblock::PredicatedTileIteratorConv<cutlass::epilogue::threadblock::OutputTileOptimalThreadMap<cutlass::epilogue::threadblock::OutputTileShape<(int)128, (int)8, (int)2, (int)1, (int)1>, cutlass::epilogue::threadblock::OutputTileShape<(int)1, (int)8, (int)1, (int)1, (int)8>, (int)128, (int)8, (int)16>, cutlass::half_t, (bool)0, cutlass::layout::NoPermute, (bool)0, (int)4>, cutlass::epilogue::warp::FragmentIteratorTensorOp<cutlass::gemm::GemmShape<(int)64, (int)64, (int)128>, cutlass::gemm::GemmShape<(int)16, (int)8, (int)64>, int, cutlass::Array<int, (int)4, (bool)1>, cutlass::layout::RowMajor>, cutlass::epilogue::warp::TileIteratorTensorOpMixed<cutlass::gemm::GemmShape<(int)64, (int)64, (int)128>, cutlass::gemm::GemmShape<(int)16, (int)8, (int)64>, int, (int)32, (int)16, (int)8, (int)8, (bool)0>, cutlass::epilogue::threadblock::SharedLoadIteratorMixed<cutlass::epilogue::threadblock::OutputTileOptimalThreadMap<cutlass::epilogue::threadblock::OutputTileShape<(int)128, (int)8, (int)2, (int)1, (int)1>, cutlass::epilogue::threadblock::OutputTileShape<(int)1, (int)8, (int)1, (int)1, (int)8>, (int)128, (int)8, (int)16>::CompactedThreadMap, int, (int)32, (int)16, (int)8, (int)8, (bool)0>, cutlass::epilogue::thread::LinearCombination<cutlass::half_t, (int)8, int, float, (cutlass::epilogue::thread::ScaleType::Kind)0, (cutlass::FloatRoundStyle)2, cutlass::half_t>, cutlass::MatrixShape<(int)0, (int)8>, (int)2, (int)1>, cutlass::epilogue::threadblock::TreeVisitor2x<cutlass::epilogue::threadblock::VisitorAuxStore<cutlass::epilogue::threadblock::OutputTileThreadLayout<cutlass::gemm::GemmShape<(int)128, (int)128, (int)128>, cutlass::gemm::GemmShape<(int)64, (int)64, (int)128>, cutlass::half_t, (int)8, (int)1>, cutlass::half_t, (cutlass::FloatRoundStyle)2, cute::tuple<long, cute::C<(int)1>, long>>, cutlass::epilogue::threadblock::TreeVisitor2x<cutlass::epilogue::threadblock::VisitorCompute<cutlass::plus, float, float, (cutlass::FloatRoundStyle)2, void>, cutlass::epilogue::threadblock::TreeVisitor2x<cutlass::epilogue::threadblock::VisitorCompute<cutlass::multiplies, float, float, (cutlass::FloatRoundStyle)2, void>, cutlass::epilogue::threadblock::TreeVisitor2x<cutlass::epilogue::threadblock::VisitorCompute<cutlass::multiplies, float, float, (cutlass::FloatRoundStyle)2, void>, cutlass::epilogue::threadblock::VisitorAccFetch, cutlass::epilogue::threadblock::VisitorScalarBroadcast<float, cute::tuple<cute::C<(int)0>, cute::C<(int)0>, cute::C<(int)0>>, (int)1, cutlass::multiplies>>, cutlass::epilogue::threadblock::VisitorRowBroadcast<cutlass::epilogue::threadblock::OutputTileThreadLayout<cutlass::gemm::GemmShape<(int)128, (int)128, (int)128>, cutlass::gemm::GemmShape<(int)64, (int)64, (int)128>, cutlass::half_t, (int)8, (int)1>, float, cute::tuple<cute::C<(int)0>, cute::C<(int)1>, int>, (bool)1>>, cutlass::epilogue::threadblock::VisitorRowBroadcast<cutlass::epilogue::threadblock::OutputTileThreadLayout<cutlass::gemm::GemmShape<(int)128, (int)128, (int)128>, cutlass::gemm::GemmShape<(int)64, (int)64, (int)128>, cutlass::half_t, (int)8, (int)1>, float, cute::tuple<cute::C<(int)0>, cute::C<(int)1>, int>, (bool)1>>>, (int)1, (int)1>, cutlass::gemm::threadblock::GemmIdentityThreadblockSwizzle<(int)1>, (cutlass::conv::Operator)0, cutlass::conv::Conv2dProblemSize>>(T1::Params)",5815889.0
,"void at::native::unrolled_elementwise_kernel<at::native::direct_copy_kernel_cuda(at::TensorIteratorBase &)::[lambda() (instance 3)]::operator ()() const::[lambda() (instance 10)]::operator ()() const::[lambda(c10::Half) (instance 1)], at::detail::Array<char *, (int)2>, TrivialOffsetCalculator<(int)1, unsigned int>, TrivialOffsetCalculator<(int)1, unsigned int>, at::native::memory::LoadWithCast<(int)1>, at::native::memory::StoreWithCast<(int)1>>(int, T1, T2, T3, T4, T5, T6)",5556876.0
,"void at::native::unrolled_elementwise_kernel<at::native::direct_copy_kernel_cuda(at::TensorIteratorBase &)::[lambda() (instance 3)]::operator ()() const::[lambda() (instance 7)]::operator ()() const::[lambda(float) (instance 1)], at::detail::Array<char *, (int)2>, TrivialOffsetCalculator<(int)1, unsigned int>, TrivialOffsetCalculator<(int)1, unsigned int>, at::native::memory::LoadWithCast<(int)1>, at::native::memory::StoreWithCast<(int)1>>(int, T1, T2, T3, T4, T5, T6)",5306282.0
L|resblock_updown|C768|T16,"void group_norm_silu_quantize_pack_nhwc_vec2_kernel<__half, (bool)0>(const T1 *, signed char *, const T1 *, const T1 *, const T1 *, const T1 *, const float *, const float *, int, long, int, float, bool, int)",5281450.0
L|resblock_updown|C192|T1024,"void at::native::<unnamed>::avg_pool2d_out_cuda_frame_nhwc<c10::Half, float>(int, const T1 *, long, long, long, int, int, int, int, int, int, int, int, T1 *, int, bool, bool)",5211818.0
L|resblock_plain|C1152|T16,"void group_norm_silu_quantize_pack_nhwc_vec2_kernel<__half, (bool)0>(const T1 *, signed char *, const T1 *, const T1 *, const T1 *, const T1 *, const float *, const float *, int, long, int, float, bool, int)",5133361.0
L|resblock_updown|C192|T1024,"void group_norm_silu_quantize_pack_nhwc_vec2_kernel<__half, (bool)0>(const T1 *, signed char *, const T1 *, const T1 *, const T1 *, const T1 *, const float *, const float *, int, long, int, float, bool, int)",5087400.0
L|resblock_updown|C384|T64,"void cutlass::Kernel<modiff::ImplicitGemmConvolutionEVT<cutlass::conv::threadblock::ImplicitGemmMultistage<cutlass::gemm::GemmShape<(int)128, (int)128, (int)128>, cutlass::conv::threadblock::Conv2dFpropActivationTileAccessIteratorOptimized<cutlass::MatrixShape<(int)128, (int)128>, cutlass::integer_subbyte<(int)4, (bool)1>, cutlass::layout::TensorNHWC, cutlass::transform::PitchLinearWarpRakedThreadMap<cutlass::PitchLinearShape<(int)128, (int)128>, (int)128, cutlass::PitchLinearShape<(int)4, (int)8>, (int)32>, cutlass::AlignedArray<cutlass::integer_subbyte<(int)4, (bool)1>, (int)32, (int)16>>, cutlass::transform::threadblock::RegularTileAccessIterator<cutlass::MatrixShape<(int)128, (int)128>, cutlass::integer_subbyte<(int)4, (bool)1>, cutlass::layout::RowMajorTensorOpMultiplicandCrosswise<(int)4, (int)128>, (int)0, cutlass::transform::PitchLinearWarpRakedThreadMap<cutlass::PitchLinearShape<(int)128, (int)128>, (int)128, cutlass::PitchLinearShape<(int)4, (int)8>, (int)32>, (int)16>, (cutlass::arch::CacheOperation::Kind)0, cutlass::conv::threadblock::Conv2dFpropFilterTileAccessIteratorOptimized<cutlass::MatrixShape<(int)128, (int)128>, cutlass::integer_subbyte<(int)4, (bool)1>, cutlass::layout::TensorNHWC, cutlass::transform::PitchLinearWarpRakedThreadMap<cutlass::PitchLinearShape<(int)128, (int)128>, (int)128, cutlass::PitchLinearShape<(int)4, (int)8>, (int)32>, cutlass::AlignedArray<cutlass::integer_subbyte<(int)4, (bool)1>, (int)32, (int)16>, (bool)0>, cutlass::transform::threadblock::RegularTileAccessIterator<cutlass::MatrixShape<(int)128, (int)128>, cutlass::integer_subbyte<(int)4, (bool)1>, cutlass::layout::ColumnMajorTensorOpMultiplicandCrosswise<(int)4, (int)128>, (int)1, cutlass::transform::PitchLinearWarpRakedThreadMap<cutlass::PitchLinearShape<(int)128, (int)128>, (int)128, cutlass::PitchLinearShape<(int)4, (int)8>, (int)32>, (int)16>, (cutlass::arch::CacheOperation::Kind)1, cutlass::gemm::threadblock::MmaPolicy<cutlass::gemm::warp::MmaTensorOp<cutlass::gemm::GemmShape<(int)64, (int)64, (int)128>, cutlass::integer_subbyte<(int)4, (bool)1>, cutlass::layout::RowMajorTensorOpMultiplicandCrosswise<(int)4, (int)128>, cutlass::integer_subbyte<(int)4, (bool)1>, cutlass::layout::ColumnMajorTensorOpMultiplicandCrosswise<(int)4, (int)128>, int, cutlass::layout::RowMajor, cutlass::gemm::warp::MmaTensorOpPolicy<cutlass::arch::Mma<cutlass::gemm::GemmShape<(int)16, (int)8, (int)64>, (int)32, cutlass::integer_subbyte<(int)4, (bool)1>, cutlass::layout::RowMajor, cutlass::integer_subbyte<(int)4, (bool)1>, cutlass::layout::ColumnMajor, int, cutlass::layout::RowMajor, cutlass::arch::OpMultiplyAddSaturate>, cutlass::MatrixShape<(int)1, (int)1>>, (int)1, (bool)0, bool>, cutlass::MatrixShape<(int)0, (int)0>, cutlass::MatrixShape<(int)0, (int)0>, (int)1>, (int)3, bool>, cutlass::epilogue::threadblock::EpilogueWithVisitorCallbacks<cutlass::epilogue::threadblock::Epilogue<cutlass::gemm::GemmShape<(int)128, (int)128, (int)128>, cutlass::gemm::warp::MmaTensorOp<cutlass::gemm::GemmShape<(int)64, (int)64, (int)128>, cutlass::integer_subbyte<(int)4, (bool)1>, cutlass::layout::RowMajorTensorOpMultiplicandCrosswise<(int)4, (int)128>, cutlass::integer_subbyte<(int)4, (bool)1>, cutlass::layout::ColumnMajorTensorOpMultiplicandCrosswise<(int)4, (int)128>, int, cutlass::layout::RowMajor, cutlass::gemm::warp::MmaTensorOpPolicy<cutlass::arch::Mma<cutlass::gemm::GemmShape<(int)16, (int)8, (int)64>, (int)32, cutlass::integer_subbyte<(int)4, (bool)1>, cutlass::layout::RowMajor, cutlass::integer_subbyte<(int)4, (bool)1>, cutlass::layout::ColumnMajor, int, cutlass::layout::RowMajor, cutlass::arch::OpMultiplyAddSaturate>, cutlass::MatrixShape<(int)1, (int)1>>, (int)1, (bool)0, bool>, (int)1, cutlass::epilogue::threadblock::PredicatedTileIteratorConv<cutlass::epilogue::threadblock::OutputTileOptimalThreadMap<cutlass::epilogue::threadblock::OutputTileShape<(int)128, (int)8, (int)2, (int)1, (int)1>, cutlass::epilogue::threadblock::OutputTileShape<(int)1, (int)8, (int)1, (int)1, (int)8>, (int)128, (int)8, (int)16>, cutlass::half_t, (bool)0, cutlass::layout::NoPermute, (bool)0, (int)4>, cutlass::epilogue::warp::FragmentIteratorTensorOp<cutlass::gemm::GemmShape<(int)64, (int)64, (int)128>, cutlass::gemm::GemmShape<(int)16, (int)8, (int)64>, int, cutlass::Array<int, (int)4, (bool)1>, cutlass::layout::RowMajor>, cutlass::epilogue::warp::TileIteratorTensorOpMixed<cutlass::gemm::GemmShape<(int)64, (int)64, (int)128>, cutlass::gemm::GemmShape<(int)16, (int)8, (int)64>, int, (int)32, (int)16, (int)8, (int)8, (bool)0>, cutlass::epilogue::threadblock::SharedLoadIteratorMixed<cutlass::epilogue::threadblock::OutputTileOptimalThreadMap<cutlass::epilogue::threadblock::OutputTileShape<(int)128, (int)8, (int)2, (int)1, (int)1>, cutlass::epilogue::threadblock::OutputTileShape<(int)1, (int)8, (int)1, (int)1, (int)8>, (int)128, (int)8, (int)16>::CompactedThreadMap, int, (int)32, (int)16, (int)8, (int)8, (bool)0>, cutlass::epilogue::thread::LinearCombination<cutlass::half_t, (int)8, int, float, (cutlass::epilogue::thread::ScaleType::Kind)0, (cutlass::FloatRoundStyle)2, cutlass::half_t>, cutlass::MatrixShape<(int)0, (int)8>, (int)2, (int)1>, cutlass::epilogue::threadblock::TreeVisitor2x<cutlass::epilogue::threadblock::VisitorAuxStore<cutlass::epilogue::threadblock::OutputTileThreadLayout<cutlass::gemm::GemmShape<(int)128, (int)128, (int)128>, cutlass::gemm::GemmShape<(int)64, (int)64, (int)128>, cutlass::half_t, (int)8, (int)1>, cutlass::half_t, (cutlass::FloatRoundStyle)2, cute::tuple<long, cute::C<(int)1>, long>>, cutlass::epilogue::threadblock::TreeVisitor2x<cutlass::epilogue::threadblock::VisitorCompute<cutlass::plus, float, float, (cutlass::FloatRoundStyle)2, void>, cutlass::epilogue::threadblock::TreeVisitor2x<cutlass::epilogue::threadblock::VisitorCompute<cutlass::plus, float, float, (cutlass::FloatRoundStyle)2, void>, cutlass::epilogue::threadblock::TreeVisitor2x<cutlass::epilogue::threadblock::VisitorCompute<cutlass::multiplies, float, float, (cutlass::FloatRoundStyle)2, void>, cutlass::epilogue::threadblock::TreeVisitor2x<cutlass::epilogue::threadblock::VisitorCompute<cutlass::multiplies, float, float, (cutlass::FloatRoundStyle)2, void>, cutlass::epilogue::threadblock::VisitorAccFetch, cutlass::epilogue::threadblock::VisitorScalarBroadcast<float, cute::tuple<cute::C<(int)0>, cute::C<(int)0>, cute::C<(int)0>>, (int)1, cutlass::multiplies>>, cutlass::epilogue::threadblock::VisitorRowBroadcast<cutlass::epilogue::threadblock::OutputTileThreadLayout<cutlass::gemm::GemmShape<(int)128, (int)128, (int)128>, cutlass::gemm::GemmShape<(int)64, (int)64, (int)128>, cutlass::half_t, (int)8, (int)1>, float, cute::tuple<cute::C<(int)0>, cute::C<(int)1>, int>, (bool)1>>, cutlass::epilogue::threadblock::VisitorRowBroadcast<cutlass::epilogue::threadblock::OutputTileThreadLayout<cutlass::gemm::GemmShape<(int)128, (int)128, (int)128>, cutlass::gemm::GemmShape<(int)64, (int)64, (int)128>, cutlass::half_t, (int)8, (int)1>, float, cute::tuple<cute::C<(int)0>, cute::C<(int)1>, int>, (bool)1>>, cutlass::epilogue::threadblock::VisitorAuxLoad<cutlass::epilogue::threadblock::OutputTileThreadLayout<cutlass::gemm::GemmShape<(int)128, (int)128, (int)128>, cutlass::gemm::GemmShape<(int)64, (int)64, (int)128>, cutlass::half_t, (int)8, (int)1>, cutlass::half_t, cute::tuple<long, cute::C<(int)1>, long>>>>, (int)1, (int)1>, cutlass::gemm::threadblock::GemmIdentityThreadblockSwizzle<(int)1>, (cutlass::conv::Operator)0, cutlass::conv::Conv2dProblemSize>>(T1::Params)",4850343.0
L|resblock_updown|C384|T64,"void cutlass::Kernel<modiff::ImplicitGemmConvolutionEVT<cutlass::conv::threadblock::ImplicitGemmMultistage<cutlass::gemm::GemmShape<(int)128, (int)128, (int)128>, cutlass::conv::threadblock::Conv2dFpropActivationTileAccessIteratorOptimized<cutlass::MatrixShape<(int)128, (int)128>, cutlass::integer_subbyte<(int)4, (bool)1>, cutlass::layout::TensorNHWC, cutlass::transform::PitchLinearWarpRakedThreadMap<cutlass::PitchLinearShape<(int)128, (int)128>, (int)128, cutlass::PitchLinearShape<(int)4, (int)8>, (int)32>, cutlass::AlignedArray<cutlass::integer_subbyte<(int)4, (bool)1>, (int)32, (int)16>>, cutlass::transform::threadblock::RegularTileAccessIterator<cutlass::MatrixShape<(int)128, (int)128>, cutlass::integer_subbyte<(int)4, (bool)1>, cutlass::layout::RowMajorTensorOpMultiplicandCrosswise<(int)4, (int)128>, (int)0, cutlass::transform::PitchLinearWarpRakedThreadMap<cutlass::PitchLinearShape<(int)128, (int)128>, (int)128, cutlass::PitchLinearShape<(int)4, (int)8>, (int)32>, (int)16>, (cutlass::arch::CacheOperation::Kind)0, cutlass::conv::threadblock::Conv2dFpropFilterTileAccessIteratorOptimized<cutlass::MatrixShape<(int)128, (int)128>, cutlass::integer_subbyte<(int)4, (bool)1>, cutlass::layout::TensorNHWC, cutlass::transform::PitchLinearWarpRakedThreadMap<cutlass::PitchLinearShape<(int)128, (int)128>, (int)128, cutlass::PitchLinearShape<(int)4, (int)8>, (int)32>, cutlass::AlignedArray<cutlass::integer_subbyte<(int)4, (bool)1>, (int)32, (int)16>, (bool)0>, cutlass::transform::threadblock::RegularTileAccessIterator<cutlass::MatrixShape<(int)128, (int)128>, cutlass::integer_subbyte<(int)4, (bool)1>, cutlass::layout::ColumnMajorTensorOpMultiplicandCrosswise<(int)4, (int)128>, (int)1, cutlass::transform::PitchLinearWarpRakedThreadMap<cutlass::PitchLinearShape<(int)128, (int)128>, (int)128, cutlass::PitchLinearShape<(int)4, (int)8>, (int)32>, (int)16>, (cutlass::arch::CacheOperation::Kind)1, cutlass::gemm::threadblock::MmaPolicy<cutlass::gemm::warp::MmaTensorOp<cutlass::gemm::GemmShape<(int)64, (int)64, (int)128>, cutlass::integer_subbyte<(int)4, (bool)1>, cutlass::layout::RowMajorTensorOpMultiplicandCrosswise<(int)4, (int)128>, cutlass::integer_subbyte<(int)4, (bool)1>, cutlass::layout::ColumnMajorTensorOpMultiplicandCrosswise<(int)4, (int)128>, int, cutlass::layout::RowMajor, cutlass::gemm::warp::MmaTensorOpPolicy<cutlass::arch::Mma<cutlass::gemm::GemmShape<(int)16, (int)8, (int)64>, (int)32, cutlass::integer_subbyte<(int)4, (bool)1>, cutlass::layout::RowMajor, cutlass::integer_subbyte<(int)4, (bool)1>, cutlass::layout::ColumnMajor, int, cutlass::layout::RowMajor, cutlass::arch::OpMultiplyAddSaturate>, cutlass::MatrixShape<(int)1, (int)1>>, (int)1, (bool)0, bool>, cutlass::MatrixShape<(int)0, (int)0>, cutlass::MatrixShape<(int)0, (int)0>, (int)1>, (int)3, bool>, cutlass::epilogue::threadblock::EpilogueWithVisitorCallbacks<cutlass::epilogue::threadblock::Epilogue<cutlass::gemm::GemmShape<(int)128, (int)128, (int)128>, cutlass::gemm::warp::MmaTensorOp<cutlass::gemm::GemmShape<(int)64, (int)64, (int)128>, cutlass::integer_subbyte<(int)4, (bool)1>, cutlass::layout::RowMajorTensorOpMultiplicandCrosswise<(int)4, (int)128>, cutlass::integer_subbyte<(int)4, (bool)1>, cutlass::layout::ColumnMajorTensorOpMultiplicandCrosswise<(int)4, (int)128>, int, cutlass::layout::RowMajor, cutlass::gemm::warp::MmaTensorOpPolicy<cutlass::arch::Mma<cutlass::gemm::GemmShape<(int)16, (int)8, (int)64>, (int)32, cutlass::integer_subbyte<(int)4, (bool)1>, cutlass::layout::RowMajor, cutlass::integer_subbyte<(int)4, (bool)1>, cutlass::layout::ColumnMajor, int, cutlass::layout::RowMajor, cutlass::arch::OpMultiplyAddSaturate>, cutlass::MatrixShape<(int)1, (int)1>>, (int)1, (bool)0, bool>, (int)1, cutlass::epilogue::threadblock::PredicatedTileIteratorConv<cutlass::epilogue::threadblock::OutputTileOptimalThreadMap<cutlass::epilogue::threadblock::OutputTileShape<(int)128, (int)8, (int)2, (int)1, (int)1>, cutlass::epilogue::threadblock::OutputTileShape<(int)1, (int)8, (int)1, (int)1, (int)8>, (int)128, (int)8, (int)16>, cutlass::half_t, (bool)0, cutlass::layout::NoPermute, (bool)0, (int)4>, cutlass::epilogue::warp::FragmentIteratorTensorOp<cutlass::gemm::GemmShape<(int)64, (int)64, (int)128>, cutlass::gemm::GemmShape<(int)16, (int)8, (int)64>, int, cutlass::Array<int, (int)4, (bool)1>, cutlass::layout::RowMajor>, cutlass::epilogue::warp::TileIteratorTensorOpMixed<cutlass::gemm::GemmShape<(int)64, (int)64, (int)128>, cutlass::gemm::GemmShape<(int)16, (int)8, (int)64>, int, (int)32, (int)16, (int)8, (int)8, (bool)0>, cutlass::epilogue::threadblock::SharedLoadIteratorMixed<cutlass::epilogue::threadblock::OutputTileOptimalThreadMap<cutlass::epilogue::threadblock::OutputTileShape<(int)128, (int)8, (int)2, (int)1, (int)1>, cutlass::epilogue::threadblock::OutputTileShape<(int)1, (int)8, (int)1, (int)1, (int)8>, (int)128, (int)8, (int)16>::CompactedThreadMap, int, (int)32, (int)16, (int)8, (int)8, (bool)0>, cutlass::epilogue::thread::LinearCombination<cutlass::half_t, (int)8, int, float, (cutlass::epilogue::thread::ScaleType::Kind)0, (cutlass::FloatRoundStyle)2, cutlass::half_t>, cutlass::MatrixShape<(int)0, (int)8>, (int)2, (int)1>, cutlass::epilogue::threadblock::TreeVisitor2x<cutlass::epilogue::threadblock::VisitorAuxStore<cutlass::epilogue::threadblock::OutputTileThreadLayout<cutlass::gemm::GemmShape<(int)128, (int)128, (int)128>, cutlass::gemm::GemmShape<(int)64, (int)64, (int)128>, cutlass::half_t, (int)8, (int)1>, cutlass::half_t, (cutlass::FloatRoundStyle)2, cute::tuple<long, cute::C<(int)1>, long>>, cutlass::epilogue::threadblock::TreeVisitor2x<cutlass::epilogue::threadblock::VisitorCompute<cutlass::plus, float, float, (cutlass::FloatRoundStyle)2, void>, cutlass::epilogue::threadblock::TreeVisitor2x<cutlass::epilogue::threadblock::VisitorCompute<cutlass::multiplies, float, float, (cutlass::FloatRoundStyle)2, void>, cutlass::epilogue::threadblock::TreeVisitor2x<cutlass::epilogue::threadblock::VisitorCompute<cutlass::multiplies, float, float, (cutlass::FloatRoundStyle)2, void>, cutlass::epilogue::threadblock::VisitorAccFetch, cutlass::epilogue::threadblock::VisitorScalarBroadcast<float, cute::tuple<cute::C<(int)0>, cute::C<(int)0>, cute::C<(int)0>>, (int)1, cutlass::multiplies>>, cutlass::epilogue::threadblock::VisitorRowBroadcast<cutlass::epilogue::threadblock::OutputTileThreadLayout<cutlass::gemm::GemmShape<(int)128, (int)128, (int)128>, cutlass::gemm::GemmShape<(int)64, (int)64, (int)128>, cutlass::half_t, (int)8, (int)1>, float, cute::tuple<cute::C<(int)0>, cute::C<(int)1>, int>, (bool)1>>, cutlass::epilogue::threadblock::VisitorRowBroadcast<cutlass::epilogue::threadblock::OutputTileThreadLayout<cutlass::gemm::GemmShape<(int)128, (int)128, (int)128>, cutlass::gemm::GemmShape<(int)64, (int)64, (int)128>, cutlass::half_t, (int)8, (int)1>, float, cute::tuple<cute::C<(int)0>, cute::C<(int)1>, int>, (bool)1>>>, (int)1, (int)1>, cutlass::gemm::threadblock::GemmIdentityThreadblockSwizzle<(int)1>, (cutlass::conv::Operator)0, cutlass::conv::Conv2dProblemSize>>(T1::Params)",4685093.0
L|resblock_updown|C768|T16,"void cutlass::Kernel<modiff::ImplicitGemmConvolutionEVT<cutlass::conv::threadblock::ImplicitGemmMultistage<cutlass::gemm::GemmShape<(int)128, (int)128, (int)128>, cutlass::conv::threadblock::Conv2dFpropActivationTileAccessIteratorOptimized<cutlass::MatrixShape<(int)128, (int)128>, cutlass::integer_subbyte<(int)4, (bool)1>, cutlass::layout::TensorNHWC, cutlass::transform::PitchLinearWarpRakedThreadMap<cutlass::PitchLinearShape<(int)128, (int)128>, (int)128, cutlass::PitchLinearShape<(int)4, (int)8>, (int)32>, cutlass::AlignedArray<cutlass::integer_subbyte<(int)4, (bool)1>, (int)32, (int)16>>, cutlass::transform::threadblock::RegularTileAccessIterator<cutlass::MatrixShape<(int)128, (int)128>, cutlass::integer_subbyte<(int)4, (bool)1>, cutlass::layout::RowMajorTensorOpMultiplicandCrosswise<(int)4, (int)128>, (int)0, cutlass::transform::PitchLinearWarpRakedThreadMap<cutlass::PitchLinearShape<(int)128, (int)128>, (int)128, cutlass::PitchLinearShape<(int)4, (int)8>, (int)32>, (int)16>, (cutlass::arch::CacheOperation::Kind)0, cutlass::conv::threadblock::Conv2dFpropFilterTileAccessIteratorOptimized<cutlass::MatrixShape<(int)128, (int)128>, cutlass::integer_subbyte<(int)4, (bool)1>, cutlass::layout::TensorNHWC, cutlass::transform::PitchLinearWarpRakedThreadMap<cutlass::PitchLinearShape<(int)128, (int)128>, (int)128, cutlass::PitchLinearShape<(int)4, (int)8>, (int)32>, cutlass::AlignedArray<cutlass::integer_subbyte<(int)4, (bool)1>, (int)32, (int)16>, (bool)0>, cutlass::transform::threadblock::RegularTileAccessIterator<cutlass::MatrixShape<(int)128, (int)128>, cutlass::integer_subbyte<(int)4, (bool)1>, cutlass::layout::ColumnMajorTensorOpMultiplicandCrosswise<(int)4, (int)128>, (int)1, cutlass::transform::PitchLinearWarpRakedThreadMap<cutlass::PitchLinearShape<(int)128, (int)128>, (int)128, cutlass::PitchLinearShape<(int)4, (int)8>, (int)32>, (int)16>, (cutlass::arch::CacheOperation::Kind)1, cutlass::gemm::threadblock::MmaPolicy<cutlass::gemm::warp::MmaTensorOp<cutlass::gemm::GemmShape<(int)64, (int)64, (int)128>, cutlass::integer_subbyte<(int)4, (bool)1>, cutlass::layout::RowMajorTensorOpMultiplicandCrosswise<(int)4, (int)128>, cutlass::integer_subbyte<(int)4, (bool)1>, cutlass::layout::ColumnMajorTensorOpMultiplicandCrosswise<(int)4, (int)128>, int, cutlass::layout::RowMajor, cutlass::gemm::warp::MmaTensorOpPolicy<cutlass::arch::Mma<cutlass::gemm::GemmShape<(int)16, (int)8, (int)64>, (int)32, cutlass::integer_subbyte<(int)4, (bool)1>, cutlass::layout::RowMajor, cutlass::integer_subbyte<(int)4, (bool)1>, cutlass::layout::ColumnMajor, int, cutlass::layout::RowMajor, cutlass::arch::OpMultiplyAddSaturate>, cutlass::MatrixShape<(int)1, (int)1>>, (int)1, (bool)0, bool>, cutlass::MatrixShape<(int)0, (int)0>, cutlass::MatrixShape<(int)0, (int)0>, (int)1>, (int)3, bool>, cutlass::epilogue::threadblock::EpilogueWithVisitorCallbacks<cutlass::epilogue::threadblock::Epilogue<cutlass::gemm::GemmShape<(int)128, (int)128, (int)128>, cutlass::gemm::warp::MmaTensorOp<cutlass::gemm::GemmShape<(int)64, (int)64, (int)128>, cutlass::integer_subbyte<(int)4, (bool)1>, cutlass::layout::RowMajorTensorOpMultiplicandCrosswise<(int)4, (int)128>, cutlass::integer_subbyte<(int)4, (bool)1>, cutlass::layout::ColumnMajorTensorOpMultiplicandCrosswise<(int)4, (int)128>, int, cutlass::layout::RowMajor, cutlass::gemm::warp::MmaTensorOpPolicy<cutlass::arch::Mma<cutlass::gemm::GemmShape<(int)16, (int)8, (int)64>, (int)32, cutlass::integer_subbyte<(int)4, (bool)1>, cutlass::layout::RowMajor, cutlass::integer_subbyte<(int)4, (bool)1>, cutlass::layout::ColumnMajor, int, cutlass::layout::RowMajor, cutlass::arch::OpMultiplyAddSaturate>, cutlass::MatrixShape<(int)1, (int)1>>, (int)1, (bool)0, bool>, (int)1, cutlass::epilogue::threadblock::PredicatedTileIteratorConv<cutlass::epilogue::threadblock::OutputTileOptimalThreadMap<cutlass::epilogue::threadblock::OutputTileShape<(int)128, (int)8, (int)2, (int)1, (int)1>, cutlass::epilogue::threadblock::OutputTileShape<(int)1, (int)8, (int)1, (int)1, (int)8>, (int)128, (int)8, (int)16>, cutlass::half_t, (bool)0, cutlass::layout::NoPermute, (bool)0, (int)4>, cutlass::epilogue::warp::FragmentIteratorTensorOp<cutlass::gemm::GemmShape<(int)64, (int)64, (int)128>, cutlass::gemm::GemmShape<(int)16, (int)8, (int)64>, int, cutlass::Array<int, (int)4, (bool)1>, cutlass::layout::RowMajor>, cutlass::epilogue::warp::TileIteratorTensorOpMixed<cutlass::gemm::GemmShape<(int)64, (int)64, (int)128>, cutlass::gemm::GemmShape<(int)16, (int)8, (int)64>, int, (int)32, (int)16, (int)8, (int)8, (bool)0>, cutlass::epilogue::threadblock::SharedLoadIteratorMixed<cutlass::epilogue::threadblock::OutputTileOptimalThreadMap<cutlass::epilogue::threadblock::OutputTileShape<(int)128, (int)8, (int)2, (int)1, (int)1>, cutlass::epilogue::threadblock::OutputTileShape<(int)1, (int)8, (int)1, (int)1, (int)8>, (int)128, (int)8, (int)16>::CompactedThreadMap, int, (int)32, (int)16, (int)8, (int)8, (bool)0>, cutlass::epilogue::thread::LinearCombination<cutlass::half_t, (int)8, int, float, (cutlass::epilogue::thread::ScaleType::Kind)0, (cutlass::FloatRoundStyle)2, cutlass::half_t>, cutlass::MatrixShape<(int)0, (int)8>, (int)2, (int)1>, cutlass::epilogue::threadblock::TreeVisitor2x<cutlass::epilogue::threadblock::VisitorAuxStore<cutlass::epilogue::threadblock::OutputTileThreadLayout<cutlass::gemm::GemmShape<(int)128, (int)128, (int)128>, cutlass::gemm::GemmShape<(int)64, (int)64, (int)128>, cutlass::half_t, (int)8, (int)1>, cutlass::half_t, (cutlass::FloatRoundStyle)2, cute::tuple<long, cute::C<(int)1>, long>>, cutlass::epilogue::threadblock::TreeVisitor2x<cutlass::epilogue::threadblock::VisitorCompute<cutlass::plus, float, float, (cutlass::FloatRoundStyle)2, void>, cutlass::epilogue::threadblock::TreeVisitor2x<cutlass::epilogue::threadblock::VisitorCompute<cutlass::plus, float, float, (cutlass::FloatRoundStyle)2, void>, cutlass::epilogue::threadblock::TreeVisitor2x<cutlass::epilogue::threadblock::VisitorCompute<cutlass::multiplies, float, float, (cutlass::FloatRoundStyle)2, void>, cutlass::epilogue::threadblock::TreeVisitor2x<cutlass::epilogue::threadblock::VisitorCompute<cutlass::multiplies, float, float, (cutlass::FloatRoundStyle)2, void>, cutlass::epilogue::threadblock::VisitorAccFetch, cutlass::epilogue::threadblock::VisitorScalarBroadcast<float, cute::tuple<cute::C<(int)0>, cute::C<(int)0>, cute::C<(int)0>>, (int)1, cutlass::multiplies>>, cutlass::epilogue::threadblock::VisitorRowBroadcast<cutlass::epilogue::threadblock::OutputTileThreadLayout<cutlass::gemm::GemmShape<(int)128, (int)128, (int)128>, cutlass::gemm::GemmShape<(int)64, (int)64, (int)128>, cutlass::half_t, (int)8, (int)1>, float, cute::tuple<cute::C<(int)0>, cute::C<(int)1>, int>, (bool)1>>, cutlass::epilogue::threadblock::VisitorRowBroadcast<cutlass::epilogue::threadblock::OutputTileThreadLayout<cutlass::gemm::GemmShape<(int)128, (int)128, (int)128>, cutlass::gemm::GemmShape<(int)64, (int)64, (int)128>, cutlass::half_t, (int)8, (int)1>, float, cute::tuple<cute::C<(int)0>, cute::C<(int)1>, int>, (bool)1>>, cutlass::epilogue::threadblock::VisitorAuxLoad<cutlass::epilogue::threadblock::OutputTileThreadLayout<cutlass::gemm::GemmShape<(int)128, (int)128, (int)128>, cutlass::gemm::GemmShape<(int)64, (int)64, (int)128>, cutlass::half_t, (int)8, (int)1>, cutlass::half_t, cute::tuple<long, cute::C<(int)1>, long>>>>, (int)1, (int)1>, cutlass::gemm::threadblock::GemmIdentityThreadblockSwizzle<(int)1>, (cutlass::conv::Operator)0, cutlass::conv::Conv2dProblemSize>>(T1::Params)",4656485.0
,"void at::native::<unnamed>::RowwiseMomentsCUDAKernel<float>(long, T1, const T1 *, T1 *, T1 *)",4655493.0
,sm80_xmma_fprop_implicit_gemm_f16f16_f16f32_f32_nhwckrsc_nhwc_tilesize128x32x32_stage4_warpsize4x1x1_g1_tensor16x8x16_t1r3s3_execute_kernel__5x_cudnn,4582245.0
L|resblock_updown|C384|T64,"void at::native::<unnamed>::upsample_nearest2d_nhwc_out_frame<float, &at::native::nearest_neighbor_compute_source_index>(const T1 *, T1 *, unsigned long, unsigned long, unsigned long, unsigned long, unsigned long, float, float, unsigned long)",4577380.0
L|resblock_plain|C768|T64,"void cutlass::Kernel<modiff::ImplicitGemmConvolutionEVT<cutlass::conv::threadblock::ImplicitGemmMultistage<cutlass::gemm::GemmShape<(int)128, (int)128, (int)128>, cutlass::conv::threadblock::Conv2dFpropActivationTileAccessIteratorOptimized<cutlass::MatrixShape<(int)128, (int)128>, cutlass::integer_subbyte<(int)4, (bool)1>, cutlass::layout::TensorNHWC, cutlass::transform::PitchLinearWarpRakedThreadMap<cutlass::PitchLinearShape<(int)128, (int)128>, (int)128, cutlass::PitchLinearShape<(int)4, (int)8>, (int)32>, cutlass::AlignedArray<cutlass::integer_subbyte<(int)4, (bool)1>, (int)32, (int)16>>, cutlass::transform::threadblock::RegularTileAccessIterator<cutlass::MatrixShape<(int)128, (int)128>, cutlass::integer_subbyte<(int)4, (bool)1>, cutlass::layout::RowMajorTensorOpMultiplicandCrosswise<(int)4, (int)128>, (int)0, cutlass::transform::PitchLinearWarpRakedThreadMap<cutlass::PitchLinearShape<(int)128, (int)128>, (int)128, cutlass::PitchLinearShape<(int)4, (int)8>, (int)32>, (int)16>, (cutlass::arch::CacheOperation::Kind)0, cutlass::conv::threadblock::Conv2dFpropFilterTileAccessIteratorOptimized<cutlass::MatrixShape<(int)128, (int)128>, cutlass::integer_subbyte<(int)4, (bool)1>, cutlass::layout::TensorNHWC, cutlass::transform::PitchLinearWarpRakedThreadMap<cutlass::PitchLinearShape<(int)128, (int)128>, (int)128, cutlass::PitchLinearShape<(int)4, (int)8>, (int)32>, cutlass::AlignedArray<cutlass::integer_subbyte<(int)4, (bool)1>, (int)32, (int)16>, (bool)0>, cutlass::transform::threadblock::RegularTileAccessIterator<cutlass::MatrixShape<(int)128, (int)128>, cutlass::integer_subbyte<(int)4, (bool)1>, cutlass::layout::ColumnMajorTensorOpMultiplicandCrosswise<(int)4, (int)128>, (int)1, cutlass::transform::PitchLinearWarpRakedThreadMap<cutlass::PitchLinearShape<(int)128, (int)128>, (int)128, cutlass::PitchLinearShape<(int)4, (int)8>, (int)32>, (int)16>, (cutlass::arch::CacheOperation::Kind)1, cutlass::gemm::threadblock::MmaPolicy<cutlass::gemm::warp::MmaTensorOp<cutlass::gemm::GemmShape<(int)64, (int)64, (int)128>, cutlass::integer_subbyte<(int)4, (bool)1>, cutlass::layout::RowMajorTensorOpMultiplicandCrosswise<(int)4, (int)128>, cutlass::integer_subbyte<(int)4, (bool)1>, cutlass::layout::ColumnMajorTensorOpMultiplicandCrosswise<(int)4, (int)128>, int, cutlass::layout::RowMajor, cutlass::gemm::warp::MmaTensorOpPolicy<cutlass::arch::Mma<cutlass::gemm::GemmShape<(int)16, (int)8, (int)64>, (int)32, cutlass::integer_subbyte<(int)4, (bool)1>, cutlass::layout::RowMajor, cutlass::integer_subbyte<(int)4, (bool)1>, cutlass::layout::ColumnMajor, int, cutlass::layout::RowMajor, cutlass::arch::OpMultiplyAddSaturate>, cutlass::MatrixShape<(int)1, (int)1>>, (int)1, (bool)0, bool>, cutlass::MatrixShape<(int)0, (int)0>, cutlass::MatrixShape<(int)0, (int)0>, (int)1>, (int)3, bool>, cutlass::epilogue::threadblock::EpilogueWithVisitorCallbacks<cutlass::epilogue::threadblock::Epilogue<cutlass::gemm::GemmShape<(int)128, (int)128, (int)128>, cutlass::gemm::warp::MmaTensorOp<cutlass::gemm::GemmShape<(int)64, (int)64, (int)128>, cutlass::integer_subbyte<(int)4, (bool)1>, cutlass::layout::RowMajorTensorOpMultiplicandCrosswise<(int)4, (int)128>, cutlass::integer_subbyte<(int)4, (bool)1>, cutlass::layout::ColumnMajorTensorOpMultiplicandCrosswise<(int)4, (int)128>, int, cutlass::layout::RowMajor, cutlass::gemm::warp::MmaTensorOpPolicy<cutlass::arch::Mma<cutlass::gemm::GemmShape<(int)16, (int)8, (int)64>, (int)32, cutlass::integer_subbyte<(int)4, (bool)1>, cutlass::layout::RowMajor, cutlass::integer_subbyte<(int)4, (bool)1>, cutlass::layout::ColumnMajor, int, cutlass::layout::RowMajor, cutlass::arch::OpMultiplyAddSaturate>, cutlass::MatrixShape<(int)1, (int)1>>, (int)1, (bool)0, bool>, (int)1, cutlass::epilogue::threadblock::PredicatedTileIteratorConv<cutlass::epilogue::threadblock::OutputTileOptimalThreadMap<cutlass::epilogue::threadblock::OutputTileShape<(int)128, (int)8, (int)2, (int)1, (int)1>, cutlass::epilogue::threadblock::OutputTileShape<(int)1, (int)8, (int)1, (int)1, (int)8>, (int)128, (int)8, (int)16>, cutlass::half_t, (bool)0, cutlass::layout::NoPermute, (bool)0, (int)4>, cutlass::epilogue::warp::FragmentIteratorTensorOp<cutlass::gemm::GemmShape<(int)64, (int)64, (int)128>, cutlass::gemm::GemmShape<(int)16, (int)8, (int)64>, int, cutlass::Array<int, (int)4, (bool)1>, cutlass::layout::RowMajor>, cutlass::epilogue::warp::TileIteratorTensorOpMixed<cutlass::gemm::GemmShape<(int)64, (int)64, (int)128>, cutlass::gemm::GemmShape<(int)16, (int)8, (int)64>, int, (int)32, (int)16, (int)8, (int)8, (bool)0>, cutlass::epilogue::threadblock::SharedLoadIteratorMixed<cutlass::epilogue::threadblock::OutputTileOptimalThreadMap<cutlass::epilogue::threadblock::OutputTileShape<(int)128, (int)8, (int)2, (int)1, (int)1>, cutlass::epilogue::threadblock::OutputTileShape<(int)1, (int)8, (int)1, (int)1, (int)8>, (int)128, (int)8, (int)16>::CompactedThreadMap, int, (int)32, (int)16, (int)8, (int)8, (bool)0>, cutlass::epilogue::thread::LinearCombination<cutlass::half_t, (int)8, int, float, (cutlass::epilogue::thread::ScaleType::Kind)0, (cutlass::FloatRoundStyle)2, cutlass::half_t>, cutlass::MatrixShape<(int)0, (int)8>, (int)2, (int)1>, cutlass::epilogue::threadblock::TreeVisitor2x<cutlass::epilogue::threadblock::VisitorAuxStore<cutlass::epilogue::threadblock::OutputTileThreadLayout<cutlass::gemm::GemmShape<(int)128, (int)128, (int)128>, cutlass::gemm::GemmShape<(int)64, (int)64, (int)128>, cutlass::half_t, (int)8, (int)1>, cutlass::half_t, (cutlass::FloatRoundStyle)2, cute::tuple<long, cute::C<(int)1>, long>>, cutlass::epilogue::threadblock::TreeVisitor2x<cutlass::epilogue::threadblock::VisitorCompute<cutlass::plus, float, float, (cutlass::FloatRoundStyle)2, void>, cutlass::epilogue::threadblock::TreeVisitor2x<cutlass::epilogue::threadblock::VisitorCompute<cutlass::multiplies, float, float, (cutlass::FloatRoundStyle)2, void>, cutlass::epilogue::threadblock::TreeVisitor2x<cutlass::epilogue::threadblock::VisitorCompute<cutlass::multiplies, float, float, (cutlass::FloatRoundStyle)2, void>, cutlass::epilogue::threadblock::VisitorAccFetch, cutlass::epilogue::threadblock::VisitorScalarBroadcast<float, cute::tuple<cute::C<(int)0>, cute::C<(int)0>, cute::C<(int)0>>, (int)1, cutlass::multiplies>>, cutlass::epilogue::threadblock::VisitorRowBroadcast<cutlass::epilogue::threadblock::OutputTileThreadLayout<cutlass::gemm::GemmShape<(int)128, (int)128, (int)128>, cutlass::gemm::GemmShape<(int)64, (int)64, (int)128>, cutlass::half_t, (int)8, (int)1>, float, cute::tuple<cute::C<(int)0>, cute::C<(int)1>, int>, (bool)1>>, cutlass::epilogue::threadblock::VisitorRowBroadcast<cutlass::epilogue::threadblock::OutputTileThreadLayout<cutlass::gemm::GemmShape<(int)128, (int)128, (int)128>, cutlass::gemm::GemmShape<(int)64, (int)64, (int)128>, cutlass::half_t, (int)8, (int)1>, float, cute::tuple<cute::C<(int)0>, cute::C<(int)1>, int>, (bool)1>>>, (int)1, (int)1>, cutlass::gemm::threadblock::GemmIdentityThreadblockSwizzle<(int)1>, (cutlass::conv::Operator)0, cutlass::conv::Conv2dProblemSize>>(T1::Params)",4554758.0
L|resblock_updown|C768|T16,"void cutlass::Kernel<modiff::ImplicitGemmConvolutionEVT<cutlass::conv::threadblock::ImplicitGemmMultistage<cutlass::gemm::GemmShape<(int)128, (int)128, (int)128>, cutlass::conv::threadblock::Conv2dFpropActivationTileAccessIteratorOptimized<cutlass::MatrixShape<(int)128, (int)128>, cutlass::integer_subbyte<(int)4, (bool)1>, cutlass::layout::TensorNHWC, cutlass::transform::PitchLinearWarpRakedThreadMap<cutlass::PitchLinearShape<(int)128, (int)128>, (int)128, cutlass::PitchLinearShape<(int)4, (int)8>, (int)32>, cutlass::AlignedArray<cutlass::integer_subbyte<(int)4, (bool)1>, (int)32, (int)16>>, cutlass::transform::threadblock::RegularTileAccessIterator<cutlass::MatrixShape<(int)128, (int)128>, cutlass::integer_subbyte<(int)4, (bool)1>, cutlass::layout::RowMajorTensorOpMultiplicandCrosswise<(int)4, (int)128>, (int)0, cutlass::transform::PitchLinearWarpRakedThreadMap<cutlass::PitchLinearShape<(int)128, (int)128>, (int)128, cutlass::PitchLinearShape<(int)4, (int)8>, (int)32>, (int)16>, (cutlass::arch::CacheOperation::Kind)0, cutlass::conv::threadblock::Conv2dFpropFilterTileAccessIteratorOptimized<cutlass::MatrixShape<(int)128, (int)128>, cutlass::integer_subbyte<(int)4, (bool)1>, cutlass::layout::TensorNHWC, cutlass::transform::PitchLinearWarpRakedThreadMap<cutlass::PitchLinearShape<(int)128, (int)128>, (int)128, cutlass::PitchLinearShape<(int)4, (int)8>, (int)32>, cutlass::AlignedArray<cutlass::integer_subbyte<(int)4, (bool)1>, (int)32, (int)16>, (bool)0>, cutlass::transform::threadblock::RegularTileAccessIterator<cutlass::MatrixShape<(int)128, (int)128>, cutlass::integer_subbyte<(int)4, (bool)1>, cutlass::layout::ColumnMajorTensorOpMultiplicandCrosswise<(int)4, (int)128>, (int)1, cutlass::transform::PitchLinearWarpRakedThreadMap<cutlass::PitchLinearShape<(int)128, (int)128>, (int)128, cutlass::PitchLinearShape<(int)4, (int)8>, (int)32>, (int)16>, (cutlass::arch::CacheOperation::Kind)1, cutlass::gemm::threadblock::MmaPolicy<cutlass::gemm::warp::MmaTensorOp<cutlass::gemm::GemmShape<(int)64, (int)64, (int)128>, cutlass::integer_subbyte<(int)4, (bool)1>, cutlass::layout::RowMajorTensorOpMultiplicandCrosswise<(int)4, (int)128>, cutlass::integer_subbyte<(int)4, (bool)1>, cutlass::layout::ColumnMajorTensorOpMultiplicandCrosswise<(int)4, (int)128>, int, cutlass::layout::RowMajor, cutlass::gemm::warp::MmaTensorOpPolicy<cutlass::arch::Mma<cutlass::gemm::GemmShape<(int)16, (int)8, (int)64>, (int)32, cutlass::integer_subbyte<(int)4, (bool)1>, cutlass::layout::RowMajor, cutlass::integer_subbyte<(int)4, (bool)1>, cutlass::layout::ColumnMajor, int, cutlass::layout::RowMajor, cutlass::arch::OpMultiplyAddSaturate>, cutlass::MatrixShape<(int)1, (int)1>>, (int)1, (bool)0, bool>, cutlass::MatrixShape<(int)0, (int)0>, cutlass::MatrixShape<(int)0, (int)0>, (int)1>, (int)3, bool>, cutlass::epilogue::threadblock::EpilogueWithVisitorCallbacks<cutlass::epilogue::threadblock::Epilogue<cutlass::gemm::GemmShape<(int)128, (int)128, (int)128>, cutlass::gemm::warp::MmaTensorOp<cutlass::gemm::GemmShape<(int)64, (int)64, (int)128>, cutlass::integer_subbyte<(int)4, (bool)1>, cutlass::layout::RowMajorTensorOpMultiplicandCrosswise<(int)4, (int)128>, cutlass::integer_subbyte<(int)4, (bool)1>, cutlass::layout::ColumnMajorTensorOpMultiplicandCrosswise<(int)4, (int)128>, int, cutlass::layout::RowMajor, cutlass::gemm::warp::MmaTensorOpPolicy<cutlass::arch::Mma<cutlass::gemm::GemmShape<(int)16, (int)8, (int)64>, (int)32, cutlass::integer_subbyte<(int)4, (bool)1>, cutlass::layout::RowMajor, cutlass::integer_subbyte<(int)4, (bool)1>, cutlass::layout::ColumnMajor, int, cutlass::layout::RowMajor, cutlass::arch::OpMultiplyAddSaturate>, cutlass::MatrixShape<(int)1, (int)1>>, (int)1, (bool)0, bool>, (int)1, cutlass::epilogue::threadblock::PredicatedTileIteratorConv<cutlass::epilogue::threadblock::OutputTileOptimalThreadMap<cutlass::epilogue::threadblock::OutputTileShape<(int)128, (int)8, (int)2, (int)1, (int)1>, cutlass::epilogue::threadblock::OutputTileShape<(int)1, (int)8, (int)1, (int)1, (int)8>, (int)128, (int)8, (int)16>, cutlass::half_t, (bool)0, cutlass::layout::NoPermute, (bool)0, (int)4>, cutlass::epilogue::warp::FragmentIteratorTensorOp<cutlass::gemm::GemmShape<(int)64, (int)64, (int)128>, cutlass::gemm::GemmShape<(int)16, (int)8, (int)64>, int, cutlass::Array<int, (int)4, (bool)1>, cutlass::layout::RowMajor>, cutlass::epilogue::warp::TileIteratorTensorOpMixed<cutlass::gemm::GemmShape<(int)64, (int)64, (int)128>, cutlass::gemm::GemmShape<(int)16, (int)8, (int)64>, int, (int)32, (int)16, (int)8, (int)8, (bool)0>, cutlass::epilogue::threadblock::SharedLoadIteratorMixed<cutlass::epilogue::threadblock::OutputTileOptimalThreadMap<cutlass::epilogue::threadblock::OutputTileShape<(int)128, (int)8, (int)2, (int)1, (int)1>, cutlass::epilogue::threadblock::OutputTileShape<(int)1, (int)8, (int)1, (int)1, (int)8>, (int)128, (int)8, (int)16>::CompactedThreadMap, int, (int)32, (int)16, (int)8, (int)8, (bool)0>, cutlass::epilogue::thread::LinearCombination<cutlass::half_t, (int)8, int, float, (cutlass::epilogue::thread::ScaleType::Kind)0, (cutlass::FloatRoundStyle)2, cutlass::half_t>, cutlass::MatrixShape<(int)0, (int)8>, (int)2, (int)1>, cutlass::epilogue::threadblock::TreeVisitor2x<cutlass::epilogue::threadblock::VisitorAuxStore<cutlass::epilogue::threadblock::OutputTileThreadLayout<cutlass::gemm::GemmShape<(int)128, (int)128, (int)128>, cutlass::gemm::GemmShape<(int)64, (int)64, (int)128>, cutlass::half_t, (int)8, (int)1>, cutlass::half_t, (cutlass::FloatRoundStyle)2, cute::tuple<long, cute::C<(int)1>, long>>, cutlass::epilogue::threadblock::TreeVisitor2x<cutlass::epilogue::threadblock::VisitorCompute<cutlass::plus, float, float, (cutlass::FloatRoundStyle)2, void>, cutlass::epilogue::threadblock::TreeVisitor2x<cutlass::epilogue::threadblock::VisitorCompute<cutlass::multiplies, float, float, (cutlass::FloatRoundStyle)2, void>, cutlass::epilogue::threadblock::TreeVisitor2x<cutlass::epilogue::threadblock::VisitorCompute<cutlass::multiplies, float, float, (cutlass::FloatRoundStyle)2, void>, cutlass::epilogue::threadblock::VisitorAccFetch, cutlass::epilogue::threadblock::VisitorScalarBroadcast<float, cute::tuple<cute::C<(int)0>, cute::C<(int)0>, cute::C<(int)0>>, (int)1, cutlass::multiplies>>, cutlass::epilogue::threadblock::VisitorRowBroadcast<cutlass::epilogue::threadblock::OutputTileThreadLayout<cutlass::gemm::GemmShape<(int)128, (int)128, (int)128>, cutlass::gemm::GemmShape<(int)64, (int)64, (int)128>, cutlass::half_t, (int)8, (int)1>, float, cute::tuple<cute::C<(int)0>, cute::C<(int)1>, int>, (bool)1>>, cutlass::epilogue::threadblock::VisitorRowBroadcast<cutlass::epilogue::threadblock::OutputTileThreadLayout<cutlass::gemm::GemmShape<(int)128, (int)128, (int)128>, cutlass::gemm::GemmShape<(int)64, (int)64, (int)128>, cutlass::half_t, (int)8, (int)1>, float, cute::tuple<cute::C<(int)0>, cute::C<(int)1>, int>, (bool)1>>>, (int)1, (int)1>, cutlass::gemm::threadblock::GemmIdentityThreadblockSwizzle<(int)1>, (cutlass::conv::Operator)0, cutlass::conv::Conv2dProblemSize>>(T1::Params)",4549509.0
L|resblock_plain|C1536|T4,"void cutlass::Kernel<modiff::ImplicitGemmConvolutionEVT<cutlass::conv::threadblock::ImplicitGemmMultistage<cutlass::gemm::GemmShape<(int)128, (int)128, (int)128>, cutlass::conv::threadblock::Conv2dFpropActivationTileAccessIteratorOptimized<cutlass::MatrixShape<(int)128, (int)128>, cutlass::integer_subbyte<(int)4, (bool)1>, cutlass::layout::TensorNHWC, cutlass::transform::PitchLinearWarpRakedThreadMap<cutlass::PitchLinearShape<(int)128, (int)128>, (int)128, cutlass::PitchLinearShape<(int)4, (int)8>, (int)32>, cutlass::AlignedArray<cutlass::integer_subbyte<(int)4, (bool)1>, (int)32, (int)16>>, cutlass::transform::threadblock::RegularTileAccessIterator<cutlass::MatrixShape<(int)128, (int)128>, cutlass::integer_subbyte<(int)4, (bool)1>, cutlass::layout::RowMajorTensorOpMultiplicandCrosswise<(int)4, (int)128>, (int)0, cutlass::transform::PitchLinearWarpRakedThreadMap<cutlass::PitchLinearShape<(int)128, (int)128>, (int)128, cutlass::PitchLinearShape<(int)4, (int)8>, (int)32>, (int)16>, (cutlass::arch::CacheOperation::Kind)0, cutlass::conv::threadblock::Conv2dFpropFilterTileAccessIteratorOptimized<cutlass::MatrixShape<(int)128, (int)128>, cutlass::integer_subbyte<(int)4, (bool)1>, cutlass::layout::TensorNHWC, cutlass::transform::PitchLinearWarpRakedThreadMap<cutlass::PitchLinearShape<(int)128, (int)128>, (int)128, cutlass::PitchLinearShape<(int)4, (int)8>, (int)32>, cutlass::AlignedArray<cutlass::integer_subbyte<(int)4, (bool)1>, (int)32, (int)16>, (bool)0>, cutlass::transform::threadblock::RegularTileAccessIterator<cutlass::MatrixShape<(int)128, (int)128>, cutlass::integer_subbyte<(int)4, (bool)1>, cutlass::layout::ColumnMajorTensorOpMultiplicandCrosswise<(int)4, (int)128>, (int)1, cutlass::transform::PitchLinearWarpRakedThreadMap<cutlass::PitchLinearShape<(int)128, (int)128>, (int)128, cutlass::PitchLinearShape<(int)4, (int)8>, (int)32>, (int)16>, (cutlass::arch::CacheOperation::Kind)1, cutlass::gemm::threadblock::MmaPolicy<cutlass::gemm::warp::MmaTensorOp<cutlass::gemm::GemmShape<(int)64, (int)64, (int)128>, cutlass::integer_subbyte<(int)4, (bool)1>, cutlass::layout::RowMajorTensorOpMultiplicandCrosswise<(int)4, (int)128>, cutlass::integer_subbyte<(int)4, (bool)1>, cutlass::layout::ColumnMajorTensorOpMultiplicandCrosswise<(int)4, (int)128>, int, cutlass::layout::RowMajor, cutlass::gemm::warp::MmaTensorOpPolicy<cutlass::arch::Mma<cutlass::gemm::GemmShape<(int)16, (int)8, (int)64>, (int)32, cutlass::integer_subbyte<(int)4, (bool)1>, cutlass::layout::RowMajor, cutlass::integer_subbyte<(int)4, (bool)1>, cutlass::layout::ColumnMajor, int, cutlass::layout::RowMajor, cutlass::arch::OpMultiplyAddSaturate>, cutlass::MatrixShape<(int)1, (int)1>>, (int)1, (bool)0, bool>, cutlass::MatrixShape<(int)0, (int)0>, cutlass::MatrixShape<(int)0, (int)0>, (int)1>, (int)3, bool>, cutlass::epilogue::threadblock::EpilogueWithVisitorCallbacks<cutlass::epilogue::threadblock::Epilogue<cutlass::gemm::GemmShape<(int)128, (int)128, (int)128>, cutlass::gemm::warp::MmaTensorOp<cutlass::gemm::GemmShape<(int)64, (int)64, (int)128>, cutlass::integer_subbyte<(int)4, (bool)1>, cutlass::layout::RowMajorTensorOpMultiplicandCrosswise<(int)4, (int)128>, cutlass::integer_subbyte<(int)4, (bool)1>, cutlass::layout::ColumnMajorTensorOpMultiplicandCrosswise<(int)4, (int)128>, int, cutlass::layout::RowMajor, cutlass::gemm::warp::MmaTensorOpPolicy<cutlass::arch::Mma<cutlass::gemm::GemmShape<(int)16, (int)8, (int)64>, (int)32, cutlass::integer_subbyte<(int)4, (bool)1>, cutlass::layout::RowMajor, cutlass::integer_subbyte<(int)4, (bool)1>, cutlass::layout::ColumnMajor, int, cutlass::layout::RowMajor, cutlass::arch::OpMultiplyAddSaturate>, cutlass::MatrixShape<(int)1, (int)1>>, (int)1, (bool)0, bool>, (int)1, cutlass::epilogue::threadblock::PredicatedTileIteratorConv<cutlass::epilogue::threadblock::OutputTileOptimalThreadMap<cutlass::epilogue::threadblock::OutputTileShape<(int)128, (int)8, (int)2, (int)1, (int)1>, cutlass::epilogue::threadblock::OutputTileShape<(int)1, (int)8, (int)1, (int)1, (int)8>, (int)128, (int)8, (int)16>, cutlass::half_t, (bool)0, cutlass::layout::NoPermute, (bool)0, (int)4>, cutlass::epilogue::warp::FragmentIteratorTensorOp<cutlass::gemm::GemmShape<(int)64, (int)64, (int)128>, cutlass::gemm::GemmShape<(int)16, (int)8, (int)64>, int, cutlass::Array<int, (int)4, (bool)1>, cutlass::layout::RowMajor>, cutlass::epilogue::warp::TileIteratorTensorOpMixed<cutlass::gemm::GemmShape<(int)64, (int)64, (int)128>, cutlass::gemm::GemmShape<(int)16, (int)8, (int)64>, int, (int)32, (int)16, (int)8, (int)8, (bool)0>, cutlass::epilogue::threadblock::SharedLoadIteratorMixed<cutlass::epilogue::threadblock::OutputTileOptimalThreadMap<cutlass::epilogue::threadblock::OutputTileShape<(int)128, (int)8, (int)2, (int)1, (int)1>, cutlass::epilogue::threadblock::OutputTileShape<(int)1, (int)8, (int)1, (int)1, (int)8>, (int)128, (int)8, (int)16>::CompactedThreadMap, int, (int)32, (int)16, (int)8, (int)8, (bool)0>, cutlass::epilogue::thread::LinearCombination<cutlass::half_t, (int)8, int, float, (cutlass::epilogue::thread::ScaleType::Kind)0, (cutlass::FloatRoundStyle)2, cutlass::half_t>, cutlass::MatrixShape<(int)0, (int)8>, (int)2, (int)1>, cutlass::epilogue::threadblock::TreeVisitor2x<cutlass::epilogue::threadblock::VisitorAuxStore<cutlass::epilogue::threadblock::OutputTileThreadLayout<cutlass::gemm::GemmShape<(int)128, (int)128, (int)128>, cutlass::gemm::GemmShape<(int)64, (int)64, (int)128>, cutlass::half_t, (int)8, (int)1>, cutlass::half_t, (cutlass::FloatRoundStyle)2, cute::tuple<long, cute::C<(int)1>, long>>, cutlass::epilogue::threadblock::TreeVisitor2x<cutlass::epilogue::threadblock::VisitorCompute<cutlass::plus, float, float, (cutlass::FloatRoundStyle)2, void>, cutlass::epilogue::threadblock::TreeVisitor2x<cutlass::epilogue::threadblock::VisitorCompute<cutlass::multiplies, float, float, (cutlass::FloatRoundStyle)2, void>, cutlass::epilogue::threadblock::TreeVisitor2x<cutlass::epilogue::threadblock::VisitorCompute<cutlass::multiplies, float, float, (cutlass::FloatRoundStyle)2, void>, cutlass::epilogue::threadblock::VisitorAccFetch, cutlass::epilogue::threadblock::VisitorScalarBroadcast<float, cute::tuple<cute::C<(int)0>, cute::C<(int)0>, cute::C<(int)0>>, (int)1, cutlass::multiplies>>, cutlass::epilogue::threadblock::VisitorRowBroadcast<cutlass::epilogue::threadblock::OutputTileThreadLayout<cutlass::gemm::GemmShape<(int)128, (int)128, (int)128>, cutlass::gemm::GemmShape<(int)64, (int)64, (int)128>, cutlass::half_t, (int)8, (int)1>, float, cute::tuple<cute::C<(int)0>, cute::C<(int)1>, int>, (bool)1>>, cutlass::epilogue::threadblock::VisitorRowBroadcast<cutlass::epilogue::threadblock::OutputTileThreadLayout<cutlass::gemm::GemmShape<(int)128, (int)128, (int)128>, cutlass::gemm::GemmShape<(int)64, (int)64, (int)128>, cutlass::half_t, (int)8, (int)1>, float, cute::tuple<cute::C<(int)0>, cute::C<(int)1>, int>, (bool)1>>>, (int)1, (int)1>, cutlass::gemm::threadblock::GemmIdentityThreadblockSwizzle<(int)1>, (cutlass::conv::Operator)0, cutlass::conv::Conv2dProblemSize>>(T1::Params)",4432451.0
L|resblock_plain|C576|T256,"void cutlass::Kernel<modiff::ImplicitGemmConvolutionEVT<cutlass::conv::threadblock::ImplicitGemmMultistage<cutlass::gemm::GemmShape<(int)128, (int)128, (int)128>, cutlass::conv::threadblock::Conv2dFpropActivationTileAccessIteratorOptimized<cutlass::MatrixShape<(int)128, (int)128>, cutlass::integer_subbyte<(int)4, (bool)1>, cutlass::layout::TensorNHWC, cutlass::transform::PitchLinearWarpRakedThreadMap<cutlass::PitchLinearShape<(int)128, (int)128>, (int)128, cutlass::PitchLinearShape<(int)4, (int)8>, (int)32>, cutlass::AlignedArray<cutlass::integer_subbyte<(int)4, (bool)1>, (int)32, (int)16>>, cutlass::transform::threadblock::RegularTileAccessIterator<cutlass::MatrixShape<(int)128, (int)128>, cutlass::integer_subbyte<(int)4, (bool)1>, cutlass::layout::RowMajorTensorOpMultiplicandCrosswise<(int)4, (int)128>, (int)0, cutlass::transform::PitchLinearWarpRakedThreadMap<cutlass::PitchLinearShape<(int)128, (int)128>, (int)128, cutlass::PitchLinearShape<(int)4, (int)8>, (int)32>, (int)16>, (cutlass::arch::CacheOperation::Kind)0, cutlass::conv::threadblock::Conv2dFpropFilterTileAccessIteratorOptimized<cutlass::MatrixShape<(int)128, (int)128>, cutlass::integer_subbyte<(int)4, (bool)1>, cutlass::layout::TensorNHWC, cutlass::transform::PitchLinearWarpRakedThreadMap<cutlass::PitchLinearShape<(int)128, (int)128>, (int)128, cutlass::PitchLinearShape<(int)4, (int)8>, (int)32>, cutlass::AlignedArray<cutlass::integer_subbyte<(int)4, (bool)1>, (int)32, (int)16>, (bool)0>, cutlass::transform::threadblock::RegularTileAccessIterator<cutlass::MatrixShape<(int)128, (int)128>, cutlass::integer_subbyte<(int)4, (bool)1>, cutlass::layout::ColumnMajorTensorOpMultiplicandCrosswise<(int)4, (int)128>, (int)1, cutlass::transform::PitchLinearWarpRakedThreadMap<cutlass::PitchLinearShape<(int)128, (int)128>, (int)128, cutlass::PitchLinearShape<(int)4, (int)8>, (int)32>, (int)16>, (cutlass::arch::CacheOperation::Kind)1, cutlass::gemm::threadblock::MmaPolicy<cutlass::gemm::warp::MmaTensorOp<cutlass::gemm::GemmShape<(int)64, (int)64, (int)128>, cutlass::integer_subbyte<(int)4, (bool)1>, cutlass::layout::RowMajorTensorOpMultiplicandCrosswise<(int)4, (int)128>, cutlass::integer_subbyte<(int)4, (bool)1>, cutlass::layout::ColumnMajorTensorOpMultiplicandCrosswise<(int)4, (int)128>, int, cutlass::layout::RowMajor, cutlass::gemm::warp::MmaTensorOpPolicy<cutlass::arch::Mma<cutlass::gemm::GemmShape<(int)16, (int)8, (int)64>, (int)32, cutlass::integer_subbyte<(int)4, (bool)1>, cutlass::layout::RowMajor, cutlass::integer_subbyte<(int)4, (bool)1>, cutlass::layout::ColumnMajor, int, cutlass::layout::RowMajor, cutlass::arch::OpMultiplyAddSaturate>, cutlass::MatrixShape<(int)1, (int)1>>, (int)1, (bool)0, bool>, cutlass::MatrixShape<(int)0, (int)0>, cutlass::MatrixShape<(int)0, (int)0>, (int)1>, (int)3, bool>, cutlass::epilogue::threadblock::EpilogueWithVisitorCallbacks<cutlass::epilogue::threadblock::Epilogue<cutlass::gemm::GemmShape<(int)128, (int)128, (int)128>, cutlass::gemm::warp::MmaTensorOp<cutlass::gemm::GemmShape<(int)64, (int)64, (int)128>, cutlass::integer_subbyte<(int)4, (bool)1>, cutlass::layout::RowMajorTensorOpMultiplicandCrosswise<(int)4, (int)128>, cutlass::integer_subbyte<(int)4, (bool)1>, cutlass::layout::ColumnMajorTensorOpMultiplicandCrosswise<(int)4, (int)128>, int, cutlass::layout::RowMajor, cutlass::gemm::warp::MmaTensorOpPolicy<cutlass::arch::Mma<cutlass::gemm::GemmShape<(int)16, (int)8, (int)64>, (int)32, cutlass::integer_subbyte<(int)4, (bool)1>, cutlass::layout::RowMajor, cutlass::integer_subbyte<(int)4, (bool)1>, cutlass::layout::ColumnMajor, int, cutlass::layout::RowMajor, cutlass::arch::OpMultiplyAddSaturate>, cutlass::MatrixShape<(int)1, (int)1>>, (int)1, (bool)0, bool>, (int)1, cutlass::epilogue::threadblock::PredicatedTileIteratorConv<cutlass::epilogue::threadblock::OutputTileOptimalThreadMap<cutlass::epilogue::threadblock::OutputTileShape<(int)128, (int)8, (int)2, (int)1, (int)1>, cutlass::epilogue::threadblock::OutputTileShape<(int)1, (int)8, (int)1, (int)1, (int)8>, (int)128, (int)8, (int)16>, cutlass::half_t, (bool)0, cutlass::layout::NoPermute, (bool)0, (int)4>, cutlass::epilogue::warp::FragmentIteratorTensorOp<cutlass::gemm::GemmShape<(int)64, (int)64, (int)128>, cutlass::gemm::GemmShape<(int)16, (int)8, (int)64>, int, cutlass::Array<int, (int)4, (bool)1>, cutlass::layout::RowMajor>, cutlass::epilogue::warp::TileIteratorTensorOpMixed<cutlass::gemm::GemmShape<(int)64, (int)64, (int)128>, cutlass::gemm::GemmShape<(int)16, (int)8, (int)64>, int, (int)32, (int)16, (int)8, (int)8, (bool)0>, cutlass::epilogue::threadblock::SharedLoadIteratorMixed<cutlass::epilogue::threadblock::OutputTileOptimalThreadMap<cutlass::epilogue::threadblock::OutputTileShape<(int)128, (int)8, (int)2, (int)1, (int)1>, cutlass::epilogue::threadblock::OutputTileShape<(int)1, (int)8, (int)1, (int)1, (int)8>, (int)128, (int)8, (int)16>::CompactedThreadMap, int, (int)32, (int)16, (int)8, (int)8, (bool)0>, cutlass::epilogue::thread::LinearCombination<cutlass::half_t, (int)8, int, float, (cutlass::epilogue::thread::ScaleType::Kind)0, (cutlass::FloatRoundStyle)2, cutlass::half_t>, cutlass::MatrixShape<(int)0, (int)8>, (int)2, (int)1>, cutlass::epilogue::threadblock::TreeVisitor2x<cutlass::epilogue::threadblock::VisitorAuxStore<cutlass::epilogue::threadblock::OutputTileThreadLayout<cutlass::gemm::GemmShape<(int)128, (int)128, (int)128>, cutlass::gemm::GemmShape<(int)64, (int)64, (int)128>, cutlass::half_t, (int)8, (int)1>, cutlass::half_t, (cutlass::FloatRoundStyle)2, cute::tuple<long, cute::C<(int)1>, long>>, cutlass::epilogue::threadblock::TreeVisitor2x<cutlass::epilogue::threadblock::VisitorCompute<cutlass::plus, float, float, (cutlass::FloatRoundStyle)2, void>, cutlass::epilogue::threadblock::TreeVisitor2x<cutlass::epilogue::threadblock::VisitorCompute<cutlass::plus, float, float, (cutlass::FloatRoundStyle)2, void>, cutlass::epilogue::threadblock::TreeVisitor2x<cutlass::epilogue::threadblock::VisitorCompute<cutlass::multiplies, float, float, (cutlass::FloatRoundStyle)2, void>, cutlass::epilogue::threadblock::TreeVisitor2x<cutlass::epilogue::threadblock::VisitorCompute<cutlass::multiplies, float, float, (cutlass::FloatRoundStyle)2, void>, cutlass::epilogue::threadblock::VisitorAccFetch, cutlass::epilogue::threadblock::VisitorScalarBroadcast<float, cute::tuple<cute::C<(int)0>, cute::C<(int)0>, cute::C<(int)0>>, (int)1, cutlass::multiplies>>, cutlass::epilogue::threadblock::VisitorRowBroadcast<cutlass::epilogue::threadblock::OutputTileThreadLayout<cutlass::gemm::GemmShape<(int)128, (int)128, (int)128>, cutlass::gemm::GemmShape<(int)64, (int)64, (int)128>, cutlass::half_t, (int)8, (int)1>, float, cute::tuple<cute::C<(int)0>, cute::C<(int)1>, int>, (bool)1>>, cutlass::epilogue::threadblock::VisitorRowBroadcast<cutlass::epilogue::threadblock::OutputTileThreadLayout<cutlass::gemm::GemmShape<(int)128, (int)128, (int)128>, cutlass::gemm::GemmShape<(int)64, (int)64, (int)128>, cutlass::half_t, (int)8, (int)1>, float, cute::tuple<cute::C<(int)0>, cute::C<(int)1>, int>, (bool)1>>, cutlass::epilogue::threadblock::VisitorAuxLoad<cutlass::epilogue::threadblock::OutputTileThreadLayout<cutlass::gemm::GemmShape<(int)128, (int)128, (int)128>, cutlass::gemm::GemmShape<(int)64, (int)64, (int)128>, cutlass::half_t, (int)8, (int)1>, cutlass::half_t, cute::tuple<long, cute::C<(int)1>, long>>>>, (int)1, (int)1>, cutlass::gemm::threadblock::GemmIdentityThreadblockSwizzle<(int)1>, (cutlass::conv::Operator)0, cutlass::conv::Conv2dProblemSize>>(T1::Params)",4324577.0
L|resblock_plain|C384|T256,"void cutlass::Kernel<modiff::ImplicitGemmConvolutionEVT<cutlass::conv::threadblock::ImplicitGemmMultistage<cutlass::gemm::GemmShape<(int)128, (int)128, (int)128>, cutlass::conv::threadblock::Conv2dFpropActivationTileAccessIteratorOptimized<cutlass::MatrixShape<(int)128, (int)128>, cutlass::integer_subbyte<(int)4, (bool)1>, cutlass::layout::TensorNHWC, cutlass::transform::PitchLinearWarpRakedThreadMap<cutlass::PitchLinearShape<(int)128, (int)128>, (int)128, cutlass::PitchLinearShape<(int)4, (int)8>, (int)32>, cutlass::AlignedArray<cutlass::integer_subbyte<(int)4, (bool)1>, (int)32, (int)16>>, cutlass::transform::threadblock::RegularTileAccessIterator<cutlass::MatrixShape<(int)128, (int)128>, cutlass::integer_subbyte<(int)4, (bool)1>, cutlass::layout::RowMajorTensorOpMultiplicandCrosswise<(int)4, (int)128>, (int)0, cutlass::transform::PitchLinearWarpRakedThreadMap<cutlass::PitchLinearShape<(int)128, (int)128>, (int)128, cutlass::PitchLinearShape<(int)4, (int)8>, (int)32>, (int)16>, (cutlass::arch::CacheOperation::Kind)0, cutlass::conv::threadblock::Conv2dFpropFilterTileAccessIteratorOptimized<cutlass::MatrixShape<(int)128, (int)128>, cutlass::integer_subbyte<(int)4, (bool)1>, cutlass::layout::TensorNHWC, cutlass::transform::PitchLinearWarpRakedThreadMap<cutlass::PitchLinearShape<(int)128, (int)128>, (int)128, cutlass::PitchLinearShape<(int)4, (int)8>, (int)32>, cutlass::AlignedArray<cutlass::integer_subbyte<(int)4, (bool)1>, (int)32, (int)16>, (bool)0>, cutlass::transform::threadblock::RegularTileAccessIterator<cutlass::MatrixShape<(int)128, (int)128>, cutlass::integer_subbyte<(int)4, (bool)1>, cutlass::layout::ColumnMajorTensorOpMultiplicandCrosswise<(int)4, (int)128>, (int)1, cutlass::transform::PitchLinearWarpRakedThreadMap<cutlass::PitchLinearShape<(int)128, (int)128>, (int)128, cutlass::PitchLinearShape<(int)4, (int)8>, (int)32>, (int)16>, (cutlass::arch::CacheOperation::Kind)1, cutlass::gemm::threadblock::MmaPolicy<cutlass::gemm::warp::MmaTensorOp<cutlass::gemm::GemmShape<(int)64, (int)64, (int)128>, cutlass::integer_subbyte<(int)4, (bool)1>, cutlass::layout::RowMajorTensorOpMultiplicandCrosswise<(int)4, (int)128>, cutlass::integer_subbyte<(int)4, (bool)1>, cutlass::layout::ColumnMajorTensorOpMultiplicandCrosswise<(int)4, (int)128>, int, cutlass::layout::RowMajor, cutlass::gemm::warp::MmaTensorOpPolicy<cutlass::arch::Mma<cutlass::gemm::GemmShape<(int)16, (int)8, (int)64>, (int)32, cutlass::integer_subbyte<(int)4, (bool)1>, cutlass::layout::RowMajor, cutlass::integer_subbyte<(int)4, (bool)1>, cutlass::layout::ColumnMajor, int, cutlass::layout::RowMajor, cutlass::arch::OpMultiplyAddSaturate>, cutlass::MatrixShape<(int)1, (int)1>>, (int)1, (bool)0, bool>, cutlass::MatrixShape<(int)0, (int)0>, cutlass::MatrixShape<(int)0, (int)0>, (int)1>, (int)3, bool>, cutlass::epilogue::threadblock::EpilogueWithVisitorCallbacks<cutlass::epilogue::threadblock::Epilogue<cutlass::gemm::GemmShape<(int)128, (int)128, (int)128>, cutlass::gemm::warp::MmaTensorOp<cutlass::gemm::GemmShape<(int)64, (int)64, (int)128>, cutlass::integer_subbyte<(int)4, (bool)1>, cutlass::layout::RowMajorTensorOpMultiplicandCrosswise<(int)4, (int)128>, cutlass::integer_subbyte<(int)4, (bool)1>, cutlass::layout::ColumnMajorTensorOpMultiplicandCrosswise<(int)4, (int)128>, int, cutlass::layout::RowMajor, cutlass::gemm::warp::MmaTensorOpPolicy<cutlass::arch::Mma<cutlass::gemm::GemmShape<(int)16, (int)8, (int)64>, (int)32, cutlass::integer_subbyte<(int)4, (bool)1>, cutlass::layout::RowMajor, cutlass::integer_subbyte<(int)4, (bool)1>, cutlass::layout::ColumnMajor, int, cutlass::layout::RowMajor, cutlass::arch::OpMultiplyAddSaturate>, cutlass::MatrixShape<(int)1, (int)1>>, (int)1, (bool)0, bool>, (int)1, cutlass::epilogue::threadblock::PredicatedTileIteratorConv<cutlass::epilogue::threadblock::OutputTileOptimalThreadMap<cutlass::epilogue::threadblock::OutputTileShape<(int)128, (int)8, (int)2, (int)1, (int)1>, cutlass::epilogue::threadblock::OutputTileShape<(int)1, (int)8, (int)1, (int)1, (int)8>, (int)128, (int)8, (int)16>, cutlass::half_t, (bool)0, cutlass::layout::NoPermute, (bool)0, (int)4>, cutlass::epilogue::warp::FragmentIteratorTensorOp<cutlass::gemm::GemmShape<(int)64, (int)64, (int)128>, cutlass::gemm::GemmShape<(int)16, (int)8, (int)64>, int, cutlass::Array<int, (int)4, (bool)1>, cutlass::layout::RowMajor>, cutlass::epilogue::warp::TileIteratorTensorOpMixed<cutlass::gemm::GemmShape<(int)64, (int)64, (int)128>, cutlass::gemm::GemmShape<(int)16, (int)8, (int)64>, int, (int)32, (int)16, (int)8, (int)8, (bool)0>, cutlass::epilogue::threadblock::SharedLoadIteratorMixed<cutlass::epilogue::threadblock::OutputTileOptimalThreadMap<cutlass::epilogue::threadblock::OutputTileShape<(int)128, (int)8, (int)2, (int)1, (int)1>, cutlass::epilogue::threadblock::OutputTileShape<(int)1, (int)8, (int)1, (int)1, (int)8>, (int)128, (int)8, (int)16>::CompactedThreadMap, int, (int)32, (int)16, (int)8, (int)8, (bool)0>, cutlass::epilogue::thread::LinearCombination<cutlass::half_t, (int)8, int, float, (cutlass::epilogue::thread::ScaleType::Kind)0, (cutlass::FloatRoundStyle)2, cutlass::half_t>, cutlass::MatrixShape<(int)0, (int)8>, (int)2, (int)1>, cutlass::epilogue::threadblock::TreeVisitor2x<cutlass::epilogue::threadblock::VisitorAuxStore<cutlass::epilogue::threadblock::OutputTileThreadLayout<cutlass::gemm::GemmShape<(int)128, (int)128, (int)128>, cutlass::gemm::GemmShape<(int)64, (int)64, (int)128>, cutlass::half_t, (int)8, (int)1>, cutlass::half_t, (cutlass::FloatRoundStyle)2, cute::tuple<long, cute::C<(int)1>, long>>, cutlass::epilogue::threadblock::TreeVisitor2x<cutlass::epilogue::threadblock::VisitorCompute<cutlass::plus, float, float, (cutlass::FloatRoundStyle)2, void>, cutlass::epilogue::threadblock::TreeVisitor2x<cutlass::epilogue::threadblock::VisitorCompute<cutlass::plus, float, float, (cutlass::FloatRoundStyle)2, void>, cutlass::epilogue::threadblock::TreeVisitor2x<cutlass::epilogue::threadblock::VisitorCompute<cutlass::multiplies, float, float, (cutlass::FloatRoundStyle)2, void>, cutlass::epilogue::threadblock::TreeVisitor2x<cutlass::epilogue::threadblock::VisitorCompute<cutlass::multiplies, float, float, (cutlass::FloatRoundStyle)2, void>, cutlass::epilogue::threadblock::VisitorAccFetch, cutlass::epilogue::threadblock::VisitorScalarBroadcast<float, cute::tuple<cute::C<(int)0>, cute::C<(int)0>, cute::C<(int)0>>, (int)1, cutlass::multiplies>>, cutlass::epilogue::threadblock::VisitorRowBroadcast<cutlass::epilogue::threadblock::OutputTileThreadLayout<cutlass::gemm::GemmShape<(int)128, (int)128, (int)128>, cutlass::gemm::GemmShape<(int)64, (int)64, (int)128>, cutlass::half_t, (int)8, (int)1>, float, cute::tuple<cute::C<(int)0>, cute::C<(int)1>, int>, (bool)1>>, cutlass::epilogue::threadblock::VisitorRowBroadcast<cutlass::epilogue::threadblock::OutputTileThreadLayout<cutlass::gemm::GemmShape<(int)128, (int)128, (int)128>, cutlass::gemm::GemmShape<(int)64, (int)64, (int)128>, cutlass::half_t, (int)8, (int)1>, float, cute::tuple<cute::C<(int)0>, cute::C<(int)1>, int>, (bool)1>>, cutlass::epilogue::threadblock::VisitorAuxLoad<cutlass::epilogue::threadblock::OutputTileThreadLayout<cutlass::gemm::GemmShape<(int)128, (int)128, (int)128>, cutlass::gemm::GemmShape<(int)64, (int)64, (int)128>, cutlass::half_t, (int)8, (int)1>, cutlass::half_t, cute::tuple<long, cute::C<(int)1>, long>>>>, (int)1, (int)1>, cutlass::gemm::threadblock::GemmIdentityThreadblockSwizzle<(int)1>, (cutlass::conv::Operator)0, cutlass::conv::Conv2dProblemSize>>(T1::Params)",4319841.0
L|resblock_plain|C192|T256,"void cutlass::Kernel<modiff::ImplicitGemmConvolutionEVT<cutlass::conv::threadblock::ImplicitGemmMultistage<cutlass::gemm::GemmShape<(int)128, (int)128, (int)128>, cutlass::conv::threadblock::Conv2dFpropActivationTileAccessIteratorOptimized<cutlass::MatrixShape<(int)128, (int)128>, cutlass::integer_subbyte<(int)4, (bool)1>, cutlass::layout::TensorNHWC, cutlass::transform::PitchLinearWarpRakedThreadMap<cutlass::PitchLinearShape<(int)128, (int)128>, (int)128, cutlass::PitchLinearShape<(int)4, (int)8>, (int)32>, cutlass::AlignedArray<cutlass::integer_subbyte<(int)4, (bool)1>, (int)32, (int)16>>, cutlass::transform::threadblock::RegularTileAccessIterator<cutlass::MatrixShape<(int)128, (int)128>, cutlass::integer_subbyte<(int)4, (bool)1>, cutlass::layout::RowMajorTensorOpMultiplicandCrosswise<(int)4, (int)128>, (int)0, cutlass::transform::PitchLinearWarpRakedThreadMap<cutlass::PitchLinearShape<(int)128, (int)128>, (int)128, cutlass::PitchLinearShape<(int)4, (int)8>, (int)32>, (int)16>, (cutlass::arch::CacheOperation::Kind)0, cutlass::conv::threadblock::Conv2dFpropFilterTileAccessIteratorOptimized<cutlass::MatrixShape<(int)128, (int)128>, cutlass::integer_subbyte<(int)4, (bool)1>, cutlass::layout::TensorNHWC, cutlass::transform::PitchLinearWarpRakedThreadMap<cutlass::PitchLinearShape<(int)128, (int)128>, (int)128, cutlass::PitchLinearShape<(int)4, (int)8>, (int)32>, cutlass::AlignedArray<cutlass::integer_subbyte<(int)4, (bool)1>, (int)32, (int)16>, (bool)0>, cutlass::transform::threadblock::RegularTileAccessIterator<cutlass::MatrixShape<(int)128, (int)128>, cutlass::integer_subbyte<(int)4, (bool)1>, cutlass::layout::ColumnMajorTensorOpMultiplicandCrosswise<(int)4, (int)128>, (int)1, cutlass::transform::PitchLinearWarpRakedThreadMap<cutlass::PitchLinearShape<(int)128, (int)128>, (int)128, cutlass::PitchLinearShape<(int)4, (int)8>, (int)32>, (int)16>, (cutlass::arch::CacheOperation::Kind)1, cutlass::gemm::threadblock::MmaPolicy<cutlass::gemm::warp::MmaTensorOp<cutlass::gemm::GemmShape<(int)64, (int)64, (int)128>, cutlass::integer_subbyte<(int)4, (bool)1>, cutlass::layout::RowMajorTensorOpMultiplicandCrosswise<(int)4, (int)128>, cutlass::integer_subbyte<(int)4, (bool)1>, cutlass::layout::ColumnMajorTensorOpMultiplicandCrosswise<(int)4, (int)128>, int, cutlass::layout::RowMajor, cutlass::gemm::warp::MmaTensorOpPolicy<cutlass::arch::Mma<cutlass::gemm::GemmShape<(int)16, (int)8, (int)64>, (int)32, cutlass::integer_subbyte<(int)4, (bool)1>, cutlass::layout::RowMajor, cutlass::integer_subbyte<(int)4, (bool)1>, cutlass::layout::ColumnMajor, int, cutlass::layout::RowMajor, cutlass::arch::OpMultiplyAddSaturate>, cutlass::MatrixShape<(int)1, (int)1>>, (int)1, (bool)0, bool>, cutlass::MatrixShape<(int)0, (int)0>, cutlass::MatrixShape<(int)0, (int)0>, (int)1>, (int)3, bool>, cutlass::epilogue::threadblock::EpilogueWithVisitorCallbacks<cutlass::epilogue::threadblock::Epilogue<cutlass::gemm::GemmShape<(int)128, (int)128, (int)128>, cutlass::gemm::warp::MmaTensorOp<cutlass::gemm::GemmShape<(int)64, (int)64, (int)128>, cutlass::integer_subbyte<(int)4, (bool)1>, cutlass::layout::RowMajorTensorOpMultiplicandCrosswise<(int)4, (int)128>, cutlass::integer_subbyte<(int)4, (bool)1>, cutlass::layout::ColumnMajorTensorOpMultiplicandCrosswise<(int)4, (int)128>, int, cutlass::layout::RowMajor, cutlass::gemm::warp::MmaTensorOpPolicy<cutlass::arch::Mma<cutlass::gemm::GemmShape<(int)16, (int)8, (int)64>, (int)32, cutlass::integer_subbyte<(int)4, (bool)1>, cutlass::layout::RowMajor, cutlass::integer_subbyte<(int)4, (bool)1>, cutlass::layout::ColumnMajor, int, cutlass::layout::RowMajor, cutlass::arch::OpMultiplyAddSaturate>, cutlass::MatrixShape<(int)1, (int)1>>, (int)1, (bool)0, bool>, (int)1, cutlass::epilogue::threadblock::PredicatedTileIteratorConv<cutlass::epilogue::threadblock::OutputTileOptimalThreadMap<cutlass::epilogue::threadblock::OutputTileShape<(int)128, (int)8, (int)2, (int)1, (int)1>, cutlass::epilogue::threadblock::OutputTileShape<(int)1, (int)8, (int)1, (int)1, (int)8>, (int)128, (int)8, (int)16>, cutlass::half_t, (bool)0, cutlass::layout::NoPermute, (bool)0, (int)4>, cutlass::epilogue::warp::FragmentIteratorTensorOp<cutlass::gemm::GemmShape<(int)64, (int)64, (int)128>, cutlass::gemm::GemmShape<(int)16, (int)8, (int)64>, int, cutlass::Array<int, (int)4, (bool)1>, cutlass::layout::RowMajor>, cutlass::epilogue::warp::TileIteratorTensorOpMixed<cutlass::gemm::GemmShape<(int)64, (int)64, (int)128>, cutlass::gemm::GemmShape<(int)16, (int)8, (int)64>, int, (int)32, (int)16, (int)8, (int)8, (bool)0>, cutlass::epilogue::threadblock::SharedLoadIteratorMixed<cutlass::epilogue::threadblock::OutputTileOptimalThreadMap<cutlass::epilogue::threadblock::OutputTileShape<(int)128, (int)8, (int)2, (int)1, (int)1>, cutlass::epilogue::threadblock::OutputTileShape<(int)1, (int)8, (int)1, (int)1, (int)8>, (int)128, (int)8, (int)16>::CompactedThreadMap, int, (int)32, (int)16, (int)8, (int)8, (bool)0>, cutlass::epilogue::thread::LinearCombination<cutlass::half_t, (int)8, int, float, (cutlass::epilogue::thread::ScaleType::Kind)0, (cutlass::FloatRoundStyle)2, cutlass::half_t>, cutlass::MatrixShape<(int)0, (int)8>, (int)2, (int)1>, cutlass::epilogue::threadblock::TreeVisitor2x<cutlass::epilogue::threadblock::VisitorAuxStore<cutlass::epilogue::threadblock::OutputTileThreadLayout<cutlass::gemm::GemmShape<(int)128, (int)128, (int)128>, cutlass::gemm::GemmShape<(int)64, (int)64, (int)128>, cutlass::half_t, (int)8, (int)1>, cutlass::half_t, (cutlass::FloatRoundStyle)2, cute::tuple<long, cute::C<(int)1>, long>>, cutlass::epilogue::threadblock::TreeVisitor2x<cutlass::epilogue::threadblock::VisitorCompute<cutlass::plus, float, float, (cutlass::FloatRoundStyle)2, void>, cutlass::epilogue::threadblock::TreeVisitor2x<cutlass::epilogue::threadblock::VisitorCompute<cutlass::plus, float, float, (cutlass::FloatRoundStyle)2, void>, cutlass::epilogue::threadblock::TreeVisitor2x<cutlass::epilogue::threadblock::VisitorCompute<cutlass::multiplies, float, float, (cutlass::FloatRoundStyle)2, void>, cutlass::epilogue::threadblock::TreeVisitor2x<cutlass::epilogue::threadblock::VisitorCompute<cutlass::multiplies, float, float, (cutlass::FloatRoundStyle)2, void>, cutlass::epilogue::threadblock::VisitorAccFetch, cutlass::epilogue::threadblock::VisitorScalarBroadcast<float, cute::tuple<cute::C<(int)0>, cute::C<(int)0>, cute::C<(int)0>>, (int)1, cutlass::multiplies>>, cutlass::epilogue::threadblock::VisitorRowBroadcast<cutlass::epilogue::threadblock::OutputTileThreadLayout<cutlass::gemm::GemmShape<(int)128, (int)128, (int)128>, cutlass::gemm::GemmShape<(int)64, (int)64, (int)128>, cutlass::half_t, (int)8, (int)1>, float, cute::tuple<cute::C<(int)0>, cute::C<(int)1>, int>, (bool)1>>, cutlass::epilogue::threadblock::VisitorRowBroadcast<cutlass::epilogue::threadblock::OutputTileThreadLayout<cutlass::gemm::GemmShape<(int)128, (int)128, (int)128>, cutlass::gemm::GemmShape<(int)64, (int)64, (int)128>, cutlass::half_t, (int)8, (int)1>, float, cute::tuple<cute::C<(int)0>, cute::C<(int)1>, int>, (bool)1>>, cutlass::epilogue::threadblock::VisitorAuxLoad<cutlass::epilogue::threadblock::OutputTileThreadLayout<cutlass::gemm::GemmShape<(int)128, (int)128, (int)128>, cutlass::gemm::GemmShape<(int)64, (int)64, (int)128>, cutlass::half_t, (int)8, (int)1>, cutlass::half_t, cute::tuple<long, cute::C<(int)1>, long>>>>, (int)1, (int)1>, cutlass::gemm::threadblock::GemmIdentityThreadblockSwizzle<(int)1>, (cutlass::conv::Operator)0, cutlass::conv::Conv2dProblemSize>>(T1::Params)",4297121.0
L|resblock_plain|C384|T256,"void cutlass::Kernel<modiff::ImplicitGemmConvolutionEVT<cutlass::conv::threadblock::ImplicitGemmMultistage<cutlass::gemm::GemmShape<(int)128, (int)128, (int)128>, cutlass::conv::threadblock::Conv2dFpropActivationTileAccessIteratorOptimized<cutlass::MatrixShape<(int)128, (int)128>, cutlass::integer_subbyte<(int)4, (bool)1>, cutlass::layout::TensorNHWC, cutlass::transform::PitchLinearWarpRakedThreadMap<cutlass::PitchLinearShape<(int)128, (int)128>, (int)128, cutlass::PitchLinearShape<(int)4, (int)8>, (int)32>, cutlass::AlignedArray<cutlass::integer_subbyte<(int)4, (bool)1>, (int)32, (int)16>>, cutlass::transform::threadblock::RegularTileAccessIterator<cutlass::MatrixShape<(int)128, (int)128>, cutlass::integer_subbyte<(int)4, (bool)1>, cutlass::layout::RowMajorTensorOpMultiplicandCrosswise<(int)4, (int)128>, (int)0, cutlass::transform::PitchLinearWarpRakedThreadMap<cutlass::PitchLinearShape<(int)128, (int)128>, (int)128, cutlass::PitchLinearShape<(int)4, (int)8>, (int)32>, (int)16>, (cutlass::arch::CacheOperation::Kind)0, cutlass::conv::threadblock::Conv2dFpropFilterTileAccessIteratorOptimized<cutlass::MatrixShape<(int)128, (int)128>, cutlass::integer_subbyte<(int)4, (bool)1>, cutlass::layout::TensorNHWC, cutlass::transform::PitchLinearWarpRakedThreadMap<cutlass::PitchLinearShape<(int)128, (int)128>, (int)128, cutlass::PitchLinearShape<(int)4, (int)8>, (int)32>, cutlass::AlignedArray<cutlass::integer_subbyte<(int)4, (bool)1>, (int)32, (int)16>, (bool)0>, cutlass::transform::threadblock::RegularTileAccessIterator<cutlass::MatrixShape<(int)128, (int)128>, cutlass::integer_subbyte<(int)4, (bool)1>, cutlass::layout::ColumnMajorTensorOpMultiplicandCrosswise<(int)4, (int)128>, (int)1, cutlass::transform::PitchLinearWarpRakedThreadMap<cutlass::PitchLinearShape<(int)128, (int)128>, (int)128, cutlass::PitchLinearShape<(int)4, (int)8>, (int)32>, (int)16>, (cutlass::arch::CacheOperation::Kind)1, cutlass::gemm::threadblock::MmaPolicy<cutlass::gemm::warp::MmaTensorOp<cutlass::gemm::GemmShape<(int)64, (int)64, (int)128>, cutlass::integer_subbyte<(int)4, (bool)1>, cutlass::layout::RowMajorTensorOpMultiplicandCrosswise<(int)4, (int)128>, cutlass::integer_subbyte<(int)4, (bool)1>, cutlass::layout::ColumnMajorTensorOpMultiplicandCrosswise<(int)4, (int)128>, int, cutlass::layout::RowMajor, cutlass::gemm::warp::MmaTensorOpPolicy<cutlass::arch::Mma<cutlass::gemm::GemmShape<(int)16, (int)8, (int)64>, (int)32, cutlass::integer_subbyte<(int)4, (bool)1>, cutlass::layout::RowMajor, cutlass::integer_subbyte<(int)4, (bool)1>, cutlass::layout::ColumnMajor, int, cutlass::layout::RowMajor, cutlass::arch::OpMultiplyAddSaturate>, cutlass::MatrixShape<(int)1, (int)1>>, (int)1, (bool)0, bool>, cutlass::MatrixShape<(int)0, (int)0>, cutlass::MatrixShape<(int)0, (int)0>, (int)1>, (int)3, bool>, cutlass::epilogue::threadblock::EpilogueWithVisitorCallbacks<cutlass::epilogue::threadblock::Epilogue<cutlass::gemm::GemmShape<(int)128, (int)128, (int)128>, cutlass::gemm::warp::MmaTensorOp<cutlass::gemm::GemmShape<(int)64, (int)64, (int)128>, cutlass::integer_subbyte<(int)4, (bool)1>, cutlass::layout::RowMajorTensorOpMultiplicandCrosswise<(int)4, (int)128>, cutlass::integer_subbyte<(int)4, (bool)1>, cutlass::layout::ColumnMajorTensorOpMultiplicandCrosswise<(int)4, (int)128>, int, cutlass::layout::RowMajor, cutlass::gemm::warp::MmaTensorOpPolicy<cutlass::arch::Mma<cutlass::gemm::GemmShape<(int)16, (int)8, (int)64>, (int)32, cutlass::integer_subbyte<(int)4, (bool)1>, cutlass::layout::RowMajor, cutlass::integer_subbyte<(int)4, (bool)1>, cutlass::layout::ColumnMajor, int, cutlass::layout::RowMajor, cutlass::arch::OpMultiplyAddSaturate>, cutlass::MatrixShape<(int)1, (int)1>>, (int)1, (bool)0, bool>, (int)1, cutlass::epilogue::threadblock::PredicatedTileIteratorConv<cutlass::epilogue::threadblock::OutputTileOptimalThreadMap<cutlass::epilogue::threadblock::OutputTileShape<(int)128, (int)8, (int)2, (int)1, (int)1>, cutlass::epilogue::threadblock::OutputTileShape<(int)1, (int)8, (int)1, (int)1, (int)8>, (int)128, (int)8, (int)16>, cutlass::half_t, (bool)0, cutlass::layout::NoPermute, (bool)0, (int)4>, cutlass::epilogue::warp::FragmentIteratorTensorOp<cutlass::gemm::GemmShape<(int)64, (int)64, (int)128>, cutlass::gemm::GemmShape<(int)16, (int)8, (int)64>, int, cutlass::Array<int, (int)4, (bool)1>, cutlass::layout::RowMajor>, cutlass::epilogue::warp::TileIteratorTensorOpMixed<cutlass::gemm::GemmShape<(int)64, (int)64, (int)128>, cutlass::gemm::GemmShape<(int)16, (int)8, (int)64>, int, (int)32, (int)16, (int)8, (int)8, (bool)0>, cutlass::epilogue::threadblock::SharedLoadIteratorMixed<cutlass::epilogue::threadblock::OutputTileOptimalThreadMap<cutlass::epilogue::threadblock::OutputTileShape<(int)128, (int)8, (int)2, (int)1, (int)1>, cutlass::epilogue::threadblock::OutputTileShape<(int)1, (int)8, (int)1, (int)1, (int)8>, (int)128, (int)8, (int)16>::CompactedThreadMap, int, (int)32, (int)16, (int)8, (int)8, (bool)0>, cutlass::epilogue::thread::LinearCombination<cutlass::half_t, (int)8, int, float, (cutlass::epilogue::thread::ScaleType::Kind)0, (cutlass::FloatRoundStyle)2, cutlass::half_t>, cutlass::MatrixShape<(int)0, (int)8>, (int)2, (int)1>, cutlass::epilogue::threadblock::TreeVisitor2x<cutlass::epilogue::threadblock::VisitorAuxStore<cutlass::epilogue::threadblock::OutputTileThreadLayout<cutlass::gemm::GemmShape<(int)128, (int)128, (int)128>, cutlass::gemm::GemmShape<(int)64, (int)64, (int)128>, cutlass::half_t, (int)8, (int)1>, cutlass::half_t, (cutlass::FloatRoundStyle)2, cute::tuple<long, cute::C<(int)1>, long>>, cutlass::epilogue::threadblock::TreeVisitor2x<cutlass::epilogue::threadblock::VisitorCompute<cutlass::plus, float, float, (cutlass::FloatRoundStyle)2, void>, cutlass::epilogue::threadblock::TreeVisitor2x<cutlass::epilogue::threadblock::VisitorCompute<cutlass::multiplies, float, float, (cutlass::FloatRoundStyle)2, void>, cutlass::epilogue::threadblock::TreeVisitor2x<cutlass::epilogue::threadblock::VisitorCompute<cutlass::multiplies, float, float, (cutlass::FloatRoundStyle)2, void>, cutlass::epilogue::threadblock::VisitorAccFetch, cutlass::epilogue::threadblock::VisitorScalarBroadcast<float, cute::tuple<cute::C<(int)0>, cute::C<(int)0>, cute::C<(int)0>>, (int)1, cutlass::multiplies>>, cutlass::epilogue::threadblock::VisitorRowBroadcast<cutlass::epilogue::threadblock::OutputTileThreadLayout<cutlass::gemm::GemmShape<(int)128, (int)128, (int)128>, cutlass::gemm::GemmShape<(int)64, (int)64, (int)128>, cutlass::half_t, (int)8, (int)1>, float, cute::tuple<cute::C<(int)0>, cute::C<(int)1>, int>, (bool)1>>, cutlass::epilogue::threadblock::VisitorRowBroadcast<cutlass::epilogue::threadblock::OutputTileThreadLayout<cutlass::gemm::GemmShape<(int)128, (int)128, (int)128>, cutlass::gemm::GemmShape<(int)64, (int)64, (int)128>, cutlass::half_t, (int)8, (int)1>, float, cute::tuple<cute::C<(int)0>, cute::C<(int)1>, int>, (bool)1>>>, (int)1, (int)1>, cutlass::gemm::threadblock::GemmIdentityThreadblockSwizzle<(int)1>, (cutlass::conv::Operator)0, cutlass::conv::Conv2dProblemSize>>(T1::Params)",4211040.0
,"void at::native::elementwise_kernel<(int)128, (int)4, void at::native::gpu_kernel_impl_nocast<at::native::CUDAFunctor_add<c10::Half>>(at::TensorIteratorBase &, const T1 &)::[lambda(int) (instance 1)]>(int, T3)",3920029.0
L|resblock_plain|C768|T256,"void at::native::elementwise_kernel<(int)128, (int)4, void at::native::gpu_kernel_impl_nocast<at::native::CUDAFunctor_add<c10::Half>>(at::TensorIteratorBase &, const T1 &)::[lambda(int) (instance 1)]>(int, T3)",3914368.0
L|resblock_plain|C576|T1024,"void at::native::elementwise_kernel<(int)128, (int)4, void at::native::gpu_kernel_impl_nocast<at::native::CUDAFunctor_add<c10::Half>>(at::TensorIteratorBase &, const T1 &)::[lambda(int) (instance 1)]>(int, T3)",3830143.0
L|attention|C768|T16,"void gemm_w4a4_kernel_awq_out_i8<(int)4>(const signed char *, const signed char *, const float *, float, const float *, signed char *, int, int, int, const __half *, int, int, int, float, float, const float *, const float *, signed char *, signed char *, signed char *, int, int)",3673913.0
L|attention|C768|T16,"gemm_w4a4_kernel_awq(const signed char *, const signed char *, const float *, float, __half *, int, int, int, int, const __half *, const __half *)",3581693.0
L|resblock_plain|C768|T4,"void cutlass::Kernel<modiff::ImplicitGemmConvolutionEVT<cutlass::conv::threadblock::ImplicitGemmMultistage<cutlass::gemm::GemmShape<(int)128, (int)128, (int)128>, cutlass::conv::threadblock::Conv2dFpropActivationTileAccessIteratorOptimized<cutlass::MatrixShape<(int)128, (int)128>, cutlass::integer_subbyte<(int)4, (bool)1>, cutlass::layout::TensorNHWC, cutlass::transform::PitchLinearWarpRakedThreadMap<cutlass::PitchLinearShape<(int)128, (int)128>, (int)128, cutlass::PitchLinearShape<(int)4, (int)8>, (int)32>, cutlass::AlignedArray<cutlass::integer_subbyte<(int)4, (bool)1>, (int)32, (int)16>>, cutlass::transform::threadblock::RegularTileAccessIterator<cutlass::MatrixShape<(int)128, (int)128>, cutlass::integer_subbyte<(int)4, (bool)1>, cutlass::layout::RowMajorTensorOpMultiplicandCrosswise<(int)4, (int)128>, (int)0, cutlass::transform::PitchLinearWarpRakedThreadMap<cutlass::PitchLinearShape<(int)128, (int)128>, (int)128, cutlass::PitchLinearShape<(int)4, (int)8>, (int)32>, (int)16>, (cutlass::arch::CacheOperation::Kind)0, cutlass::conv::threadblock::Conv2dFpropFilterTileAccessIteratorOptimized<cutlass::MatrixShape<(int)128, (int)128>, cutlass::integer_subbyte<(int)4, (bool)1>, cutlass::layout::TensorNHWC, cutlass::transform::PitchLinearWarpRakedThreadMap<cutlass::PitchLinearShape<(int)128, (int)128>, (int)128, cutlass::PitchLinearShape<(int)4, (int)8>, (int)32>, cutlass::AlignedArray<cutlass::integer_subbyte<(int)4, (bool)1>, (int)32, (int)16>, (bool)0>, cutlass::transform::threadblock::RegularTileAccessIterator<cutlass::MatrixShape<(int)128, (int)128>, cutlass::integer_subbyte<(int)4, (bool)1>, cutlass::layout::ColumnMajorTensorOpMultiplicandCrosswise<(int)4, (int)128>, (int)1, cutlass::transform::PitchLinearWarpRakedThreadMap<cutlass::PitchLinearShape<(int)128, (int)128>, (int)128, cutlass::PitchLinearShape<(int)4, (int)8>, (int)32>, (int)16>, (cutlass::arch::CacheOperation::Kind)1, cutlass::gemm::threadblock::MmaPolicy<cutlass::gemm::warp::MmaTensorOp<cutlass::gemm::GemmShape<(int)64, (int)64, (int)128>, cutlass::integer_subbyte<(int)4, (bool)1>, cutlass::layout::RowMajorTensorOpMultiplicandCrosswise<(int)4, (int)128>, cutlass::integer_subbyte<(int)4, (bool)1>, cutlass::layout::ColumnMajorTensorOpMultiplicandCrosswise<(int)4, (int)128>, int, cutlass::layout::RowMajor, cutlass::gemm::warp::MmaTensorOpPolicy<cutlass::arch::Mma<cutlass::gemm::GemmShape<(int)16, (int)8, (int)64>, (int)32, cutlass::integer_subbyte<(int)4, (bool)1>, cutlass::layout::RowMajor, cutlass::integer_subbyte<(int)4, (bool)1>, cutlass::layout::ColumnMajor, int, cutlass::layout::RowMajor, cutlass::arch::OpMultiplyAddSaturate>, cutlass::MatrixShape<(int)1, (int)1>>, (int)1, (bool)0, bool>, cutlass::MatrixShape<(int)0, (int)0>, cutlass::MatrixShape<(int)0, (int)0>, (int)1>, (int)3, bool>, cutlass::epilogue::threadblock::EpilogueWithVisitorCallbacks<cutlass::epilogue::threadblock::Epilogue<cutlass::gemm::GemmShape<(int)128, (int)128, (int)128>, cutlass::gemm::warp::MmaTensorOp<cutlass::gemm::GemmShape<(int)64, (int)64, (int)128>, cutlass::integer_subbyte<(int)4, (bool)1>, cutlass::layout::RowMajorTensorOpMultiplicandCrosswise<(int)4, (int)128>, cutlass::integer_subbyte<(int)4, (bool)1>, cutlass::layout::ColumnMajorTensorOpMultiplicandCrosswise<(int)4, (int)128>, int, cutlass::layout::RowMajor, cutlass::gemm::warp::MmaTensorOpPolicy<cutlass::arch::Mma<cutlass::gemm::GemmShape<(int)16, (int)8, (int)64>, (int)32, cutlass::integer_subbyte<(int)4, (bool)1>, cutlass::layout::RowMajor, cutlass::integer_subbyte<(int)4, (bool)1>, cutlass::layout::ColumnMajor, int, cutlass::layout::RowMajor, cutlass::arch::OpMultiplyAddSaturate>, cutlass::MatrixShape<(int)1, (int)1>>, (int)1, (bool)0, bool>, (int)1, cutlass::epilogue::threadblock::PredicatedTileIteratorConv<cutlass::epilogue::threadblock::OutputTileOptimalThreadMap<cutlass::epilogue::threadblock::OutputTileShape<(int)128, (int)8, (int)2, (int)1, (int)1>, cutlass::epilogue::threadblock::OutputTileShape<(int)1, (int)8, (int)1, (int)1, (int)8>, (int)128, (int)8, (int)16>, cutlass::half_t, (bool)0, cutlass::layout::NoPermute, (bool)0, (int)4>, cutlass::epilogue::warp::FragmentIteratorTensorOp<cutlass::gemm::GemmShape<(int)64, (int)64, (int)128>, cutlass::gemm::GemmShape<(int)16, (int)8, (int)64>, int, cutlass::Array<int, (int)4, (bool)1>, cutlass::layout::RowMajor>, cutlass::epilogue::warp::TileIteratorTensorOpMixed<cutlass::gemm::GemmShape<(int)64, (int)64, (int)128>, cutlass::gemm::GemmShape<(int)16, (int)8, (int)64>, int, (int)32, (int)16, (int)8, (int)8, (bool)0>, cutlass::epilogue::threadblock::SharedLoadIteratorMixed<cutlass::epilogue::threadblock::OutputTileOptimalThreadMap<cutlass::epilogue::threadblock::OutputTileShape<(int)128, (int)8, (int)2, (int)1, (int)1>, cutlass::epilogue::threadblock::OutputTileShape<(int)1, (int)8, (int)1, (int)1, (int)8>, (int)128, (int)8, (int)16>::CompactedThreadMap, int, (int)32, (int)16, (int)8, (int)8, (bool)0>, cutlass::epilogue::thread::LinearCombination<cutlass::half_t, (int)8, int, float, (cutlass::epilogue::thread::ScaleType::Kind)0, (cutlass::FloatRoundStyle)2, cutlass::half_t>, cutlass::MatrixShape<(int)0, (int)8>, (int)2, (int)1>, cutlass::epilogue::threadblock::TreeVisitor2x<cutlass::epilogue::threadblock::VisitorAuxStore<cutlass::epilogue::threadblock::OutputTileThreadLayout<cutlass::gemm::GemmShape<(int)128, (int)128, (int)128>, cutlass::gemm::GemmShape<(int)64, (int)64, (int)128>, cutlass::half_t, (int)8, (int)1>, cutlass::half_t, (cutlass::FloatRoundStyle)2, cute::tuple<long, cute::C<(int)1>, long>>, cutlass::epilogue::threadblock::TreeVisitor2x<cutlass::epilogue::threadblock::VisitorCompute<cutlass::plus, float, float, (cutlass::FloatRoundStyle)2, void>, cutlass::epilogue::threadblock::TreeVisitor2x<cutlass::epilogue::threadblock::VisitorCompute<cutlass::plus, float, float, (cutlass::FloatRoundStyle)2, void>, cutlass::epilogue::threadblock::TreeVisitor2x<cutlass::epilogue::threadblock::VisitorCompute<cutlass::multiplies, float, float, (cutlass::FloatRoundStyle)2, void>, cutlass::epilogue::threadblock::TreeVisitor2x<cutlass::epilogue::threadblock::VisitorCompute<cutlass::multiplies, float, float, (cutlass::FloatRoundStyle)2, void>, cutlass::epilogue::threadblock::VisitorAccFetch, cutlass::epilogue::threadblock::VisitorScalarBroadcast<float, cute::tuple<cute::C<(int)0>, cute::C<(int)0>, cute::C<(int)0>>, (int)1, cutlass::multiplies>>, cutlass::epilogue::threadblock::VisitorRowBroadcast<cutlass::epilogue::threadblock::OutputTileThreadLayout<cutlass::gemm::GemmShape<(int)128, (int)128, (int)128>, cutlass::gemm::GemmShape<(int)64, (int)64, (int)128>, cutlass::half_t, (int)8, (int)1>, float, cute::tuple<cute::C<(int)0>, cute::C<(int)1>, int>, (bool)1>>, cutlass::epilogue::threadblock::VisitorRowBroadcast<cutlass::epilogue::threadblock::OutputTileThreadLayout<cutlass::gemm::GemmShape<(int)128, (int)128, (int)128>, cutlass::gemm::GemmShape<(int)64, (int)64, (int)128>, cutlass::half_t, (int)8, (int)1>, float, cute::tuple<cute::C<(int)0>, cute::C<(int)1>, int>, (bool)1>>, cutlass::epilogue::threadblock::VisitorAuxLoad<cutlass::epilogue::threadblock::OutputTileThreadLayout<cutlass::gemm::GemmShape<(int)128, (int)128, (int)128>, cutlass::gemm::GemmShape<(int)64, (int)64, (int)128>, cutlass::half_t, (int)8, (int)1>, cutlass::half_t, cute::tuple<long, cute::C<(int)1>, long>>>>, (int)1, (int)1>, cutlass::gemm::threadblock::GemmIdentityThreadblockSwizzle<(int)1>, (cutlass::conv::Operator)0, cutlass::conv::Conv2dProblemSize>>(T1::Params)",3377913.0
L|resblock_plain|C1152|T64,"void cutlass::Kernel<modiff::ImplicitGemmConvolutionEVT<cutlass::conv::threadblock::ImplicitGemmMultistage<cutlass::gemm::GemmShape<(int)128, (int)128, (int)128>, cutlass::conv::threadblock::Conv2dFpropActivationTileAccessIteratorOptimized<cutlass::MatrixShape<(int)128, (int)128>, cutlass::integer_subbyte<(int)4, (bool)1>, cutlass::layout::TensorNHWC, cutlass::transform::PitchLinearWarpRakedThreadMap<cutlass::PitchLinearShape<(int)128, (int)128>, (int)128, cutlass::PitchLinearShape<(int)4, (int)8>, (int)32>, cutlass::AlignedArray<cutlass::integer_subbyte<(int)4, (bool)1>, (int)32, (int)16>>, cutlass::transform::threadblock::RegularTileAccessIterator<cutlass::MatrixShape<(int)128, (int)128>, cutlass::integer_subbyte<(int)4, (bool)1>, cutlass::layout::RowMajorTensorOpMultiplicandCrosswise<(int)4, (int)128>, (int)0, cutlass::transform::PitchLinearWarpRakedThreadMap<cutlass::PitchLinearShape<(int)128, (int)128>, (int)128, cutlass::PitchLinearShape<(int)4, (int)8>, (int)32>, (int)16>, (cutlass::arch::CacheOperation::Kind)0, cutlass::conv::threadblock::Conv2dFpropFilterTileAccessIteratorOptimized<cutlass::MatrixShape<(int)128, (int)128>, cutlass::integer_subbyte<(int)4, (bool)1>, cutlass::layout::TensorNHWC, cutlass::transform::PitchLinearWarpRakedThreadMap<cutlass::PitchLinearShape<(int)128, (int)128>, (int)128, cutlass::PitchLinearShape<(int)4, (int)8>, (int)32>, cutlass::AlignedArray<cutlass::integer_subbyte<(int)4, (bool)1>, (int)32, (int)16>, (bool)0>, cutlass::transform::threadblock::RegularTileAccessIterator<cutlass::MatrixShape<(int)128, (int)128>, cutlass::integer_subbyte<(int)4, (bool)1>, cutlass::layout::ColumnMajorTensorOpMultiplicandCrosswise<(int)4, (int)128>, (int)1, cutlass::transform::PitchLinearWarpRakedThreadMap<cutlass::PitchLinearShape<(int)128, (int)128>, (int)128, cutlass::PitchLinearShape<(int)4, (int)8>, (int)32>, (int)16>, (cutlass::arch::CacheOperation::Kind)1, cutlass::gemm::threadblock::MmaPolicy<cutlass::gemm::warp::MmaTensorOp<cutlass::gemm::GemmShape<(int)64, (int)64, (int)128>, cutlass::integer_subbyte<(int)4, (bool)1>, cutlass::layout::RowMajorTensorOpMultiplicandCrosswise<(int)4, (int)128>, cutlass::integer_subbyte<(int)4, (bool)1>, cutlass::layout::ColumnMajorTensorOpMultiplicandCrosswise<(int)4, (int)128>, int, cutlass::layout::RowMajor, cutlass::gemm::warp::MmaTensorOpPolicy<cutlass::arch::Mma<cutlass::gemm::GemmShape<(int)16, (int)8, (int)64>, (int)32, cutlass::integer_subbyte<(int)4, (bool)1>, cutlass::layout::RowMajor, cutlass::integer_subbyte<(int)4, (bool)1>, cutlass::layout::ColumnMajor, int, cutlass::layout::RowMajor, cutlass::arch::OpMultiplyAddSaturate>, cutlass::MatrixShape<(int)1, (int)1>>, (int)1, (bool)0, bool>, cutlass::MatrixShape<(int)0, (int)0>, cutlass::MatrixShape<(int)0, (int)0>, (int)1>, (int)3, bool>, cutlass::epilogue::threadblock::EpilogueWithVisitorCallbacks<cutlass::epilogue::threadblock::Epilogue<cutlass::gemm::GemmShape<(int)128, (int)128, (int)128>, cutlass::gemm::warp::MmaTensorOp<cutlass::gemm::GemmShape<(int)64, (int)64, (int)128>, cutlass::integer_subbyte<(int)4, (bool)1>, cutlass::layout::RowMajorTensorOpMultiplicandCrosswise<(int)4, (int)128>, cutlass::integer_subbyte<(int)4, (bool)1>, cutlass::layout::ColumnMajorTensorOpMultiplicandCrosswise<(int)4, (int)128>, int, cutlass::layout::RowMajor, cutlass::gemm::warp::MmaTensorOpPolicy<cutlass::arch::Mma<cutlass::gemm::GemmShape<(int)16, (int)8, (int)64>, (int)32, cutlass::integer_subbyte<(int)4, (bool)1>, cutlass::layout::RowMajor, cutlass::integer_subbyte<(int)4, (bool)1>, cutlass::layout::ColumnMajor, int, cutlass::layout::RowMajor, cutlass::arch::OpMultiplyAddSaturate>, cutlass::MatrixShape<(int)1, (int)1>>, (int)1, (bool)0, bool>, (int)1, cutlass::epilogue::threadblock::PredicatedTileIteratorConv<cutlass::epilogue::threadblock::OutputTileOptimalThreadMap<cutlass::epilogue::threadblock::OutputTileShape<(int)128, (int)8, (int)2, (int)1, (int)1>, cutlass::epilogue::threadblock::OutputTileShape<(int)1, (int)8, (int)1, (int)1, (int)8>, (int)128, (int)8, (int)16>, cutlass::half_t, (bool)0, cutlass::layout::NoPermute, (bool)0, (int)4>, cutlass::epilogue::warp::FragmentIteratorTensorOp<cutlass::gemm::GemmShape<(int)64, (int)64, (int)128>, cutlass::gemm::GemmShape<(int)16, (int)8, (int)64>, int, cutlass::Array<int, (int)4, (bool)1>, cutlass::layout::RowMajor>, cutlass::epilogue::warp::TileIteratorTensorOpMixed<cutlass::gemm::GemmShape<(int)64, (int)64, (int)128>, cutlass::gemm::GemmShape<(int)16, (int)8, (int)64>, int, (int)32, (int)16, (int)8, (int)8, (bool)0>, cutlass::epilogue::threadblock::SharedLoadIteratorMixed<cutlass::epilogue::threadblock::OutputTileOptimalThreadMap<cutlass::epilogue::threadblock::OutputTileShape<(int)128, (int)8, (int)2, (int)1, (int)1>, cutlass::epilogue::threadblock::OutputTileShape<(int)1, (int)8, (int)1, (int)1, (int)8>, (int)128, (int)8, (int)16>::CompactedThreadMap, int, (int)32, (int)16, (int)8, (int)8, (bool)0>, cutlass::epilogue::thread::LinearCombination<cutlass::half_t, (int)8, int, float, (cutlass::epilogue::thread::ScaleType::Kind)0, (cutlass::FloatRoundStyle)2, cutlass::half_t>, cutlass::MatrixShape<(int)0, (int)8>, (int)2, (int)1>, cutlass::epilogue::threadblock::TreeVisitor2x<cutlass::epilogue::threadblock::VisitorAuxStore<cutlass::epilogue::threadblock::OutputTileThreadLayout<cutlass::gemm::GemmShape<(int)128, (int)128, (int)128>, cutlass::gemm::GemmShape<(int)64, (int)64, (int)128>, cutlass::half_t, (int)8, (int)1>, cutlass::half_t, (cutlass::FloatRoundStyle)2, cute::tuple<long, cute::C<(int)1>, long>>, cutlass::epilogue::threadblock::TreeVisitor2x<cutlass::epilogue::threadblock::VisitorCompute<cutlass::plus, float, float, (cutlass::FloatRoundStyle)2, void>, cutlass::epilogue::threadblock::TreeVisitor2x<cutlass::epilogue::threadblock::VisitorCompute<cutlass::multiplies, float, float, (cutlass::FloatRoundStyle)2, void>, cutlass::epilogue::threadblock::TreeVisitor2x<cutlass::epilogue::threadblock::VisitorCompute<cutlass::multiplies, float, float, (cutlass::FloatRoundStyle)2, void>, cutlass::epilogue::threadblock::VisitorAccFetch, cutlass::epilogue::threadblock::VisitorScalarBroadcast<float, cute::tuple<cute::C<(int)0>, cute::C<(int)0>, cute::C<(int)0>>, (int)1, cutlass::multiplies>>, cutlass::epilogue::threadblock::VisitorRowBroadcast<cutlass::epilogue::threadblock::OutputTileThreadLayout<cutlass::gemm::GemmShape<(int)128, (int)128, (int)128>, cutlass::gemm::GemmShape<(int)64, (int)64, (int)128>, cutlass::half_t, (int)8, (int)1>, float, cute::tuple<cute::C<(int)0>, cute::C<(int)1>, int>, (bool)1>>, cutlass::epilogue::threadblock::VisitorRowBroadcast<cutlass::epilogue::threadblock::OutputTileThreadLayout<cutlass::gemm::GemmShape<(int)128, (int)128, (int)128>, cutlass::gemm::GemmShape<(int)64, (int)64, (int)128>, cutlass::half_t, (int)8, (int)1>, float, cute::tuple<cute::C<(int)0>, cute::C<(int)1>, int>, (bool)1>>>, (int)1, (int)1>, cutlass::gemm::threadblock::GemmIdentityThreadblockSwizzle<(int)1>, (cutlass::conv::Operator)0, cutlass::conv::Conv2dProblemSize>>(T1::Params)",3306781.0
L|attention|C384|T64,"void flash_attn_int4_mma_kernel_t<(int)64, (int)32, (int)4, (bool)1>(const signed char *, const signed char *, const signed char *, const float *, const float *, const float *, __half *, int, int, int, int, int, int, float, signed char *, float, int, float, const __half *, int, float, bool)",3188880.0
L|resblock_plain|C768|T4,"void cutlass::Kernel<modiff::ImplicitGemmConvolutionEVT<cutlass::conv::threadblock::ImplicitGemmMultistage<cutlass::gemm::GemmShape<(int)128, (int)128, (int)128>, cutlass::conv::threadblock::Conv2dFpropActivationTileAccessIteratorOptimized<cutlass::MatrixShape<(int)128, (int)128>, cutlass::integer_subbyte<(int)4, (bool)1>, cutlass::layout::TensorNHWC, cutlass::transform::PitchLinearWarpRakedThreadMap<cutlass::PitchLinearShape<(int)128, (int)128>, (int)128, cutlass::PitchLinearShape<(int)4, (int)8>, (int)32>, cutlass::AlignedArray<cutlass::integer_subbyte<(int)4, (bool)1>, (int)32, (int)16>>, cutlass::transform::threadblock::RegularTileAccessIterator<cutlass::MatrixShape<(int)128, (int)128>, cutlass::integer_subbyte<(int)4, (bool)1>, cutlass::layout::RowMajorTensorOpMultiplicandCrosswise<(int)4, (int)128>, (int)0, cutlass::transform::PitchLinearWarpRakedThreadMap<cutlass::PitchLinearShape<(int)128, (int)128>, (int)128, cutlass::PitchLinearShape<(int)4, (int)8>, (int)32>, (int)16>, (cutlass::arch::CacheOperation::Kind)0, cutlass::conv::threadblock::Conv2dFpropFilterTileAccessIteratorOptimized<cutlass::MatrixShape<(int)128, (int)128>, cutlass::integer_subbyte<(int)4, (bool)1>, cutlass::layout::TensorNHWC, cutlass::transform::PitchLinearWarpRakedThreadMap<cutlass::PitchLinearShape<(int)128, (int)128>, (int)128, cutlass::PitchLinearShape<(int)4, (int)8>, (int)32>, cutlass::AlignedArray<cutlass::integer_subbyte<(int)4, (bool)1>, (int)32, (int)16>, (bool)0>, cutlass::transform::threadblock::RegularTileAccessIterator<cutlass::MatrixShape<(int)128, (int)128>, cutlass::integer_subbyte<(int)4, (bool)1>, cutlass::layout::ColumnMajorTensorOpMultiplicandCrosswise<(int)4, (int)128>, (int)1, cutlass::transform::PitchLinearWarpRakedThreadMap<cutlass::PitchLinearShape<(int)128, (int)128>, (int)128, cutlass::PitchLinearShape<(int)4, (int)8>, (int)32>, (int)16>, (cutlass::arch::CacheOperation::Kind)1, cutlass::gemm::threadblock::MmaPolicy<cutlass::gemm::warp::MmaTensorOp<cutlass::gemm::GemmShape<(int)64, (int)64, (int)128>, cutlass::integer_subbyte<(int)4, (bool)1>, cutlass::layout::RowMajorTensorOpMultiplicandCrosswise<(int)4, (int)128>, cutlass::integer_subbyte<(int)4, (bool)1>, cutlass::layout::ColumnMajorTensorOpMultiplicandCrosswise<(int)4, (int)128>, int, cutlass::layout::RowMajor, cutlass::gemm::warp::MmaTensorOpPolicy<cutlass::arch::Mma<cutlass::gemm::GemmShape<(int)16, (int)8, (int)64>, (int)32, cutlass::integer_subbyte<(int)4, (bool)1>, cutlass::layout::RowMajor, cutlass::integer_subbyte<(int)4, (bool)1>, cutlass::layout::ColumnMajor, int, cutlass::layout::RowMajor, cutlass::arch::OpMultiplyAddSaturate>, cutlass::MatrixShape<(int)1, (int)1>>, (int)1, (bool)0, bool>, cutlass::MatrixShape<(int)0, (int)0>, cutlass::MatrixShape<(int)0, (int)0>, (int)1>, (int)3, bool>, cutlass::epilogue::threadblock::EpilogueWithVisitorCallbacks<cutlass::epilogue::threadblock::Epilogue<cutlass::gemm::GemmShape<(int)128, (int)128, (int)128>, cutlass::gemm::warp::MmaTensorOp<cutlass::gemm::GemmShape<(int)64, (int)64, (int)128>, cutlass::integer_subbyte<(int)4, (bool)1>, cutlass::layout::RowMajorTensorOpMultiplicandCrosswise<(int)4, (int)128>, cutlass::integer_subbyte<(int)4, (bool)1>, cutlass::layout::ColumnMajorTensorOpMultiplicandCrosswise<(int)4, (int)128>, int, cutlass::layout::RowMajor, cutlass::gemm::warp::MmaTensorOpPolicy<cutlass::arch::Mma<cutlass::gemm::GemmShape<(int)16, (int)8, (int)64>, (int)32, cutlass::integer_subbyte<(int)4, (bool)1>, cutlass::layout::RowMajor, cutlass::integer_subbyte<(int)4, (bool)1>, cutlass::layout::ColumnMajor, int, cutlass::layout::RowMajor, cutlass::arch::OpMultiplyAddSaturate>, cutlass::MatrixShape<(int)1, (int)1>>, (int)1, (bool)0, bool>, (int)1, cutlass::epilogue::threadblock::PredicatedTileIteratorConv<cutlass::epilogue::threadblock::OutputTileOptimalThreadMap<cutlass::epilogue::threadblock::OutputTileShape<(int)128, (int)8, (int)2, (int)1, (int)1>, cutlass::epilogue::threadblock::OutputTileShape<(int)1, (int)8, (int)1, (int)1, (int)8>, (int)128, (int)8, (int)16>, cutlass::half_t, (bool)0, cutlass::layout::NoPermute, (bool)0, (int)4>, cutlass::epilogue::warp::FragmentIteratorTensorOp<cutlass::gemm::GemmShape<(int)64, (int)64, (int)128>, cutlass::gemm::GemmShape<(int)16, (int)8, (int)64>, int, cutlass::Array<int, (int)4, (bool)1>, cutlass::layout::RowMajor>, cutlass::epilogue::warp::TileIteratorTensorOpMixed<cutlass::gemm::GemmShape<(int)64, (int)64, (int)128>, cutlass::gemm::GemmShape<(int)16, (int)8, (int)64>, int, (int)32, (int)16, (int)8, (int)8, (bool)0>, cutlass::epilogue::threadblock::SharedLoadIteratorMixed<cutlass::epilogue::threadblock::OutputTileOptimalThreadMap<cutlass::epilogue::threadblock::OutputTileShape<(int)128, (int)8, (int)2, (int)1, (int)1>, cutlass::epilogue::threadblock::OutputTileShape<(int)1, (int)8, (int)1, (int)1, (int)8>, (int)128, (int)8, (int)16>::CompactedThreadMap, int, (int)32, (int)16, (int)8, (int)8, (bool)0>, cutlass::epilogue::thread::LinearCombination<cutlass::half_t, (int)8, int, float, (cutlass::epilogue::thread::ScaleType::Kind)0, (cutlass::FloatRoundStyle)2, cutlass::half_t>, cutlass::MatrixShape<(int)0, (int)8>, (int)2, (int)1>, cutlass::epilogue::threadblock::TreeVisitor2x<cutlass::epilogue::threadblock::VisitorAuxStore<cutlass::epilogue::threadblock::OutputTileThreadLayout<cutlass::gemm::GemmShape<(int)128, (int)128, (int)128>, cutlass::gemm::GemmShape<(int)64, (int)64, (int)128>, cutlass::half_t, (int)8, (int)1>, cutlass::half_t, (cutlass::FloatRoundStyle)2, cute::tuple<long, cute::C<(int)1>, long>>, cutlass::epilogue::threadblock::TreeVisitor2x<cutlass::epilogue::threadblock::VisitorCompute<cutlass::plus, float, float, (cutlass::FloatRoundStyle)2, void>, cutlass::epilogue::threadblock::TreeVisitor2x<cutlass::epilogue::threadblock::VisitorCompute<cutlass::multiplies, float, float, (cutlass::FloatRoundStyle)2, void>, cutlass::epilogue::threadblock::TreeVisitor2x<cutlass::epilogue::threadblock::VisitorCompute<cutlass::multiplies, float, float, (cutlass::FloatRoundStyle)2, void>, cutlass::epilogue::threadblock::VisitorAccFetch, cutlass::epilogue::threadblock::VisitorScalarBroadcast<float, cute::tuple<cute::C<(int)0>, cute::C<(int)0>, cute::C<(int)0>>, (int)1, cutlass::multiplies>>, cutlass::epilogue::threadblock::VisitorRowBroadcast<cutlass::epilogue::threadblock::OutputTileThreadLayout<cutlass::gemm::GemmShape<(int)128, (int)128, (int)128>, cutlass::gemm::GemmShape<(int)64, (int)64, (int)128>, cutlass::half_t, (int)8, (int)1>, float, cute::tuple<cute::C<(int)0>, cute::C<(int)1>, int>, (bool)1>>, cutlass::epilogue::threadblock::VisitorRowBroadcast<cutlass::epilogue::threadblock::OutputTileThreadLayout<cutlass::gemm::GemmShape<(int)128, (int)128, (int)128>, cutlass::gemm::GemmShape<(int)64, (int)64, (int)128>, cutlass::half_t, (int)8, (int)1>, float, cute::tuple<cute::C<(int)0>, cute::C<(int)1>, int>, (bool)1>>>, (int)1, (int)1>, cutlass::gemm::threadblock::GemmIdentityThreadblockSwizzle<(int)1>, (cutlass::conv::Operator)0, cutlass::conv::Conv2dProblemSize>>(T1::Params)",3184471.0
L|resblock_plain|C1536|T16,"void cutlass::Kernel<modiff::ImplicitGemmConvolutionEVT<cutlass::conv::threadblock::ImplicitGemmMultistage<cutlass::gemm::GemmShape<(int)128, (int)128, (int)128>, cutlass::conv::threadblock::Conv2dFpropActivationTileAccessIteratorOptimized<cutlass::MatrixShape<(int)128, (int)128>, cutlass::integer_subbyte<(int)4, (bool)1>, cutlass::layout::TensorNHWC, cutlass::transform::PitchLinearWarpRakedThreadMap<cutlass::PitchLinearShape<(int)128, (int)128>, (int)128, cutlass::PitchLinearShape<(int)4, (int)8>, (int)32>, cutlass::AlignedArray<cutlass::integer_subbyte<(int)4, (bool)1>, (int)32, (int)16>>, cutlass::transform::threadblock::RegularTileAccessIterator<cutlass::MatrixShape<(int)128, (int)128>, cutlass::integer_subbyte<(int)4, (bool)1>, cutlass::layout::RowMajorTensorOpMultiplicandCrosswise<(int)4, (int)128>, (int)0, cutlass::transform::PitchLinearWarpRakedThreadMap<cutlass::PitchLinearShape<(int)128, (int)128>, (int)128, cutlass::PitchLinearShape<(int)4, (int)8>, (int)32>, (int)16>, (cutlass::arch::CacheOperation::Kind)0, cutlass::conv::threadblock::Conv2dFpropFilterTileAccessIteratorOptimized<cutlass::MatrixShape<(int)128, (int)128>, cutlass::integer_subbyte<(int)4, (bool)1>, cutlass::layout::TensorNHWC, cutlass::transform::PitchLinearWarpRakedThreadMap<cutlass::PitchLinearShape<(int)128, (int)128>, (int)128, cutlass::PitchLinearShape<(int)4, (int)8>, (int)32>, cutlass::AlignedArray<cutlass::integer_subbyte<(int)4, (bool)1>, (int)32, (int)16>, (bool)0>, cutlass::transform::threadblock::RegularTileAccessIterator<cutlass::MatrixShape<(int)128, (int)128>, cutlass::integer_subbyte<(int)4, (bool)1>, cutlass::layout::ColumnMajorTensorOpMultiplicandCrosswise<(int)4, (int)128>, (int)1, cutlass::transform::PitchLinearWarpRakedThreadMap<cutlass::PitchLinearShape<(int)128, (int)128>, (int)128, cutlass::PitchLinearShape<(int)4, (int)8>, (int)32>, (int)16>, (cutlass::arch::CacheOperation::Kind)1, cutlass::gemm::threadblock::MmaPolicy<cutlass::gemm::warp::MmaTensorOp<cutlass::gemm::GemmShape<(int)64, (int)64, (int)128>, cutlass::integer_subbyte<(int)4, (bool)1>, cutlass::layout::RowMajorTensorOpMultiplicandCrosswise<(int)4, (int)128>, cutlass::integer_subbyte<(int)4, (bool)1>, cutlass::layout::ColumnMajorTensorOpMultiplicandCrosswise<(int)4, (int)128>, int, cutlass::layout::RowMajor, cutlass::gemm::warp::MmaTensorOpPolicy<cutlass::arch::Mma<cutlass::gemm::GemmShape<(int)16, (int)8, (int)64>, (int)32, cutlass::integer_subbyte<(int)4, (bool)1>, cutlass::layout::RowMajor, cutlass::integer_subbyte<(int)4, (bool)1>, cutlass::layout::ColumnMajor, int, cutlass::layout::RowMajor, cutlass::arch::OpMultiplyAddSaturate>, cutlass::MatrixShape<(int)1, (int)1>>, (int)1, (bool)0, bool>, cutlass::MatrixShape<(int)0, (int)0>, cutlass::MatrixShape<(int)0, (int)0>, (int)1>, (int)3, bool>, cutlass::epilogue::threadblock::EpilogueWithVisitorCallbacks<cutlass::epilogue::threadblock::Epilogue<cutlass::gemm::GemmShape<(int)128, (int)128, (int)128>, cutlass::gemm::warp::MmaTensorOp<cutlass::gemm::GemmShape<(int)64, (int)64, (int)128>, cutlass::integer_subbyte<(int)4, (bool)1>, cutlass::layout::RowMajorTensorOpMultiplicandCrosswise<(int)4, (int)128>, cutlass::integer_subbyte<(int)4, (bool)1>, cutlass::layout::ColumnMajorTensorOpMultiplicandCrosswise<(int)4, (int)128>, int, cutlass::layout::RowMajor, cutlass::gemm::warp::MmaTensorOpPolicy<cutlass::arch::Mma<cutlass::gemm::GemmShape<(int)16, (int)8, (int)64>, (int)32, cutlass::integer_subbyte<(int)4, (bool)1>, cutlass::layout::RowMajor, cutlass::integer_subbyte<(int)4, (bool)1>, cutlass::layout::ColumnMajor, int, cutlass::layout::RowMajor, cutlass::arch::OpMultiplyAddSaturate>, cutlass::MatrixShape<(int)1, (int)1>>, (int)1, (bool)0, bool>, (int)1, cutlass::epilogue::threadblock::PredicatedTileIteratorConv<cutlass::epilogue::threadblock::OutputTileOptimalThreadMap<cutlass::epilogue::threadblock::OutputTileShape<(int)128, (int)8, (int)2, (int)1, (int)1>, cutlass::epilogue::threadblock::OutputTileShape<(int)1, (int)8, (int)1, (int)1, (int)8>, (int)128, (int)8, (int)16>, cutlass::half_t, (bool)0, cutlass::layout::NoPermute, (bool)0, (int)4>, cutlass::epilogue::warp::FragmentIteratorTensorOp<cutlass::gemm::GemmShape<(int)64, (int)64, (int)128>, cutlass::gemm::GemmShape<(int)16, (int)8, (int)64>, int, cutlass::Array<int, (int)4, (bool)1>, cutlass::layout::RowMajor>, cutlass::epilogue::warp::TileIteratorTensorOpMixed<cutlass::gemm::GemmShape<(int)64, (int)64, (int)128>, cutlass::gemm::GemmShape<(int)16, (int)8, (int)64>, int, (int)32, (int)16, (int)8, (int)8, (bool)0>, cutlass::epilogue::threadblock::SharedLoadIteratorMixed<cutlass::epilogue::threadblock::OutputTileOptimalThreadMap<cutlass::epilogue::threadblock::OutputTileShape<(int)128, (int)8, (int)2, (int)1, (int)1>, cutlass::epilogue::threadblock::OutputTileShape<(int)1, (int)8, (int)1, (int)1, (int)8>, (int)128, (int)8, (int)16>::CompactedThreadMap, int, (int)32, (int)16, (int)8, (int)8, (bool)0>, cutlass::epilogue::thread::LinearCombination<cutlass::half_t, (int)8, int, float, (cutlass::epilogue::thread::ScaleType::Kind)0, (cutlass::FloatRoundStyle)2, cutlass::half_t>, cutlass::MatrixShape<(int)0, (int)8>, (int)2, (int)1>, cutlass::epilogue::threadblock::TreeVisitor2x<cutlass::epilogue::threadblock::VisitorAuxStore<cutlass::epilogue::threadblock::OutputTileThreadLayout<cutlass::gemm::GemmShape<(int)128, (int)128, (int)128>, cutlass::gemm::GemmShape<(int)64, (int)64, (int)128>, cutlass::half_t, (int)8, (int)1>, cutlass::half_t, (cutlass::FloatRoundStyle)2, cute::tuple<long, cute::C<(int)1>, long>>, cutlass::epilogue::threadblock::TreeVisitor2x<cutlass::epilogue::threadblock::VisitorCompute<cutlass::plus, float, float, (cutlass::FloatRoundStyle)2, void>, cutlass::epilogue::threadblock::TreeVisitor2x<cutlass::epilogue::threadblock::VisitorCompute<cutlass::plus, float, float, (cutlass::FloatRoundStyle)2, void>, cutlass::epilogue::threadblock::TreeVisitor2x<cutlass::epilogue::threadblock::VisitorCompute<cutlass::multiplies, float, float, (cutlass::FloatRoundStyle)2, void>, cutlass::epilogue::threadblock::TreeVisitor2x<cutlass::epilogue::threadblock::VisitorCompute<cutlass::multiplies, float, float, (cutlass::FloatRoundStyle)2, void>, cutlass::epilogue::threadblock::VisitorAccFetch, cutlass::epilogue::threadblock::VisitorScalarBroadcast<float, cute::tuple<cute::C<(int)0>, cute::C<(int)0>, cute::C<(int)0>>, (int)1, cutlass::multiplies>>, cutlass::epilogue::threadblock::VisitorRowBroadcast<cutlass::epilogue::threadblock::OutputTileThreadLayout<cutlass::gemm::GemmShape<(int)128, (int)128, (int)128>, cutlass::gemm::GemmShape<(int)64, (int)64, (int)128>, cutlass::half_t, (int)8, (int)1>, float, cute::tuple<cute::C<(int)0>, cute::C<(int)1>, int>, (bool)1>>, cutlass::epilogue::threadblock::VisitorRowBroadcast<cutlass::epilogue::threadblock::OutputTileThreadLayout<cutlass::gemm::GemmShape<(int)128, (int)128, (int)128>, cutlass::gemm::GemmShape<(int)64, (int)64, (int)128>, cutlass::half_t, (int)8, (int)1>, float, cute::tuple<cute::C<(int)0>, cute::C<(int)1>, int>, (bool)1>>, cutlass::epilogue::threadblock::VisitorAuxLoad<cutlass::epilogue::threadblock::OutputTileThreadLayout<cutlass::gemm::GemmShape<(int)128, (int)128, (int)128>, cutlass::gemm::GemmShape<(int)64, (int)64, (int)128>, cutlass::half_t, (int)8, (int)1>, cutlass::half_t, cute::tuple<long, cute::C<(int)1>, long>>>>, (int)1, (int)1>, cutlass::gemm::threadblock::GemmIdentityThreadblockSwizzle<(int)1>, (cutlass::conv::Operator)0, cutlass::conv::Conv2dProblemSize>>(T1::Params)",3113530.0
L|resblock_plain|C576|T256,sm86_xmma_fprop_implicit_gemm_f16f16_f16f32_f32_nhwckrsc_nhwc_tilesize128x128x32_stage3_warpsize2x2x1_g1_tensor16x8x16_t1r1s1_execute_kernel__5x_cudnn,2961845.0
L|attention|C384|T64,"void group_norm_silu_quantize_pack_nhwc_vec2_kernel<__half, (bool)1>(const T1 *, signed char *, const T1 *, const T1 *, const T1 *, const T1 *, const float *, const float *, int, long, int, float, bool, int)",2933264.0
L|resblock_plain|C192|T256,"void cutlass::Kernel<modiff::ImplicitGemmConvolutionEVT<cutlass::conv::threadblock::ImplicitGemmMultistage<cutlass::gemm::GemmShape<(int)128, (int)128, (int)128>, cutlass::conv::threadblock::Conv2dFpropActivationTileAccessIteratorOptimized<cutlass::MatrixShape<(int)128, (int)128>, cutlass::integer_subbyte<(int)4, (bool)1>, cutlass::layout::TensorNHWC, cutlass::transform::PitchLinearWarpRakedThreadMap<cutlass::PitchLinearShape<(int)128, (int)128>, (int)128, cutlass::PitchLinearShape<(int)4, (int)8>, (int)32>, cutlass::AlignedArray<cutlass::integer_subbyte<(int)4, (bool)1>, (int)32, (int)16>>, cutlass::transform::threadblock::RegularTileAccessIterator<cutlass::MatrixShape<(int)128, (int)128>, cutlass::integer_subbyte<(int)4, (bool)1>, cutlass::layout::RowMajorTensorOpMultiplicandCrosswise<(int)4, (int)128>, (int)0, cutlass::transform::PitchLinearWarpRakedThreadMap<cutlass::PitchLinearShape<(int)128, (int)128>, (int)128, cutlass::PitchLinearShape<(int)4, (int)8>, (int)32>, (int)16>, (cutlass::arch::CacheOperation::Kind)0, cutlass::conv::threadblock::Conv2dFpropFilterTileAccessIteratorOptimized<cutlass::MatrixShape<(int)128, (int)128>, cutlass::integer_subbyte<(int)4, (bool)1>, cutlass::layout::TensorNHWC, cutlass::transform::PitchLinearWarpRakedThreadMap<cutlass::PitchLinearShape<(int)128, (int)128>, (int)128, cutlass::PitchLinearShape<(int)4, (int)8>, (int)32>, cutlass::AlignedArray<cutlass::integer_subbyte<(int)4, (bool)1>, (int)32, (int)16>, (bool)0>, cutlass::transform::threadblock::RegularTileAccessIterator<cutlass::MatrixShape<(int)128, (int)128>, cutlass::integer_subbyte<(int)4, (bool)1>, cutlass::layout::ColumnMajorTensorOpMultiplicandCrosswise<(int)4, (int)128>, (int)1, cutlass::transform::PitchLinearWarpRakedThreadMap<cutlass::PitchLinearShape<(int)128, (int)128>, (int)128, cutlass::PitchLinearShape<(int)4, (int)8>, (int)32>, (int)16>, (cutlass::arch::CacheOperation::Kind)1, cutlass::gemm::threadblock::MmaPolicy<cutlass::gemm::warp::MmaTensorOp<cutlass::gemm::GemmShape<(int)64, (int)64, (int)128>, cutlass::integer_subbyte<(int)4, (bool)1>, cutlass::layout::RowMajorTensorOpMultiplicandCrosswise<(int)4, (int)128>, cutlass::integer_subbyte<(int)4, (bool)1>, cutlass::layout::ColumnMajorTensorOpMultiplicandCrosswise<(int)4, (int)128>, int, cutlass::layout::RowMajor, cutlass::gemm::warp::MmaTensorOpPolicy<cutlass::arch::Mma<cutlass::gemm::GemmShape<(int)16, (int)8, (int)64>, (int)32, cutlass::integer_subbyte<(int)4, (bool)1>, cutlass::layout::RowMajor, cutlass::integer_subbyte<(int)4, (bool)1>, cutlass::layout::ColumnMajor, int, cutlass::layout::RowMajor, cutlass::arch::OpMultiplyAddSaturate>, cutlass::MatrixShape<(int)1, (int)1>>, (int)1, (bool)0, bool>, cutlass::MatrixShape<(int)0, (int)0>, cutlass::MatrixShape<(int)0, (int)0>, (int)1>, (int)3, bool>, cutlass::epilogue::threadblock::EpilogueWithVisitorCallbacks<cutlass::epilogue::threadblock::Epilogue<cutlass::gemm::GemmShape<(int)128, (int)128, (int)128>, cutlass::gemm::warp::MmaTensorOp<cutlass::gemm::GemmShape<(int)64, (int)64, (int)128>, cutlass::integer_subbyte<(int)4, (bool)1>, cutlass::layout::RowMajorTensorOpMultiplicandCrosswise<(int)4, (int)128>, cutlass::integer_subbyte<(int)4, (bool)1>, cutlass::layout::ColumnMajorTensorOpMultiplicandCrosswise<(int)4, (int)128>, int, cutlass::layout::RowMajor, cutlass::gemm::warp::MmaTensorOpPolicy<cutlass::arch::Mma<cutlass::gemm::GemmShape<(int)16, (int)8, (int)64>, (int)32, cutlass::integer_subbyte<(int)4, (bool)1>, cutlass::layout::RowMajor, cutlass::integer_subbyte<(int)4, (bool)1>, cutlass::layout::ColumnMajor, int, cutlass::layout::RowMajor, cutlass::arch::OpMultiplyAddSaturate>, cutlass::MatrixShape<(int)1, (int)1>>, (int)1, (bool)0, bool>, (int)1, cutlass::epilogue::threadblock::PredicatedTileIteratorConv<cutlass::epilogue::threadblock::OutputTileOptimalThreadMap<cutlass::epilogue::threadblock::OutputTileShape<(int)128, (int)8, (int)2, (int)1, (int)1>, cutlass::epilogue::threadblock::OutputTileShape<(int)1, (int)8, (int)1, (int)1, (int)8>, (int)128, (int)8, (int)16>, cutlass::half_t, (bool)0, cutlass::layout::NoPermute, (bool)0, (int)4>, cutlass::epilogue::warp::FragmentIteratorTensorOp<cutlass::gemm::GemmShape<(int)64, (int)64, (int)128>, cutlass::gemm::GemmShape<(int)16, (int)8, (int)64>, int, cutlass::Array<int, (int)4, (bool)1>, cutlass::layout::RowMajor>, cutlass::epilogue::warp::TileIteratorTensorOpMixed<cutlass::gemm::GemmShape<(int)64, (int)64, (int)128>, cutlass::gemm::GemmShape<(int)16, (int)8, (int)64>, int, (int)32, (int)16, (int)8, (int)8, (bool)0>, cutlass::epilogue::threadblock::SharedLoadIteratorMixed<cutlass::epilogue::threadblock::OutputTileOptimalThreadMap<cutlass::epilogue::threadblock::OutputTileShape<(int)128, (int)8, (int)2, (int)1, (int)1>, cutlass::epilogue::threadblock::OutputTileShape<(int)1, (int)8, (int)1, (int)1, (int)8>, (int)128, (int)8, (int)16>::CompactedThreadMap, int, (int)32, (int)16, (int)8, (int)8, (bool)0>, cutlass::epilogue::thread::LinearCombination<cutlass::half_t, (int)8, int, float, (cutlass::epilogue::thread::ScaleType::Kind)0, (cutlass::FloatRoundStyle)2, cutlass::half_t>, cutlass::MatrixShape<(int)0, (int)8>, (int)2, (int)1>, cutlass::epilogue::threadblock::TreeVisitor2x<cutlass::epilogue::threadblock::VisitorAuxStore<cutlass::epilogue::threadblock::OutputTileThreadLayout<cutlass::gemm::GemmShape<(int)128, (int)128, (int)128>, cutlass::gemm::GemmShape<(int)64, (int)64, (int)128>, cutlass::half_t, (int)8, (int)1>, cutlass::half_t, (cutlass::FloatRoundStyle)2, cute::tuple<long, cute::C<(int)1>, long>>, cutlass::epilogue::threadblock::TreeVisitor2x<cutlass::epilogue::threadblock::VisitorCompute<cutlass::plus, float, float, (cutlass::FloatRoundStyle)2, void>, cutlass::epilogue::threadblock::TreeVisitor2x<cutlass::epilogue::threadblock::VisitorCompute<cutlass::multiplies, float, float, (cutlass::FloatRoundStyle)2, void>, cutlass::epilogue::threadblock::TreeVisitor2x<cutlass::epilogue::threadblock::VisitorCompute<cutlass::multiplies, float, float, (cutlass::FloatRoundStyle)2, void>, cutlass::epilogue::threadblock::VisitorAccFetch, cutlass::epilogue::threadblock::VisitorScalarBroadcast<float, cute::tuple<cute::C<(int)0>, cute::C<(int)0>, cute::C<(int)0>>, (int)1, cutlass::multiplies>>, cutlass::epilogue::threadblock::VisitorRowBroadcast<cutlass::epilogue::threadblock::OutputTileThreadLayout<cutlass::gemm::GemmShape<(int)128, (int)128, (int)128>, cutlass::gemm::GemmShape<(int)64, (int)64, (int)128>, cutlass::half_t, (int)8, (int)1>, float, cute::tuple<cute::C<(int)0>, cute::C<(int)1>, int>, (bool)1>>, cutlass::epilogue::threadblock::VisitorRowBroadcast<cutlass::epilogue::threadblock::OutputTileThreadLayout<cutlass::gemm::GemmShape<(int)128, (int)128, (int)128>, cutlass::gemm::GemmShape<(int)64, (int)64, (int)128>, cutlass::half_t, (int)8, (int)1>, float, cute::tuple<cute::C<(int)0>, cute::C<(int)1>, int>, (bool)1>>>, (int)1, (int)1>, cutlass::gemm::threadblock::GemmIdentityThreadblockSwizzle<(int)1>, (cutlass::conv::Operator)0, cutlass::conv::Conv2dProblemSize>>(T1::Params)",2920951.0
L|resblock_updown|C384|T256,"void at::native::unrolled_elementwise_kernel<at::native::direct_copy_kernel_cuda(at::TensorIteratorBase &)::[lambda() (instance 3)]::operator ()() const::[lambda() (instance 7)]::operator ()() const::[lambda(float) (instance 1)], at::detail::Array<char *, (int)2>, TrivialOffsetCalculator<(int)1, unsigned int>, TrivialOffsetCalculator<(int)1, unsigned int>, at::native::memory::LoadWithCast<(int)1>, at::native::memory::StoreWithCast<(int)1>>(int, T1, T2, T3, T4, T5, T6)",2698327.0
L|resblock_updown|C384|T64,"void at::native::unrolled_elementwise_kernel<at::native::direct_copy_kernel_cuda(at::TensorIteratorBase &)::[lambda() (instance 3)]::operator ()() const::[lambda() (instance 10)]::operator ()() const::[lambda(c10::Half) (instance 1)], at::detail::Array<char *, (int)2>, TrivialOffsetCalculator<(int)1, unsigned int>, TrivialOffsetCalculator<(int)1, unsigned int>, at::native::memory::LoadWithCast<(int)1>, at::native::memory::StoreWithCast<(int)1>>(int, T1, T2, T3, T4, T5, T6)",2691541.0
L|resblock_plain|C1536|T4,"void group_norm_silu_quantize_pack_nhwc_vec2_kernel<__half, (bool)0>(const T1 *, signed char *, const T1 *, const T1 *, const T1 *, const T1 *, const float *, const float *, int, long, int, float, bool, int)",2665301.0
L|resblock_updown|C384|T256,"void at::native::<unnamed>::avg_pool2d_out_cuda_frame_nhwc<c10::Half, float>(int, const T1 *, long, long, long, int, int, int, int, int, int, int, int, T1 *, int, bool, bool)",2664342.0
L|resblock_plain|C768|T64,"void cutlass::Kernel<modiff::ImplicitGemmConvolutionEVT<cutlass::conv::threadblock::ImplicitGemmMultistage<cutlass::gemm::GemmShape<(int)128, (int)128, (int)128>, cutlass::conv::threadblock::Conv2dFpropActivationTileAccessIteratorOptimized<cutlass::MatrixShape<(int)128, (int)128>, cutlass::integer_subbyte<(int)4, (bool)1>, cutlass::layout::TensorNHWC, cutlass::transform::PitchLinearWarpRakedThreadMap<cutlass::PitchLinearShape<(int)128, (int)128>, (int)128, cutlass::PitchLinearShape<(int)4, (int)8>, (int)32>, cutlass::AlignedArray<cutlass::integer_subbyte<(int)4, (bool)1>, (int)32, (int)16>>, cutlass::transform::threadblock::RegularTileAccessIterator<cutlass::MatrixShape<(int)128, (int)128>, cutlass::integer_subbyte<(int)4, (bool)1>, cutlass::layout::RowMajorTensorOpMultiplicandCrosswise<(int)4, (int)128>, (int)0, cutlass::transform::PitchLinearWarpRakedThreadMap<cutlass::PitchLinearShape<(int)128, (int)128>, (int)128, cutlass::PitchLinearShape<(int)4, (int)8>, (int)32>, (int)16>, (cutlass::arch::CacheOperation::Kind)0, cutlass::conv::threadblock::Conv2dFpropFilterTileAccessIteratorOptimized<cutlass::MatrixShape<(int)128, (int)128>, cutlass::integer_subbyte<(int)4, (bool)1>, cutlass::layout::TensorNHWC, cutlass::transform::PitchLinearWarpRakedThreadMap<cutlass::PitchLinearShape<(int)128, (int)128>, (int)128, cutlass::PitchLinearShape<(int)4, (int)8>, (int)32>, cutlass::AlignedArray<cutlass::integer_subbyte<(int)4, (bool)1>, (int)32, (int)16>, (bool)0>, cutlass::transform::threadblock::RegularTileAccessIterator<cutlass::MatrixShape<(int)128, (int)128>, cutlass::integer_subbyte<(int)4, (bool)1>, cutlass::layout::ColumnMajorTensorOpMultiplicandCrosswise<(int)4, (int)128>, (int)1, cutlass::transform::PitchLinearWarpRakedThreadMap<cutlass::PitchLinearShape<(int)128, (int)128>, (int)128, cutlass::PitchLinearShape<(int)4, (int)8>, (int)32>, (int)16>, (cutlass::arch::CacheOperation::Kind)1, cutlass::gemm::threadblock::MmaPolicy<cutlass::gemm::warp::MmaTensorOp<cutlass::gemm::GemmShape<(int)64, (int)64, (int)128>, cutlass::integer_subbyte<(int)4, (bool)1>, cutlass::layout::RowMajorTensorOpMultiplicandCrosswise<(int)4, (int)128>, cutlass::integer_subbyte<(int)4, (bool)1>, cutlass::layout::ColumnMajorTensorOpMultiplicandCrosswise<(int)4, (int)128>, int, cutlass::layout::RowMajor, cutlass::gemm::warp::MmaTensorOpPolicy<cutlass::arch::Mma<cutlass::gemm::GemmShape<(int)16, (int)8, (int)64>, (int)32, cutlass::integer_subbyte<(int)4, (bool)1>, cutlass::layout::RowMajor, cutlass::integer_subbyte<(int)4, (bool)1>, cutlass::layout::ColumnMajor, int, cutlass::layout::RowMajor, cutlass::arch::OpMultiplyAddSaturate>, cutlass::MatrixShape<(int)1, (int)1>>, (int)1, (bool)0, bool>, cutlass::MatrixShape<(int)0, (int)0>, cutlass::MatrixShape<(int)0, (int)0>, (int)1>, (int)3, bool>, cutlass::epilogue::threadblock::EpilogueWithVisitorCallbacks<cutlass::epilogue::threadblock::Epilogue<cutlass::gemm::GemmShape<(int)128, (int)128, (int)128>, cutlass::gemm::warp::MmaTensorOp<cutlass::gemm::GemmShape<(int)64, (int)64, (int)128>, cutlass::integer_subbyte<(int)4, (bool)1>, cutlass::layout::RowMajorTensorOpMultiplicandCrosswise<(int)4, (int)128>, cutlass::integer_subbyte<(int)4, (bool)1>, cutlass::layout::ColumnMajorTensorOpMultiplicandCrosswise<(int)4, (int)128>, int, cutlass::layout::RowMajor, cutlass::gemm::warp::MmaTensorOpPolicy<cutlass::arch::Mma<cutlass::gemm::GemmShape<(int)16, (int)8, (int)64>, (int)32, cutlass::integer_subbyte<(int)4, (bool)1>, cutlass::layout::RowMajor, cutlass::integer_subbyte<(int)4, (bool)1>, cutlass::layout::ColumnMajor, int, cutlass::layout::RowMajor, cutlass::arch::OpMultiplyAddSaturate>, cutlass::MatrixShape<(int)1, (int)1>>, (int)1, (bool)0, bool>, (int)1, cutlass::epilogue::threadblock::PredicatedTileIteratorConv<cutlass::epilogue::threadblock::OutputTileOptimalThreadMap<cutlass::epilogue::threadblock::OutputTileShape<(int)128, (int)8, (int)2, (int)1, (int)1>, cutlass::epilogue::threadblock::OutputTileShape<(int)1, (int)8, (int)1, (int)1, (int)8>, (int)128, (int)8, (int)16>, cutlass::half_t, (bool)0, cutlass::layout::NoPermute, (bool)0, (int)4>, cutlass::epilogue::warp::FragmentIteratorTensorOp<cutlass::gemm::GemmShape<(int)64, (int)64, (int)128>, cutlass::gemm::GemmShape<(int)16, (int)8, (int)64>, int, cutlass::Array<int, (int)4, (bool)1>, cutlass::layout::RowMajor>, cutlass::epilogue::warp::TileIteratorTensorOpMixed<cutlass::gemm::GemmShape<(int)64, (int)64, (int)128>, cutlass::gemm::GemmShape<(int)16, (int)8, (int)64>, int, (int)32, (int)16, (int)8, (int)8, (bool)0>, cutlass::epilogue::threadblock::SharedLoadIteratorMixed<cutlass::epilogue::threadblock::OutputTileOptimalThreadMap<cutlass::epilogue::threadblock::OutputTileShape<(int)128, (int)8, (int)2, (int)1, (int)1>, cutlass::epilogue::threadblock::OutputTileShape<(int)1, (int)8, (int)1, (int)1, (int)8>, (int)128, (int)8, (int)16>::CompactedThreadMap, int, (int)32, (int)16, (int)8, (int)8, (bool)0>, cutlass::epilogue::thread::LinearCombination<cutlass::half_t, (int)8, int, float, (cutlass::epilogue::thread::ScaleType::Kind)0, (cutlass::FloatRoundStyle)2, cutlass::half_t>, cutlass::MatrixShape<(int)0, (int)8>, (int)2, (int)1>, cutlass::epilogue::threadblock::TreeVisitor2x<cutlass::epilogue::threadblock::VisitorAuxStore<cutlass::epilogue::threadblock::OutputTileThreadLayout<cutlass::gemm::GemmShape<(int)128, (int)128, (int)128>, cutlass::gemm::GemmShape<(int)64, (int)64, (int)128>, cutlass::half_t, (int)8, (int)1>, cutlass::half_t, (cutlass::FloatRoundStyle)2, cute::tuple<long, cute::C<(int)1>, long>>, cutlass::epilogue::threadblock::TreeVisitor2x<cutlass::epilogue::threadblock::VisitorCompute<cutlass::plus, float, float, (cutlass::FloatRoundStyle)2, void>, cutlass::epilogue::threadblock::TreeVisitor2x<cutlass::epilogue::threadblock::VisitorCompute<cutlass::plus, float, float, (cutlass::FloatRoundStyle)2, void>, cutlass::epilogue::threadblock::TreeVisitor2x<cutlass::epilogue::threadblock::VisitorCompute<cutlass::multiplies, float, float, (cutlass::FloatRoundStyle)2, void>, cutlass::epilogue::threadblock::TreeVisitor2x<cutlass::epilogue::threadblock::VisitorCompute<cutlass::multiplies, float, float, (cutlass::FloatRoundStyle)2, void>, cutlass::epilogue::threadblock::VisitorAccFetch, cutlass::epilogue::threadblock::VisitorScalarBroadcast<float, cute::tuple<cute::C<(int)0>, cute::C<(int)0>, cute::C<(int)0>>, (int)1, cutlass::multiplies>>, cutlass::epilogue::threadblock::VisitorRowBroadcast<cutlass::epilogue::threadblock::OutputTileThreadLayout<cutlass::gemm::GemmShape<(int)128, (int)128, (int)128>, cutlass::gemm::GemmShape<(int)64, (int)64, (int)128>, cutlass::half_t, (int)8, (int)1>, float, cute::tuple<cute::C<(int)0>, cute::C<(int)1>, int>, (bool)1>>, cutlass::epilogue::threadblock::VisitorRowBroadcast<cutlass::epilogue::threadblock::OutputTileThreadLayout<cutlass::gemm::GemmShape<(int)128, (int)128, (int)128>, cutlass::gemm::GemmShape<(int)64, (int)64, (int)128>, cutlass::half_t, (int)8, (int)1>, float, cute::tuple<cute::C<(int)0>, cute::C<(int)1>, int>, (bool)1>>, cutlass::epilogue::threadblock::VisitorAuxLoad<cutlass::epilogue::threadblock::OutputTileThreadLayout<cutlass::gemm::GemmShape<(int)128, (int)128, (int)128>, cutlass::gemm::GemmShape<(int)64, (int)64, (int)128>, cutlass::half_t, (int)8, (int)1>, cutlass::half_t, cute::tuple<long, cute::C<(int)1>, long>>>>, (int)1, (int)1>, cutlass::gemm::threadblock::GemmIdentityThreadblockSwizzle<(int)1>, (cutlass::conv::Operator)0, cutlass::conv::Conv2dProblemSize>>(T1::Params)",2661399.0
L|resblock_plain|C384|T64,"void cutlass::Kernel<modiff::ImplicitGemmConvolutionEVT<cutlass::conv::threadblock::ImplicitGemmMultistage<cutlass::gemm::GemmShape<(int)128, (int)128, (int)128>, cutlass::conv::threadblock::Conv2dFpropActivationTileAccessIteratorOptimized<cutlass::MatrixShape<(int)128, (int)128>, cutlass::integer_subbyte<(int)4, (bool)1>, cutlass::layout::TensorNHWC, cutlass::transform::PitchLinearWarpRakedThreadMap<cutlass::PitchLinearShape<(int)128, (int)128>, (int)128, cutlass::PitchLinearShape<(int)4, (int)8>, (int)32>, cutlass::AlignedArray<cutlass::integer_subbyte<(int)4, (bool)1>, (int)32, (int)16>>, cutlass::transform::threadblock::RegularTileAccessIterator<cutlass::MatrixShape<(int)128, (int)128>, cutlass::integer_subbyte<(int)4, (bool)1>, cutlass::layout::RowMajorTensorOpMultiplicandCrosswise<(int)4, (int)128>, (int)0, cutlass::transform::PitchLinearWarpRakedThreadMap<cutlass::PitchLinearShape<(int)128, (int)128>, (int)128, cutlass::PitchLinearShape<(int)4, (int)8>, (int)32>, (int)16>, (cutlass::arch::CacheOperation::Kind)0, cutlass::conv::threadblock::Conv2dFpropFilterTileAccessIteratorOptimized<cutlass::MatrixShape<(int)128, (int)128>, cutlass::integer_subbyte<(int)4, (bool)1>, cutlass::layout::TensorNHWC, cutlass::transform::PitchLinearWarpRakedThreadMap<cutlass::PitchLinearShape<(int)128, (int)128>, (int)128, cutlass::PitchLinearShape<(int)4, (int)8>, (int)32>, cutlass::AlignedArray<cutlass::integer_subbyte<(int)4, (bool)1>, (int)32, (int)16>, (bool)0>, cutlass::transform::threadblock::RegularTileAccessIterator<cutlass::MatrixShape<(int)128, (int)128>, cutlass::integer_subbyte<(int)4, (bool)1>, cutlass::layout::ColumnMajorTensorOpMultiplicandCrosswise<(int)4, (int)128>, (int)1, cutlass::transform::PitchLinearWarpRakedThreadMap<cutlass::PitchLinearShape<(int)128, (int)128>, (int)128, cutlass::PitchLinearShape<(int)4, (int)8>, (int)32>, (int)16>, (cutlass::arch::CacheOperation::Kind)1, cutlass::gemm::threadblock::MmaPolicy<cutlass::gemm::warp::MmaTensorOp<cutlass::gemm::GemmShape<(int)64, (int)64, (int)128>, cutlass::integer_subbyte<(int)4, (bool)1>, cutlass::layout::RowMajorTensorOpMultiplicandCrosswise<(int)4, (int)128>, cutlass::integer_subbyte<(int)4, (bool)1>, cutlass::layout::ColumnMajorTensorOpMultiplicandCrosswise<(int)4, (int)128>, int, cutlass::layout::RowMajor, cutlass::gemm::warp::MmaTensorOpPolicy<cutlass::arch::Mma<cutlass::gemm::GemmShape<(int)16, (int)8, (int)64>, (int)32, cutlass::integer_subbyte<(int)4, (bool)1>, cutlass::layout::RowMajor, cutlass::integer_subbyte<(int)4, (bool)1>, cutlass::layout::ColumnMajor, int, cutlass::layout::RowMajor, cutlass::arch::OpMultiplyAddSaturate>, cutlass::MatrixShape<(int)1, (int)1>>, (int)1, (bool)0, bool>, cutlass::MatrixShape<(int)0, (int)0>, cutlass::MatrixShape<(int)0, (int)0>, (int)1>, (int)3, bool>, cutlass::epilogue::threadblock::EpilogueWithVisitorCallbacks<cutlass::epilogue::threadblock::Epilogue<cutlass::gemm::GemmShape<(int)128, (int)128, (int)128>, cutlass::gemm::warp::MmaTensorOp<cutlass::gemm::GemmShape<(int)64, (int)64, (int)128>, cutlass::integer_subbyte<(int)4, (bool)1>, cutlass::layout::RowMajorTensorOpMultiplicandCrosswise<(int)4, (int)128>, cutlass::integer_subbyte<(int)4, (bool)1>, cutlass::layout::ColumnMajorTensorOpMultiplicandCrosswise<(int)4, (int)128>, int, cutlass::layout::RowMajor, cutlass::gemm::warp::MmaTensorOpPolicy<cutlass::arch::Mma<cutlass::gemm::GemmShape<(int)16, (int)8, (int)64>, (int)32, cutlass::integer_subbyte<(int)4, (bool)1>, cutlass::layout::RowMajor, cutlass::integer_subbyte<(int)4, (bool)1>, cutlass::layout::ColumnMajor, int, cutlass::layout::RowMajor, cutlass::arch::OpMultiplyAddSaturate>, cutlass::MatrixShape<(int)1, (int)1>>, (int)1, (bool)0, bool>, (int)1, cutlass::epilogue::threadblock::PredicatedTileIteratorConv<cutlass::epilogue::threadblock::OutputTileOptimalThreadMap<cutlass::epilogue::threadblock::OutputTileShape<(int)128, (int)8, (int)2, (int)1, (int)1>, cutlass::epilogue::threadblock::OutputTileShape<(int)1, (int)8, (int)1, (int)1, (int)8>, (int)128, (int)8, (int)16>, cutlass::half_t, (bool)0, cutlass::layout::NoPermute, (bool)0, (int)4>, cutlass::epilogue::warp::FragmentIteratorTensorOp<cutlass::gemm::GemmShape<(int)64, (int)64, (int)128>, cutlass::gemm::GemmShape<(int)16, (int)8, (int)64>, int, cutlass::Array<int, (int)4, (bool)1>, cutlass::layout::RowMajor>, cutlass::epilogue::warp::TileIteratorTensorOpMixed<cutlass::gemm::GemmShape<(int)64, (int)64, (int)128>, cutlass::gemm::GemmShape<(int)16, (int)8, (int)64>, int, (int)32, (int)16, (int)8, (int)8, (bool)0>, cutlass::epilogue::threadblock::SharedLoadIteratorMixed<cutlass::epilogue::threadblock::OutputTileOptimalThreadMap<cutlass::epilogue::threadblock::OutputTileShape<(int)128, (int)8, (int)2, (int)1, (int)1>, cutlass::epilogue::threadblock::OutputTileShape<(int)1, (int)8, (int)1, (int)1, (int)8>, (int)128, (int)8, (int)16>::CompactedThreadMap, int, (int)32, (int)16, (int)8, (int)8, (bool)0>, cutlass::epilogue::thread::LinearCombination<cutlass::half_t, (int)8, int, float, (cutlass::epilogue::thread::ScaleType::Kind)0, (cutlass::FloatRoundStyle)2, cutlass::half_t>, cutlass::MatrixShape<(int)0, (int)8>, (int)2, (int)1>, cutlass::epilogue::threadblock::TreeVisitor2x<cutlass::epilogue::threadblock::VisitorAuxStore<cutlass::epilogue::threadblock::OutputTileThreadLayout<cutlass::gemm::GemmShape<(int)128, (int)128, (int)128>, cutlass::gemm::GemmShape<(int)64, (int)64, (int)128>, cutlass::half_t, (int)8, (int)1>, cutlass::half_t, (cutlass::FloatRoundStyle)2, cute::tuple<long, cute::C<(int)1>, long>>, cutlass::epilogue::threadblock::TreeVisitor2x<cutlass::epilogue::threadblock::VisitorCompute<cutlass::plus, float, float, (cutlass::FloatRoundStyle)2, void>, cutlass::epilogue::threadblock::TreeVisitor2x<cutlass::epilogue::threadblock::VisitorCompute<cutlass::plus, float, float, (cutlass::FloatRoundStyle)2, void>, cutlass::epilogue::threadblock::TreeVisitor2x<cutlass::epilogue::threadblock::VisitorCompute<cutlass::multiplies, float, float, (cutlass::FloatRoundStyle)2, void>, cutlass::epilogue::threadblock::TreeVisitor2x<cutlass::epilogue::threadblock::VisitorCompute<cutlass::multiplies, float, float, (cutlass::FloatRoundStyle)2, void>, cutlass::epilogue::threadblock::VisitorAccFetch, cutlass::epilogue::threadblock::VisitorScalarBroadcast<float, cute::tuple<cute::C<(int)0>, cute::C<(int)0>, cute::C<(int)0>>, (int)1, cutlass::multiplies>>, cutlass::epilogue::threadblock::VisitorRowBroadcast<cutlass::epilogue::threadblock::OutputTileThreadLayout<cutlass::gemm::GemmShape<(int)128, (int)128, (int)128>, cutlass::gemm::GemmShape<(int)64, (int)64, (int)128>, cutlass::half_t, (int)8, (int)1>, float, cute::tuple<cute::C<(int)0>, cute::C<(int)1>, int>, (bool)1>>, cutlass::epilogue::threadblock::VisitorRowBroadcast<cutlass::epilogue::threadblock::OutputTileThreadLayout<cutlass::gemm::GemmShape<(int)128, (int)128, (int)128>, cutlass::gemm::GemmShape<(int)64, (int)64, (int)128>, cutlass::half_t, (int)8, (int)1>, float, cute::tuple<cute::C<(int)0>, cute::C<(int)1>, int>, (bool)1>>, cutlass::epilogue::threadblock::VisitorAuxLoad<cutlass::epilogue::threadblock::OutputTileThreadLayout<cutlass::gemm::GemmShape<(int)128, (int)128, (int)128>, cutlass::gemm::GemmShape<(int)64, (int)64, (int)128>, cutlass::half_t, (int)8, (int)1>, cutlass::half_t, cute::tuple<long, cute::C<(int)1>, long>>>>, (int)1, (int)1>, cutlass::gemm::threadblock::GemmIdentityThreadblockSwizzle<(int)1>, (cutlass::conv::Operator)0, cutlass::conv::Conv2dProblemSize>>(T1::Params)",2639153.0
L|resblock_plain|C768|T16,"void group_norm_silu_quantize_pack_nhwc_vec2_kernel<__half, (bool)0>(const T1 *, signed char *, const T1 *, const T1 *, const T1 *, const T1 *, const float *, const float *, int, long, int, float, bool, int)",2493810.0
L|resblock_plain|C768|T4,"void group_norm_silu_quantize_pack_nhwc_vec2_kernel<__half, (bool)0>(const T1 *, signed char *, const T1 *, const T1 *, const T1 *, const T1 *, const float *, const float *, int, long, int, float, bool, int)",2492248.0
L|resblock_plain|C384|T64,"void cutlass::Kernel<modiff::ImplicitGemmConvolutionEVT<cutlass::conv::threadblock::ImplicitGemmMultistage<cutlass::gemm::GemmShape<(int)128, (int)128, (int)128>, cutlass::conv::threadblock::Conv2dFpropActivationTileAccessIteratorOptimized<cutlass::MatrixShape<(int)128, (int)128>, cutlass::integer_subbyte<(int)4, (bool)1>, cutlass::layout::TensorNHWC, cutlass::transform::PitchLinearWarpRakedThreadMap<cutlass::PitchLinearShape<(int)128, (int)128>, (int)128, cutlass::PitchLinearShape<(int)4, (int)8>, (int)32>, cutlass::AlignedArray<cutlass::integer_subbyte<(int)4, (bool)1>, (int)32, (int)16>>, cutlass::transform::threadblock::RegularTileAccessIterator<cutlass::MatrixShape<(int)128, (int)128>, cutlass::integer_subbyte<(int)4, (bool)1>, cutlass::layout::RowMajorTensorOpMultiplicandCrosswise<(int)4, (int)128>, (int)0, cutlass::transform::PitchLinearWarpRakedThreadMap<cutlass::PitchLinearShape<(int)128, (int)128>, (int)128, cutlass::PitchLinearShape<(int)4, (int)8>, (int)32>, (int)16>, (cutlass::arch::CacheOperation::Kind)0, cutlass::conv::threadblock::Conv2dFpropFilterTileAccessIteratorOptimized<cutlass::MatrixShape<(int)128, (int)128>, cutlass::integer_subbyte<(int)4, (bool)1>, cutlass::layout::TensorNHWC, cutlass::transform::PitchLinearWarpRakedThreadMap<cutlass::PitchLinearShape<(int)128, (int)128>, (int)128, cutlass::PitchLinearShape<(int)4, (int)8>, (int)32>, cutlass::AlignedArray<cutlass::integer_subbyte<(int)4, (bool)1>, (int)32, (int)16>, (bool)0>, cutlass::transform::threadblock::RegularTileAccessIterator<cutlass::MatrixShape<(int)128, (int)128>, cutlass::integer_subbyte<(int)4, (bool)1>, cutlass::layout::ColumnMajorTensorOpMultiplicandCrosswise<(int)4, (int)128>, (int)1, cutlass::transform::PitchLinearWarpRakedThreadMap<cutlass::PitchLinearShape<(int)128, (int)128>, (int)128, cutlass::PitchLinearShape<(int)4, (int)8>, (int)32>, (int)16>, (cutlass::arch::CacheOperation::Kind)1, cutlass::gemm::threadblock::MmaPolicy<cutlass::gemm::warp::MmaTensorOp<cutlass::gemm::GemmShape<(int)64, (int)64, (int)128>, cutlass::integer_subbyte<(int)4, (bool)1>, cutlass::layout::RowMajorTensorOpMultiplicandCrosswise<(int)4, (int)128>, cutlass::integer_subbyte<(int)4, (bool)1>, cutlass::layout::ColumnMajorTensorOpMultiplicandCrosswise<(int)4, (int)128>, int, cutlass::layout::RowMajor, cutlass::gemm::warp::MmaTensorOpPolicy<cutlass::arch::Mma<cutlass::gemm::GemmShape<(int)16, (int)8, (int)64>, (int)32, cutlass::integer_subbyte<(int)4, (bool)1>, cutlass::layout::RowMajor, cutlass::integer_subbyte<(int)4, (bool)1>, cutlass::layout::ColumnMajor, int, cutlass::layout::RowMajor, cutlass::arch::OpMultiplyAddSaturate>, cutlass::MatrixShape<(int)1, (int)1>>, (int)1, (bool)0, bool>, cutlass::MatrixShape<(int)0, (int)0>, cutlass::MatrixShape<(int)0, (int)0>, (int)1>, (int)3, bool>, cutlass::epilogue::threadblock::EpilogueWithVisitorCallbacks<cutlass::epilogue::threadblock::Epilogue<cutlass::gemm::GemmShape<(int)128, (int)128, (int)128>, cutlass::gemm::warp::MmaTensorOp<cutlass::gemm::GemmShape<(int)64, (int)64, (int)128>, cutlass::integer_subbyte<(int)4, (bool)1>, cutlass::layout::RowMajorTensorOpMultiplicandCrosswise<(int)4, (int)128>, cutlass::integer_subbyte<(int)4, (bool)1>, cutlass::layout::ColumnMajorTensorOpMultiplicandCrosswise<(int)4, (int)128>, int, cutlass::layout::RowMajor, cutlass::gemm::warp::MmaTensorOpPolicy<cutlass::arch::Mma<cutlass::gemm::GemmShape<(int)16, (int)8, (int)64>, (int)32, cutlass::integer_subbyte<(int)4, (bool)1>, cutlass::layout::RowMajor, cutlass::integer_subbyte<(int)4, (bool)1>, cutlass::layout::ColumnMajor, int, cutlass::layout::RowMajor, cutlass::arch::OpMultiplyAddSaturate>, cutlass::MatrixShape<(int)1, (int)1>>, (int)1, (bool)0, bool>, (int)1, cutlass::epilogue::threadblock::PredicatedTileIteratorConv<cutlass::epilogue::threadblock::OutputTileOptimalThreadMap<cutlass::epilogue::threadblock::OutputTileShape<(int)128, (int)8, (int)2, (int)1, (int)1>, cutlass::epilogue::threadblock::OutputTileShape<(int)1, (int)8, (int)1, (int)1, (int)8>, (int)128, (int)8, (int)16>, cutlass::half_t, (bool)0, cutlass::layout::NoPermute, (bool)0, (int)4>, cutlass::epilogue::warp::FragmentIteratorTensorOp<cutlass::gemm::GemmShape<(int)64, (int)64, (int)128>, cutlass::gemm::GemmShape<(int)16, (int)8, (int)64>, int, cutlass::Array<int, (int)4, (bool)1>, cutlass::layout::RowMajor>, cutlass::epilogue::warp::TileIteratorTensorOpMixed<cutlass::gemm::GemmShape<(int)64, (int)64, (int)128>, cutlass::gemm::GemmShape<(int)16, (int)8, (int)64>, int, (int)32, (int)16, (int)8, (int)8, (bool)0>, cutlass::epilogue::threadblock::SharedLoadIteratorMixed<cutlass::epilogue::threadblock::OutputTileOptimalThreadMap<cutlass::epilogue::threadblock::OutputTileShape<(int)128, (int)8, (int)2, (int)1, (int)1>, cutlass::epilogue::threadblock::OutputTileShape<(int)1, (int)8, (int)1, (int)1, (int)8>, (int)128, (int)8, (int)16>::CompactedThreadMap, int, (int)32, (int)16, (int)8, (int)8, (bool)0>, cutlass::epilogue::thread::LinearCombination<cutlass::half_t, (int)8, int, float, (cutlass::epilogue::thread::ScaleType::Kind)0, (cutlass::FloatRoundStyle)2, cutlass::half_t>, cutlass::MatrixShape<(int)0, (int)8>, (int)2, (int)1>, cutlass::epilogue::threadblock::TreeVisitor2x<cutlass::epilogue::threadblock::VisitorAuxStore<cutlass::epilogue::threadblock::OutputTileThreadLayout<cutlass::gemm::GemmShape<(int)128, (int)128, (int)128>, cutlass::gemm::GemmShape<(int)64, (int)64, (int)128>, cutlass::half_t, (int)8, (int)1>, cutlass::half_t, (cutlass::FloatRoundStyle)2, cute::tuple<long, cute::C<(int)1>, long>>, cutlass::epilogue::threadblock::TreeVisitor2x<cutlass::epilogue::threadblock::VisitorCompute<cutlass::plus, float, float, (cutlass::FloatRoundStyle)2, void>, cutlass::epilogue::threadblock::TreeVisitor2x<cutlass::epilogue::threadblock::VisitorCompute<cutlass::multiplies, float, float, (cutlass::FloatRoundStyle)2, void>, cutlass::epilogue::threadblock::TreeVisitor2x<cutlass::epilogue::threadblock::VisitorCompute<cutlass::multiplies, float, float, (cutlass::FloatRoundStyle)2, void>, cutlass::epilogue::threadblock::VisitorAccFetch, cutlass::epilogue::threadblock::VisitorScalarBroadcast<float, cute::tuple<cute::C<(int)0>, cute::C<(int)0>, cute::C<(int)0>>, (int)1, cutlass::multiplies>>, cutlass::epilogue::threadblock::VisitorRowBroadcast<cutlass::epilogue::threadblock::OutputTileThreadLayout<cutlass::gemm::GemmShape<(int)128, (int)128, (int)128>, cutlass::gemm::GemmShape<(int)64, (int)64, (int)128>, cutlass::half_t, (int)8, (int)1>, float, cute::tuple<cute::C<(int)0>, cute::C<(int)1>, int>, (bool)1>>, cutlass::epilogue::threadblock::VisitorRowBroadcast<cutlass::epilogue::threadblock::OutputTileThreadLayout<cutlass::gemm::GemmShape<(int)128, (int)128, (int)128>, cutlass::gemm::GemmShape<(int)64, (int)64, (int)128>, cutlass::half_t, (int)8, (int)1>, float, cute::tuple<cute::C<(int)0>, cute::C<(int)1>, int>, (bool)1>>>, (int)1, (int)1>, cutlass::gemm::threadblock::GemmIdentityThreadblockSwizzle<(int)1>, (cutlass::conv::Operator)0, cutlass::conv::Conv2dProblemSize>>(T1::Params)",2486901.0
L|resblock_plain|C1536|T4,"void cutlass::Kernel<modiff::ImplicitGemmConvolutionEVT<cutlass::conv::threadblock::ImplicitGemmMultistage<cutlass::gemm::GemmShape<(int)128, (int)128, (int)128>, cutlass::conv::threadblock::Conv2dFpropActivationTileAccessIteratorOptimized<cutlass::MatrixShape<(int)128, (int)128>, cutlass::integer_subbyte<(int)4, (bool)1>, cutlass::layout::TensorNHWC, cutlass::transform::PitchLinearWarpRakedThreadMap<cutlass::PitchLinearShape<(int)128, (int)128>, (int)128, cutlass::PitchLinearShape<(int)4, (int)8>, (int)32>, cutlass::AlignedArray<cutlass::integer_subbyte<(int)4, (bool)1>, (int)32, (int)16>>, cutlass::transform::threadblock::RegularTileAccessIterator<cutlass::MatrixShape<(int)128, (int)128>, cutlass::integer_subbyte<(int)4, (bool)1>, cutlass::layout::RowMajorTensorOpMultiplicandCrosswise<(int)4, (int)128>, (int)0, cutlass::transform::PitchLinearWarpRakedThreadMap<cutlass::PitchLinearShape<(int)128, (int)128>, (int)128, cutlass::PitchLinearShape<(int)4, (int)8>, (int)32>, (int)16>, (cutlass::arch::CacheOperation::Kind)0, cutlass::conv::threadblock::Conv2dFpropFilterTileAccessIteratorOptimized<cutlass::MatrixShape<(int)128, (int)128>, cutlass::integer_subbyte<(int)4, (bool)1>, cutlass::layout::TensorNHWC, cutlass::transform::PitchLinearWarpRakedThreadMap<cutlass::PitchLinearShape<(int)128, (int)128>, (int)128, cutlass::PitchLinearShape<(int)4, (int)8>, (int)32>, cutlass::AlignedArray<cutlass::integer_subbyte<(int)4, (bool)1>, (int)32, (int)16>, (bool)0>, cutlass::transform::threadblock::RegularTileAccessIterator<cutlass::MatrixShape<(int)128, (int)128>, cutlass::integer_subbyte<(int)4, (bool)1>, cutlass::layout::ColumnMajorTensorOpMultiplicandCrosswise<(int)4, (int)128>, (int)1, cutlass::transform::PitchLinearWarpRakedThreadMap<cutlass::PitchLinearShape<(int)128, (int)128>, (int)128, cutlass::PitchLinearShape<(int)4, (int)8>, (int)32>, (int)16>, (cutlass::arch::CacheOperation::Kind)1, cutlass::gemm::threadblock::MmaPolicy<cutlass::gemm::warp::MmaTensorOp<cutlass::gemm::GemmShape<(int)64, (int)64, (int)128>, cutlass::integer_subbyte<(int)4, (bool)1>, cutlass::layout::RowMajorTensorOpMultiplicandCrosswise<(int)4, (int)128>, cutlass::integer_subbyte<(int)4, (bool)1>, cutlass::layout::ColumnMajorTensorOpMultiplicandCrosswise<(int)4, (int)128>, int, cutlass::layout::RowMajor, cutlass::gemm::warp::MmaTensorOpPolicy<cutlass::arch::Mma<cutlass::gemm::GemmShape<(int)16, (int)8, (int)64>, (int)32, cutlass::integer_subbyte<(int)4, (bool)1>, cutlass::layout::RowMajor, cutlass::integer_subbyte<(int)4, (bool)1>, cutlass::layout::ColumnMajor, int, cutlass::layout::RowMajor, cutlass::arch::OpMultiplyAddSaturate>, cutlass::MatrixShape<(int)1, (int)1>>, (int)1, (bool)0, bool>, cutlass::MatrixShape<(int)0, (int)0>, cutlass::MatrixShape<(int)0, (int)0>, (int)1>, (int)3, bool>, cutlass::epilogue::threadblock::EpilogueWithVisitorCallbacks<cutlass::epilogue::threadblock::Epilogue<cutlass::gemm::GemmShape<(int)128, (int)128, (int)128>, cutlass::gemm::warp::MmaTensorOp<cutlass::gemm::GemmShape<(int)64, (int)64, (int)128>, cutlass::integer_subbyte<(int)4, (bool)1>, cutlass::layout::RowMajorTensorOpMultiplicandCrosswise<(int)4, (int)128>, cutlass::integer_subbyte<(int)4, (bool)1>, cutlass::layout::ColumnMajorTensorOpMultiplicandCrosswise<(int)4, (int)128>, int, cutlass::layout::RowMajor, cutlass::gemm::warp::MmaTensorOpPolicy<cutlass::arch::Mma<cutlass::gemm::GemmShape<(int)16, (int)8, (int)64>, (int)32, cutlass::integer_subbyte<(int)4, (bool)1>, cutlass::layout::RowMajor, cutlass::integer_subbyte<(int)4, (bool)1>, cutlass::layout::ColumnMajor, int, cutlass::layout::RowMajor, cutlass::arch::OpMultiplyAddSaturate>, cutlass::MatrixShape<(int)1, (int)1>>, (int)1, (bool)0, bool>, (int)1, cutlass::epilogue::threadblock::PredicatedTileIteratorConv<cutlass::epilogue::threadblock::OutputTileOptimalThreadMap<cutlass::epilogue::threadblock::OutputTileShape<(int)128, (int)8, (int)2, (int)1, (int)1>, cutlass::epilogue::threadblock::OutputTileShape<(int)1, (int)8, (int)1, (int)1, (int)8>, (int)128, (int)8, (int)16>, cutlass::half_t, (bool)0, cutlass::layout::NoPermute, (bool)0, (int)4>, cutlass::epilogue::warp::FragmentIteratorTensorOp<cutlass::gemm::GemmShape<(int)64, (int)64, (int)128>, cutlass::gemm::GemmShape<(int)16, (int)8, (int)64>, int, cutlass::Array<int, (int)4, (bool)1>, cutlass::layout::RowMajor>, cutlass::epilogue::warp::TileIteratorTensorOpMixed<cutlass::gemm::GemmShape<(int)64, (int)64, (int)128>, cutlass::gemm::GemmShape<(int)16, (int)8, (int)64>, int, (int)32, (int)16, (int)8, (int)8, (bool)0>, cutlass::epilogue::threadblock::SharedLoadIteratorMixed<cutlass::epilogue::threadblock::OutputTileOptimalThreadMap<cutlass::epilogue::threadblock::OutputTileShape<(int)128, (int)8, (int)2, (int)1, (int)1>, cutlass::epilogue::threadblock::OutputTileShape<(int)1, (int)8, (int)1, (int)1, (int)8>, (int)128, (int)8, (int)16>::CompactedThreadMap, int, (int)32, (int)16, (int)8, (int)8, (bool)0>, cutlass::epilogue::thread::LinearCombination<cutlass::half_t, (int)8, int, float, (cutlass::epilogue::thread::ScaleType::Kind)0, (cutlass::FloatRoundStyle)2, cutlass::half_t>, cutlass::MatrixShape<(int)0, (int)8>, (int)2, (int)1>, cutlass::epilogue::threadblock::TreeVisitor2x<cutlass::epilogue::threadblock::VisitorAuxStore<cutlass::epilogue::threadblock::OutputTileThreadLayout<cutlass::gemm::GemmShape<(int)128, (int)128, (int)128>, cutlass::gemm::GemmShape<(int)64, (int)64, (int)128>, cutlass::half_t, (int)8, (int)1>, cutlass::half_t, (cutlass::FloatRoundStyle)2, cute::tuple<long, cute::C<(int)1>, long>>, cutlass::epilogue::threadblock::TreeVisitor2x<cutlass::epilogue::threadblock::VisitorCompute<cutlass::plus, float, float, (cutlass::FloatRoundStyle)2, void>, cutlass::epilogue::threadblock::TreeVisitor2x<cutlass::epilogue::threadblock::VisitorCompute<cutlass::plus, float, float, (cutlass::FloatRoundStyle)2, void>, cutlass::epilogue::threadblock::TreeVisitor2x<cutlass::epilogue::threadblock::VisitorCompute<cutlass::multiplies, float, float, (cutlass::FloatRoundStyle)2, void>, cutlass::epilogue::threadblock::TreeVisitor2x<cutlass::epilogue::threadblock::VisitorCompute<cutlass::multiplies, float, float, (cutlass::FloatRoundStyle)2, void>, cutlass::epilogue::threadblock::VisitorAccFetch, cutlass::epilogue::threadblock::VisitorScalarBroadcast<float, cute::tuple<cute::C<(int)0>, cute::C<(int)0>, cute::C<(int)0>>, (int)1, cutlass::multiplies>>, cutlass::epilogue::threadblock::VisitorRowBroadcast<cutlass::epilogue::threadblock::OutputTileThreadLayout<cutlass::gemm::GemmShape<(int)128, (int)128, (int)128>, cutlass::gemm::GemmShape<(int)64, (int)64, (int)128>, cutlass::half_t, (int)8, (int)1>, float, cute::tuple<cute::C<(int)0>, cute::C<(int)1>, int>, (bool)1>>, cutlass::epilogue::threadblock::VisitorRowBroadcast<cutlass::epilogue::threadblock::OutputTileThreadLayout<cutlass::gemm::GemmShape<(int)128, (int)128, (int)128>, cutlass::gemm::GemmShape<(int)64, (int)64, (int)128>, cutlass::half_t, (int)8, (int)1>, float, cute::tuple<cute::C<(int)0>, cute::C<(int)1>, int>, (bool)1>>, cutlass::epilogue::threadblock::VisitorAuxLoad<cutlass::epilogue::threadblock::OutputTileThreadLayout<cutlass::gemm::GemmShape<(int)128, (int)128, (int)128>, cutlass::gemm::GemmShape<(int)64, (int)64, (int)128>, cutlass::half_t, (int)8, (int)1>, cutlass::half_t, cute::tuple<long, cute::C<(int)1>, long>>>>, (int)1, (int)1>, cutlass::gemm::threadblock::GemmIdentityThreadblockSwizzle<(int)1>, (cutlass::conv::Operator)0, cutlass::conv::Conv2dProblemSize>>(T1::Params)",2480371.0
L|resblock_plain|C768|T64,sm86_xmma_fprop_implicit_gemm_f16f16_f16f32_f32_nhwckrsc_nhwc_tilesize64x128x32_stage4_warpsize2x2x1_g1_tensor16x8x16_execute_kernel__5x_cudnn,2446101.0
L|resblock_updown|C768|T16,"void at::native::<unnamed>::upsample_nearest2d_nhwc_out_frame<float, &at::native::nearest_neighbor_compute_source_index>(const T1 *, T1 *, unsigned long, unsigned long, unsigned long, unsigned long, unsigned long, float, float, unsigned long)",2342930.0
L|resblock_plain|C1536|T16,sm80_xmma_gemm_f16f16_f16f32_f32_tn_n_tilesize96x128x32_stage4_warpsize2x2x1_tensor16x8x16_kernel,2325488.0
L|resblock_updown|C768|T16,"void group_norm_silu_nhwc_kernel<__half>(const T1 *, T1 *, const T1 *, const T1 *, const T1 *, const T1 *, int, long, int, float, bool)",2234833.0
L|resblock_plain|C1152|T16,"void cutlass::Kernel<modiff::ImplicitGemmConvolutionEVT<cutlass::conv::threadblock::ImplicitGemmMultistage<cutlass::gemm::GemmShape<(int)128, (int)128, (int)128>, cutlass::conv::threadblock::Conv2dFpropActivationTileAccessIteratorOptimized<cutlass::MatrixShape<(int)128, (int)128>, cutlass::integer_subbyte<(int)4, (bool)1>, cutlass::layout::TensorNHWC, cutlass::transform::PitchLinearWarpRakedThreadMap<cutlass::PitchLinearShape<(int)128, (int)128>, (int)128, cutlass::PitchLinearShape<(int)4, (int)8>, (int)32>, cutlass::AlignedArray<cutlass::integer_subbyte<(int)4, (bool)1>, (int)32, (int)16>>, cutlass::transform::threadblock::RegularTileAccessIterator<cutlass::MatrixShape<(int)128, (int)128>, cutlass::integer_subbyte<(int)4, (bool)1>, cutlass::layout::RowMajorTensorOpMultiplicandCrosswise<(int)4, (int)128>, (int)0, cutlass::transform::PitchLinearWarpRakedThreadMap<cutlass::PitchLinearShape<(int)128, (int)128>, (int)128, cutlass::PitchLinearShape<(int)4, (int)8>, (int)32>, (int)16>, (cutlass::arch::CacheOperation::Kind)0, cutlass::conv::threadblock::Conv2dFpropFilterTileAccessIteratorOptimized<cutlass::MatrixShape<(int)128, (int)128>, cutlass::integer_subbyte<(int)4, (bool)1>, cutlass::layout::TensorNHWC, cutlass::transform::PitchLinearWarpRakedThreadMap<cutlass::PitchLinearShape<(int)128, (int)128>, (int)128, cutlass::PitchLinearShape<(int)4, (int)8>, (int)32>, cutlass::AlignedArray<cutlass::integer_subbyte<(int)4, (bool)1>, (int)32, (int)16>, (bool)0>, cutlass::transform::threadblock::RegularTileAccessIterator<cutlass::MatrixShape<(int)128, (int)128>, cutlass::integer_subbyte<(int)4, (bool)1>, cutlass::layout::ColumnMajorTensorOpMultiplicandCrosswise<(int)4, (int)128>, (int)1, cutlass::transform::PitchLinearWarpRakedThreadMap<cutlass::PitchLinearShape<(int)128, (int)128>, (int)128, cutlass::PitchLinearShape<(int)4, (int)8>, (int)32>, (int)16>, (cutlass::arch::CacheOperation::Kind)1, cutlass::gemm::threadblock::MmaPolicy<cutlass::gemm::warp::MmaTensorOp<cutlass::gemm::GemmShape<(int)64, (int)64, (int)128>, cutlass::integer_subbyte<(int)4, (bool)1>, cutlass::layout::RowMajorTensorOpMultiplicandCrosswise<(int)4, (int)128>, cutlass::integer_subbyte<(int)4, (bool)1>, cutlass::layout::ColumnMajorTensorOpMultiplicandCrosswise<(int)4, (int)128>, int, cutlass::layout::RowMajor, cutlass::gemm::warp::MmaTensorOpPolicy<cutlass::arch::Mma<cutlass::gemm::GemmShape<(int)16, (int)8, (int)64>, (int)32, cutlass::integer_subbyte<(int)4, (bool)1>, cutlass::layout::RowMajor, cutlass::integer_subbyte<(int)4, (bool)1>, cutlass::layout::ColumnMajor, int, cutlass::layout::RowMajor, cutlass::arch::OpMultiplyAddSaturate>, cutlass::MatrixShape<(int)1, (int)1>>, (int)1, (bool)0, bool>, cutlass::MatrixShape<(int)0, (int)0>, cutlass::MatrixShape<(int)0, (int)0>, (int)1>, (int)3, bool>, cutlass::epilogue::threadblock::EpilogueWithVisitorCallbacks<cutlass::epilogue::threadblock::Epilogue<cutlass::gemm::GemmShape<(int)128, (int)128, (int)128>, cutlass::gemm::warp::MmaTensorOp<cutlass::gemm::GemmShape<(int)64, (int)64, (int)128>, cutlass::integer_subbyte<(int)4, (bool)1>, cutlass::layout::RowMajorTensorOpMultiplicandCrosswise<(int)4, (int)128>, cutlass::integer_subbyte<(int)4, (bool)1>, cutlass::layout::ColumnMajorTensorOpMultiplicandCrosswise<(int)4, (int)128>, int, cutlass::layout::RowMajor, cutlass::gemm::warp::MmaTensorOpPolicy<cutlass::arch::Mma<cutlass::gemm::GemmShape<(int)16, (int)8, (int)64>, (int)32, cutlass::integer_subbyte<(int)4, (bool)1>, cutlass::layout::RowMajor, cutlass::integer_subbyte<(int)4, (bool)1>, cutlass::layout::ColumnMajor, int, cutlass::layout::RowMajor, cutlass::arch::OpMultiplyAddSaturate>, cutlass::MatrixShape<(int)1, (int)1>>, (int)1, (bool)0, bool>, (int)1, cutlass::epilogue::threadblock::PredicatedTileIteratorConv<cutlass::epilogue::threadblock::OutputTileOptimalThreadMap<cutlass::epilogue::threadblock::OutputTileShape<(int)128, (int)8, (int)2, (int)1, (int)1>, cutlass::epilogue::threadblock::OutputTileShape<(int)1, (int)8, (int)1, (int)1, (int)8>, (int)128, (int)8, (int)16>, cutlass::half_t, (bool)0, cutlass::layout::NoPermute, (bool)0, (int)4>, cutlass::epilogue::warp::FragmentIteratorTensorOp<cutlass::gemm::GemmShape<(int)64, (int)64, (int)128>, cutlass::gemm::GemmShape<(int)16, (int)8, (int)64>, int, cutlass::Array<int, (int)4, (bool)1>, cutlass::layout::RowMajor>, cutlass::epilogue::warp::TileIteratorTensorOpMixed<cutlass::gemm::GemmShape<(int)64, (int)64, (int)128>, cutlass::gemm::GemmShape<(int)16, (int)8, (int)64>, int, (int)32, (int)16, (int)8, (int)8, (bool)0>, cutlass::epilogue::threadblock::SharedLoadIteratorMixed<cutlass::epilogue::threadblock::OutputTileOptimalThreadMap<cutlass::epilogue::threadblock::OutputTileShape<(int)128, (int)8, (int)2, (int)1, (int)1>, cutlass::epilogue::threadblock::OutputTileShape<(int)1, (int)8, (int)1, (int)1, (int)8>, (int)128, (int)8, (int)16>::CompactedThreadMap, int, (int)32, (int)16, (int)8, (int)8, (bool)0>, cutlass::epilogue::thread::LinearCombination<cutlass::half_t, (int)8, int, float, (cutlass::epilogue::thread::ScaleType::Kind)0, (cutlass::FloatRoundStyle)2, cutlass::half_t>, cutlass::MatrixShape<(int)0, (int)8>, (int)2, (int)1>, cutlass::epilogue::threadblock::TreeVisitor2x<cutlass::epilogue::threadblock::VisitorAuxStore<cutlass::epilogue::threadblock::OutputTileThreadLayout<cutlass::gemm::GemmShape<(int)128, (int)128, (int)128>, cutlass::gemm::GemmShape<(int)64, (int)64, (int)128>, cutlass::half_t, (int)8, (int)1>, cutlass::half_t, (cutlass::FloatRoundStyle)2, cute::tuple<long, cute::C<(int)1>, long>>, cutlass::epilogue::threadblock::TreeVisitor2x<cutlass::epilogue::threadblock::VisitorCompute<cutlass::plus, float, float, (cutlass::FloatRoundStyle)2, void>, cutlass::epilogue::threadblock::TreeVisitor2x<cutlass::epilogue::threadblock::VisitorCompute<cutlass::multiplies, float, float, (cutlass::FloatRoundStyle)2, void>, cutlass::epilogue::threadblock::TreeVisitor2x<cutlass::epilogue::threadblock::VisitorCompute<cutlass::multiplies, float, float, (cutlass::FloatRoundStyle)2, void>, cutlass::epilogue::threadblock::VisitorAccFetch, cutlass::epilogue::threadblock::VisitorScalarBroadcast<float, cute::tuple<cute::C<(int)0>, cute::C<(int)0>, cute::C<(int)0>>, (int)1, cutlass::multiplies>>, cutlass::epilogue::threadblock::VisitorRowBroadcast<cutlass::epilogue::threadblock::OutputTileThreadLayout<cutlass::gemm::GemmShape<(int)128, (int)128, (int)128>, cutlass::gemm::GemmShape<(int)64, (int)64, (int)128>, cutlass::half_t, (int)8, (int)1>, float, cute::tuple<cute::C<(int)0>, cute::C<(int)1>, int>, (bool)1>>, cutlass::epilogue::threadblock::VisitorRowBroadcast<cutlass::epilogue::threadblock::OutputTileThreadLayout<cutlass::gemm::GemmShape<(int)128, (int)128, (int)128>, cutlass::gemm::GemmShape<(int)64, (int)64, (int)128>, cutlass::half_t, (int)8, (int)1>, float, cute::tuple<cute::C<(int)0>, cute::C<(int)1>, int>, (bool)1>>>, (int)1, (int)1>, cutlass::gemm::threadblock::GemmIdentityThreadblockSwizzle<(int)1>, (cutlass::conv::Operator)0, cutlass::conv::Conv2dProblemSize>>(T1::Params)",2215057.0
L|resblock_updown|C192|T1024,"void cutlass::Kernel<modiff::ImplicitGemmConvolutionEVT<cutlass::conv::threadblock::ImplicitGemmMultistage<cutlass::gemm::GemmShape<(int)128, (int)128, (int)128>, cutlass::conv::threadblock::Conv2dFpropActivationTileAccessIteratorOptimized<cutlass::MatrixShape<(int)128, (int)128>, cutlass::integer_subbyte<(int)4, (bool)1>, cutlass::layout::TensorNHWC, cutlass::transform::PitchLinearWarpRakedThreadMap<cutlass::PitchLinearShape<(int)128, (int)128>, (int)128, cutlass::PitchLinearShape<(int)4, (int)8>, (int)32>, cutlass::AlignedArray<cutlass::integer_subbyte<(int)4, (bool)1>, (int)32, (int)16>>, cutlass::transform::threadblock::RegularTileAccessIterator<cutlass::MatrixShape<(int)128, (int)128>, cutlass::integer_subbyte<(int)4, (bool)1>, cutlass::layout::RowMajorTensorOpMultiplicandCrosswise<(int)4, (int)128>, (int)0, cutlass::transform::PitchLinearWarpRakedThreadMap<cutlass::PitchLinearShape<(int)128, (int)128>, (int)128, cutlass::PitchLinearShape<(int)4, (int)8>, (int)32>, (int)16>, (cutlass::arch::CacheOperation::Kind)0, cutlass::conv::threadblock::Conv2dFpropFilterTileAccessIteratorOptimized<cutlass::MatrixShape<(int)128, (int)128>, cutlass::integer_subbyte<(int)4, (bool)1>, cutlass::layout::TensorNHWC, cutlass::transform::PitchLinearWarpRakedThreadMap<cutlass::PitchLinearShape<(int)128, (int)128>, (int)128, cutlass::PitchLinearShape<(int)4, (int)8>, (int)32>, cutlass::AlignedArray<cutlass::integer_subbyte<(int)4, (bool)1>, (int)32, (int)16>, (bool)0>, cutlass::transform::threadblock::RegularTileAccessIterator<cutlass::MatrixShape<(int)128, (int)128>, cutlass::integer_subbyte<(int)4, (bool)1>, cutlass::layout::ColumnMajorTensorOpMultiplicandCrosswise<(int)4, (int)128>, (int)1, cutlass::transform::PitchLinearWarpRakedThreadMap<cutlass::PitchLinearShape<(int)128, (int)128>, (int)128, cutlass::PitchLinearShape<(int)4, (int)8>, (int)32>, (int)16>, (cutlass::arch::CacheOperation::Kind)1, cutlass::gemm::threadblock::MmaPolicy<cutlass::gemm::warp::MmaTensorOp<cutlass::gemm::GemmShape<(int)64, (int)64, (int)128>, cutlass::integer_subbyte<(int)4, (bool)1>, cutlass::layout::RowMajorTensorOpMultiplicandCrosswise<(int)4, (int)128>, cutlass::integer_subbyte<(int)4, (bool)1>, cutlass::layout::ColumnMajorTensorOpMultiplicandCrosswise<(int)4, (int)128>, int, cutlass::layout::RowMajor, cutlass::gemm::warp::MmaTensorOpPolicy<cutlass::arch::Mma<cutlass::gemm::GemmShape<(int)16, (int)8, (int)64>, (int)32, cutlass::integer_subbyte<(int)4, (bool)1>, cutlass::layout::RowMajor, cutlass::integer_subbyte<(int)4, (bool)1>, cutlass::layout::ColumnMajor, int, cutlass::layout::RowMajor, cutlass::arch::OpMultiplyAddSaturate>, cutlass::MatrixShape<(int)1, (int)1>>, (int)1, (bool)0, bool>, cutlass::MatrixShape<(int)0, (int)0>, cutlass::MatrixShape<(int)0, (int)0>, (int)1>, (int)3, bool>, cutlass::epilogue::threadblock::EpilogueWithVisitorCallbacks<cutlass::epilogue::threadblock::Epilogue<cutlass::gemm::GemmShape<(int)128, (int)128, (int)128>, cutlass::gemm::warp::MmaTensorOp<cutlass::gemm::GemmShape<(int)64, (int)64, (int)128>, cutlass::integer_subbyte<(int)4, (bool)1>, cutlass::layout::RowMajorTensorOpMultiplicandCrosswise<(int)4, (int)128>, cutlass::integer_subbyte<(int)4, (bool)1>, cutlass::layout::ColumnMajorTensorOpMultiplicandCrosswise<(int)4, (int)128>, int, cutlass::layout::RowMajor, cutlass::gemm::warp::MmaTensorOpPolicy<cutlass::arch::Mma<cutlass::gemm::GemmShape<(int)16, (int)8, (int)64>, (int)32, cutlass::integer_subbyte<(int)4, (bool)1>, cutlass::layout::RowMajor, cutlass::integer_subbyte<(int)4, (bool)1>, cutlass::layout::ColumnMajor, int, cutlass::layout::RowMajor, cutlass::arch::OpMultiplyAddSaturate>, cutlass::MatrixShape<(int)1, (int)1>>, (int)1, (bool)0, bool>, (int)1, cutlass::epilogue::threadblock::PredicatedTileIteratorConv<cutlass::epilogue::threadblock::OutputTileOptimalThreadMap<cutlass::epilogue::threadblock::OutputTileShape<(int)128, (int)8, (int)2, (int)1, (int)1>, cutlass::epilogue::threadblock::OutputTileShape<(int)1, (int)8, (int)1, (int)1, (int)8>, (int)128, (int)8, (int)16>, cutlass::half_t, (bool)0, cutlass::layout::NoPermute, (bool)0, (int)4>, cutlass::epilogue::warp::FragmentIteratorTensorOp<cutlass::gemm::GemmShape<(int)64, (int)64, (int)128>, cutlass::gemm::GemmShape<(int)16, (int)8, (int)64>, int, cutlass::Array<int, (int)4, (bool)1>, cutlass::layout::RowMajor>, cutlass::epilogue::warp::TileIteratorTensorOpMixed<cutlass::gemm::GemmShape<(int)64, (int)64, (int)128>, cutlass::gemm::GemmShape<(int)16, (int)8, (int)64>, int, (int)32, (int)16, (int)8, (int)8, (bool)0>, cutlass::epilogue::threadblock::SharedLoadIteratorMixed<cutlass::epilogue::threadblock::OutputTileOptimalThreadMap<cutlass::epilogue::threadblock::OutputTileShape<(int)128, (int)8, (int)2, (int)1, (int)1>, cutlass::epilogue::threadblock::OutputTileShape<(int)1, (int)8, (int)1, (int)1, (int)8>, (int)128, (int)8, (int)16>::CompactedThreadMap, int, (int)32, (int)16, (int)8, (int)8, (bool)0>, cutlass::epilogue::thread::LinearCombination<cutlass::half_t, (int)8, int, float, (cutlass::epilogue::thread::ScaleType::Kind)0, (cutlass::FloatRoundStyle)2, cutlass::half_t>, cutlass::MatrixShape<(int)0, (int)8>, (int)2, (int)1>, cutlass::epilogue::threadblock::TreeVisitor2x<cutlass::epilogue::threadblock::VisitorAuxStore<cutlass::epilogue::threadblock::OutputTileThreadLayout<cutlass::gemm::GemmShape<(int)128, (int)128, (int)128>, cutlass::gemm::GemmShape<(int)64, (int)64, (int)128>, cutlass::half_t, (int)8, (int)1>, cutlass::half_t, (cutlass::FloatRoundStyle)2, cute::tuple<long, cute::C<(int)1>, long>>, cutlass::epilogue::threadblock::TreeVisitor2x<cutlass::epilogue::threadblock::VisitorCompute<cutlass::plus, float, float, (cutlass::FloatRoundStyle)2, void>, cutlass::epilogue::threadblock::TreeVisitor2x<cutlass::epilogue::threadblock::VisitorCompute<cutlass::plus, float, float, (cutlass::FloatRoundStyle)2, void>, cutlass::epilogue::threadblock::TreeVisitor2x<cutlass::epilogue::threadblock::VisitorCompute<cutlass::multiplies, float, float, (cutlass::FloatRoundStyle)2, void>, cutlass::epilogue::threadblock::TreeVisitor2x<cutlass::epilogue::threadblock::VisitorCompute<cutlass::multiplies, float, float, (cutlass::FloatRoundStyle)2, void>, cutlass::epilogue::threadblock::VisitorAccFetch, cutlass::epilogue::threadblock::VisitorScalarBroadcast<float, cute::tuple<cute::C<(int)0>, cute::C<(int)0>, cute::C<(int)0>>, (int)1, cutlass::multiplies>>, cutlass::epilogue::threadblock::VisitorRowBroadcast<cutlass::epilogue::threadblock::OutputTileThreadLayout<cutlass::gemm::GemmShape<(int)128, (int)128, (int)128>, cutlass::gemm::GemmShape<(int)64, (int)64, (int)128>, cutlass::half_t, (int)8, (int)1>, float, cute::tuple<cute::C<(int)0>, cute::C<(int)1>, int>, (bool)1>>, cutlass::epilogue::threadblock::VisitorRowBroadcast<cutlass::epilogue::threadblock::OutputTileThreadLayout<cutlass::gemm::GemmShape<(int)128, (int)128, (int)128>, cutlass::gemm::GemmShape<(int)64, (int)64, (int)128>, cutlass::half_t, (int)8, (int)1>, float, cute::tuple<cute::C<(int)0>, cute::C<(int)1>, int>, (bool)1>>, cutlass::epilogue::threadblock::VisitorAuxLoad<cutlass::epilogue::threadblock::OutputTileThreadLayout<cutlass::gemm::GemmShape<(int)128, (int)128, (int)128>, cutlass::gemm::GemmShape<(int)64, (int)64, (int)128>, cutlass::half_t, (int)8, (int)1>, cutlass::half_t, cute::tuple<long, cute::C<(int)1>, long>>>>, (int)1, (int)1>, cutlass::gemm::threadblock::GemmIdentityThreadblockSwizzle<(int)1>, (cutlass::conv::Operator)0, cutlass::conv::Conv2dProblemSize>>(T1::Params)",2063729.0
L|resblock_updown|C192|T1024,"void cutlass::Kernel<modiff::ImplicitGemmConvolutionEVT<cutlass::conv::threadblock::ImplicitGemmMultistage<cutlass::gemm::GemmShape<(int)128, (int)128, (int)128>, cutlass::conv::threadblock::Conv2dFpropActivationTileAccessIteratorOptimized<cutlass::MatrixShape<(int)128, (int)128>, cutlass::integer_subbyte<(int)4, (bool)1>, cutlass::layout::TensorNHWC, cutlass::transform::PitchLinearWarpRakedThreadMap<cutlass::PitchLinearShape<(int)128, (int)128>, (int)128, cutlass::PitchLinearShape<(int)4, (int)8>, (int)32>, cutlass::AlignedArray<cutlass::integer_subbyte<(int)4, (bool)1>, (int)32, (int)16>>, cutlass::transform::threadblock::RegularTileAccessIterator<cutlass::MatrixShape<(int)128, (int)128>, cutlass::integer_subbyte<(int)4, (bool)1>, cutlass::layout::RowMajorTensorOpMultiplicandCrosswise<(int)4, (int)128>, (int)0, cutlass::transform::PitchLinearWarpRakedThreadMap<cutlass::PitchLinearShape<(int)128, (int)128>, (int)128, cutlass::PitchLinearShape<(int)4, (int)8>, (int)32>, (int)16>, (cutlass::arch::CacheOperation::Kind)0, cutlass::conv::threadblock::Conv2dFpropFilterTileAccessIteratorOptimized<cutlass::MatrixShape<(int)128, (int)128>, cutlass::integer_subbyte<(int)4, (bool)1>, cutlass::layout::TensorNHWC, cutlass::transform::PitchLinearWarpRakedThreadMap<cutlass::PitchLinearShape<(int)128, (int)128>, (int)128, cutlass::PitchLinearShape<(int)4, (int)8>, (int)32>, cutlass::AlignedArray<cutlass::integer_subbyte<(int)4, (bool)1>, (int)32, (int)16>, (bool)0>, cutlass::transform::threadblock::RegularTileAccessIterator<cutlass::MatrixShape<(int)128, (int)128>, cutlass::integer_subbyte<(int)4, (bool)1>, cutlass::layout::ColumnMajorTensorOpMultiplicandCrosswise<(int)4, (int)128>, (int)1, cutlass::transform::PitchLinearWarpRakedThreadMap<cutlass::PitchLinearShape<(int)128, (int)128>, (int)128, cutlass::PitchLinearShape<(int)4, (int)8>, (int)32>, (int)16>, (cutlass::arch::CacheOperation::Kind)1, cutlass::gemm::threadblock::MmaPolicy<cutlass::gemm::warp::MmaTensorOp<cutlass::gemm::GemmShape<(int)64, (int)64, (int)128>, cutlass::integer_subbyte<(int)4, (bool)1>, cutlass::layout::RowMajorTensorOpMultiplicandCrosswise<(int)4, (int)128>, cutlass::integer_subbyte<(int)4, (bool)1>, cutlass::layout::ColumnMajorTensorOpMultiplicandCrosswise<(int)4, (int)128>, int, cutlass::layout::RowMajor, cutlass::gemm::warp::MmaTensorOpPolicy<cutlass::arch::Mma<cutlass::gemm::GemmShape<(int)16, (int)8, (int)64>, (int)32, cutlass::integer_subbyte<(int)4, (bool)1>, cutlass::layout::RowMajor, cutlass::integer_subbyte<(int)4, (bool)1>, cutlass::layout::ColumnMajor, int, cutlass::layout::RowMajor, cutlass::arch::OpMultiplyAddSaturate>, cutlass::MatrixShape<(int)1, (int)1>>, (int)1, (bool)0, bool>, cutlass::MatrixShape<(int)0, (int)0>, cutlass::MatrixShape<(int)0, (int)0>, (int)1>, (int)3, bool>, cutlass::epilogue::threadblock::EpilogueWithVisitorCallbacks<cutlass::epilogue::threadblock::Epilogue<cutlass::gemm::GemmShape<(int)128, (int)128, (int)128>, cutlass::gemm::warp::MmaTensorOp<cutlass::gemm::GemmShape<(int)64, (int)64, (int)128>, cutlass::integer_subbyte<(int)4, (bool)1>, cutlass::layout::RowMajorTensorOpMultiplicandCrosswise<(int)4, (int)128>, cutlass::integer_subbyte<(int)4, (bool)1>, cutlass::layout::ColumnMajorTensorOpMultiplicandCrosswise<(int)4, (int)128>, int, cutlass::layout::RowMajor, cutlass::gemm::warp::MmaTensorOpPolicy<cutlass::arch::Mma<cutlass::gemm::GemmShape<(int)16, (int)8, (int)64>, (int)32, cutlass::integer_subbyte<(int)4, (bool)1>, cutlass::layout::RowMajor, cutlass::integer_subbyte<(int)4, (bool)1>, cutlass::layout::ColumnMajor, int, cutlass::layout::RowMajor, cutlass::arch::OpMultiplyAddSaturate>, cutlass::MatrixShape<(int)1, (int)1>>, (int)1, (bool)0, bool>, (int)1, cutlass::epilogue::threadblock::PredicatedTileIteratorConv<cutlass::epilogue::threadblock::OutputTileOptimalThreadMap<cutlass::epilogue::threadblock::OutputTileShape<(int)128, (int)8, (int)2, (int)1, (int)1>, cutlass::epilogue::threadblock::OutputTileShape<(int)1, (int)8, (int)1, (int)1, (int)8>, (int)128, (int)8, (int)16>, cutlass::half_t, (bool)0, cutlass::layout::NoPermute, (bool)0, (int)4>, cutlass::epilogue::warp::FragmentIteratorTensorOp<cutlass::gemm::GemmShape<(int)64, (int)64, (int)128>, cutlass::gemm::GemmShape<(int)16, (int)8, (int)64>, int, cutlass::Array<int, (int)4, (bool)1>, cutlass::layout::RowMajor>, cutlass::epilogue::warp::TileIteratorTensorOpMixed<cutlass::gemm::GemmShape<(int)64, (int)64, (int)128>, cutlass::gemm::GemmShape<(int)16, (int)8, (int)64>, int, (int)32, (int)16, (int)8, (int)8, (bool)0>, cutlass::epilogue::threadblock::SharedLoadIteratorMixed<cutlass::epilogue::threadblock::OutputTileOptimalThreadMap<cutlass::epilogue::threadblock::OutputTileShape<(int)128, (int)8, (int)2, (int)1, (int)1>, cutlass::epilogue::threadblock::OutputTileShape<(int)1, (int)8, (int)1, (int)1, (int)8>, (int)128, (int)8, (int)16>::CompactedThreadMap, int, (int)32, (int)16, (int)8, (int)8, (bool)0>, cutlass::epilogue::thread::LinearCombination<cutlass::half_t, (int)8, int, float, (cutlass::epilogue::thread::ScaleType::Kind)0, (cutlass::FloatRoundStyle)2, cutlass::half_t>, cutlass::MatrixShape<(int)0, (int)8>, (int)2, (int)1>, cutlass::epilogue::threadblock::TreeVisitor2x<cutlass::epilogue::threadblock::VisitorAuxStore<cutlass::epilogue::threadblock::OutputTileThreadLayout<cutlass::gemm::GemmShape<(int)128, (int)128, (int)128>, cutlass::gemm::GemmShape<(int)64, (int)64, (int)128>, cutlass::half_t, (int)8, (int)1>, cutlass::half_t, (cutlass::FloatRoundStyle)2, cute::tuple<long, cute::C<(int)1>, long>>, cutlass::epilogue::threadblock::TreeVisitor2x<cutlass::epilogue::threadblock::VisitorCompute<cutlass::plus, float, float, (cutlass::FloatRoundStyle)2, void>, cutlass::epilogue::threadblock::TreeVisitor2x<cutlass::epilogue::threadblock::VisitorCompute<cutlass::multiplies, float, float, (cutlass::FloatRoundStyle)2, void>, cutlass::epilogue::threadblock::TreeVisitor2x<cutlass::epilogue::threadblock::VisitorCompute<cutlass::multiplies, float, float, (cutlass::FloatRoundStyle)2, void>, cutlass::epilogue::threadblock::VisitorAccFetch, cutlass::epilogue::threadblock::VisitorScalarBroadcast<float, cute::tuple<cute::C<(int)0>, cute::C<(int)0>, cute::C<(int)0>>, (int)1, cutlass::multiplies>>, cutlass::epilogue::threadblock::VisitorRowBroadcast<cutlass::epilogue::threadblock::OutputTileThreadLayout<cutlass::gemm::GemmShape<(int)128, (int)128, (int)128>, cutlass::gemm::GemmShape<(int)64, (int)64, (int)128>, cutlass::half_t, (int)8, (int)1>, float, cute::tuple<cute::C<(int)0>, cute::C<(int)1>, int>, (bool)1>>, cutlass::epilogue::threadblock::VisitorRowBroadcast<cutlass::epilogue::threadblock::OutputTileThreadLayout<cutlass::gemm::GemmShape<(int)128, (int)128, (int)128>, cutlass::gemm::GemmShape<(int)64, (int)64, (int)128>, cutlass::half_t, (int)8, (int)1>, float, cute::tuple<cute::C<(int)0>, cute::C<(int)1>, int>, (bool)1>>>, (int)1, (int)1>, cutlass::gemm::threadblock::GemmIdentityThreadblockSwizzle<(int)1>, (cutlass::conv::Operator)0, cutlass::conv::Conv2dProblemSize>>(T1::Params)",2013550.0
L|resblock_plain|C192|T256,"void at::native::elementwise_kernel<(int)128, (int)4, void at::native::gpu_kernel_impl_nocast<at::native::CUDAFunctor_add<c10::Half>>(at::TensorIteratorBase &, const T1 &)::[lambda(int) (instance 1)]>(int, T3)",1958897.0
L|resblock_plain|C576|T256,"void at::native::elementwise_kernel<(int)128, (int)4, void at::native::gpu_kernel_impl_nocast<at::native::CUDAFunctor_add<c10::Half>>(at::TensorIteratorBase &, const T1 &)::[lambda(int) (instance 1)]>(int, T3)",1958162.0
,sm80_xmma_fprop_implicit_gemm_indexed_wo_smem_f16f16_f16f32_f32_nhwckrsc_nhwc_tilesize128x32x64_stage1_warpsize4x1x1_g1_tensor16x8x16_aligna4_alignc4_execute_kernel__5x_cudnn,1924143.0
L|resblock_updown|C192|T1024,"void avgpool2x_quantize_pack_noahat_kernel<__half>(const T1 *, signed char *, const float *, const float *, int, int, int, int, long)",1893326.0
L|attention|C768|T16,"void group_norm_silu_quantize_pack_nhwc_vec2_kernel<__half, (bool)1>(const T1 *, signed char *, const T1 *, const T1 *, const T1 *, const T1 *, const float *, const float *, int, long, int, float, bool, int)",1877840.0
L|resblock_plain|C384|T16,"void group_norm_silu_quantize_pack_nhwc_vec2_kernel<__half, (bool)0>(const T1 *, signed char *, const T1 *, const T1 *, const T1 *, const T1 *, const float *, const float *, int, long, int, float, bool, int)",1841994.0
L|resblock_updown|C384|T64,"void upsample2x_quantize_pack_noahat_kernel<__half>(const T1 *, signed char *, const float *, const float *, int, int, int, int, long)",1788048.0
L|resblock_plain|C1152|T64,sm86_xmma_fprop_implicit_gemm_f16f16_f16f32_f32_nhwckrsc_nhwc_tilesize128x128x32_stage3_warpsize2x2x1_g1_tensor16x8x16_t1r1s1_execute_kernel__5x_cudnn,1647788.0
L|resblock_plain|C1152|T16,"void cutlass::Kernel<modiff::ImplicitGemmConvolutionEVT<cutlass::conv::threadblock::ImplicitGemmMultistage<cutlass::gemm::GemmShape<(int)128, (int)128, (int)128>, cutlass::conv::threadblock::Conv2dFpropActivationTileAccessIteratorOptimized<cutlass::MatrixShape<(int)128, (int)128>, cutlass::integer_subbyte<(int)4, (bool)1>, cutlass::layout::TensorNHWC, cutlass::transform::PitchLinearWarpRakedThreadMap<cutlass::PitchLinearShape<(int)128, (int)128>, (int)128, cutlass::PitchLinearShape<(int)4, (int)8>, (int)32>, cutlass::AlignedArray<cutlass::integer_subbyte<(int)4, (bool)1>, (int)32, (int)16>>, cutlass::transform::threadblock::RegularTileAccessIterator<cutlass::MatrixShape<(int)128, (int)128>, cutlass::integer_subbyte<(int)4, (bool)1>, cutlass::layout::RowMajorTensorOpMultiplicandCrosswise<(int)4, (int)128>, (int)0, cutlass::transform::PitchLinearWarpRakedThreadMap<cutlass::PitchLinearShape<(int)128, (int)128>, (int)128, cutlass::PitchLinearShape<(int)4, (int)8>, (int)32>, (int)16>, (cutlass::arch::CacheOperation::Kind)0, cutlass::conv::threadblock::Conv2dFpropFilterTileAccessIteratorOptimized<cutlass::MatrixShape<(int)128, (int)128>, cutlass::integer_subbyte<(int)4, (bool)1>, cutlass::layout::TensorNHWC, cutlass::transform::PitchLinearWarpRakedThreadMap<cutlass::PitchLinearShape<(int)128, (int)128>, (int)128, cutlass::PitchLinearShape<(int)4, (int)8>, (int)32>, cutlass::AlignedArray<cutlass::integer_subbyte<(int)4, (bool)1>, (int)32, (int)16>, (bool)0>, cutlass::transform::threadblock::RegularTileAccessIterator<cutlass::MatrixShape<(int)128, (int)128>, cutlass::integer_subbyte<(int)4, (bool)1>, cutlass::layout::ColumnMajorTensorOpMultiplicandCrosswise<(int)4, (int)128>, (int)1, cutlass::transform::PitchLinearWarpRakedThreadMap<cutlass::PitchLinearShape<(int)128, (int)128>, (int)128, cutlass::PitchLinearShape<(int)4, (int)8>, (int)32>, (int)16>, (cutlass::arch::CacheOperation::Kind)1, cutlass::gemm::threadblock::MmaPolicy<cutlass::gemm::warp::MmaTensorOp<cutlass::gemm::GemmShape<(int)64, (int)64, (int)128>, cutlass::integer_subbyte<(int)4, (bool)1>, cutlass::layout::RowMajorTensorOpMultiplicandCrosswise<(int)4, (int)128>, cutlass::integer_subbyte<(int)4, (bool)1>, cutlass::layout::ColumnMajorTensorOpMultiplicandCrosswise<(int)4, (int)128>, int, cutlass::layout::RowMajor, cutlass::gemm::warp::MmaTensorOpPolicy<cutlass::arch::Mma<cutlass::gemm::GemmShape<(int)16, (int)8, (int)64>, (int)32, cutlass::integer_subbyte<(int)4, (bool)1>, cutlass::layout::RowMajor, cutlass::integer_subbyte<(int)4, (bool)1>, cutlass::layout::ColumnMajor, int, cutlass::layout::RowMajor, cutlass::arch::OpMultiplyAddSaturate>, cutlass::MatrixShape<(int)1, (int)1>>, (int)1, (bool)0, bool>, cutlass::MatrixShape<(int)0, (int)0>, cutlass::MatrixShape<(int)0, (int)0>, (int)1>, (int)3, bool>, cutlass::epilogue::threadblock::EpilogueWithVisitorCallbacks<cutlass::epilogue::threadblock::Epilogue<cutlass::gemm::GemmShape<(int)128, (int)128, (int)128>, cutlass::gemm::warp::MmaTensorOp<cutlass::gemm::GemmShape<(int)64, (int)64, (int)128>, cutlass::integer_subbyte<(int)4, (bool)1>, cutlass::layout::RowMajorTensorOpMultiplicandCrosswise<(int)4, (int)128>, cutlass::integer_subbyte<(int)4, (bool)1>, cutlass::layout::ColumnMajorTensorOpMultiplicandCrosswise<(int)4, (int)128>, int, cutlass::layout::RowMajor, cutlass::gemm::warp::MmaTensorOpPolicy<cutlass::arch::Mma<cutlass::gemm::GemmShape<(int)16, (int)8, (int)64>, (int)32, cutlass::integer_subbyte<(int)4, (bool)1>, cutlass::layout::RowMajor, cutlass::integer_subbyte<(int)4, (bool)1>, cutlass::layout::ColumnMajor, int, cutlass::layout::RowMajor, cutlass::arch::OpMultiplyAddSaturate>, cutlass::MatrixShape<(int)1, (int)1>>, (int)1, (bool)0, bool>, (int)1, cutlass::epilogue::threadblock::PredicatedTileIteratorConv<cutlass::epilogue::threadblock::OutputTileOptimalThreadMap<cutlass::epilogue::threadblock::OutputTileShape<(int)128, (int)8, (int)2, (int)1, (int)1>, cutlass::epilogue::threadblock::OutputTileShape<(int)1, (int)8, (int)1, (int)1, (int)8>, (int)128, (int)8, (int)16>, cutlass::half_t, (bool)0, cutlass::layout::NoPermute, (bool)0, (int)4>, cutlass::epilogue::warp::FragmentIteratorTensorOp<cutlass::gemm::GemmShape<(int)64, (int)64, (int)128>, cutlass::gemm::GemmShape<(int)16, (int)8, (int)64>, int, cutlass::Array<int, (int)4, (bool)1>, cutlass::layout::RowMajor>, cutlass::epilogue::warp::TileIteratorTensorOpMixed<cutlass::gemm::GemmShape<(int)64, (int)64, (int)128>, cutlass::gemm::GemmShape<(int)16, (int)8, (int)64>, int, (int)32, (int)16, (int)8, (int)8, (bool)0>, cutlass::epilogue::threadblock::SharedLoadIteratorMixed<cutlass::epilogue::threadblock::OutputTileOptimalThreadMap<cutlass::epilogue::threadblock::OutputTileShape<(int)128, (int)8, (int)2, (int)1, (int)1>, cutlass::epilogue::threadblock::OutputTileShape<(int)1, (int)8, (int)1, (int)1, (int)8>, (int)128, (int)8, (int)16>::CompactedThreadMap, int, (int)32, (int)16, (int)8, (int)8, (bool)0>, cutlass::epilogue::thread::LinearCombination<cutlass::half_t, (int)8, int, float, (cutlass::epilogue::thread::ScaleType::Kind)0, (cutlass::FloatRoundStyle)2, cutlass::half_t>, cutlass::MatrixShape<(int)0, (int)8>, (int)2, (int)1>, cutlass::epilogue::threadblock::TreeVisitor2x<cutlass::epilogue::threadblock::VisitorAuxStore<cutlass::epilogue::threadblock::OutputTileThreadLayout<cutlass::gemm::GemmShape<(int)128, (int)128, (int)128>, cutlass::gemm::GemmShape<(int)64, (int)64, (int)128>, cutlass::half_t, (int)8, (int)1>, cutlass::half_t, (cutlass::FloatRoundStyle)2, cute::tuple<long, cute::C<(int)1>, long>>, cutlass::epilogue::threadblock::TreeVisitor2x<cutlass::epilogue::threadblock::VisitorCompute<cutlass::plus, float, float, (cutlass::FloatRoundStyle)2, void>, cutlass::epilogue::threadblock::TreeVisitor2x<cutlass::epilogue::threadblock::VisitorCompute<cutlass::plus, float, float, (cutlass::FloatRoundStyle)2, void>, cutlass::epilogue::threadblock::TreeVisitor2x<cutlass::epilogue::threadblock::VisitorCompute<cutlass::multiplies, float, float, (cutlass::FloatRoundStyle)2, void>, cutlass::epilogue::threadblock::TreeVisitor2x<cutlass::epilogue::threadblock::VisitorCompute<cutlass::multiplies, float, float, (cutlass::FloatRoundStyle)2, void>, cutlass::epilogue::threadblock::VisitorAccFetch, cutlass::epilogue::threadblock::VisitorScalarBroadcast<float, cute::tuple<cute::C<(int)0>, cute::C<(int)0>, cute::C<(int)0>>, (int)1, cutlass::multiplies>>, cutlass::epilogue::threadblock::VisitorRowBroadcast<cutlass::epilogue::threadblock::OutputTileThreadLayout<cutlass::gemm::GemmShape<(int)128, (int)128, (int)128>, cutlass::gemm::GemmShape<(int)64, (int)64, (int)128>, cutlass::half_t, (int)8, (int)1>, float, cute::tuple<cute::C<(int)0>, cute::C<(int)1>, int>, (bool)1>>, cutlass::epilogue::threadblock::VisitorRowBroadcast<cutlass::epilogue::threadblock::OutputTileThreadLayout<cutlass::gemm::GemmShape<(int)128, (int)128, (int)128>, cutlass::gemm::GemmShape<(int)64, (int)64, (int)128>, cutlass::half_t, (int)8, (int)1>, float, cute::tuple<cute::C<(int)0>, cute::C<(int)1>, int>, (bool)1>>, cutlass::epilogue::threadblock::VisitorAuxLoad<cutlass::epilogue::threadblock::OutputTileThreadLayout<cutlass::gemm::GemmShape<(int)128, (int)128, (int)128>, cutlass::gemm::GemmShape<(int)64, (int)64, (int)128>, cutlass::half_t, (int)8, (int)1>, cutlass::half_t, cute::tuple<long, cute::C<(int)1>, long>>>>, (int)1, (int)1>, cutlass::gemm::threadblock::GemmIdentityThreadblockSwizzle<(int)1>, (cutlass::conv::Operator)0, cutlass::conv::Conv2dProblemSize>>(T1::Params)",1557770.0
L|resblock_updown|C768|T4,"void cutlass::Kernel<modiff::ImplicitGemmConvolutionEVT<cutlass::conv::threadblock::ImplicitGemmMultistage<cutlass::gemm::GemmShape<(int)128, (int)128, (int)128>, cutlass::conv::threadblock::Conv2dFpropActivationTileAccessIteratorOptimized<cutlass::MatrixShape<(int)128, (int)128>, cutlass::integer_subbyte<(int)4, (bool)1>, cutlass::layout::TensorNHWC, cutlass::transform::PitchLinearWarpRakedThreadMap<cutlass::PitchLinearShape<(int)128, (int)128>, (int)128, cutlass::PitchLinearShape<(int)4, (int)8>, (int)32>, cutlass::AlignedArray<cutlass::integer_subbyte<(int)4, (bool)1>, (int)32, (int)16>>, cutlass::transform::threadblock::RegularTileAccessIterator<cutlass::MatrixShape<(int)128, (int)128>, cutlass::integer_subbyte<(int)4, (bool)1>, cutlass::layout::RowMajorTensorOpMultiplicandCrosswise<(int)4, (int)128>, (int)0, cutlass::transform::PitchLinearWarpRakedThreadMap<cutlass::PitchLinearShape<(int)128, (int)128>, (int)128, cutlass::PitchLinearShape<(int)4, (int)8>, (int)32>, (int)16>, (cutlass::arch::CacheOperation::Kind)0, cutlass::conv::threadblock::Conv2dFpropFilterTileAccessIteratorOptimized<cutlass::MatrixShape<(int)128, (int)128>, cutlass::integer_subbyte<(int)4, (bool)1>, cutlass::layout::TensorNHWC, cutlass::transform::PitchLinearWarpRakedThreadMap<cutlass::PitchLinearShape<(int)128, (int)128>, (int)128, cutlass::PitchLinearShape<(int)4, (int)8>, (int)32>, cutlass::AlignedArray<cutlass::integer_subbyte<(int)4, (bool)1>, (int)32, (int)16>, (bool)0>, cutlass::transform::threadblock::RegularTileAccessIterator<cutlass::MatrixShape<(int)128, (int)128>, cutlass::integer_subbyte<(int)4, (bool)1>, cutlass::layout::ColumnMajorTensorOpMultiplicandCrosswise<(int)4, (int)128>, (int)1, cutlass::transform::PitchLinearWarpRakedThreadMap<cutlass::PitchLinearShape<(int)128, (int)128>, (int)128, cutlass::PitchLinearShape<(int)4, (int)8>, (int)32>, (int)16>, (cutlass::arch::CacheOperation::Kind)1, cutlass::gemm::threadblock::MmaPolicy<cutlass::gemm::warp::MmaTensorOp<cutlass::gemm::GemmShape<(int)64, (int)64, (int)128>, cutlass::integer_subbyte<(int)4, (bool)1>, cutlass::layout::RowMajorTensorOpMultiplicandCrosswise<(int)4, (int)128>, cutlass::integer_subbyte<(int)4, (bool)1>, cutlass::layout::ColumnMajorTensorOpMultiplicandCrosswise<(int)4, (int)128>, int, cutlass::layout::RowMajor, cutlass::gemm::warp::MmaTensorOpPolicy<cutlass::arch::Mma<cutlass::gemm::GemmShape<(int)16, (int)8, (int)64>, (int)32, cutlass::integer_subbyte<(int)4, (bool)1>, cutlass::layout::RowMajor, cutlass::integer_subbyte<(int)4, (bool)1>, cutlass::layout::ColumnMajor, int, cutlass::layout::RowMajor, cutlass::arch::OpMultiplyAddSaturate>, cutlass::MatrixShape<(int)1, (int)1>>, (int)1, (bool)0, bool>, cutlass::MatrixShape<(int)0, (int)0>, cutlass::MatrixShape<(int)0, (int)0>, (int)1>, (int)3, bool>, cutlass::epilogue::threadblock::EpilogueWithVisitorCallbacks<cutlass::epilogue::threadblock::Epilogue<cutlass::gemm::GemmShape<(int)128, (int)128, (int)128>, cutlass::gemm::warp::MmaTensorOp<cutlass::gemm::GemmShape<(int)64, (int)64, (int)128>, cutlass::integer_subbyte<(int)4, (bool)1>, cutlass::layout::RowMajorTensorOpMultiplicandCrosswise<(int)4, (int)128>, cutlass::integer_subbyte<(int)4, (bool)1>, cutlass::layout::ColumnMajorTensorOpMultiplicandCrosswise<(int)4, (int)128>, int, cutlass::layout::RowMajor, cutlass::gemm::warp::MmaTensorOpPolicy<cutlass::arch::Mma<cutlass::gemm::GemmShape<(int)16, (int)8, (int)64>, (int)32, cutlass::integer_subbyte<(int)4, (bool)1>, cutlass::layout::RowMajor, cutlass::integer_subbyte<(int)4, (bool)1>, cutlass::layout::ColumnMajor, int, cutlass::layout::RowMajor, cutlass::arch::OpMultiplyAddSaturate>, cutlass::MatrixShape<(int)1, (int)1>>, (int)1, (bool)0, bool>, (int)1, cutlass::epilogue::threadblock::PredicatedTileIteratorConv<cutlass::epilogue::threadblock::OutputTileOptimalThreadMap<cutlass::epilogue::threadblock::OutputTileShape<(int)128, (int)8, (int)2, (int)1, (int)1>, cutlass::epilogue::threadblock::OutputTileShape<(int)1, (int)8, (int)1, (int)1, (int)8>, (int)128, (int)8, (int)16>, cutlass::half_t, (bool)0, cutlass::layout::NoPermute, (bool)0, (int)4>, cutlass::epilogue::warp::FragmentIteratorTensorOp<cutlass::gemm::GemmShape<(int)64, (int)64, (int)128>, cutlass::gemm::GemmShape<(int)16, (int)8, (int)64>, int, cutlass::Array<int, (int)4, (bool)1>, cutlass::layout::RowMajor>, cutlass::epilogue::warp::TileIteratorTensorOpMixed<cutlass::gemm::GemmShape<(int)64, (int)64, (int)128>, cutlass::gemm::GemmShape<(int)16, (int)8, (int)64>, int, (int)32, (int)16, (int)8, (int)8, (bool)0>, cutlass::epilogue::threadblock::SharedLoadIteratorMixed<cutlass::epilogue::threadblock::OutputTileOptimalThreadMap<cutlass::epilogue::threadblock::OutputTileShape<(int)128, (int)8, (int)2, (int)1, (int)1>, cutlass::epilogue::threadblock::OutputTileShape<(int)1, (int)8, (int)1, (int)1, (int)8>, (int)128, (int)8, (int)16>::CompactedThreadMap, int, (int)32, (int)16, (int)8, (int)8, (bool)0>, cutlass::epilogue::thread::LinearCombination<cutlass::half_t, (int)8, int, float, (cutlass::epilogue::thread::ScaleType::Kind)0, (cutlass::FloatRoundStyle)2, cutlass::half_t>, cutlass::MatrixShape<(int)0, (int)8>, (int)2, (int)1>, cutlass::epilogue::threadblock::TreeVisitor2x<cutlass::epilogue::threadblock::VisitorAuxStore<cutlass::epilogue::threadblock::OutputTileThreadLayout<cutlass::gemm::GemmShape<(int)128, (int)128, (int)128>, cutlass::gemm::GemmShape<(int)64, (int)64, (int)128>, cutlass::half_t, (int)8, (int)1>, cutlass::half_t, (cutlass::FloatRoundStyle)2, cute::tuple<long, cute::C<(int)1>, long>>, cutlass::epilogue::threadblock::TreeVisitor2x<cutlass::epilogue::threadblock::VisitorCompute<cutlass::plus, float, float, (cutlass::FloatRoundStyle)2, void>, cutlass::epilogue::threadblock::TreeVisitor2x<cutlass::epilogue::threadblock::VisitorCompute<cutlass::plus, float, float, (cutlass::FloatRoundStyle)2, void>, cutlass::epilogue::threadblock::TreeVisitor2x<cutlass::epilogue::threadblock::VisitorCompute<cutlass::multiplies, float, float, (cutlass::FloatRoundStyle)2, void>, cutlass::epilogue::threadblock::TreeVisitor2x<cutlass::epilogue::threadblock::VisitorCompute<cutlass::multiplies, float, float, (cutlass::FloatRoundStyle)2, void>, cutlass::epilogue::threadblock::VisitorAccFetch, cutlass::epilogue::threadblock::VisitorScalarBroadcast<float, cute::tuple<cute::C<(int)0>, cute::C<(int)0>, cute::C<(int)0>>, (int)1, cutlass::multiplies>>, cutlass::epilogue::threadblock::VisitorRowBroadcast<cutlass::epilogue::threadblock::OutputTileThreadLayout<cutlass::gemm::GemmShape<(int)128, (int)128, (int)128>, cutlass::gemm::GemmShape<(int)64, (int)64, (int)128>, cutlass::half_t, (int)8, (int)1>, float, cute::tuple<cute::C<(int)0>, cute::C<(int)1>, int>, (bool)1>>, cutlass::epilogue::threadblock::VisitorRowBroadcast<cutlass::epilogue::threadblock::OutputTileThreadLayout<cutlass::gemm::GemmShape<(int)128, (int)128, (int)128>, cutlass::gemm::GemmShape<(int)64, (int)64, (int)128>, cutlass::half_t, (int)8, (int)1>, float, cute::tuple<cute::C<(int)0>, cute::C<(int)1>, int>, (bool)1>>, cutlass::epilogue::threadblock::VisitorAuxLoad<cutlass::epilogue::threadblock::OutputTileThreadLayout<cutlass::gemm::GemmShape<(int)128, (int)128, (int)128>, cutlass::gemm::GemmShape<(int)64, (int)64, (int)128>, cutlass::half_t, (int)8, (int)1>, cutlass::half_t, cute::tuple<long, cute::C<(int)1>, long>>>>, (int)1, (int)1>, cutlass::gemm::threadblock::GemmIdentityThreadblockSwizzle<(int)1>, (cutlass::conv::Operator)0, cutlass::conv::Conv2dProblemSize>>(T1::Params)",1556877.0
L|resblock_plain|C384|T16,"void cutlass::Kernel<modiff::ImplicitGemmConvolutionEVT<cutlass::conv::threadblock::ImplicitGemmMultistage<cutlass::gemm::GemmShape<(int)128, (int)128, (int)128>, cutlass::conv::threadblock::Conv2dFpropActivationTileAccessIteratorOptimized<cutlass::MatrixShape<(int)128, (int)128>, cutlass::integer_subbyte<(int)4, (bool)1>, cutlass::layout::TensorNHWC, cutlass::transform::PitchLinearWarpRakedThreadMap<cutlass::PitchLinearShape<(int)128, (int)128>, (int)128, cutlass::PitchLinearShape<(int)4, (int)8>, (int)32>, cutlass::AlignedArray<cutlass::integer_subbyte<(int)4, (bool)1>, (int)32, (int)16>>, cutlass::transform::threadblock::RegularTileAccessIterator<cutlass::MatrixShape<(int)128, (int)128>, cutlass::integer_subbyte<(int)4, (bool)1>, cutlass::layout::RowMajorTensorOpMultiplicandCrosswise<(int)4, (int)128>, (int)0, cutlass::transform::PitchLinearWarpRakedThreadMap<cutlass::PitchLinearShape<(int)128, (int)128>, (int)128, cutlass::PitchLinearShape<(int)4, (int)8>, (int)32>, (int)16>, (cutlass::arch::CacheOperation::Kind)0, cutlass::conv::threadblock::Conv2dFpropFilterTileAccessIteratorOptimized<cutlass::MatrixShape<(int)128, (int)128>, cutlass::integer_subbyte<(int)4, (bool)1>, cutlass::layout::TensorNHWC, cutlass::transform::PitchLinearWarpRakedThreadMap<cutlass::PitchLinearShape<(int)128, (int)128>, (int)128, cutlass::PitchLinearShape<(int)4, (int)8>, (int)32>, cutlass::AlignedArray<cutlass::integer_subbyte<(int)4, (bool)1>, (int)32, (int)16>, (bool)0>, cutlass::transform::threadblock::RegularTileAccessIterator<cutlass::MatrixShape<(int)128, (int)128>, cutlass::integer_subbyte<(int)4, (bool)1>, cutlass::layout::ColumnMajorTensorOpMultiplicandCrosswise<(int)4, (int)128>, (int)1, cutlass::transform::PitchLinearWarpRakedThreadMap<cutlass::PitchLinearShape<(int)128, (int)128>, (int)128, cutlass::PitchLinearShape<(int)4, (int)8>, (int)32>, (int)16>, (cutlass::arch::CacheOperation::Kind)1, cutlass::gemm::threadblock::MmaPolicy<cutlass::gemm::warp::MmaTensorOp<cutlass::gemm::GemmShape<(int)64, (int)64, (int)128>, cutlass::integer_subbyte<(int)4, (bool)1>, cutlass::layout::RowMajorTensorOpMultiplicandCrosswise<(int)4, (int)128>, cutlass::integer_subbyte<(int)4, (bool)1>, cutlass::layout::ColumnMajorTensorOpMultiplicandCrosswise<(int)4, (int)128>, int, cutlass::layout::RowMajor, cutlass::gemm::warp::MmaTensorOpPolicy<cutlass::arch::Mma<cutlass::gemm::GemmShape<(int)16, (int)8, (int)64>, (int)32, cutlass::integer_subbyte<(int)4, (bool)1>, cutlass::layout::RowMajor, cutlass::integer_subbyte<(int)4, (bool)1>, cutlass::layout::ColumnMajor, int, cutlass::layout::RowMajor, cutlass::arch::OpMultiplyAddSaturate>, cutlass::MatrixShape<(int)1, (int)1>>, (int)1, (bool)0, bool>, cutlass::MatrixShape<(int)0, (int)0>, cutlass::MatrixShape<(int)0, (int)0>, (int)1>, (int)3, bool>, cutlass::epilogue::threadblock::EpilogueWithVisitorCallbacks<cutlass::epilogue::threadblock::Epilogue<cutlass::gemm::GemmShape<(int)128, (int)128, (int)128>, cutlass::gemm::warp::MmaTensorOp<cutlass::gemm::GemmShape<(int)64, (int)64, (int)128>, cutlass::integer_subbyte<(int)4, (bool)1>, cutlass::layout::RowMajorTensorOpMultiplicandCrosswise<(int)4, (int)128>, cutlass::integer_subbyte<(int)4, (bool)1>, cutlass::layout::ColumnMajorTensorOpMultiplicandCrosswise<(int)4, (int)128>, int, cutlass::layout::RowMajor, cutlass::gemm::warp::MmaTensorOpPolicy<cutlass::arch::Mma<cutlass::gemm::GemmShape<(int)16, (int)8, (int)64>, (int)32, cutlass::integer_subbyte<(int)4, (bool)1>, cutlass::layout::RowMajor, cutlass::integer_subbyte<(int)4, (bool)1>, cutlass::layout::ColumnMajor, int, cutlass::layout::RowMajor, cutlass::arch::OpMultiplyAddSaturate>, cutlass::MatrixShape<(int)1, (int)1>>, (int)1, (bool)0, bool>, (int)1, cutlass::epilogue::threadblock::PredicatedTileIteratorConv<cutlass::epilogue::threadblock::OutputTileOptimalThreadMap<cutlass::epilogue::threadblock::OutputTileShape<(int)128, (int)8, (int)2, (int)1, (int)1>, cutlass::epilogue::threadblock::OutputTileShape<(int)1, (int)8, (int)1, (int)1, (int)8>, (int)128, (int)8, (int)16>, cutlass::half_t, (bool)0, cutlass::layout::NoPermute, (bool)0, (int)4>, cutlass::epilogue::warp::FragmentIteratorTensorOp<cutlass::gemm::GemmShape<(int)64, (int)64, (int)128>, cutlass::gemm::GemmShape<(int)16, (int)8, (int)64>, int, cutlass::Array<int, (int)4, (bool)1>, cutlass::layout::RowMajor>, cutlass::epilogue::warp::TileIteratorTensorOpMixed<cutlass::gemm::GemmShape<(int)64, (int)64, (int)128>, cutlass::gemm::GemmShape<(int)16, (int)8, (int)64>, int, (int)32, (int)16, (int)8, (int)8, (bool)0>, cutlass::epilogue::threadblock::SharedLoadIteratorMixed<cutlass::epilogue::threadblock::OutputTileOptimalThreadMap<cutlass::epilogue::threadblock::OutputTileShape<(int)128, (int)8, (int)2, (int)1, (int)1>, cutlass::epilogue::threadblock::OutputTileShape<(int)1, (int)8, (int)1, (int)1, (int)8>, (int)128, (int)8, (int)16>::CompactedThreadMap, int, (int)32, (int)16, (int)8, (int)8, (bool)0>, cutlass::epilogue::thread::LinearCombination<cutlass::half_t, (int)8, int, float, (cutlass::epilogue::thread::ScaleType::Kind)0, (cutlass::FloatRoundStyle)2, cutlass::half_t>, cutlass::MatrixShape<(int)0, (int)8>, (int)2, (int)1>, cutlass::epilogue::threadblock::TreeVisitor2x<cutlass::epilogue::threadblock::VisitorAuxStore<cutlass::epilogue::threadblock::OutputTileThreadLayout<cutlass::gemm::GemmShape<(int)128, (int)128, (int)128>, cutlass::gemm::GemmShape<(int)64, (int)64, (int)128>, cutlass::half_t, (int)8, (int)1>, cutlass::half_t, (cutlass::FloatRoundStyle)2, cute::tuple<long, cute::C<(int)1>, long>>, cutlass::epilogue::threadblock::TreeVisitor2x<cutlass::epilogue::threadblock::VisitorCompute<cutlass::plus, float, float, (cutlass::FloatRoundStyle)2, void>, cutlass::epilogue::threadblock::TreeVisitor2x<cutlass::epilogue::threadblock::VisitorCompute<cutlass::plus, float, float, (cutlass::FloatRoundStyle)2, void>, cutlass::epilogue::threadblock::TreeVisitor2x<cutlass::epilogue::threadblock::VisitorCompute<cutlass::multiplies, float, float, (cutlass::FloatRoundStyle)2, void>, cutlass::epilogue::threadblock::TreeVisitor2x<cutlass::epilogue::threadblock::VisitorCompute<cutlass::multiplies, float, float, (cutlass::FloatRoundStyle)2, void>, cutlass::epilogue::threadblock::VisitorAccFetch, cutlass::epilogue::threadblock::VisitorScalarBroadcast<float, cute::tuple<cute::C<(int)0>, cute::C<(int)0>, cute::C<(int)0>>, (int)1, cutlass::multiplies>>, cutlass::epilogue::threadblock::VisitorRowBroadcast<cutlass::epilogue::threadblock::OutputTileThreadLayout<cutlass::gemm::GemmShape<(int)128, (int)128, (int)128>, cutlass::gemm::GemmShape<(int)64, (int)64, (int)128>, cutlass::half_t, (int)8, (int)1>, float, cute::tuple<cute::C<(int)0>, cute::C<(int)1>, int>, (bool)1>>, cutlass::epilogue::threadblock::VisitorRowBroadcast<cutlass::epilogue::threadblock::OutputTileThreadLayout<cutlass::gemm::GemmShape<(int)128, (int)128, (int)128>, cutlass::gemm::GemmShape<(int)64, (int)64, (int)128>, cutlass::half_t, (int)8, (int)1>, float, cute::tuple<cute::C<(int)0>, cute::C<(int)1>, int>, (bool)1>>, cutlass::epilogue::threadblock::VisitorAuxLoad<cutlass::epilogue::threadblock::OutputTileThreadLayout<cutlass::gemm::GemmShape<(int)128, (int)128, (int)128>, cutlass::gemm::GemmShape<(int)64, (int)64, (int)128>, cutlass::half_t, (int)8, (int)1>, cutlass::half_t, cute::tuple<long, cute::C<(int)1>, long>>>>, (int)1, (int)1>, cutlass::gemm::threadblock::GemmIdentityThreadblockSwizzle<(int)1>, (cutlass::conv::Operator)0, cutlass::conv::Conv2dProblemSize>>(T1::Params)",1556780.0
L|resblock_plain|C768|T16,"void cutlass::Kernel<modiff::ImplicitGemmConvolutionEVT<cutlass::conv::threadblock::ImplicitGemmMultistage<cutlass::gemm::GemmShape<(int)128, (int)128, (int)128>, cutlass::conv::threadblock::Conv2dFpropActivationTileAccessIteratorOptimized<cutlass::MatrixShape<(int)128, (int)128>, cutlass::integer_subbyte<(int)4, (bool)1>, cutlass::layout::TensorNHWC, cutlass::transform::PitchLinearWarpRakedThreadMap<cutlass::PitchLinearShape<(int)128, (int)128>, (int)128, cutlass::PitchLinearShape<(int)4, (int)8>, (int)32>, cutlass::AlignedArray<cutlass::integer_subbyte<(int)4, (bool)1>, (int)32, (int)16>>, cutlass::transform::threadblock::RegularTileAccessIterator<cutlass::MatrixShape<(int)128, (int)128>, cutlass::integer_subbyte<(int)4, (bool)1>, cutlass::layout::RowMajorTensorOpMultiplicandCrosswise<(int)4, (int)128>, (int)0, cutlass::transform::PitchLinearWarpRakedThreadMap<cutlass::PitchLinearShape<(int)128, (int)128>, (int)128, cutlass::PitchLinearShape<(int)4, (int)8>, (int)32>, (int)16>, (cutlass::arch::CacheOperation::Kind)0, cutlass::conv::threadblock::Conv2dFpropFilterTileAccessIteratorOptimized<cutlass::MatrixShape<(int)128, (int)128>, cutlass::integer_subbyte<(int)4, (bool)1>, cutlass::layout::TensorNHWC, cutlass::transform::PitchLinearWarpRakedThreadMap<cutlass::PitchLinearShape<(int)128, (int)128>, (int)128, cutlass::PitchLinearShape<(int)4, (int)8>, (int)32>, cutlass::AlignedArray<cutlass::integer_subbyte<(int)4, (bool)1>, (int)32, (int)16>, (bool)0>, cutlass::transform::threadblock::RegularTileAccessIterator<cutlass::MatrixShape<(int)128, (int)128>, cutlass::integer_subbyte<(int)4, (bool)1>, cutlass::layout::ColumnMajorTensorOpMultiplicandCrosswise<(int)4, (int)128>, (int)1, cutlass::transform::PitchLinearWarpRakedThreadMap<cutlass::PitchLinearShape<(int)128, (int)128>, (int)128, cutlass::PitchLinearShape<(int)4, (int)8>, (int)32>, (int)16>, (cutlass::arch::CacheOperation::Kind)1, cutlass::gemm::threadblock::MmaPolicy<cutlass::gemm::warp::MmaTensorOp<cutlass::gemm::GemmShape<(int)64, (int)64, (int)128>, cutlass::integer_subbyte<(int)4, (bool)1>, cutlass::layout::RowMajorTensorOpMultiplicandCrosswise<(int)4, (int)128>, cutlass::integer_subbyte<(int)4, (bool)1>, cutlass::layout::ColumnMajorTensorOpMultiplicandCrosswise<(int)4, (int)128>, int, cutlass::layout::RowMajor, cutlass::gemm::warp::MmaTensorOpPolicy<cutlass::arch::Mma<cutlass::gemm::GemmShape<(int)16, (int)8, (int)64>, (int)32, cutlass::integer_subbyte<(int)4, (bool)1>, cutlass::layout::RowMajor, cutlass::integer_subbyte<(int)4, (bool)1>, cutlass::layout::ColumnMajor, int, cutlass::layout::RowMajor, cutlass::arch::OpMultiplyAddSaturate>, cutlass::MatrixShape<(int)1, (int)1>>, (int)1, (bool)0, bool>, cutlass::MatrixShape<(int)0, (int)0>, cutlass::MatrixShape<(int)0, (int)0>, (int)1>, (int)3, bool>, cutlass::epilogue::threadblock::EpilogueWithVisitorCallbacks<cutlass::epilogue::threadblock::Epilogue<cutlass::gemm::GemmShape<(int)128, (int)128, (int)128>, cutlass::gemm::warp::MmaTensorOp<cutlass::gemm::GemmShape<(int)64, (int)64, (int)128>, cutlass::integer_subbyte<(int)4, (bool)1>, cutlass::layout::RowMajorTensorOpMultiplicandCrosswise<(int)4, (int)128>, cutlass::integer_subbyte<(int)4, (bool)1>, cutlass::layout::ColumnMajorTensorOpMultiplicandCrosswise<(int)4, (int)128>, int, cutlass::layout::RowMajor, cutlass::gemm::warp::MmaTensorOpPolicy<cutlass::arch::Mma<cutlass::gemm::GemmShape<(int)16, (int)8, (int)64>, (int)32, cutlass::integer_subbyte<(int)4, (bool)1>, cutlass::layout::RowMajor, cutlass::integer_subbyte<(int)4, (bool)1>, cutlass::layout::ColumnMajor, int, cutlass::layout::RowMajor, cutlass::arch::OpMultiplyAddSaturate>, cutlass::MatrixShape<(int)1, (int)1>>, (int)1, (bool)0, bool>, (int)1, cutlass::epilogue::threadblock::PredicatedTileIteratorConv<cutlass::epilogue::threadblock::OutputTileOptimalThreadMap<cutlass::epilogue::threadblock::OutputTileShape<(int)128, (int)8, (int)2, (int)1, (int)1>, cutlass::epilogue::threadblock::OutputTileShape<(int)1, (int)8, (int)1, (int)1, (int)8>, (int)128, (int)8, (int)16>, cutlass::half_t, (bool)0, cutlass::layout::NoPermute, (bool)0, (int)4>, cutlass::epilogue::warp::FragmentIteratorTensorOp<cutlass::gemm::GemmShape<(int)64, (int)64, (int)128>, cutlass::gemm::GemmShape<(int)16, (int)8, (int)64>, int, cutlass::Array<int, (int)4, (bool)1>, cutlass::layout::RowMajor>, cutlass::epilogue::warp::TileIteratorTensorOpMixed<cutlass::gemm::GemmShape<(int)64, (int)64, (int)128>, cutlass::gemm::GemmShape<(int)16, (int)8, (int)64>, int, (int)32, (int)16, (int)8, (int)8, (bool)0>, cutlass::epilogue::threadblock::SharedLoadIteratorMixed<cutlass::epilogue::threadblock::OutputTileOptimalThreadMap<cutlass::epilogue::threadblock::OutputTileShape<(int)128, (int)8, (int)2, (int)1, (int)1>, cutlass::epilogue::threadblock::OutputTileShape<(int)1, (int)8, (int)1, (int)1, (int)8>, (int)128, (int)8, (int)16>::CompactedThreadMap, int, (int)32, (int)16, (int)8, (int)8, (bool)0>, cutlass::epilogue::thread::LinearCombination<cutlass::half_t, (int)8, int, float, (cutlass::epilogue::thread::ScaleType::Kind)0, (cutlass::FloatRoundStyle)2, cutlass::half_t>, cutlass::MatrixShape<(int)0, (int)8>, (int)2, (int)1>, cutlass::epilogue::threadblock::TreeVisitor2x<cutlass::epilogue::threadblock::VisitorAuxStore<cutlass::epilogue::threadblock::OutputTileThreadLayout<cutlass::gemm::GemmShape<(int)128, (int)128, (int)128>, cutlass::gemm::GemmShape<(int)64, (int)64, (int)128>, cutlass::half_t, (int)8, (int)1>, cutlass::half_t, (cutlass::FloatRoundStyle)2, cute::tuple<long, cute::C<(int)1>, long>>, cutlass::epilogue::threadblock::TreeVisitor2x<cutlass::epilogue::threadblock::VisitorCompute<cutlass::plus, float, float, (cutlass::FloatRoundStyle)2, void>, cutlass::epilogue::threadblock::TreeVisitor2x<cutlass::epilogue::threadblock::VisitorCompute<cutlass::plus, float, float, (cutlass::FloatRoundStyle)2, void>, cutlass::epilogue::threadblock::TreeVisitor2x<cutlass::epilogue::threadblock::VisitorCompute<cutlass::multiplies, float, float, (cutlass::FloatRoundStyle)2, void>, cutlass::epilogue::threadblock::TreeVisitor2x<cutlass::epilogue::threadblock::VisitorCompute<cutlass::multiplies, float, float, (cutlass::FloatRoundStyle)2, void>, cutlass::epilogue::threadblock::VisitorAccFetch, cutlass::epilogue::threadblock::VisitorScalarBroadcast<float, cute::tuple<cute::C<(int)0>, cute::C<(int)0>, cute::C<(int)0>>, (int)1, cutlass::multiplies>>, cutlass::epilogue::threadblock::VisitorRowBroadcast<cutlass::epilogue::threadblock::OutputTileThreadLayout<cutlass::gemm::GemmShape<(int)128, (int)128, (int)128>, cutlass::gemm::GemmShape<(int)64, (int)64, (int)128>, cutlass::half_t, (int)8, (int)1>, float, cute::tuple<cute::C<(int)0>, cute::C<(int)1>, int>, (bool)1>>, cutlass::epilogue::threadblock::VisitorRowBroadcast<cutlass::epilogue::threadblock::OutputTileThreadLayout<cutlass::gemm::GemmShape<(int)128, (int)128, (int)128>, cutlass::gemm::GemmShape<(int)64, (int)64, (int)128>, cutlass::half_t, (int)8, (int)1>, float, cute::tuple<cute::C<(int)0>, cute::C<(int)1>, int>, (bool)1>>, cutlass::epilogue::threadblock::VisitorAuxLoad<cutlass::epilogue::threadblock::OutputTileThreadLayout<cutlass::gemm::GemmShape<(int)128, (int)128, (int)128>, cutlass::gemm::GemmShape<(int)64, (int)64, (int)128>, cutlass::half_t, (int)8, (int)1>, cutlass::half_t, cute::tuple<long, cute::C<(int)1>, long>>>>, (int)1, (int)1>, cutlass::gemm::threadblock::GemmIdentityThreadblockSwizzle<(int)1>, (cutlass::conv::Operator)0, cutlass::conv::Conv2dProblemSize>>(T1::Params)",1555374.0
L|resblock_plain|C192|T256,sm86_xmma_fprop_implicit_gemm_f16f16_f16f32_f32_nhwckrsc_nhwc_tilesize64x128x32_stage4_warpsize2x2x1_g1_tensor16x8x16_execute_kernel__5x_cudnn,1530953.0
L|resblock_plain|C768|T16,"void cutlass::Kernel<modiff::ImplicitGemmConvolutionEVT<cutlass::conv::threadblock::ImplicitGemmMultistage<cutlass::gemm::GemmShape<(int)128, (int)128, (int)128>, cutlass::conv::threadblock::Conv2dFpropActivationTileAccessIteratorOptimized<cutlass::MatrixShape<(int)128, (int)128>, cutlass::integer_subbyte<(int)4, (bool)1>, cutlass::layout::TensorNHWC, cutlass::transform::PitchLinearWarpRakedThreadMap<cutlass::PitchLinearShape<(int)128, (int)128>, (int)128, cutlass::PitchLinearShape<(int)4, (int)8>, (int)32>, cutlass::AlignedArray<cutlass::integer_subbyte<(int)4, (bool)1>, (int)32, (int)16>>, cutlass::transform::threadblock::RegularTileAccessIterator<cutlass::MatrixShape<(int)128, (int)128>, cutlass::integer_subbyte<(int)4, (bool)1>, cutlass::layout::RowMajorTensorOpMultiplicandCrosswise<(int)4, (int)128>, (int)0, cutlass::transform::PitchLinearWarpRakedThreadMap<cutlass::PitchLinearShape<(int)128, (int)128>, (int)128, cutlass::PitchLinearShape<(int)4, (int)8>, (int)32>, (int)16>, (cutlass::arch::CacheOperation::Kind)0, cutlass::conv::threadblock::Conv2dFpropFilterTileAccessIteratorOptimized<cutlass::MatrixShape<(int)128, (int)128>, cutlass::integer_subbyte<(int)4, (bool)1>, cutlass::layout::TensorNHWC, cutlass::transform::PitchLinearWarpRakedThreadMap<cutlass::PitchLinearShape<(int)128, (int)128>, (int)128, cutlass::PitchLinearShape<(int)4, (int)8>, (int)32>, cutlass::AlignedArray<cutlass::integer_subbyte<(int)4, (bool)1>, (int)32, (int)16>, (bool)0>, cutlass::transform::threadblock::RegularTileAccessIterator<cutlass::MatrixShape<(int)128, (int)128>, cutlass::integer_subbyte<(int)4, (bool)1>, cutlass::layout::ColumnMajorTensorOpMultiplicandCrosswise<(int)4, (int)128>, (int)1, cutlass::transform::PitchLinearWarpRakedThreadMap<cutlass::PitchLinearShape<(int)128, (int)128>, (int)128, cutlass::PitchLinearShape<(int)4, (int)8>, (int)32>, (int)16>, (cutlass::arch::CacheOperation::Kind)1, cutlass::gemm::threadblock::MmaPolicy<cutlass::gemm::warp::MmaTensorOp<cutlass::gemm::GemmShape<(int)64, (int)64, (int)128>, cutlass::integer_subbyte<(int)4, (bool)1>, cutlass::layout::RowMajorTensorOpMultiplicandCrosswise<(int)4, (int)128>, cutlass::integer_subbyte<(int)4, (bool)1>, cutlass::layout::ColumnMajorTensorOpMultiplicandCrosswise<(int)4, (int)128>, int, cutlass::layout::RowMajor, cutlass::gemm::warp::MmaTensorOpPolicy<cutlass::arch::Mma<cutlass::gemm::GemmShape<(int)16, (int)8, (int)64>, (int)32, cutlass::integer_subbyte<(int)4, (bool)1>, cutlass::layout::RowMajor, cutlass::integer_subbyte<(int)4, (bool)1>, cutlass::layout::ColumnMajor, int, cutlass::layout::RowMajor, cutlass::arch::OpMultiplyAddSaturate>, cutlass::MatrixShape<(int)1, (int)1>>, (int)1, (bool)0, bool>, cutlass::MatrixShape<(int)0, (int)0>, cutlass::MatrixShape<(int)0, (int)0>, (int)1>, (int)3, bool>, cutlass::epilogue::threadblock::EpilogueWithVisitorCallbacks<cutlass::epilogue::threadblock::Epilogue<cutlass::gemm::GemmShape<(int)128, (int)128, (int)128>, cutlass::gemm::warp::MmaTensorOp<cutlass::gemm::GemmShape<(int)64, (int)64, (int)128>, cutlass::integer_subbyte<(int)4, (bool)1>, cutlass::layout::RowMajorTensorOpMultiplicandCrosswise<(int)4, (int)128>, cutlass::integer_subbyte<(int)4, (bool)1>, cutlass::layout::ColumnMajorTensorOpMultiplicandCrosswise<(int)4, (int)128>, int, cutlass::layout::RowMajor, cutlass::gemm::warp::MmaTensorOpPolicy<cutlass::arch::Mma<cutlass::gemm::GemmShape<(int)16, (int)8, (int)64>, (int)32, cutlass::integer_subbyte<(int)4, (bool)1>, cutlass::layout::RowMajor, cutlass::integer_subbyte<(int)4, (bool)1>, cutlass::layout::ColumnMajor, int, cutlass::layout::RowMajor, cutlass::arch::OpMultiplyAddSaturate>, cutlass::MatrixShape<(int)1, (int)1>>, (int)1, (bool)0, bool>, (int)1, cutlass::epilogue::threadblock::PredicatedTileIteratorConv<cutlass::epilogue::threadblock::OutputTileOptimalThreadMap<cutlass::epilogue::threadblock::OutputTileShape<(int)128, (int)8, (int)2, (int)1, (int)1>, cutlass::epilogue::threadblock::OutputTileShape<(int)1, (int)8, (int)1, (int)1, (int)8>, (int)128, (int)8, (int)16>, cutlass::half_t, (bool)0, cutlass::layout::NoPermute, (bool)0, (int)4>, cutlass::epilogue::warp::FragmentIteratorTensorOp<cutlass::gemm::GemmShape<(int)64, (int)64, (int)128>, cutlass::gemm::GemmShape<(int)16, (int)8, (int)64>, int, cutlass::Array<int, (int)4, (bool)1>, cutlass::layout::RowMajor>, cutlass::epilogue::warp::TileIteratorTensorOpMixed<cutlass::gemm::GemmShape<(int)64, (int)64, (int)128>, cutlass::gemm::GemmShape<(int)16, (int)8, (int)64>, int, (int)32, (int)16, (int)8, (int)8, (bool)0>, cutlass::epilogue::threadblock::SharedLoadIteratorMixed<cutlass::epilogue::threadblock::OutputTileOptimalThreadMap<cutlass::epilogue::threadblock::OutputTileShape<(int)128, (int)8, (int)2, (int)1, (int)1>, cutlass::epilogue::threadblock::OutputTileShape<(int)1, (int)8, (int)1, (int)1, (int)8>, (int)128, (int)8, (int)16>::CompactedThreadMap, int, (int)32, (int)16, (int)8, (int)8, (bool)0>, cutlass::epilogue::thread::LinearCombination<cutlass::half_t, (int)8, int, float, (cutlass::epilogue::thread::ScaleType::Kind)0, (cutlass::FloatRoundStyle)2, cutlass::half_t>, cutlass::MatrixShape<(int)0, (int)8>, (int)2, (int)1>, cutlass::epilogue::threadblock::TreeVisitor2x<cutlass::epilogue::threadblock::VisitorAuxStore<cutlass::epilogue::threadblock::OutputTileThreadLayout<cutlass::gemm::GemmShape<(int)128, (int)128, (int)128>, cutlass::gemm::GemmShape<(int)64, (int)64, (int)128>, cutlass::half_t, (int)8, (int)1>, cutlass::half_t, (cutlass::FloatRoundStyle)2, cute::tuple<long, cute::C<(int)1>, long>>, cutlass::epilogue::threadblock::TreeVisitor2x<cutlass::epilogue::threadblock::VisitorCompute<cutlass::plus, float, float, (cutlass::FloatRoundStyle)2, void>, cutlass::epilogue::threadblock::TreeVisitor2x<cutlass::epilogue::threadblock::VisitorCompute<cutlass::multiplies, float, float, (cutlass::FloatRoundStyle)2, void>, cutlass::epilogue::threadblock::TreeVisitor2x<cutlass::epilogue::threadblock::VisitorCompute<cutlass::multiplies, float, float, (cutlass::FloatRoundStyle)2, void>, cutlass::epilogue::threadblock::VisitorAccFetch, cutlass::epilogue::threadblock::VisitorScalarBroadcast<float, cute::tuple<cute::C<(int)0>, cute::C<(int)0>, cute::C<(int)0>>, (int)1, cutlass::multiplies>>, cutlass::epilogue::threadblock::VisitorRowBroadcast<cutlass::epilogue::threadblock::OutputTileThreadLayout<cutlass::gemm::GemmShape<(int)128, (int)128, (int)128>, cutlass::gemm::GemmShape<(int)64, (int)64, (int)128>, cutlass::half_t, (int)8, (int)1>, float, cute::tuple<cute::C<(int)0>, cute::C<(int)1>, int>, (bool)1>>, cutlass::epilogue::threadblock::VisitorRowBroadcast<cutlass::epilogue::threadblock::OutputTileThreadLayout<cutlass::gemm::GemmShape<(int)128, (int)128, (int)128>, cutlass::gemm::GemmShape<(int)64, (int)64, (int)128>, cutlass::half_t, (int)8, (int)1>, float, cute::tuple<cute::C<(int)0>, cute::C<(int)1>, int>, (bool)1>>>, (int)1, (int)1>, cutlass::gemm::threadblock::GemmIdentityThreadblockSwizzle<(int)1>, (cutlass::conv::Operator)0, cutlass::conv::Conv2dProblemSize>>(T1::Params)",1523915.0
L|resblock_updown|C768|T4,"void cutlass::Kernel<modiff::ImplicitGemmConvolutionEVT<cutlass::conv::threadblock::ImplicitGemmMultistage<cutlass::gemm::GemmShape<(int)128, (int)128, (int)128>, cutlass::conv::threadblock::Conv2dFpropActivationTileAccessIteratorOptimized<cutlass::MatrixShape<(int)128, (int)128>, cutlass::integer_subbyte<(int)4, (bool)1>, cutlass::layout::TensorNHWC, cutlass::transform::PitchLinearWarpRakedThreadMap<cutlass::PitchLinearShape<(int)128, (int)128>, (int)128, cutlass::PitchLinearShape<(int)4, (int)8>, (int)32>, cutlass::AlignedArray<cutlass::integer_subbyte<(int)4, (bool)1>, (int)32, (int)16>>, cutlass::transform::threadblock::RegularTileAccessIterator<cutlass::MatrixShape<(int)128, (int)128>, cutlass::integer_subbyte<(int)4, (bool)1>, cutlass::layout::RowMajorTensorOpMultiplicandCrosswise<(int)4, (int)128>, (int)0, cutlass::transform::PitchLinearWarpRakedThreadMap<cutlass::PitchLinearShape<(int)128, (int)128>, (int)128, cutlass::PitchLinearShape<(int)4, (int)8>, (int)32>, (int)16>, (cutlass::arch::CacheOperation::Kind)0, cutlass::conv::threadblock::Conv2dFpropFilterTileAccessIteratorOptimized<cutlass::MatrixShape<(int)128, (int)128>, cutlass::integer_subbyte<(int)4, (bool)1>, cutlass::layout::TensorNHWC, cutlass::transform::PitchLinearWarpRakedThreadMap<cutlass::PitchLinearShape<(int)128, (int)128>, (int)128, cutlass::PitchLinearShape<(int)4, (int)8>, (int)32>, cutlass::AlignedArray<cutlass::integer_subbyte<(int)4, (bool)1>, (int)32, (int)16>, (bool)0>, cutlass::transform::threadblock::RegularTileAccessIterator<cutlass::MatrixShape<(int)128, (int)128>, cutlass::integer_subbyte<(int)4, (bool)1>, cutlass::layout::ColumnMajorTensorOpMultiplicandCrosswise<(int)4, (int)128>, (int)1, cutlass::transform::PitchLinearWarpRakedThreadMap<cutlass::PitchLinearShape<(int)128, (int)128>, (int)128, cutlass::PitchLinearShape<(int)4, (int)8>, (int)32>, (int)16>, (cutlass::arch::CacheOperation::Kind)1, cutlass::gemm::threadblock::MmaPolicy<cutlass::gemm::warp::MmaTensorOp<cutlass::gemm::GemmShape<(int)64, (int)64, (int)128>, cutlass::integer_subbyte<(int)4, (bool)1>, cutlass::layout::RowMajorTensorOpMultiplicandCrosswise<(int)4, (int)128>, cutlass::integer_subbyte<(int)4, (bool)1>, cutlass::layout::ColumnMajorTensorOpMultiplicandCrosswise<(int)4, (int)128>, int, cutlass::layout::RowMajor, cutlass::gemm::warp::MmaTensorOpPolicy<cutlass::arch::Mma<cutlass::gemm::GemmShape<(int)16, (int)8, (int)64>, (int)32, cutlass::integer_subbyte<(int)4, (bool)1>, cutlass::layout::RowMajor, cutlass::integer_subbyte<(int)4, (bool)1>, cutlass::layout::ColumnMajor, int, cutlass::layout::RowMajor, cutlass::arch::OpMultiplyAddSaturate>, cutlass::MatrixShape<(int)1, (int)1>>, (int)1, (bool)0, bool>, cutlass::MatrixShape<(int)0, (int)0>, cutlass::MatrixShape<(int)0, (int)0>, (int)1>, (int)3, bool>, cutlass::epilogue::threadblock::EpilogueWithVisitorCallbacks<cutlass::epilogue::threadblock::Epilogue<cutlass::gemm::GemmShape<(int)128, (int)128, (int)128>, cutlass::gemm::warp::MmaTensorOp<cutlass::gemm::GemmShape<(int)64, (int)64, (int)128>, cutlass::integer_subbyte<(int)4, (bool)1>, cutlass::layout::RowMajorTensorOpMultiplicandCrosswise<(int)4, (int)128>, cutlass::integer_subbyte<(int)4, (bool)1>, cutlass::layout::ColumnMajorTensorOpMultiplicandCrosswise<(int)4, (int)128>, int, cutlass::layout::RowMajor, cutlass::gemm::warp::MmaTensorOpPolicy<cutlass::arch::Mma<cutlass::gemm::GemmShape<(int)16, (int)8, (int)64>, (int)32, cutlass::integer_subbyte<(int)4, (bool)1>, cutlass::layout::RowMajor, cutlass::integer_subbyte<(int)4, (bool)1>, cutlass::layout::ColumnMajor, int, cutlass::layout::RowMajor, cutlass::arch::OpMultiplyAddSaturate>, cutlass::MatrixShape<(int)1, (int)1>>, (int)1, (bool)0, bool>, (int)1, cutlass::epilogue::threadblock::PredicatedTileIteratorConv<cutlass::epilogue::threadblock::OutputTileOptimalThreadMap<cutlass::epilogue::threadblock::OutputTileShape<(int)128, (int)8, (int)2, (int)1, (int)1>, cutlass::epilogue::threadblock::OutputTileShape<(int)1, (int)8, (int)1, (int)1, (int)8>, (int)128, (int)8, (int)16>, cutlass::half_t, (bool)0, cutlass::layout::NoPermute, (bool)0, (int)4>, cutlass::epilogue::warp::FragmentIteratorTensorOp<cutlass::gemm::GemmShape<(int)64, (int)64, (int)128>, cutlass::gemm::GemmShape<(int)16, (int)8, (int)64>, int, cutlass::Array<int, (int)4, (bool)1>, cutlass::layout::RowMajor>, cutlass::epilogue::warp::TileIteratorTensorOpMixed<cutlass::gemm::GemmShape<(int)64, (int)64, (int)128>, cutlass::gemm::GemmShape<(int)16, (int)8, (int)64>, int, (int)32, (int)16, (int)8, (int)8, (bool)0>, cutlass::epilogue::threadblock::SharedLoadIteratorMixed<cutlass::epilogue::threadblock::OutputTileOptimalThreadMap<cutlass::epilogue::threadblock::OutputTileShape<(int)128, (int)8, (int)2, (int)1, (int)1>, cutlass::epilogue::threadblock::OutputTileShape<(int)1, (int)8, (int)1, (int)1, (int)8>, (int)128, (int)8, (int)16>::CompactedThreadMap, int, (int)32, (int)16, (int)8, (int)8, (bool)0>, cutlass::epilogue::thread::LinearCombination<cutlass::half_t, (int)8, int, float, (cutlass::epilogue::thread::ScaleType::Kind)0, (cutlass::FloatRoundStyle)2, cutlass::half_t>, cutlass::MatrixShape<(int)0, (int)8>, (int)2, (int)1>, cutlass::epilogue::threadblock::TreeVisitor2x<cutlass::epilogue::threadblock::VisitorAuxStore<cutlass::epilogue::threadblock::OutputTileThreadLayout<cutlass::gemm::GemmShape<(int)128, (int)128, (int)128>, cutlass::gemm::GemmShape<(int)64, (int)64, (int)128>, cutlass::half_t, (int)8, (int)1>, cutlass::half_t, (cutlass::FloatRoundStyle)2, cute::tuple<long, cute::C<(int)1>, long>>, cutlass::epilogue::threadblock::TreeVisitor2x<cutlass::epilogue::threadblock::VisitorCompute<cutlass::plus, float, float, (cutlass::FloatRoundStyle)2, void>, cutlass::epilogue::threadblock::TreeVisitor2x<cutlass::epilogue::threadblock::VisitorCompute<cutlass::multiplies, float, float, (cutlass::FloatRoundStyle)2, void>, cutlass::epilogue::threadblock::TreeVisitor2x<cutlass::epilogue::threadblock::VisitorCompute<cutlass::multiplies, float, float, (cutlass::FloatRoundStyle)2, void>, cutlass::epilogue::threadblock::VisitorAccFetch, cutlass::epilogue::threadblock::VisitorScalarBroadcast<float, cute::tuple<cute::C<(int)0>, cute::C<(int)0>, cute::C<(int)0>>, (int)1, cutlass::multiplies>>, cutlass::epilogue::threadblock::VisitorRowBroadcast<cutlass::epilogue::threadblock::OutputTileThreadLayout<cutlass::gemm::GemmShape<(int)128, (int)128, (int)128>, cutlass::gemm::GemmShape<(int)64, (int)64, (int)128>, cutlass::half_t, (int)8, (int)1>, float, cute::tuple<cute::C<(int)0>, cute::C<(int)1>, int>, (bool)1>>, cutlass::epilogue::threadblock::VisitorRowBroadcast<cutlass::epilogue::threadblock::OutputTileThreadLayout<cutlass::gemm::GemmShape<(int)128, (int)128, (int)128>, cutlass::gemm::GemmShape<(int)64, (int)64, (int)128>, cutlass::half_t, (int)8, (int)1>, float, cute::tuple<cute::C<(int)0>, cute::C<(int)1>, int>, (bool)1>>>, (int)1, (int)1>, cutlass::gemm::threadblock::GemmIdentityThreadblockSwizzle<(int)1>, (cutlass::conv::Operator)0, cutlass::conv::Conv2dProblemSize>>(T1::Params)",1516238.0
L|resblock_updown|C768|T16,"void at::native::unrolled_elementwise_kernel<at::native::direct_copy_kernel_cuda(at::TensorIteratorBase &)::[lambda() (instance 3)]::operator ()() const::[lambda() (instance 10)]::operator ()() const::[lambda(c10::Half) (instance 1)], at::detail::Array<char *, (int)2>, TrivialOffsetCalculator<(int)1, unsigned int>, TrivialOffsetCalculator<(int)1, unsigned int>, at::native::memory::LoadWithCast<(int)1>, at::native::memory::StoreWithCast<(int)1>>(int, T1, T2, T3, T4, T5, T6)",1367533.0
L|resblock_plain|C1152|T64,"void cutlass::Kernel<modiff::ImplicitGemmConvolutionEVT<cutlass::conv::threadblock::ImplicitGemmMultistage<cutlass::gemm::GemmShape<(int)128, (int)128, (int)128>, cutlass::conv::threadblock::Conv2dFpropActivationTileAccessIteratorOptimized<cutlass::MatrixShape<(int)128, (int)128>, cutlass::integer_subbyte<(int)4, (bool)1>, cutlass::layout::TensorNHWC, cutlass::transform::PitchLinearWarpRakedThreadMap<cutlass::PitchLinearShape<(int)128, (int)128>, (int)128, cutlass::PitchLinearShape<(int)4, (int)8>, (int)32>, cutlass::AlignedArray<cutlass::integer_subbyte<(int)4, (bool)1>, (int)32, (int)16>>, cutlass::transform::threadblock::RegularTileAccessIterator<cutlass::MatrixShape<(int)128, (int)128>, cutlass::integer_subbyte<(int)4, (bool)1>, cutlass::layout::RowMajorTensorOpMultiplicandCrosswise<(int)4, (int)128>, (int)0, cutlass::transform::PitchLinearWarpRakedThreadMap<cutlass::PitchLinearShape<(int)128, (int)128>, (int)128, cutlass::PitchLinearShape<(int)4, (int)8>, (int)32>, (int)16>, (cutlass::arch::CacheOperation::Kind)0, cutlass::conv::threadblock::Conv2dFpropFilterTileAccessIteratorOptimized<cutlass::MatrixShape<(int)128, (int)128>, cutlass::integer_subbyte<(int)4, (bool)1>, cutlass::layout::TensorNHWC, cutlass::transform::PitchLinearWarpRakedThreadMap<cutlass::PitchLinearShape<(int)128, (int)128>, (int)128, cutlass::PitchLinearShape<(int)4, (int)8>, (int)32>, cutlass::AlignedArray<cutlass::integer_subbyte<(int)4, (bool)1>, (int)32, (int)16>, (bool)0>, cutlass::transform::threadblock::RegularTileAccessIterator<cutlass::MatrixShape<(int)128, (int)128>, cutlass::integer_subbyte<(int)4, (bool)1>, cutlass::layout::ColumnMajorTensorOpMultiplicandCrosswise<(int)4, (int)128>, (int)1, cutlass::transform::PitchLinearWarpRakedThreadMap<cutlass::PitchLinearShape<(int)128, (int)128>, (int)128, cutlass::PitchLinearShape<(int)4, (int)8>, (int)32>, (int)16>, (cutlass::arch::CacheOperation::Kind)1, cutlass::gemm::threadblock::MmaPolicy<cutlass::gemm::warp::MmaTensorOp<cutlass::gemm::GemmShape<(int)64, (int)64, (int)128>, cutlass::integer_subbyte<(int)4, (bool)1>, cutlass::layout::RowMajorTensorOpMultiplicandCrosswise<(int)4, (int)128>, cutlass::integer_subbyte<(int)4, (bool)1>, cutlass::layout::ColumnMajorTensorOpMultiplicandCrosswise<(int)4, (int)128>, int, cutlass::layout::RowMajor, cutlass::gemm::warp::MmaTensorOpPolicy<cutlass::arch::Mma<cutlass::gemm::GemmShape<(int)16, (int)8, (int)64>, (int)32, cutlass::integer_subbyte<(int)4, (bool)1>, cutlass::layout::RowMajor, cutlass::integer_subbyte<(int)4, (bool)1>, cutlass::layout::ColumnMajor, int, cutlass::layout::RowMajor, cutlass::arch::OpMultiplyAddSaturate>, cutlass::MatrixShape<(int)1, (int)1>>, (int)1, (bool)0, bool>, cutlass::MatrixShape<(int)0, (int)0>, cutlass::MatrixShape<(int)0, (int)0>, (int)1>, (int)3, bool>, cutlass::epilogue::threadblock::EpilogueWithVisitorCallbacks<cutlass::epilogue::threadblock::Epilogue<cutlass::gemm::GemmShape<(int)128, (int)128, (int)128>, cutlass::gemm::warp::MmaTensorOp<cutlass::gemm::GemmShape<(int)64, (int)64, (int)128>, cutlass::integer_subbyte<(int)4, (bool)1>, cutlass::layout::RowMajorTensorOpMultiplicandCrosswise<(int)4, (int)128>, cutlass::integer_subbyte<(int)4, (bool)1>, cutlass::layout::ColumnMajorTensorOpMultiplicandCrosswise<(int)4, (int)128>, int, cutlass::layout::RowMajor, cutlass::gemm::warp::MmaTensorOpPolicy<cutlass::arch::Mma<cutlass::gemm::GemmShape<(int)16, (int)8, (int)64>, (int)32, cutlass::integer_subbyte<(int)4, (bool)1>, cutlass::layout::RowMajor, cutlass::integer_subbyte<(int)4, (bool)1>, cutlass::layout::ColumnMajor, int, cutlass::layout::RowMajor, cutlass::arch::OpMultiplyAddSaturate>, cutlass::MatrixShape<(int)1, (int)1>>, (int)1, (bool)0, bool>, (int)1, cutlass::epilogue::threadblock::PredicatedTileIteratorConv<cutlass::epilogue::threadblock::OutputTileOptimalThreadMap<cutlass::epilogue::threadblock::OutputTileShape<(int)128, (int)8, (int)2, (int)1, (int)1>, cutlass::epilogue::threadblock::OutputTileShape<(int)1, (int)8, (int)1, (int)1, (int)8>, (int)128, (int)8, (int)16>, cutlass::half_t, (bool)0, cutlass::layout::NoPermute, (bool)0, (int)4>, cutlass::epilogue::warp::FragmentIteratorTensorOp<cutlass::gemm::GemmShape<(int)64, (int)64, (int)128>, cutlass::gemm::GemmShape<(int)16, (int)8, (int)64>, int, cutlass::Array<int, (int)4, (bool)1>, cutlass::layout::RowMajor>, cutlass::epilogue::warp::TileIteratorTensorOpMixed<cutlass::gemm::GemmShape<(int)64, (int)64, (int)128>, cutlass::gemm::GemmShape<(int)16, (int)8, (int)64>, int, (int)32, (int)16, (int)8, (int)8, (bool)0>, cutlass::epilogue::threadblock::SharedLoadIteratorMixed<cutlass::epilogue::threadblock::OutputTileOptimalThreadMap<cutlass::epilogue::threadblock::OutputTileShape<(int)128, (int)8, (int)2, (int)1, (int)1>, cutlass::epilogue::threadblock::OutputTileShape<(int)1, (int)8, (int)1, (int)1, (int)8>, (int)128, (int)8, (int)16>::CompactedThreadMap, int, (int)32, (int)16, (int)8, (int)8, (bool)0>, cutlass::epilogue::thread::LinearCombination<cutlass::half_t, (int)8, int, float, (cutlass::epilogue::thread::ScaleType::Kind)0, (cutlass::FloatRoundStyle)2, cutlass::half_t>, cutlass::MatrixShape<(int)0, (int)8>, (int)2, (int)1>, cutlass::epilogue::threadblock::TreeVisitor2x<cutlass::epilogue::threadblock::VisitorAuxStore<cutlass::epilogue::threadblock::OutputTileThreadLayout<cutlass::gemm::GemmShape<(int)128, (int)128, (int)128>, cutlass::gemm::GemmShape<(int)64, (int)64, (int)128>, cutlass::half_t, (int)8, (int)1>, cutlass::half_t, (cutlass::FloatRoundStyle)2, cute::tuple<long, cute::C<(int)1>, long>>, cutlass::epilogue::threadblock::TreeVisitor2x<cutlass::epilogue::threadblock::VisitorCompute<cutlass::plus, float, float, (cutlass::FloatRoundStyle)2, void>, cutlass::epilogue::threadblock::TreeVisitor2x<cutlass::epilogue::threadblock::VisitorCompute<cutlass::plus, float, float, (cutlass::FloatRoundStyle)2, void>, cutlass::epilogue::threadblock::TreeVisitor2x<cutlass::epilogue::threadblock::VisitorCompute<cutlass::multiplies, float, float, (cutlass::FloatRoundStyle)2, void>, cutlass::epilogue::threadblock::TreeVisitor2x<cutlass::epilogue::threadblock::VisitorCompute<cutlass::multiplies, float, float, (cutlass::FloatRoundStyle)2, void>, cutlass::epilogue::threadblock::VisitorAccFetch, cutlass::epilogue::threadblock::VisitorScalarBroadcast<float, cute::tuple<cute::C<(int)0>, cute::C<(int)0>, cute::C<(int)0>>, (int)1, cutlass::multiplies>>, cutlass::epilogue::threadblock::VisitorRowBroadcast<cutlass::epilogue::threadblock::OutputTileThreadLayout<cutlass::gemm::GemmShape<(int)128, (int)128, (int)128>, cutlass::gemm::GemmShape<(int)64, (int)64, (int)128>, cutlass::half_t, (int)8, (int)1>, float, cute::tuple<cute::C<(int)0>, cute::C<(int)1>, int>, (bool)1>>, cutlass::epilogue::threadblock::VisitorRowBroadcast<cutlass::epilogue::threadblock::OutputTileThreadLayout<cutlass::gemm::GemmShape<(int)128, (int)128, (int)128>, cutlass::gemm::GemmShape<(int)64, (int)64, (int)128>, cutlass::half_t, (int)8, (int)1>, float, cute::tuple<cute::C<(int)0>, cute::C<(int)1>, int>, (bool)1>>, cutlass::epilogue::threadblock::VisitorAuxLoad<cutlass::epilogue::threadblock::OutputTileThreadLayout<cutlass::gemm::GemmShape<(int)128, (int)128, (int)128>, cutlass::gemm::GemmShape<(int)64, (int)64, (int)128>, cutlass::half_t, (int)8, (int)1>, cutlass::half_t, cute::tuple<long, cute::C<(int)1>, long>>>>, (int)1, (int)1>, cutlass::gemm::threadblock::GemmIdentityThreadblockSwizzle<(int)1>, (cutlass::conv::Operator)0, cutlass::conv::Conv2dProblemSize>>(T1::Params)",1330060.0
L|resblock_updown|C768|T4,"void group_norm_silu_quantize_pack_nhwc_vec2_kernel<__half, (bool)0>(const T1 *, signed char *, const T1 *, const T1 *, const T1 *, const T1 *, const float *, const float *, int, long, int, float, bool, int)",1286732.0
L|resblock_plain|C1536|T4,ampere_fp16_s16816gemm_fp16_128x64_ldg8_f2f_stages_32x6_tn,1255627.0
L|resblock_plain|C768|T64,"void at::native::elementwise_kernel<(int)128, (int)4, void at::native::gpu_kernel_impl_nocast<at::native::CUDAFunctor_add<c10::Half>>(at::TensorIteratorBase &, const T1 &)::[lambda(int) (instance 1)]>(int, T3)",1066728.0
L|resblock_updown|C384|T256,"void avgpool2x_quantize_pack_noahat_kernel<__half>(const T1 *, signed char *, const float *, const float *, int, int, int, int, long)",1025065.0
L|resblock_plain|C1152|T16,sm80_xmma_gemm_f16f16_f16f32_f32_tn_n_tilesize96x128x32_stage4_warpsize2x2x1_tensor16x8x16_kernel,918500.0
L|resblock_updown|C768|T16,"void upsample2x_quantize_pack_noahat_kernel<__half>(const T1 *, signed char *, const float *, const float *, int, int, int, int, long)",915111.0
L|resblock_plain|C384|T16,"void cutlass::Kernel<modiff::ImplicitGemmConvolutionEVT<cutlass::conv::threadblock::ImplicitGemmMultistage<cutlass::gemm::GemmShape<(int)128, (int)128, (int)128>, cutlass::conv::threadblock::Conv2dFpropActivationTileAccessIteratorOptimized<cutlass::MatrixShape<(int)128, (int)128>, cutlass::integer_subbyte<(int)4, (bool)1>, cutlass::layout::TensorNHWC, cutlass::transform::PitchLinearWarpRakedThreadMap<cutlass::PitchLinearShape<(int)128, (int)128>, (int)128, cutlass::PitchLinearShape<(int)4, (int)8>, (int)32>, cutlass::AlignedArray<cutlass::integer_subbyte<(int)4, (bool)1>, (int)32, (int)16>>, cutlass::transform::threadblock::RegularTileAccessIterator<cutlass::MatrixShape<(int)128, (int)128>, cutlass::integer_subbyte<(int)4, (bool)1>, cutlass::layout::RowMajorTensorOpMultiplicandCrosswise<(int)4, (int)128>, (int)0, cutlass::transform::PitchLinearWarpRakedThreadMap<cutlass::PitchLinearShape<(int)128, (int)128>, (int)128, cutlass::PitchLinearShape<(int)4, (int)8>, (int)32>, (int)16>, (cutlass::arch::CacheOperation::Kind)0, cutlass::conv::threadblock::Conv2dFpropFilterTileAccessIteratorOptimized<cutlass::MatrixShape<(int)128, (int)128>, cutlass::integer_subbyte<(int)4, (bool)1>, cutlass::layout::TensorNHWC, cutlass::transform::PitchLinearWarpRakedThreadMap<cutlass::PitchLinearShape<(int)128, (int)128>, (int)128, cutlass::PitchLinearShape<(int)4, (int)8>, (int)32>, cutlass::AlignedArray<cutlass::integer_subbyte<(int)4, (bool)1>, (int)32, (int)16>, (bool)0>, cutlass::transform::threadblock::RegularTileAccessIterator<cutlass::MatrixShape<(int)128, (int)128>, cutlass::integer_subbyte<(int)4, (bool)1>, cutlass::layout::ColumnMajorTensorOpMultiplicandCrosswise<(int)4, (int)128>, (int)1, cutlass::transform::PitchLinearWarpRakedThreadMap<cutlass::PitchLinearShape<(int)128, (int)128>, (int)128, cutlass::PitchLinearShape<(int)4, (int)8>, (int)32>, (int)16>, (cutlass::arch::CacheOperation::Kind)1, cutlass::gemm::threadblock::MmaPolicy<cutlass::gemm::warp::MmaTensorOp<cutlass::gemm::GemmShape<(int)64, (int)64, (int)128>, cutlass::integer_subbyte<(int)4, (bool)1>, cutlass::layout::RowMajorTensorOpMultiplicandCrosswise<(int)4, (int)128>, cutlass::integer_subbyte<(int)4, (bool)1>, cutlass::layout::ColumnMajorTensorOpMultiplicandCrosswise<(int)4, (int)128>, int, cutlass::layout::RowMajor, cutlass::gemm::warp::MmaTensorOpPolicy<cutlass::arch::Mma<cutlass::gemm::GemmShape<(int)16, (int)8, (int)64>, (int)32, cutlass::integer_subbyte<(int)4, (bool)1>, cutlass::layout::RowMajor, cutlass::integer_subbyte<(int)4, (bool)1>, cutlass::layout::ColumnMajor, int, cutlass::layout::RowMajor, cutlass::arch::OpMultiplyAddSaturate>, cutlass::MatrixShape<(int)1, (int)1>>, (int)1, (bool)0, bool>, cutlass::MatrixShape<(int)0, (int)0>, cutlass::MatrixShape<(int)0, (int)0>, (int)1>, (int)3, bool>, cutlass::epilogue::threadblock::EpilogueWithVisitorCallbacks<cutlass::epilogue::threadblock::Epilogue<cutlass::gemm::GemmShape<(int)128, (int)128, (int)128>, cutlass::gemm::warp::MmaTensorOp<cutlass::gemm::GemmShape<(int)64, (int)64, (int)128>, cutlass::integer_subbyte<(int)4, (bool)1>, cutlass::layout::RowMajorTensorOpMultiplicandCrosswise<(int)4, (int)128>, cutlass::integer_subbyte<(int)4, (bool)1>, cutlass::layout::ColumnMajorTensorOpMultiplicandCrosswise<(int)4, (int)128>, int, cutlass::layout::RowMajor, cutlass::gemm::warp::MmaTensorOpPolicy<cutlass::arch::Mma<cutlass::gemm::GemmShape<(int)16, (int)8, (int)64>, (int)32, cutlass::integer_subbyte<(int)4, (bool)1>, cutlass::layout::RowMajor, cutlass::integer_subbyte<(int)4, (bool)1>, cutlass::layout::ColumnMajor, int, cutlass::layout::RowMajor, cutlass::arch::OpMultiplyAddSaturate>, cutlass::MatrixShape<(int)1, (int)1>>, (int)1, (bool)0, bool>, (int)1, cutlass::epilogue::threadblock::PredicatedTileIteratorConv<cutlass::epilogue::threadblock::OutputTileOptimalThreadMap<cutlass::epilogue::threadblock::OutputTileShape<(int)128, (int)8, (int)2, (int)1, (int)1>, cutlass::epilogue::threadblock::OutputTileShape<(int)1, (int)8, (int)1, (int)1, (int)8>, (int)128, (int)8, (int)16>, cutlass::half_t, (bool)0, cutlass::layout::NoPermute, (bool)0, (int)4>, cutlass::epilogue::warp::FragmentIteratorTensorOp<cutlass::gemm::GemmShape<(int)64, (int)64, (int)128>, cutlass::gemm::GemmShape<(int)16, (int)8, (int)64>, int, cutlass::Array<int, (int)4, (bool)1>, cutlass::layout::RowMajor>, cutlass::epilogue::warp::TileIteratorTensorOpMixed<cutlass::gemm::GemmShape<(int)64, (int)64, (int)128>, cutlass::gemm::GemmShape<(int)16, (int)8, (int)64>, int, (int)32, (int)16, (int)8, (int)8, (bool)0>, cutlass::epilogue::threadblock::SharedLoadIteratorMixed<cutlass::epilogue::threadblock::OutputTileOptimalThreadMap<cutlass::epilogue::threadblock::OutputTileShape<(int)128, (int)8, (int)2, (int)1, (int)1>, cutlass::epilogue::threadblock::OutputTileShape<(int)1, (int)8, (int)1, (int)1, (int)8>, (int)128, (int)8, (int)16>::CompactedThreadMap, int, (int)32, (int)16, (int)8, (int)8, (bool)0>, cutlass::epilogue::thread::LinearCombination<cutlass::half_t, (int)8, int, float, (cutlass::epilogue::thread::ScaleType::Kind)0, (cutlass::FloatRoundStyle)2, cutlass::half_t>, cutlass::MatrixShape<(int)0, (int)8>, (int)2, (int)1>, cutlass::epilogue::threadblock::TreeVisitor2x<cutlass::epilogue::threadblock::VisitorAuxStore<cutlass::epilogue::threadblock::OutputTileThreadLayout<cutlass::gemm::GemmShape<(int)128, (int)128, (int)128>, cutlass::gemm::GemmShape<(int)64, (int)64, (int)128>, cutlass::half_t, (int)8, (int)1>, cutlass::half_t, (cutlass::FloatRoundStyle)2, cute::tuple<long, cute::C<(int)1>, long>>, cutlass::epilogue::threadblock::TreeVisitor2x<cutlass::epilogue::threadblock::VisitorCompute<cutlass::plus, float, float, (cutlass::FloatRoundStyle)2, void>, cutlass::epilogue::threadblock::TreeVisitor2x<cutlass::epilogue::threadblock::VisitorCompute<cutlass::multiplies, float, float, (cutlass::FloatRoundStyle)2, void>, cutlass::epilogue::threadblock::TreeVisitor2x<cutlass::epilogue::threadblock::VisitorCompute<cutlass::multiplies, float, float, (cutlass::FloatRoundStyle)2, void>, cutlass::epilogue::threadblock::VisitorAccFetch, cutlass::epilogue::threadblock::VisitorScalarBroadcast<float, cute::tuple<cute::C<(int)0>, cute::C<(int)0>, cute::C<(int)0>>, (int)1, cutlass::multiplies>>, cutlass::epilogue::threadblock::VisitorRowBroadcast<cutlass::epilogue::threadblock::OutputTileThreadLayout<cutlass::gemm::GemmShape<(int)128, (int)128, (int)128>, cutlass::gemm::GemmShape<(int)64, (int)64, (int)128>, cutlass::half_t, (int)8, (int)1>, float, cute::tuple<cute::C<(int)0>, cute::C<(int)1>, int>, (bool)1>>, cutlass::epilogue::threadblock::VisitorRowBroadcast<cutlass::epilogue::threadblock::OutputTileThreadLayout<cutlass::gemm::GemmShape<(int)128, (int)128, (int)128>, cutlass::gemm::GemmShape<(int)64, (int)64, (int)128>, cutlass::half_t, (int)8, (int)1>, float, cute::tuple<cute::C<(int)0>, cute::C<(int)1>, int>, (bool)1>>>, (int)1, (int)1>, cutlass::gemm::threadblock::GemmIdentityThreadblockSwizzle<(int)1>, (cutlass::conv::Operator)0, cutlass::conv::Conv2dProblemSize>>(T1::Params)",823176.0
L|resblock_plain|C768|T4,ampere_fp16_s16816gemm_fp16_64x64_sliced1x2_ldg8_relu_f2f_stages_64x5_tn,815017.0
L|resblock_updown|C384|T64,"void at::native::<unnamed>::avg_pool2d_out_cuda_frame_nhwc<c10::Half, float>(int, const T1 *, long, long, long, int, int, int, int, int, int, int, int, T1 *, int, bool, bool)",740644.0
L|resblock_updown|C384|T64,"void at::native::unrolled_elementwise_kernel<at::native::direct_copy_kernel_cuda(at::TensorIteratorBase &)::[lambda() (instance 3)]::operator ()() const::[lambda() (instance 7)]::operator ()() const::[lambda(float) (instance 1)], at::detail::Array<char *, (int)2>, TrivialOffsetCalculator<(int)1, unsigned int>, TrivialOffsetCalculator<(int)1, unsigned int>, at::native::memory::LoadWithCast<(int)1>, at::native::memory::StoreWithCast<(int)1>>(int, T1, T2, T3, T4, T5, T6)",723494.0
L|resblock_plain|C1536|T4,ampere_fp16_s16816gemm_fp16_64x64_sliced1x2_ldg8_relu_f2f_stages_64x5_tn,586852.0
L|resblock_updown|C768|T4,"void at::native::<unnamed>::upsample_nearest2d_nhwc_out_frame<float, &at::native::nearest_neighbor_compute_source_index>(const T1 *, T1 *, unsigned long, unsigned long, unsigned long, unsigned long, unsigned long, float, float, unsigned long)",554275.0
L|resblock_plain|C1152|T64,"void at::native::elementwise_kernel<(int)128, (int)4, void at::native::gpu_kernel_impl_nocast<at::native::CUDAFunctor_add<c10::Half>>(at::TensorIteratorBase &, const T1 &)::[lambda(int) (instance 1)]>(int, T3)",517475.0
L|resblock_plain|C384|T16,ampere_fp16_s16816gemm_fp16_256x128_ldg8_f2f_stages_32x3_tn,448452.0
L|resblock_plain|C768|T4,"void at::native::elementwise_kernel<(int)128, (int)4, void at::native::gpu_kernel_impl_nocast<at::native::direct_copy_kernel_cuda(at::TensorIteratorBase &)::[lambda() (instance 3)]::operator ()() const::[lambda() (instance 10)]::operator ()() const::[lambda(c10::Half) (instance 1)]>(at::TensorIteratorBase &, const T1 &)::[lambda(int) (instance 1)]>(int, T3)",447557.0
L|resblock_plain|C1536|T16,"void at::native::elementwise_kernel<(int)128, (int)4, void at::native::gpu_kernel_impl_nocast<at::native::CUDAFunctor_add<c10::Half>>(at::TensorIteratorBase &, const T1 &)::[lambda(int) (instance 1)]>(int, T3)",447332.0
L|resblock_plain|C1536|T16,ampere_fp16_s16816gemm_fp16_64x64_sliced1x2_ldg8_relu_f2f_stages_64x5_tn,435396.0
L|attention|C768|T4,"gemm_w4a4_kernel_awq(const signed char *, const signed char *, const float *, float, __half *, int, int, int, int, const __half *, const __half *)",426052.0
L|resblock_updown|C768|T16,"void at::native::<unnamed>::avg_pool2d_out_cuda_frame_nhwc<c10::Half, float>(int, const T1 *, long, long, long, int, int, int, int, int, int, int, int, T1 *, int, bool, bool)",413506.0
L|resblock_updown|C768|T16,ampere_fp16_s16816gemm_fp16_64x64_sliced1x2_ldg8_relu_f2f_stages_64x5_tn,412708.0
L|resblock_updown|C768|T16,"void at::native::unrolled_elementwise_kernel<at::native::direct_copy_kernel_cuda(at::TensorIteratorBase &)::[lambda() (instance 3)]::operator ()() const::[lambda() (instance 7)]::operator ()() const::[lambda(float) (instance 1)], at::detail::Array<char *, (int)2>, TrivialOffsetCalculator<(int)1, unsigned int>, TrivialOffsetCalculator<(int)1, unsigned int>, at::native::memory::LoadWithCast<(int)1>, at::native::memory::StoreWithCast<(int)1>>(int, T1, T2, T3, T4, T5, T6)",399811.0
,"void at::native::elementwise_kernel<(int)128, (int)4, void at::native::gpu_kernel_impl<at::native::CUDAFunctor_add<float>>(at::TensorIteratorBase &, const T1 &)::[lambda(int) (instance 1)]>(int, T3)",384482.0
L|resblock_plain|C1536|T4,"void at::native::elementwise_kernel<(int)128, (int)4, void at::native::gpu_kernel_impl_nocast<at::native::direct_copy_kernel_cuda(at::TensorIteratorBase &)::[lambda() (instance 3)]::operator ()() const::[lambda() (instance 10)]::operator ()() const::[lambda(c10::Half) (instance 1)]>(at::TensorIteratorBase &, const T1 &)::[lambda(int) (instance 1)]>(int, T3)",364162.0
L|resblock_updown|C768|T4,"void at::native::unrolled_elementwise_kernel<at::native::direct_copy_kernel_cuda(at::TensorIteratorBase &)::[lambda() (instance 3)]::operator ()() const::[lambda() (instance 10)]::operator ()() const::[lambda(c10::Half) (instance 1)], at::detail::Array<char *, (int)2>, TrivialOffsetCalculator<(int)1, unsigned int>, TrivialOffsetCalculator<(int)1, unsigned int>, at::native::memory::LoadWithCast<(int)1>, at::native::memory::StoreWithCast<(int)1>>(int, T1, T2, T3, T4, T5, T6)",357284.0
L|resblock_plain|C768|T256,"void at::native::elementwise_kernel<(int)128, (int)4, void at::native::gpu_kernel_impl_nocast<at::native::direct_copy_kernel_cuda(at::TensorIteratorBase &)::[lambda() (instance 3)]::operator ()() const::[lambda() (instance 10)]::operator ()() const::[lambda(c10::Half) (instance 1)]>(at::TensorIteratorBase &, const T1 &)::[lambda(int) (instance 1)]>(int, T3)",343330.0
L|resblock_plain|C768|T64,"void at::native::elementwise_kernel<(int)128, (int)4, void at::native::gpu_kernel_impl_nocast<at::native::direct_copy_kernel_cuda(at::TensorIteratorBase &)::[lambda() (instance 3)]::operator ()() const::[lambda() (instance 10)]::operator ()() const::[lambda(c10::Half) (instance 1)]>(at::TensorIteratorBase &, const T1 &)::[lambda(int) (instance 1)]>(int, T3)",341764.0
L|resblock_plain|C768|T256,sm80_xmma_gemm_f16f16_f16f32_f32_tn_n_tilesize32x32x64_stage6_warpsize2x2x1_tensor16x8x16_kernel,338405.0
L|resblock_plain|C384|T64,sm80_xmma_gemm_f16f16_f16f32_f32_tn_n_tilesize32x32x64_stage6_warpsize2x2x1_tensor16x8x16_kernel,337281.0
L|resblock_plain|C768|T64,sm80_xmma_gemm_f16f16_f16f32_f32_tn_n_tilesize32x32x64_stage6_warpsize2x2x1_tensor16x8x16_kernel,336450.0
L|resblock_updown|C384|T256,sm80_xmma_gemm_f16f16_f16f32_f32_tn_n_tilesize32x32x64_stage6_warpsize2x2x1_tensor16x8x16_kernel,335046.0
L|resblock_updown|C384|T64,sm80_xmma_gemm_f16f16_f16f32_f32_tn_n_tilesize32x32x64_stage6_warpsize2x2x1_tensor16x8x16_kernel,334790.0
L|resblock_plain|C384|T1024,"void at::native::elementwise_kernel<(int)128, (int)4, void at::native::gpu_kernel_impl_nocast<at::native::direct_copy_kernel_cuda(at::TensorIteratorBase &)::[lambda() (instance 3)]::operator ()() const::[lambda() (instance 10)]::operator ()() const::[lambda(c10::Half) (instance 1)]>(at::TensorIteratorBase &, const T1 &)::[lambda(int) (instance 1)]>(int, T3)",325731.0
L|resblock_plain|C1536|T16,"void at::native::elementwise_kernel<(int)128, (int)4, void at::native::gpu_kernel_impl_nocast<at::native::direct_copy_kernel_cuda(at::TensorIteratorBase &)::[lambda() (instance 3)]::operator ()() const::[lambda() (instance 10)]::operator ()() const::[lambda(c10::Half) (instance 1)]>(at::TensorIteratorBase &, const T1 &)::[lambda(int) (instance 1)]>(int, T3)",307459.0
L|resblock_updown|C768|T16,"void at::native::elementwise_kernel<(int)128, (int)4, void at::native::gpu_kernel_impl_nocast<at::native::direct_copy_kernel_cuda(at::TensorIteratorBase &)::[lambda() (instance 3)]::operator ()() const::[lambda() (instance 10)]::operator ()() const::[lambda(c10::Half) (instance 1)]>(at::TensorIteratorBase &, const T1 &)::[lambda(int) (instance 1)]>(int, T3)",290628.0
L|attention|C768|T4,"void gemm_w4a4_kernel_awq_out_i8<(int)4>(const signed char *, const signed char *, const float *, float, const float *, signed char *, int, int, int, const __half *, int, int, int, float, float, const float *, const float *, signed char *, signed char *, signed char *, int, int)",287044.0
L|resblock_updown|C384|T64,"void at::native::elementwise_kernel<(int)128, (int)4, void at::native::gpu_kernel_impl_nocast<at::native::direct_copy_kernel_cuda(at::TensorIteratorBase &)::[lambda() (instance 3)]::operator ()() const::[lambda() (instance 10)]::operator ()() const::[lambda(c10::Half) (instance 1)]>(at::TensorIteratorBase &, const T1 &)::[lambda(int) (instance 1)]>(int, T3)",280480.0
L|resblock_updown|C384|T256,"void at::native::elementwise_kernel<(int)128, (int)4, void at::native::gpu_kernel_impl_nocast<at::native::direct_copy_kernel_cuda(at::TensorIteratorBase &)::[lambda() (instance 3)]::operator ()() const::[lambda() (instance 10)]::operator ()() const::[lambda(c10::Half) (instance 1)]>(at::TensorIteratorBase &, const T1 &)::[lambda(int) (instance 1)]>(int, T3)",279203.0
L|resblock_updown|C768|T4,"void group_norm_silu_nhwc_kernel<__half>(const T1 *, T1 *, const T1 *, const T1 *, const T1 *, const T1 *, int, long, int, float, bool)",271393.0
L|resblock_updown|C384|T64,"void avgpool2x_quantize_pack_noahat_kernel<__half>(const T1 *, signed char *, const float *, const float *, int, int, int, int, long)",269666.0
L|resblock_updown|C768|T4,"void upsample2x_quantize_pack_noahat_kernel<__half>(const T1 *, signed char *, const float *, const float *, int, int, int, int, long)",262050.0
L|resblock_plain|C1536|T4,"void at::native::elementwise_kernel<(int)128, (int)4, void at::native::gpu_kernel_impl_nocast<at::native::CUDAFunctor_add<c10::Half>>(at::TensorIteratorBase &, const T1 &)::[lambda(int) (instance 1)]>(int, T3)",248196.0
L|attention|C768|T4,"void group_norm_silu_quantize_pack_nhwc_vec2_kernel<__half, (bool)1>(const T1 *, signed char *, const T1 *, const T1 *, const T1 *, const T1 *, const float *, const float *, int, long, int, float, bool, int)",239042.0
L|resblock_plain|C1152|T16,"void at::native::elementwise_kernel<(int)128, (int)4, void at::native::gpu_kernel_impl_nocast<at::native::CUDAFunctor_add<c10::Half>>(at::TensorIteratorBase &, const T1 &)::[lambda(int) (instance 1)]>(int, T3)",224546.0
L|resblock_plain|C192|T1024,sm80_xmma_gemm_f16f16_f16f32_f32_tn_n_tilesize32x32x64_stage6_warpsize2x2x1_tensor16x8x16_kernel,217857.0
L|resblock_plain|C384|T1024,sm80_xmma_gemm_f16f16_f16f32_f32_tn_n_tilesize32x32x64_stage6_warpsize2x2x1_tensor16x8x16_kernel,216065.0
L|resblock_plain|C384|T64,"void at::native::elementwise_kernel<(int)128, (int)4, void at::native::gpu_kernel_impl_nocast<at::native::direct_copy_kernel_cuda(at::TensorIteratorBase &)::[lambda() (instance 3)]::operator ()() const::[lambda() (instance 10)]::operator ()() const::[lambda(c10::Half) (instance 1)]>(at::TensorIteratorBase &, const T1 &)::[lambda(int) (instance 1)]>(int, T3)",215425.0
L|resblock_plain|C1152|T16,ampere_fp16_s16816gemm_fp16_64x64_sliced1x2_ldg8_relu_f2f_stages_64x5_tn,210307.0
L|resblock_plain|C192|T1024,"void at::native::elementwise_kernel<(int)128, (int)4, void at::native::gpu_kernel_impl_nocast<at::native::direct_copy_kernel_cuda(at::TensorIteratorBase &)::[lambda() (instance 3)]::operator ()() const::[lambda() (instance 10)]::operator ()() const::[lambda(c10::Half) (instance 1)]>(at::TensorIteratorBase &, const T1 &)::[lambda(int) (instance 1)]>(int, T3)",208961.0
L|resblock_plain|C768|T16,ampere_fp16_s16816gemm_fp16_64x64_sliced1x2_ldg8_relu_f2f_stages_64x5_tn,204739.0
L|resblock_updown|C768|T4,ampere_fp16_s16816gemm_fp16_64x64_sliced1x2_ldg8_relu_f2f_stages_64x5_tn,203969.0
L|resblock_plain|C384|T16,ampere_fp16_s16816gemm_fp16_64x64_sliced1x2_ldg8_relu_f2f_stages_64x5_tn,195907.0
,"void nhwcAddPaddingKernel<__half, __half, float, (bool)1, (cudnnKernelDataType_t)0>(int, int, int, int, int, int, int, int, const T1 *, T2 *, int, int, int, int, T3, T3, cudnn::reduced_divisor, cudnn::reduced_divisor, cudnn::reduced_divisor)",193249.0
L|resblock_plain|C768|T4,"void at::native::vectorized_elementwise_kernel<(int)4, at::native::<unnamed>::silu_kernel(at::TensorIteratorBase &)::[lambda() (instance 1)]::operator ()() const::[lambda() (instance 5)]::operator ()() const::[lambda(c10::Half) (instance 1)], at::detail::Array<char *, (int)2>>(int, T2, T3)",182720.0
L|attention|C768|T4,"void flash_attn_int8_qi8packed_small_qout_kernel<(int)4, (int)96, (int)4, (bool)1>(const signed char *, const float *, signed char *, int, int, float, float, float, int)",179937.0
L|resblock_plain|C384|T16,"void at::native::elementwise_kernel<(int)128, (int)4, void at::native::gpu_kernel_impl_nocast<at::native::CUDAFunctor_add<c10::Half>>(at::TensorIteratorBase &, const T1 &)::[lambda(int) (instance 1)]>(int, T3)",179873.0
L|resblock_plain|C192|T256,"void at::native::elementwise_kernel<(int)128, (int)4, void at::native::gpu_kernel_impl_nocast<at::native::direct_copy_kernel_cuda(at::TensorIteratorBase &)::[lambda() (instance 3)]::operator ()() const::[lambda() (instance 10)]::operator ()() const::[lambda(c10::Half) (instance 1)]>(at::TensorIteratorBase &, const T1 &)::[lambda(int) (instance 1)]>(int, T3)",172737.0
L|resblock_plain|C576|T256,"void at::native::elementwise_kernel<(int)128, (int)4, void at::native::gpu_kernel_impl_nocast<at::native::direct_copy_kernel_cuda(at::TensorIteratorBase &)::[lambda() (instance 3)]::operator ()() const::[lambda() (instance 10)]::operator ()() const::[lambda(c10::Half) (instance 1)]>(at::TensorIteratorBase &, const T1 &)::[lambda(int) (instance 1)]>(int, T3)",172288.0
L|resblock_plain|C1152|T64,"void at::native::elementwise_kernel<(int)128, (int)4, void at::native::gpu_kernel_impl_nocast<at::native::direct_copy_kernel_cuda(at::TensorIteratorBase &)::[lambda() (instance 3)]::operator ()() const::[lambda() (instance 10)]::operator ()() const::[lambda(c10::Half) (instance 1)]>(at::TensorIteratorBase &, const T1 &)::[lambda(int) (instance 1)]>(int, T3)",171843.0
L|resblock_plain|C1152|T64,sm80_xmma_gemm_f16f16_f16f32_f32_tn_n_tilesize32x32x64_stage6_warpsize2x2x1_tensor16x8x16_kernel,169187.0
L|resblock_plain|C576|T256,sm80_xmma_gemm_f16f16_f16f32_f32_tn_n_tilesize32x32x64_stage6_warpsize2x2x1_tensor16x8x16_kernel,168451.0
L|resblock_plain|C384|T256,sm80_xmma_gemm_f16f16_f16f32_f32_tn_n_tilesize32x32x64_stage6_warpsize2x2x1_tensor16x8x16_kernel,167619.0
L|resblock_plain|C192|T256,sm80_xmma_gemm_f16f16_f16f32_f32_tn_n_tilesize32x32x64_stage6_warpsize2x2x1_tensor16x8x16_kernel,165443.0
,sm80_xmma_gemm_f16f16_f16f32_f32_tn_n_tilesize32x32x64_stage6_warpsize2x2x1_tensor16x8x16_kernel,163392.0
L|resblock_plain|C576|T1024,"void at::native::elementwise_kernel<(int)128, (int)4, void at::native::gpu_kernel_impl_nocast<at::native::direct_copy_kernel_cuda(at::TensorIteratorBase &)::[lambda() (instance 3)]::operator ()() const::[lambda() (instance 10)]::operator ()() const::[lambda(c10::Half) (instance 1)]>(at::TensorIteratorBase &, const T1 &)::[lambda(int) (instance 1)]>(int, T3)",162913.0
L|resblock_updown|C768|T4,"void at::native::elementwise_kernel<(int)128, (int)4, void at::native::gpu_kernel_impl_nocast<at::native::direct_copy_kernel_cuda(at::TensorIteratorBase &)::[lambda() (instance 3)]::operator ()() const::[lambda() (instance 10)]::operator ()() const::[lambda(c10::Half) (instance 1)]>(at::TensorIteratorBase &, const T1 &)::[lambda(int) (instance 1)]>(int, T3)",161856.0
,"void at::native::vectorized_elementwise_kernel<(int)4, at::native::AUnaryFunctor<c10::Half, c10::Half, c10::Half, at::native::binary_internal::MulFunctor<float>>, at::detail::Array<char *, (int)2>>(int, T2, T3)",155649.0
L|resblock_plain|C1152|T16,"void at::native::elementwise_kernel<(int)128, (int)4, void at::native::gpu_kernel_impl_nocast<at::native::direct_copy_kernel_cuda(at::TensorIteratorBase &)::[lambda() (instance 3)]::operator ()() const::[lambda() (instance 10)]::operator ()() const::[lambda(c10::Half) (instance 1)]>(at::TensorIteratorBase &, const T1 &)::[lambda(int) (instance 1)]>(int, T3)",154336.0
L|resblock_plain|C1536|T4,"void at::native::vectorized_elementwise_kernel<(int)4, at::native::<unnamed>::silu_kernel(at::TensorIteratorBase &)::[lambda() (instance 1)]::operator ()() const::[lambda() (instance 5)]::operator ()() const::[lambda(c10::Half) (instance 1)], at::detail::Array<char *, (int)2>>(int, T2, T3)",151362.0
L|resblock_plain|C384|T16,"void at::native::elementwise_kernel<(int)128, (int)4, void at::native::gpu_kernel_impl_nocast<at::native::direct_copy_kernel_cuda(at::TensorIteratorBase &)::[lambda() (instance 3)]::operator ()() const::[lambda() (instance 10)]::operator ()() const::[lambda(c10::Half) (instance 1)]>(at::TensorIteratorBase &, const T1 &)::[lambda(int) (instance 1)]>(int, T3)",147169.0
L|resblock_updown|C768|T16,"void avgpool2x_quantize_pack_noahat_kernel<__half>(const T1 *, signed char *, const float *, const float *, int, int, int, int, long)",124866.0
L|resblock_plain|C192|T1024,"void at::native::vectorized_elementwise_kernel<(int)4, at::native::<unnamed>::silu_kernel(at::TensorIteratorBase &)::[lambda() (instance 1)]::operator ()() const::[lambda() (instance 5)]::operator ()() const::[lambda(c10::Half) (instance 1)], at::detail::Array<char *, (int)2>>(int, T2, T3)",122977.0
L|resblock_plain|C768|T64,"void at::native::vectorized_elementwise_kernel<(int)4, at::native::<unnamed>::silu_kernel(at::TensorIteratorBase &)::[lambda() (instance 1)]::operator ()() const::[lambda() (instance 5)]::operator ()() const::[lambda(c10::Half) (instance 1)], at::detail::Array<char *, (int)2>>(int, T2, T3)",122881.0
L|resblock_plain|C384|T64,"void at::native::vectorized_elementwise_kernel<(int)4, at::native::<unnamed>::silu_kernel(at::TensorIteratorBase &)::[lambda() (instance 1)]::operator ()() const::[lambda() (instance 5)]::operator ()() const::[lambda(c10::Half) (instance 1)], at::detail::Array<char *, (int)2>>(int, T2, T3)",122305.0
L|resblock_plain|C1536|T16,"void at::native::vectorized_elementwise_kernel<(int)4, at::native::<unnamed>::silu_kernel(at::TensorIteratorBase &)::[lambda() (instance 1)]::operator ()() const::[lambda() (instance 5)]::operator ()() const::[lambda(c10::Half) (instance 1)], at::detail::Array<char *, (int)2>>(int, T2, T3)",122304.0
L|resblock_plain|C768|T256,"void at::native::vectorized_elementwise_kernel<(int)4, at::native::<unnamed>::silu_kernel(at::TensorIteratorBase &)::[lambda() (instance 1)]::operator ()() const::[lambda() (instance 5)]::operator ()() const::[lambda(c10::Half) (instance 1)], at::detail::Array<char *, (int)2>>(int, T2, T3)",120515.0
L|resblock_updown|C384|T64,"void at::native::vectorized_elementwise_kernel<(int)4, at::native::<unnamed>::silu_kernel(at::TensorIteratorBase &)::[lambda() (instance 1)]::operator ()() const::[lambda() (instance 5)]::operator ()() const::[lambda(c10::Half) (instance 1)], at::detail::Array<char *, (int)2>>(int, T2, T3)",119427.0
,"void at::native::vectorized_elementwise_kernel<(int)4, at::native::AUnaryFunctor<float, float, float, at::native::binary_internal::MulFunctor<float>>, at::detail::Array<char *, (int)2>>(int, T2, T3)",119074.0
L|resblock_plain|C768|T16,"void at::native::elementwise_kernel<(int)128, (int)4, void at::native::gpu_kernel_impl_nocast<at::native::direct_copy_kernel_cuda(at::TensorIteratorBase &)::[lambda() (instance 3)]::operator ()() const::[lambda() (instance 10)]::operator ()() const::[lambda(c10::Half) (instance 1)]>(at::TensorIteratorBase &, const T1 &)::[lambda(int) (instance 1)]>(int, T3)",118370.0
L|resblock_updown|C768|T4,"void at::native::unrolled_elementwise_kernel<at::native::direct_copy_kernel_cuda(at::TensorIteratorBase &)::[lambda() (instance 3)]::operator ()() const::[lambda() (instance 7)]::operator ()() const::[lambda(float) (instance 1)], at::detail::Array<char *, (int)2>, TrivialOffsetCalculator<(int)1, unsigned int>, TrivialOffsetCalculator<(int)1, unsigned int>, at::native::memory::LoadWithCast<(int)1>, at::native::memory::StoreWithCast<(int)1>>(int, T1, T2, T3, T4, T5, T6)",118017.0
L|resblock_updown|C384|T256,"void at::native::vectorized_elementwise_kernel<(int)4, at::native::<unnamed>::silu_kernel(at::TensorIteratorBase &)::[lambda() (instance 1)]::operator ()() const::[lambda() (instance 5)]::operator ()() const::[lambda(c10::Half) (instance 1)], at::detail::Array<char *, (int)2>>(int, T2, T3)",117664.0
L|resblock_plain|C384|T1024,"void at::native::vectorized_elementwise_kernel<(int)4, at::native::<unnamed>::silu_kernel(at::TensorIteratorBase &)::[lambda() (instance 1)]::operator ()() const::[lambda() (instance 5)]::operator ()() const::[lambda(c10::Half) (instance 1)], at::detail::Array<char *, (int)2>>(int, T2, T3)",116928.0
L|resblock_plain|C384|T256,"void at::native::elementwise_kernel<(int)128, (int)4, void at::native::gpu_kernel_impl_nocast<at::native::direct_copy_kernel_cuda(at::TensorIteratorBase &)::[lambda() (instance 3)]::operator ()() const::[lambda() (instance 10)]::operator ()() const::[lambda(c10::Half) (instance 1)]>(at::TensorIteratorBase &, const T1 &)::[lambda(int) (instance 1)]>(int, T3)",109185.0
L|resblock_updown|C768|T16,"void at::native::vectorized_elementwise_kernel<(int)4, at::native::<unnamed>::silu_kernel(at::TensorIteratorBase &)::[lambda() (instance 1)]::operator ()() const::[lambda() (instance 5)]::operator ()() const::[lambda(c10::Half) (instance 1)], at::detail::Array<char *, (int)2>>(int, T2, T3)",109056.0
L|resblock_updown|C192|T1024,sm80_xmma_gemm_f16f16_f16f32_f32_tn_n_tilesize32x32x64_stage6_warpsize2x2x1_tensor16x8x16_kernel,107555.0
L|resblock_plain|C576|T1024,sm80_xmma_gemm_f16f16_f16f32_f32_tn_n_tilesize32x32x64_stage6_warpsize2x2x1_tensor16x8x16_kernel,106916.0
L|resblock_updown|C192|T1024,"void at::native::elementwise_kernel<(int)128, (int)4, void at::native::gpu_kernel_impl_nocast<at::native::direct_copy_kernel_cuda(at::TensorIteratorBase &)::[lambda() (instance 3)]::operator ()() const::[lambda() (instance 10)]::operator ()() const::[lambda(c10::Half) (instance 1)]>(at::TensorIteratorBase &, const T1 &)::[lambda(int) (instance 1)]>(int, T3)",106528.0
,void cutlass::Kernel2<cutlass_80_wmma_tensorop_f16_s161616gemm_f16_32x32_128x2_tn_align8>(T1::Params),96800.0
,"void at::native::reduce_kernel<(int)512, (int)1, at::native::ReduceOp<long, at::native::func_wrapper_t<long, at::native::MaxNanFunctor<long>>, unsigned int, long, (int)4>>(T3)",70880.0
,"void at::native::<unnamed>::ComputeFusedParamsCUDAKernel<float>(long, long, long, const T1 *, const T1 *, const T1 *, const T1 *, at::AccumulateType<T1, (bool)1>::type *, at::AccumulateType<T1, (bool)1>::type *)",70306.0
,"void at::native::<unnamed>::indexSelectLargeIndex<float, long, unsigned int, (int)2, (int)2, (int)-2, (bool)1>(at::cuda::detail::TensorInfo<T1, T3>, at::cuda::detail::TensorInfo<const T1, T3>, at::cuda::detail::TensorInfo<const T2, T3>, int, int, T3, T3, long)",66176.0
L|resblock_updown|C768|T4,"void at::native::vectorized_elementwise_kernel<(int)4, at::native::<unnamed>::silu_kernel(at::TensorIteratorBase &)::[lambda() (instance 1)]::operator ()() const::[lambda() (instance 5)]::operator ()() const::[lambda(c10::Half) (instance 1)], at::detail::Array<char *, (int)2>>(int, T2, T3)",62944.0
L|resblock_plain|C1152|T64,"void at::native::vectorized_elementwise_kernel<(int)4, at::native::<unnamed>::silu_kernel(at::TensorIteratorBase &)::[lambda() (instance 1)]::operator ()() const::[lambda() (instance 5)]::operator ()() const::[lambda(c10::Half) (instance 1)], at::detail::Array<char *, (int)2>>(int, T2, T3)",61888.0
L|resblock_plain|C192|T256,"void at::native::vectorized_elementwise_kernel<(int)4, at::native::<unnamed>::silu_kernel(at::TensorIteratorBase &)::[lambda() (instance 1)]::operator ()() const::[lambda() (instance 5)]::operator ()() const::[lambda(c10::Half) (instance 1)], at::detail::Array<char *, (int)2>>(int, T2, T3)",61696.0
L|resblock_plain|C384|T256,"void at::native::vectorized_elementwise_kernel<(int)4, at::native::<unnamed>::silu_kernel(at::TensorIteratorBase &)::[lambda() (instance 1)]::operator ()() const::[lambda() (instance 5)]::operator ()() const::[lambda(c10::Half) (instance 1)], at::detail::Array<char *, (int)2>>(int, T2, T3)",61344.0
L|resblock_plain|C1152|T16,"void at::native::vectorized_elementwise_kernel<(int)4, at::native::<unnamed>::silu_kernel(at::TensorIteratorBase &)::[lambda() (instance 1)]::operator ()() const::[lambda() (instance 5)]::operator ()() const::[lambda(c10::Half) (instance 1)], at::detail::Array<char *, (int)2>>(int, T2, T3)",60768.0
L|resblock_plain|C576|T256,"void at::native::vectorized_elementwise_kernel<(int)4, at::native::<unnamed>::silu_kernel(at::TensorIteratorBase &)::[lambda() (instance 1)]::operator ()() const::[lambda() (instance 5)]::operator ()() const::[lambda(c10::Half) (instance 1)], at::detail::Array<char *, (int)2>>(int, T2, T3)",60161.0
L|resblock_plain|C576|T1024,"void at::native::vectorized_elementwise_kernel<(int)4, at::native::<unnamed>::silu_kernel(at::TensorIteratorBase &)::[lambda() (instance 1)]::operator ()() const::[lambda() (instance 5)]::operator ()() const::[lambda(c10::Half) (instance 1)], at::detail::Array<char *, (int)2>>(int, T2, T3)",57664.0
L|resblock_plain|C768|T16,"void at::native::vectorized_elementwise_kernel<(int)4, at::native::<unnamed>::silu_kernel(at::TensorIteratorBase &)::[lambda() (instance 1)]::operator ()() const::[lambda() (instance 5)]::operator ()() const::[lambda(c10::Half) (instance 1)], at::detail::Array<char *, (int)2>>(int, T2, T3)",57632.0
L|resblock_updown|C192|T1024,"void at::native::vectorized_elementwise_kernel<(int)4, at::native::<unnamed>::silu_kernel(at::TensorIteratorBase &)::[lambda() (instance 1)]::operator ()() const::[lambda() (instance 5)]::operator ()() const::[lambda(c10::Half) (instance 1)], at::detail::Array<char *, (int)2>>(int, T2, T3)",56641.0
L|resblock_plain|C384|T16,"void at::native::vectorized_elementwise_kernel<(int)4, at::native::<unnamed>::silu_kernel(at::TensorIteratorBase &)::[lambda() (instance 1)]::operator ()() const::[lambda() (instance 5)]::operator ()() const::[lambda(c10::Half) (instance 1)], at::detail::Array<char *, (int)2>>(int, T2, T3)",52768.0
,"void at::native::vectorized_elementwise_kernel<(int)4, at::native::<unnamed>::silu_kernel(at::TensorIteratorBase &)::[lambda() (instance 1)]::operator ()() const::[lambda() (instance 5)]::operator ()() const::[lambda(c10::Half) (instance 1)], at::detail::Array<char *, (int)2>>(int, T2, T3)",36544.0
,"void at::native::vectorized_elementwise_kernel<(int)4, at::native::FillFunctor<long>, at::detail::Array<char *, (int)1>>(int, T2, T3)",31520.0
,"void at::native::<unnamed>::distribution_elementwise_grid_stride_kernel<float, (int)4, void at::native::templates::cuda::normal_and_transform<float, float, (unsigned long)4, at::CUDAGeneratorImpl *, void at::native::templates::cuda::normal_kernel<at::CUDAGeneratorImpl *>(const at::TensorBase &, double, double, T1)::[lambda() (instance 1)]::operator ()() const::[lambda() (instance 2)]::operator ()() const::[lambda(float) (instance 1)]>(at::TensorIteratorBase &, T4, T5)::[lambda(curandStatePhilox4_32_10 *) (instance 2)], void at::native::<unnamed>::distribution_nullary_kernel<float, float, (int)4, at::CUDAGeneratorImpl *, void at::native::templates::cuda::normal_and_transform<float, float, (unsigned long)4, at::CUDAGeneratorImpl *, void at::native::templates::cuda::normal_kernel<at::CUDAGeneratorImpl *>(const at::TensorBase &, double, double, T1)::[lambda() (instance 1)]::operator ()() const::[lambda() (instance 2)]::operator ()() const::[lambda(float) (instance 1)]>(at::TensorIteratorBase &, T4, T5)::[lambda(curandStatePhilox4_32_10 *) (instance 2)], void at::native::templates::cuda::normal_kernel<at::CUDAGeneratorImpl *>(const at::TensorBase &, double, double, T1)::[lambda() (instance 1)]::operator ()() const::[lambda() (instance 2)]::operator ()() const::[lambda(float) (instance 1)]>(at::TensorIteratorBase &, T4, const T5 &, T6)::[lambda(int, float) (instance 1)]>(int, at::PhiloxCudaState, T3, T4)",6688.0
,"void at::native::vectorized_elementwise_kernel<(int)4, at::native::CUDAFunctorOnOther_add<float>, at::detail::Array<char *, (int)2>>(int, T2, T3)",4032.0
,"void at::native::vectorized_elementwise_kernel<(int)4, at::native::BinaryFunctor<float, float, float, at::native::binary_internal::DivFunctor<float>>, at::detail::Array<char *, (int)3>>(int, T2, T3)",3200.0
,"void at::native::vectorized_elementwise_kernel<(int)4, at::native::sqrt_kernel_cuda(at::TensorIteratorBase &)::[lambda() (instance 2)]::operator ()() const::[lambda() (instance 2)]::operator ()() const::[lambda(float) (instance 1)], at::detail::Array<char *, (int)2>>(int, T2, T3)",1568.0
,"void at::native::vectorized_elementwise_kernel<(int)4, at::native::BinaryFunctor<float, float, float, at::native::binary_internal::MulFunctor<float>>, at::detail::Array<char *, (int)3>>(int, T2, T3)",1376.0
