L|attention|C192|T1024,"void flash_attn_int8_mma_kernel_t<(int)32, (int)8, (int)32, (bool)1, (bool)1, (bool)0, (bool)0, (int)24, (int)1024>(const signed char *, const signed char *, const signed char *, const float *, const float *, const float *, __half *, int, int, int, int, int, float, signed char *, float, int, float, const __half *, int, float, const signed char *, int)",133293780.0
L|attention|C192|T1024,"void gemm_w4a4_kernel_awq_out_i8<(int)1>(const signed char *, const signed char *, const float *, float, const float *, signed char *, int, int, int, const __half *, int, int, int, float, float, const float *, const float *, signed char *, signed char *, signed char *, int, int)",56129674.0
L|resblock_plain|C384|T1024,"void group_norm_silu_quantize_pack_nhwc_vec2_kernel<__half, (bool)0>(const T1 *, signed char *, const T1 *, const T1 *, const T1 *, const T1 *, const float *, const float *, int, long, int, float, bool, int)",48618298.0
,"cat2_channels_last_fp16_kernel(const __half *, const __half *, __half *, long, int, int)",38204489.0
L|resblock_plain|C192|T1024,"void group_norm_silu_quantize_pack_nhwc_vec2_kernel<__half, (bool)0>(const T1 *, signed char *, const T1 *, const T1 *, const T1 *, const T1 *, const float *, const float *, int, long, int, float, bool, int)",37706736.0
L|attention|C384|T256,"void gemm_w4a4_kernel_awq_out_i8<(int)3>(const signed char *, const signed char *, const float *, float, const float *, signed char *, int, int, int, const __half *, int, int, int, float, float, const float *, const float *, signed char *, signed char *, signed char *, int, int)",32582357.0
L|attention|C192|T1024,"gemm_w4a4_kernel_awq(const signed char *, const signed char *, const float *, float, __half *, int, int, int, int, const __half *, const __half *)",31840524.0
L|resblock_plain|C576|T1024,"void group_norm_silu_quantize_pack_nhwc_vec2_kernel<__half, (bool)0>(const T1 *, signed char *, const T1 *, const T1 *, const T1 *, const T1 *, const float *, const float *, int, long, int, float, bool, int)",30485510.0
L|resblock_plain|C768|T256,"void group_norm_silu_quantize_pack_nhwc_vec2_kernel<__half, (bool)0>(const T1 *, signed char *, const T1 *, const T1 *, const T1 *, const T1 *, const float *, const float *, int, long, int, float, bool, int)",29958658.0
L|attention|C192|T1024,"void group_norm_silu_quantize_pack_nhwc_vec2_kernel<__half, (bool)1>(const T1 *, signed char *, const T1 *, const T1 *, const T1 *, const T1 *, const float *, const float *, int, long, int, float, bool, int)",26329100.0
L|resblock_updown|C384|T256,"void group_norm_silu_quantize_pack_nhwc_vec2_kernel<__half, (bool)0>(const T1 *, signed char *, const T1 *, const T1 *, const T1 *, const T1 *, const float *, const float *, int, long, int, float, bool, int)",19346430.0
L|resblock_plain|C384|T1024,"void cutlass::Kernel<modiff::ImplicitGemmConvolutionEVT<cutlass::conv::threadblock::ImplicitGemmMultistage<cutlass::gemm::GemmShape<(int)128, (int)128, (int)128>, cutlass::conv::threadblock::Conv2dFpropActivationTileAccessIteratorOptimized<cutlass::MatrixShape<(int)128, (int)128>, cutlass::integer_subbyte<(int)4, (bool)1>, cutlass::layout::TensorNHWC, cutlass::transform::PitchLinearWarpRakedThreadMap<cutlass::PitchLinearShape<(int)128, (int)128>, (int)128, cutlass::PitchLinearShape<(int)4, (int)8>, (int)32>, cutlass::AlignedArray<cutlass::integer_subbyte<(int)4, (bool)1>, (int)32, (int)16>>, cutlass::transform::threadblock::RegularTileAccessIterator<cutlass::MatrixShape<(int)128, (int)128>, cutlass::integer_subbyte<(int)4, (bool)1>, cutlass::layout::RowMajorTensorOpMultiplicandCrosswise<(int)4, (int)128>, (int)0, cutlass::transform::PitchLinearWarpRakedThreadMap<cutlass::PitchLinearShape<(int)128, (int)128>, (int)128, cutlass::PitchLinearShape<(int)4, (int)8>, (int)32>, (int)16>, (cutlass::arch::CacheOperation::Kind)0, cutlass::conv::threadblock::Conv2dFpropFilterTileAccessIteratorOptimized<cutlass::MatrixShape<(int)128, (int)128>, cutlass::integer_subbyte<(int)4, (bool)1>, cutlass::layout::TensorNHWC, cutlass::transform::PitchLinearWarpRakedThreadMap<cutlass::PitchLinearShape<(int)128, (int)128>, (int)128, cutlass::PitchLinearShape<(int)4, (int)8>, (int)32>, cutlass::AlignedArray<cutlass::integer_subbyte<(int)4, (bool)1>, (int)32, (int)16>, (bool)0>, cutlass::transform::threadblock::RegularTileAccessIterator<cutlass::MatrixShape<(int)128, (int)128>, cutlass::integer_subbyte<(int)4, (bool)1>, cutlass::layout::ColumnMajorTensorOpMultiplicandCrosswise<(int)4, (int)128>, (int)1, cutlass::transform::PitchLinearWarpRakedThreadMap<cutlass::PitchLinearShape<(int)128, (int)128>, (int)128, cutlass::PitchLinearShape<(int)4, (int)8>, (int)32>, (int)16>, (cutlass::arch::CacheOperation::Kind)1, cutlass::gemm::threadblock::MmaPolicy<cutlass::gemm::warp::MmaTensorOp<cutlass::gemm::GemmShape<(int)64, (int)64, (int)128>, cutlass::integer_subbyte<(int)4, (bool)1>, cutlass::layout::RowMajorTensorOpMultiplicandCrosswise<(int)4, (int)128>, cutlass::integer_subbyte<(int)4, (bool)1>, cutlass::layout::ColumnMajorTensorOpMultiplicandCrosswise<(int)4, (int)128>, int, cutlass::layout::RowMajor, cutlass::gemm::warp::MmaTensorOpPolicy<cutlass::arch::Mma<cutlass::gemm::GemmShape<(int)16, (int)8, (int)64>, (int)32, cutlass::integer_subbyte<(int)4, (bool)1>, cutlass::layout::RowMajor, cutlass::integer_subbyte<(int)4, (bool)1>, cutlass::layout::ColumnMajor, int, cutlass::layout::RowMajor, cutlass::arch::OpMultiplyAddSaturate>, cutlass::MatrixShape<(int)1, (int)1>>, (int)1, (bool)0, bool>, cutlass::MatrixShape<(int)0, (int)0>, cutlass::MatrixShape<(int)0, (int)0>, (int)1>, (int)3, bool>, cutlass::epilogue::threadblock::EpilogueWithVisitorCallbacks<cutlass::epilogue::threadblock::Epilogue<cutlass::gemm::GemmShape<(int)128, (int)128, (int)128>, cutlass::gemm::warp::MmaTensorOp<cutlass::gemm::GemmShape<(int)64, (int)64, (int)128>, cutlass::integer_subbyte<(int)4, (bool)1>, cutlass::layout::RowMajorTensorOpMultiplicandCrosswise<(int)4, (int)128>, cutlass::integer_subbyte<(int)4, (bool)1>, cutlass::layout::ColumnMajorTensorOpMultiplicandCrosswise<(int)4, (int)128>, int, cutlass::layout::RowMajor, cutlass::gemm::warp::MmaTensorOpPolicy<cutlass::arch::Mma<cutlass::gemm::GemmShape<(int)16, (int)8, (int)64>, (int)32, cutlass::integer_subbyte<(int)4, (bool)1>, cutlass::layout::RowMajor, cutlass::integer_subbyte<(int)4, (bool)1>, cutlass::layout::ColumnMajor, int, cutlass::layout::RowMajor, cutlass::arch::OpMultiplyAddSaturate>, cutlass::MatrixShape<(int)1, (int)1>>, (int)1, (bool)0, bool>, (int)1, cutlass::epilogue::threadblock::PredicatedTileIteratorConv<cutlass::epilogue::threadblock::OutputTileOptimalThreadMap<cutlass::epilogue::threadblock::OutputTileShape<(int)128, (int)8, (int)2, (int)1, (int)1>, cutlass::epilogue::threadblock::OutputTileShape<(int)1, (int)8, (int)1, (int)1, (int)8>, (int)128, (int)8, (int)16>, cutlass::half_t, (bool)0, cutlass::layout::NoPermute, (bool)0, (int)4>, cutlass::epilogue::warp::FragmentIteratorTensorOp<cutlass::gemm::GemmShape<(int)64, (int)64, (int)128>, cutlass::gemm::GemmShape<(int)16, (int)8, (int)64>, int, cutlass::Array<int, (int)4, (bool)1>, cutlass::layout::RowMajor>, cutlass::epilogue::warp::TileIteratorTensorOpMixed<cutlass::gemm::GemmShape<(int)64, (int)64, (int)128>, cutlass::gemm::GemmShape<(int)16, (int)8, (int)64>, int, (int)32, (int)16, (int)8, (int)8, (bool)0>, cutlass::epilogue::threadblock::SharedLoadIteratorMixed<cutlass::epilogue::threadblock::OutputTileOptimalThreadMap<cutlass::epilogue::threadblock::OutputTileShape<(int)128, (int)8, (int)2, (int)1, (int)1>, cutlass::epilogue::threadblock::OutputTileShape<(int)1, (int)8, (int)1, (int)1, (int)8>, (int)128, (int)8, (int)16>::CompactedThreadMap, int, (int)32, (int)16, (int)8, (int)8, (bool)0>, cutlass::epilogue::thread::LinearCombination<cutlass::half_t, (int)8, int, float, (cutlass::epilogue::thread::ScaleType::Kind)0, (cutlass::FloatRoundStyle)2, cutlass::half_t>, cutlass::MatrixShape<(int)0, (int)8>, (int)2, (int)1>, cutlass::epilogue::threadblock::TreeVisitor2x<cutlass::epilogue::threadblock::VisitorAuxStore<cutlass::epilogue::threadblock::OutputTileThreadLayout<cutlass::gemm::GemmShape<(int)128, (int)128, (int)128>, cutlass::gemm::GemmShape<(int)64, (int)64, (int)128>, cutlass::half_t, (int)8, (int)1>, cutlass::half_t, (cutlass::FloatRoundStyle)2, cute::tuple<long, cute::C<(int)1>, long>>, cutlass::epilogue::threadblock::TreeVisitor2x<cutlass::epilogue::threadblock::VisitorCompute<cutlass::plus, float, float, (cutlass::FloatRoundStyle)2, void>, cutlass::epilogue::threadblock::TreeVisitor2x<cutlass::epilogue::threadblock::VisitorCompute<cutlass::multiplies, float, float, (cutlass::FloatRoundStyle)2, void>, cutlass::epilogue::threadblock::TreeVisitor2x<cutlass::epilogue::threadblock::VisitorCompute<cutlass::multiplies, float, float, (cutlass::FloatRoundStyle)2, void>, cutlass::epilogue::threadblock::VisitorAccFetch, cutlass::epilogue::threadblock::VisitorScalarBroadcast<float, cute::tuple<cute::C<(int)0>, cute::C<(int)0>, cute::C<(int)0>>, (int)1, cutlass::multiplies>>, cutlass::epilogue::threadblock::VisitorRowBroadcast<cutlass::epilogue::threadblock::OutputTileThreadLayout<cutlass::gemm::GemmShape<(int)128, (int)128, (int)128>, cutlass::gemm::GemmShape<(int)64, (int)64, (int)128>, cutlass::half_t, (int)8, (int)1>, float, cute::tuple<cute::C<(int)0>, cute::C<(int)1>, int>, (bool)1>>, cutlass::epilogue::threadblock::VisitorRowBroadcast<cutlass::epilogue::threadblock::OutputTileThreadLayout<cutlass::gemm::GemmShape<(int)128, (int)128, (int)128>, cutlass::gemm::GemmShape<(int)64, (int)64, (int)128>, cutlass::half_t, (int)8, (int)1>, float, cute::tuple<cute::C<(int)0>, cute::C<(int)1>, int>, (bool)1>>>, (int)1, (int)1>, cutlass::gemm::threadblock::GemmIdentityThreadblockSwizzle<(int)1>, (cutlass::conv::Operator)0, cutlass::conv::Conv2dProblemSize>>(T1::Params)",18831576.0
L|attention|C384|T256,"void flash_attn_int4_mma_kernel_t<(int)64, (int)64, (int)8, (bool)1>(const signed char *, const signed char *, const signed char *, const float *, const float *, const float *, __half *, int, int, int, int, int, int, float, signed char *, float, int, float, const __half *, int, float, bool)",18604244.0
L|resblock_plain|C768|T64,"void group_norm_silu_quantize_pack_nhwc_vec2_kernel<__half, (bool)0>(const T1 *, signed char *, const T1 *, const T1 *, const T1 *, const T1 *, const float *, const float *, int, long, int, float, bool, int)",17116468.0
L|resblock_updown|C384|T256,"void at::native::<unnamed>::upsample_nearest2d_nhwc_out_frame<float, &at::native::nearest_neighbor_compute_source_index>(const T1 *, T1 *, unsigned long, unsigned long, unsigned long, unsigned long, unsigned long, float, float, unsigned long)",16796271.0
L|attention|C384|T256,"gemm_w4a4_kernel_awq(const signed char *, const signed char *, const float *, float, __half *, int, int, int, int, const __half *, const __half *)",16248329.0
L|resblock_plain|C384|T64,"void group_norm_silu_quantize_pack_nhwc_vec2_kernel<__half, (bool)0>(const T1 *, signed char *, const T1 *, const T1 *, const T1 *, const T1 *, const float *, const float *, int, long, int, float, bool, int)",15550725.0
L|resblock_updown|C384|T256,"void cutlass::Kernel<modiff::ImplicitGemmConvolutionEVT<cutlass::conv::threadblock::ImplicitGemmMultistage<cutlass::gemm::GemmShape<(int)128, (int)128, (int)128>, cutlass::conv::threadblock::Conv2dFpropActivationTileAccessIteratorOptimized<cutlass::MatrixShape<(int)128, (int)128>, cutlass::integer_subbyte<(int)4, (bool)1>, cutlass::layout::TensorNHWC, cutlass::transform::PitchLinearWarpRakedThreadMap<cutlass::PitchLinearShape<(int)128, (int)128>, (int)128, cutlass::PitchLinearShape<(int)4, (int)8>, (int)32>, cutlass::AlignedArray<cutlass::integer_subbyte<(int)4, (bool)1>, (int)32, (int)16>>, cutlass::transform::threadblock::RegularTileAccessIterator<cutlass::MatrixShape<(int)128, (int)128>, cutlass::integer_subbyte<(int)4, (bool)1>, cutlass::layout::RowMajorTensorOpMultiplicandCrosswise<(int)4, (int)128>, (int)0, cutlass::transform::PitchLinearWarpRakedThreadMap<cutlass::PitchLinearShape<(int)128, (int)128>, (int)128, cutlass::PitchLinearShape<(int)4, (int)8>, (int)32>, (int)16>, (cutlass::arch::CacheOperation::Kind)0, cutlass::conv::threadblock::Conv2dFpropFilterTileAccessIteratorOptimized<cutlass::MatrixShape<(int)128, (int)128>, cutlass::integer_subbyte<(int)4, (bool)1>, cutlass::layout::TensorNHWC, cutlass::transform::PitchLinearWarpRakedThreadMap<cutlass::PitchLinearShape<(int)128, (int)128>, (int)128, cutlass::PitchLinearShape<(int)4, (int)8>, (int)32>, cutlass::AlignedArray<cutlass::integer_subbyte<(int)4, (bool)1>, (int)32, (int)16>, (bool)0>, cutlass::transform::threadblock::RegularTileAccessIterator<cutlass::MatrixShape<(int)128, (int)128>, cutlass::integer_subbyte<(int)4, (bool)1>, cutlass::layout::ColumnMajorTensorOpMultiplicandCrosswise<(int)4, (int)128>, (int)1, cutlass::transform::PitchLinearWarpRakedThreadMap<cutlass::PitchLinearShape<(int)128, (int)128>, (int)128, cutlass::PitchLinearShape<(int)4, (int)8>, (int)32>, (int)16>, (cutlass::arch::CacheOperation::Kind)1, cutlass::gemm::threadblock::MmaPolicy<cutlass::gemm::warp::MmaTensorOp<cutlass::gemm::GemmShape<(int)64, (int)64, (int)128>, cutlass::integer_subbyte<(int)4, (bool)1>, cutlass::layout::RowMajorTensorOpMultiplicandCrosswise<(int)4, (int)128>, cutlass::integer_subbyte<(int)4, (bool)1>, cutlass::layout::ColumnMajorTensorOpMultiplicandCrosswise<(int)4, (int)128>, int, cutlass::layout::RowMajor, cutlass::gemm::warp::MmaTensorOpPolicy<cutlass::arch::Mma<cutlass::gemm::GemmShape<(int)16, (int)8, (int)64>, (int)32, cutlass::integer_subbyte<(int)4, (bool)1>, cutlass::layout::RowMajor, cutlass::integer_subbyte<(int)4, (bool)1>, cutlass::layout::ColumnMajor, int, cutlass::layout::RowMajor, cutlass::arch::OpMultiplyAddSaturate>, cutlass::MatrixShape<(int)1, (int)1>>, (int)1, (bool)0, bool>, cutlass::MatrixShape<(int)0, (int)0>, cutlass::MatrixShape<(int)0, (int)0>, (int)1>, (int)3, bool>, cutlass::epilogue::threadblock::EpilogueWithVisitorCallbacks<cutlass::epilogue::threadblock::Epilogue<cutlass::gemm::GemmShape<(int)128, (int)128, (int)128>, cutlass::gemm::warp::MmaTensorOp<cutlass::gemm::GemmShape<(int)64, (int)64, (int)128>, cutlass::integer_subbyte<(int)4, (bool)1>, cutlass::layout::RowMajorTensorOpMultiplicandCrosswise<(int)4, (int)128>, cutlass::integer_subbyte<(int)4, (bool)1>, cutlass::layout::ColumnMajorTensorOpMultiplicandCrosswise<(int)4, (int)128>, int, cutlass::layout::RowMajor, cutlass::gemm::warp::MmaTensorOpPolicy<cutlass::arch::Mma<cutlass::gemm::GemmShape<(int)16, (int)8, (int)64>, (int)32, cutlass::integer_subbyte<(int)4, (bool)1>, cutlass::layout::RowMajor, cutlass::integer_subbyte<(int)4, (bool)1>, cutlass::layout::ColumnMajor, int, cutlass::layout::RowMajor, cutlass::arch::OpMultiplyAddSaturate>, cutlass::MatrixShape<(int)1, (int)1>>, (int)1, (bool)0, bool>, (int)1, cutlass::epilogue::threadblock::PredicatedTileIteratorConv<cutlass::epilogue::threadblock::OutputTileOptimalThreadMap<cutlass::epilogue::threadblock::OutputTileShape<(int)128, (int)8, (int)2, (int)1, (int)1>, cutlass::epilogue::threadblock::OutputTileShape<(int)1, (int)8, (int)1, (int)1, (int)8>, (int)128, (int)8, (int)16>, cutlass::half_t, (bool)0, cutlass::layout::NoPermute, (bool)0, (int)4>, cutlass::epilogue::warp::FragmentIteratorTensorOp<cutlass::gemm::GemmShape<(int)64, (int)64, (int)128>, cutlass::gemm::GemmShape<(int)16, (int)8, (int)64>, int, cutlass::Array<int, (int)4, (bool)1>, cutlass::layout::RowMajor>, cutlass::epilogue::warp::TileIteratorTensorOpMixed<cutlass::gemm::GemmShape<(int)64, (int)64, (int)128>, cutlass::gemm::GemmShape<(int)16, (int)8, (int)64>, int, (int)32, (int)16, (int)8, (int)8, (bool)0>, cutlass::epilogue::threadblock::SharedLoadIteratorMixed<cutlass::epilogue::threadblock::OutputTileOptimalThreadMap<cutlass::epilogue::threadblock::OutputTileShape<(int)128, (int)8, (int)2, (int)1, (int)1>, cutlass::epilogue::threadblock::OutputTileShape<(int)1, (int)8, (int)1, (int)1, (int)8>, (int)128, (int)8, (int)16>::CompactedThreadMap, int, (int)32, (int)16, (int)8, (int)8, (bool)0>, cutlass::epilogue::thread::LinearCombination<cutlass::half_t, (int)8, int, float, (cutlass::epilogue::thread::ScaleType::Kind)0, (cutlass::FloatRoundStyle)2, cutlass::half_t>, cutlass::MatrixShape<(int)0, (int)8>, (int)2, (int)1>, cutlass::epilogue::threadblock::TreeVisitor2x<cutlass::epilogue::threadblock::VisitorAuxStore<cutlass::epilogue::threadblock::OutputTileThreadLayout<cutlass::gemm::GemmShape<(int)128, (int)128, (int)128>, cutlass::gemm::GemmShape<(int)64, (int)64, (int)128>, cutlass::half_t, (int)8, (int)1>, cutlass::half_t, (cutlass::FloatRoundStyle)2, cute::tuple<long, cute::C<(int)1>, long>>, cutlass::epilogue::threadblock::TreeVisitor2x<cutlass::epilogue::threadblock::VisitorCompute<cutlass::plus, float, float, (cutlass::FloatRoundStyle)2, void>, cutlass::epilogue::threadblock::TreeVisitor2x<cutlass::epilogue::threadblock::VisitorCompute<cutlass::plus, float, float, (cutlass::FloatRoundStyle)2, void>, cutlass::epilogue::threadblock::TreeVisitor2x<cutlass::epilogue::threadblock::VisitorCompute<cutlass::multiplies, float, float, (cutlass::FloatRoundStyle)2, void>, cutlass::epilogue::threadblock::TreeVisitor2x<cutlass::epilogue::threadblock::VisitorCompute<cutlass::multiplies, float, float, (cutlass::FloatRoundStyle)2, void>, cutlass::epilogue::threadblock::VisitorAccFetch, cutlass::epilogue::threadblock::VisitorScalarBroadcast<float, cute::tuple<cute::C<(int)0>, cute::C<(int)0>, cute::C<(int)0>>, (int)1, cutlass::multiplies>>, cutlass::epilogue::threadblock::VisitorRowBroadcast<cutlass::epilogue::threadblock::OutputTileThreadLayout<cutlass::gemm::GemmShape<(int)128, (int)128, (int)128>, cutlass::gemm::GemmShape<(int)64, (int)64, (int)128>, cutlass::half_t, (int)8, (int)1>, float, cute::tuple<cute::C<(int)0>, cute::C<(int)1>, int>, (bool)1>>, cutlass::epilogue::threadblock::VisitorRowBroadcast<cutlass::epilogue::threadblock::OutputTileThreadLayout<cutlass::gemm::GemmShape<(int)128, (int)128, (int)128>, cutlass::gemm::GemmShape<(int)64, (int)64, (int)128>, cutlass::half_t, (int)8, (int)1>, float, cute::tuple<cute::C<(int)0>, cute::C<(int)1>, int>, (bool)1>>, cutlass::epilogue::threadblock::VisitorAuxLoad<cutlass::epilogue::threadblock::OutputTileThreadLayout<cutlass::gemm::GemmShape<(int)128, (int)128, (int)128>, cutlass::gemm::GemmShape<(int)64, (int)64, (int)128>, cutlass::half_t, (int)8, (int)1>, cutlass::half_t, cute::tuple<long, cute::C<(int)1>, long>>>>, (int)1, (int)1>, cutlass::gemm::threadblock::GemmIdentityThreadblockSwizzle<(int)1>, (cutlass::conv::Operator)0, cutlass::conv::Conv2dProblemSize>>(T1::Params)",15271620.0
L|resblock_updown|C384|T256,"void cutlass::Kernel<modiff::ImplicitGemmConvolutionEVT<cutlass::conv::threadblock::ImplicitGemmMultistage<cutlass::gemm::GemmShape<(int)128, (int)128, (int)128>, cutlass::conv::threadblock::Conv2dFpropActivationTileAccessIteratorOptimized<cutlass::MatrixShape<(int)128, (int)128>, cutlass::integer_subbyte<(int)4, (bool)1>, cutlass::layout::TensorNHWC, cutlass::transform::PitchLinearWarpRakedThreadMap<cutlass::PitchLinearShape<(int)128, (int)128>, (int)128, cutlass::PitchLinearShape<(int)4, (int)8>, (int)32>, cutlass::AlignedArray<cutlass::integer_subbyte<(int)4, (bool)1>, (int)32, (int)16>>, cutlass::transform::threadblock::RegularTileAccessIterator<cutlass::MatrixShape<(int)128, (int)128>, cutlass::integer_subbyte<(int)4, (bool)1>, cutlass::layout::RowMajorTensorOpMultiplicandCrosswise<(int)4, (int)128>, (int)0, cutlass::transform::PitchLinearWarpRakedThreadMap<cutlass::PitchLinearShape<(int)128, (int)128>, (int)128, cutlass::PitchLinearShape<(int)4, (int)8>, (int)32>, (int)16>, (cutlass::arch::CacheOperation::Kind)0, cutlass::conv::threadblock::Conv2dFpropFilterTileAccessIteratorOptimized<cutlass::MatrixShape<(int)128, (int)128>, cutlass::integer_subbyte<(int)4, (bool)1>, cutlass::layout::TensorNHWC, cutlass::transform::PitchLinearWarpRakedThreadMap<cutlass::PitchLinearShape<(int)128, (int)128>, (int)128, cutlass::PitchLinearShape<(int)4, (int)8>, (int)32>, cutlass::AlignedArray<cutlass::integer_subbyte<(int)4, (bool)1>, (int)32, (int)16>, (bool)0>, cutlass::transform::threadblock::RegularTileAccessIterator<cutlass::MatrixShape<(int)128, (int)128>, cutlass::integer_subbyte<(int)4, (bool)1>, cutlass::layout::ColumnMajorTensorOpMultiplicandCrosswise<(int)4, (int)128>, (int)1, cutlass::transform::PitchLinearWarpRakedThreadMap<cutlass::PitchLinearShape<(int)128, (int)128>, (int)128, cutlass::PitchLinearShape<(int)4, (int)8>, (int)32>, (int)16>, (cutlass::arch::CacheOperation::Kind)1, cutlass::gemm::threadblock::MmaPolicy<cutlass::gemm::warp::MmaTensorOp<cutlass::gemm::GemmShape<(int)64, (int)64, (int)128>, cutlass::integer_subbyte<(int)4, (bool)1>, cutlass::layout::RowMajorTensorOpMultiplicandCrosswise<(int)4, (int)128>, cutlass::integer_subbyte<(int)4, (bool)1>, cutlass::layout::ColumnMajorTensorOpMultiplicandCrosswise<(int)4, (int)128>, int, cutlass::layout::RowMajor, cutlass::gemm::warp::MmaTensorOpPolicy<cutlass::arch::Mma<cutlass::gemm::GemmShape<(int)16, (int)8, (int)64>, (int)32, cutlass::integer_subbyte<(int)4, (bool)1>, cutlass::layout::RowMajor, cutlass::integer_subbyte<(int)4, (bool)1>, cutlass::layout::ColumnMajor, int, cutlass::layout::RowMajor, cutlass::arch::OpMultiplyAddSaturate>, cutlass::MatrixShape<(int)1, (int)1>>, (int)1, (bool)0, bool>, cutlass::MatrixShape<(int)0, (int)0>, cutlass::MatrixShape<(int)0, (int)0>, (int)1>, (int)3, bool>, cutlass::epilogue::threadblock::EpilogueWithVisitorCallbacks<cutlass::epilogue::threadblock::Epilogue<cutlass::gemm::GemmShape<(int)128, (int)128, (int)128>, cutlass::gemm::warp::MmaTensorOp<cutlass::gemm::GemmShape<(int)64, (int)64, (int)128>, cutlass::integer_subbyte<(int)4, (bool)1>, cutlass::layout::RowMajorTensorOpMultiplicandCrosswise<(int)4, (int)128>, cutlass::integer_subbyte<(int)4, (bool)1>, cutlass::layout::ColumnMajorTensorOpMultiplicandCrosswise<(int)4, (int)128>, int, cutlass::layout::RowMajor, cutlass::gemm::warp::MmaTensorOpPolicy<cutlass::arch::Mma<cutlass::gemm::GemmShape<(int)16, (int)8, (int)64>, (int)32, cutlass::integer_subbyte<(int)4, (bool)1>, cutlass::layout::RowMajor, cutlass::integer_subbyte<(int)4, (bool)1>, cutlass::layout::ColumnMajor, int, cutlass::layout::RowMajor, cutlass::arch::OpMultiplyAddSaturate>, cutlass::MatrixShape<(int)1, (int)1>>, (int)1, (bool)0, bool>, (int)1, cutlass::epilogue::threadblock::PredicatedTileIteratorConv<cutlass::epilogue::threadblock::OutputTileOptimalThreadMap<cutlass::epilogue::threadblock::OutputTileShape<(int)128, (int)8, (int)2, (int)1, (int)1>, cutlass::epilogue::threadblock::OutputTileShape<(int)1, (int)8, (int)1, (int)1, (int)8>, (int)128, (int)8, (int)16>, cutlass::half_t, (bool)0, cutlass::layout::NoPermute, (bool)0, (int)4>, cutlass::epilogue::warp::FragmentIteratorTensorOp<cutlass::gemm::GemmShape<(int)64, (int)64, (int)128>, cutlass::gemm::GemmShape<(int)16, (int)8, (int)64>, int, cutlass::Array<int, (int)4, (bool)1>, cutlass::layout::RowMajor>, cutlass::epilogue::warp::TileIteratorTensorOpMixed<cutlass::gemm::GemmShape<(int)64, (int)64, (int)128>, cutlass::gemm::GemmShape<(int)16, (int)8, (int)64>, int, (int)32, (int)16, (int)8, (int)8, (bool)0>, cutlass::epilogue::threadblock::SharedLoadIteratorMixed<cutlass::epilogue::threadblock::OutputTileOptimalThreadMap<cutlass::epilogue::threadblock::OutputTileShape<(int)128, (int)8, (int)2, (int)1, (int)1>, cutlass::epilogue::threadblock::OutputTileShape<(int)1, (int)8, (int)1, (int)1, (int)8>, (int)128, (int)8, (int)16>::CompactedThreadMap, int, (int)32, (int)16, (int)8, (int)8, (bool)0>, cutlass::epilogue::thread::LinearCombination<cutlass::half_t, (int)8, int, float, (cutlass::epilogue::thread::ScaleType::Kind)0, (cutlass::FloatRoundStyle)2, cutlass::half_t>, cutlass::MatrixShape<(int)0, (int)8>, (int)2, (int)1>, cutlass::epilogue::threadblock::TreeVisitor2x<cutlass::epilogue::threadblock::VisitorAuxStore<cutlass::epilogue::threadblock::OutputTileThreadLayout<cutlass::gemm::GemmShape<(int)128, (int)128, (int)128>, cutlass::gemm::GemmShape<(int)64, (int)64, (int)128>, cutlass::half_t, (int)8, (int)1>, cutlass::half_t, (cutlass::FloatRoundStyle)2, cute::tuple<long, cute::C<(int)1>, long>>, cutlass::epilogue::threadblock::TreeVisitor2x<cutlass::epilogue::threadblock::VisitorCompute<cutlass::plus, float, float, (cutlass::FloatRoundStyle)2, void>, cutlass::epilogue::threadblock::TreeVisitor2x<cutlass::epilogue::threadblock::VisitorCompute<cutlass::multiplies, float, float, (cutlass::FloatRoundStyle)2, void>, cutlass::epilogue::threadblock::TreeVisitor2x<cutlass::epilogue::threadblock::VisitorCompute<cutlass::multiplies, float, float, (cutlass::FloatRoundStyle)2, void>, cutlass::epilogue::threadblock::VisitorAccFetch, cutlass::epilogue::threadblock::VisitorScalarBroadcast<float, cute::tuple<cute::C<(int)0>, cute::C<(int)0>, cute::C<(int)0>>, (int)1, cutlass::multiplies>>, cutlass::epilogue::threadblock::VisitorRowBroadcast<cutlass::epilogue::threadblock::OutputTileThreadLayout<cutlass::gemm::GemmShape<(int)128, (int)128, (int)128>, cutlass::gemm::GemmShape<(int)64, (int)64, (int)128>, cutlass::half_t, (int)8, (int)1>, float, cute::tuple<cute::C<(int)0>, cute::C<(int)1>, int>, (bool)1>>, cutlass::epilogue::threadblock::VisitorRowBroadcast<cutlass::epilogue::threadblock::OutputTileThreadLayout<cutlass::gemm::GemmShape<(int)128, (int)128, (int)128>, cutlass::gemm::GemmShape<(int)64, (int)64, (int)128>, cutlass::half_t, (int)8, (int)1>, float, cute::tuple<cute::C<(int)0>, cute::C<(int)1>, int>, (bool)1>>>, (int)1, (int)1>, cutlass::gemm::threadblock::GemmIdentityThreadblockSwizzle<(int)1>, (cutlass::conv::Operator)0, cutlass::conv::Conv2dProblemSize>>(T1::Params)",15217663.0
L|resblock_plain|C576|T1024,"void cutlass::Kernel<modiff::ImplicitGemmConvolutionEVT<cutlass::conv::threadblock::ImplicitGemmMultistage<cutlass::gemm::GemmShape<(int)128, (int)128, (int)128>, cutlass::conv::threadblock::Conv2dFpropActivationTileAccessIteratorOptimized<cutlass::MatrixShape<(int)128, (int)128>, cutlass::integer_subbyte<(int)4, (bool)1>, cutlass::layout::TensorNHWC, cutlass::transform::PitchLinearWarpRakedThreadMap<cutlass::PitchLinearShape<(int)128, (int)128>, (int)128, cutlass::PitchLinearShape<(int)4, (int)8>, (int)32>, cutlass::AlignedArray<cutlass::integer_subbyte<(int)4, (bool)1>, (int)32, (int)16>>, cutlass::transform::threadblock::RegularTileAccessIterator<cutlass::MatrixShape<(int)128, (int)128>, cutlass::integer_subbyte<(int)4, (bool)1>, cutlass::layout::RowMajorTensorOpMultiplicandCrosswise<(int)4, (int)128>, (int)0, cutlass::transform::PitchLinearWarpRakedThreadMap<cutlass::PitchLinearShape<(int)128, (int)128>, (int)128, cutlass::PitchLinearShape<(int)4, (int)8>, (int)32>, (int)16>, (cutlass::arch::CacheOperation::Kind)0, cutlass::conv::threadblock::Conv2dFpropFilterTileAccessIteratorOptimized<cutlass::MatrixShape<(int)128, (int)128>, cutlass::integer_subbyte<(int)4, (bool)1>, cutlass::layout::TensorNHWC, cutlass::transform::PitchLinearWarpRakedThreadMap<cutlass::PitchLinearShape<(int)128, (int)128>, (int)128, cutlass::PitchLinearShape<(int)4, (int)8>, (int)32>, cutlass::AlignedArray<cutlass::integer_subbyte<(int)4, (bool)1>, (int)32, (int)16>, (bool)0>, cutlass::transform::threadblock::RegularTileAccessIterator<cutlass::MatrixShape<(int)128, (int)128>, cutlass::integer_subbyte<(int)4, (bool)1>, cutlass::layout::ColumnMajorTensorOpMultiplicandCrosswise<(int)4, (int)128>, (int)1, cutlass::transform::PitchLinearWarpRakedThreadMap<cutlass::PitchLinearShape<(int)128, (int)128>, (int)128, cutlass::PitchLinearShape<(int)4, (int)8>, (int)32>, (int)16>, (cutlass::arch::CacheOperation::Kind)1, cutlass::gemm::threadblock::MmaPolicy<cutlass::gemm::warp::MmaTensorOp<cutlass::gemm::GemmShape<(int)64, (int)64, (int)128>, cutlass::integer_subbyte<(int)4, (bool)1>, cutlass::layout::RowMajorTensorOpMultiplicandCrosswise<(int)4, (int)128>, cutlass::integer_subbyte<(int)4, (bool)1>, cutlass::layout::ColumnMajorTensorOpMultiplicandCrosswise<(int)4, (int)128>, int, cutlass::layout::RowMajor, cutlass::gemm::warp::MmaTensorOpPolicy<cutlass::arch::Mma<cutlass::gemm::GemmShape<(int)16, (int)8, (int)64>, (int)32, cutlass::integer_subbyte<(int)4, (bool)1>, cutlass::layout::RowMajor, cutlass::integer_subbyte<(int)4, (bool)1>, cutlass::layout::ColumnMajor, int, cutlass::layout::RowMajor, cutlass::arch::OpMultiplyAddSaturate>, cutlass::MatrixShape<(int)1, (int)1>>, (int)1, (bool)0, bool>, cutlass::MatrixShape<(int)0, (int)0>, cutlass::MatrixShape<(int)0, (int)0>, (int)1>, (int)3, bool>, cutlass::epilogue::threadblock::EpilogueWithVisitorCallbacks<cutlass::epilogue::threadblock::Epilogue<cutlass::gemm::GemmShape<(int)128, (int)128, (int)128>, cutlass::gemm::warp::MmaTensorOp<cutlass::gemm::GemmShape<(int)64, (int)64, (int)128>, cutlass::integer_subbyte<(int)4, (bool)1>, cutlass::layout::RowMajorTensorOpMultiplicandCrosswise<(int)4, (int)128>, cutlass::integer_subbyte<(int)4, (bool)1>, cutlass::layout::ColumnMajorTensorOpMultiplicandCrosswise<(int)4, (int)128>, int, cutlass::layout::RowMajor, cutlass::gemm::warp::MmaTensorOpPolicy<cutlass::arch::Mma<cutlass::gemm::GemmShape<(int)16, (int)8, (int)64>, (int)32, cutlass::integer_subbyte<(int)4, (bool)1>, cutlass::layout::RowMajor, cutlass::integer_subbyte<(int)4, (bool)1>, cutlass::layout::ColumnMajor, int, cutlass::layout::RowMajor, cutlass::arch::OpMultiplyAddSaturate>, cutlass::MatrixShape<(int)1, (int)1>>, (int)1, (bool)0, bool>, (int)1, cutlass::epilogue::threadblock::PredicatedTileIteratorConv<cutlass::epilogue::threadblock::OutputTileOptimalThreadMap<cutlass::epilogue::threadblock::OutputTileShape<(int)128, (int)8, (int)2, (int)1, (int)1>, cutlass::epilogue::threadblock::OutputTileShape<(int)1, (int)8, (int)1, (int)1, (int)8>, (int)128, (int)8, (int)16>, cutlass::half_t, (bool)0, cutlass::layout::NoPermute, (bool)0, (int)4>, cutlass::epilogue::warp::FragmentIteratorTensorOp<cutlass::gemm::GemmShape<(int)64, (int)64, (int)128>, cutlass::gemm::GemmShape<(int)16, (int)8, (int)64>, int, cutlass::Array<int, (int)4, (bool)1>, cutlass::layout::RowMajor>, cutlass::epilogue::warp::TileIteratorTensorOpMixed<cutlass::gemm::GemmShape<(int)64, (int)64, (int)128>, cutlass::gemm::GemmShape<(int)16, (int)8, (int)64>, int, (int)32, (int)16, (int)8, (int)8, (bool)0>, cutlass::epilogue::threadblock::SharedLoadIteratorMixed<cutlass::epilogue::threadblock::OutputTileOptimalThreadMap<cutlass::epilogue::threadblock::OutputTileShape<(int)128, (int)8, (int)2, (int)1, (int)1>, cutlass::epilogue::threadblock::OutputTileShape<(int)1, (int)8, (int)1, (int)1, (int)8>, (int)128, (int)8, (int)16>::CompactedThreadMap, int, (int)32, (int)16, (int)8, (int)8, (bool)0>, cutlass::epilogue::thread::LinearCombination<cutlass::half_t, (int)8, int, float, (cutlass::epilogue::thread::ScaleType::Kind)0, (cutlass::FloatRoundStyle)2, cutlass::half_t>, cutlass::MatrixShape<(int)0, (int)8>, (int)2, (int)1>, cutlass::epilogue::threadblock::TreeVisitor2x<cutlass::epilogue::threadblock::VisitorAuxStore<cutlass::epilogue::threadblock::OutputTileThreadLayout<cutlass::gemm::GemmShape<(int)128, (int)128, (int)128>, cutlass::gemm::GemmShape<(int)64, (int)64, (int)128>, cutlass::half_t, (int)8, (int)1>, cutlass::half_t, (cutlass::FloatRoundStyle)2, cute::tuple<long, cute::C<(int)1>, long>>, cutlass::epilogue::threadblock::TreeVisitor2x<cutlass::epilogue::threadblock::VisitorCompute<cutlass::plus, float, float, (cutlass::FloatRoundStyle)2, void>, cutlass::epilogue::threadblock::TreeVisitor2x<cutlass::epilogue::threadblock::VisitorCompute<cutlass::multiplies, float, float, (cutlass::FloatRoundStyle)2, void>, cutlass::epilogue::threadblock::TreeVisitor2x<cutlass::epilogue::threadblock::VisitorCompute<cutlass::multiplies, float, float, (cutlass::FloatRoundStyle)2, void>, cutlass::epilogue::threadblock::VisitorAccFetch, cutlass::epilogue::threadblock::VisitorScalarBroadcast<float, cute::tuple<cute::C<(int)0>, cute::C<(int)0>, cute::C<(int)0>>, (int)1, cutlass::multiplies>>, cutlass::epilogue::threadblock::VisitorRowBroadcast<cutlass::epilogue::threadblock::OutputTileThreadLayout<cutlass::gemm::GemmShape<(int)128, (int)128, (int)128>, cutlass::gemm::GemmShape<(int)64, (int)64, (int)128>, cutlass::half_t, (int)8, (int)1>, float, cute::tuple<cute::C<(int)0>, cute::C<(int)1>, int>, (bool)1>>, cutlass::epilogue::threadblock::VisitorRowBroadcast<cutlass::epilogue::threadblock::OutputTileThreadLayout<cutlass::gemm::GemmShape<(int)128, (int)128, (int)128>, cutlass::gemm::GemmShape<(int)64, (int)64, (int)128>, cutlass::half_t, (int)8, (int)1>, float, cute::tuple<cute::C<(int)0>, cute::C<(int)1>, int>, (bool)1>>>, (int)1, (int)1>, cutlass::gemm::threadblock::GemmIdentityThreadblockSwizzle<(int)1>, (cutlass::conv::Operator)0, cutlass::conv::Conv2dProblemSize>>(T1::Params)",14744189.0
L|resblock_plain|C768|T256,"void cutlass::Kernel<modiff::ImplicitGemmConvolutionEVT<cutlass::conv::threadblock::ImplicitGemmMultistage<cutlass::gemm::GemmShape<(int)128, (int)128, (int)128>, cutlass::conv::threadblock::Conv2dFpropActivationTileAccessIteratorOptimized<cutlass::MatrixShape<(int)128, (int)128>, cutlass::integer_subbyte<(int)4, (bool)1>, cutlass::layout::TensorNHWC, cutlass::transform::PitchLinearWarpRakedThreadMap<cutlass::PitchLinearShape<(int)128, (int)128>, (int)128, cutlass::PitchLinearShape<(int)4, (int)8>, (int)32>, cutlass::AlignedArray<cutlass::integer_subbyte<(int)4, (bool)1>, (int)32, (int)16>>, cutlass::transform::threadblock::RegularTileAccessIterator<cutlass::MatrixShape<(int)128, (int)128>, cutlass::integer_subbyte<(int)4, (bool)1>, cutlass::layout::RowMajorTensorOpMultiplicandCrosswise<(int)4, (int)128>, (int)0, cutlass::transform::PitchLinearWarpRakedThreadMap<cutlass::PitchLinearShape<(int)128, (int)128>, (int)128, cutlass::PitchLinearShape<(int)4, (int)8>, (int)32>, (int)16>, (cutlass::arch::CacheOperation::Kind)0, cutlass::conv::threadblock::Conv2dFpropFilterTileAccessIteratorOptimized<cutlass::MatrixShape<(int)128, (int)128>, cutlass::integer_subbyte<(int)4, (bool)1>, cutlass::layout::TensorNHWC, cutlass::transform::PitchLinearWarpRakedThreadMap<cutlass::PitchLinearShape<(int)128, (int)128>, (int)128, cutlass::PitchLinearShape<(int)4, (int)8>, (int)32>, cutlass::AlignedArray<cutlass::integer_subbyte<(int)4, (bool)1>, (int)32, (int)16>, (bool)0>, cutlass::transform::threadblock::RegularTileAccessIterator<cutlass::MatrixShape<(int)128, (int)128>, cutlass::integer_subbyte<(int)4, (bool)1>, cutlass::layout::ColumnMajorTensorOpMultiplicandCrosswise<(int)4, (int)128>, (int)1, cutlass::transform::PitchLinearWarpRakedThreadMap<cutlass::PitchLinearShape<(int)128, (int)128>, (int)128, cutlass::PitchLinearShape<(int)4, (int)8>, (int)32>, (int)16>, (cutlass::arch::CacheOperation::Kind)1, cutlass::gemm::threadblock::MmaPolicy<cutlass::gemm::warp::MmaTensorOp<cutlass::gemm::GemmShape<(int)64, (int)64, (int)128>, cutlass::integer_subbyte<(int)4, (bool)1>, cutlass::layout::RowMajorTensorOpMultiplicandCrosswise<(int)4, (int)128>, cutlass::integer_subbyte<(int)4, (bool)1>, cutlass::layout::ColumnMajorTensorOpMultiplicandCrosswise<(int)4, (int)128>, int, cutlass::layout::RowMajor, cutlass::gemm::warp::MmaTensorOpPolicy<cutlass::arch::Mma<cutlass::gemm::GemmShape<(int)16, (int)8, (int)64>, (int)32, cutlass::integer_subbyte<(int)4, (bool)1>, cutlass::layout::RowMajor, cutlass::integer_subbyte<(int)4, (bool)1>, cutlass::layout::ColumnMajor, int, cutlass::layout::RowMajor, cutlass::arch::OpMultiplyAddSaturate>, cutlass::MatrixShape<(int)1, (int)1>>, (int)1, (bool)0, bool>, cutlass::MatrixShape<(int)0, (int)0>, cutlass::MatrixShape<(int)0, (int)0>, (int)1>, (int)3, bool>, cutlass::epilogue::threadblock::EpilogueWithVisitorCallbacks<cutlass::epilogue::threadblock::Epilogue<cutlass::gemm::GemmShape<(int)128, (int)128, (int)128>, cutlass::gemm::warp::MmaTensorOp<cutlass::gemm::GemmShape<(int)64, (int)64, (int)128>, cutlass::integer_subbyte<(int)4, (bool)1>, cutlass::layout::RowMajorTensorOpMultiplicandCrosswise<(int)4, (int)128>, cutlass::integer_subbyte<(int)4, (bool)1>, cutlass::layout::ColumnMajorTensorOpMultiplicandCrosswise<(int)4, (int)128>, int, cutlass::layout::RowMajor, cutlass::gemm::warp::MmaTensorOpPolicy<cutlass::arch::Mma<cutlass::gemm::GemmShape<(int)16, (int)8, (int)64>, (int)32, cutlass::integer_subbyte<(int)4, (bool)1>, cutlass::layout::RowMajor, cutlass::integer_subbyte<(int)4, (bool)1>, cutlass::layout::ColumnMajor, int, cutlass::layout::RowMajor, cutlass::arch::OpMultiplyAddSaturate>, cutlass::MatrixShape<(int)1, (int)1>>, (int)1, (bool)0, bool>, (int)1, cutlass::epilogue::threadblock::PredicatedTileIteratorConv<cutlass::epilogue::threadblock::OutputTileOptimalThreadMap<cutlass::epilogue::threadblock::OutputTileShape<(int)128, (int)8, (int)2, (int)1, (int)1>, cutlass::epilogue::threadblock::OutputTileShape<(int)1, (int)8, (int)1, (int)1, (int)8>, (int)128, (int)8, (int)16>, cutlass::half_t, (bool)0, cutlass::layout::NoPermute, (bool)0, (int)4>, cutlass::epilogue::warp::FragmentIteratorTensorOp<cutlass::gemm::GemmShape<(int)64, (int)64, (int)128>, cutlass::gemm::GemmShape<(int)16, (int)8, (int)64>, int, cutlass::Array<int, (int)4, (bool)1>, cutlass::layout::RowMajor>, cutlass::epilogue::warp::TileIteratorTensorOpMixed<cutlass::gemm::GemmShape<(int)64, (int)64, (int)128>, cutlass::gemm::GemmShape<(int)16, (int)8, (int)64>, int, (int)32, (int)16, (int)8, (int)8, (bool)0>, cutlass::epilogue::threadblock::SharedLoadIteratorMixed<cutlass::epilogue::threadblock::OutputTileOptimalThreadMap<cutlass::epilogue::threadblock::OutputTileShape<(int)128, (int)8, (int)2, (int)1, (int)1>, cutlass::epilogue::threadblock::OutputTileShape<(int)1, (int)8, (int)1, (int)1, (int)8>, (int)128, (int)8, (int)16>::CompactedThreadMap, int, (int)32, (int)16, (int)8, (int)8, (bool)0>, cutlass::epilogue::thread::LinearCombination<cutlass::half_t, (int)8, int, float, (cutlass::epilogue::thread::ScaleType::Kind)0, (cutlass::FloatRoundStyle)2, cutlass::half_t>, cutlass::MatrixShape<(int)0, (int)8>, (int)2, (int)1>, cutlass::epilogue::threadblock::TreeVisitor2x<cutlass::epilogue::threadblock::VisitorAuxStore<cutlass::epilogue::threadblock::OutputTileThreadLayout<cutlass::gemm::GemmShape<(int)128, (int)128, (int)128>, cutlass::gemm::GemmShape<(int)64, (int)64, (int)128>, cutlass::half_t, (int)8, (int)1>, cutlass::half_t, (cutlass::FloatRoundStyle)2, cute::tuple<long, cute::C<(int)1>, long>>, cutlass::epilogue::threadblock::TreeVisitor2x<cutlass::epilogue::threadblock::VisitorCompute<cutlass::plus, float, float, (cutlass::FloatRoundStyle)2, void>, cutlass::epilogue::threadblock::TreeVisitor2x<cutlass::epilogue::threadblock::VisitorCompute<cutlass::multiplies, float, float, (cutlass::FloatRoundStyle)2, void>, cutlass::epilogue::threadblock::TreeVisitor2x<cutlass::epilogue::threadblock::VisitorCompute<cutlass::multiplies, float, float, (cutlass::FloatRoundStyle)2, void>, cutlass::epilogue::threadblock::VisitorAccFetch, cutlass::epilogue::threadblock::VisitorScalarBroadcast<float, cute::tuple<cute::C<(int)0>, cute::C<(int)0>, cute::C<(int)0>>, (int)1, cutlass::multiplies>>, cutlass::epilogue::threadblock::VisitorRowBroadcast<cutlass::epilogue::threadblock::OutputTileThreadLayout<cutlass::gemm::GemmShape<(int)128, (int)128, (int)128>, cutlass::gemm::GemmShape<(int)64, (int)64, (int)128>, cutlass::half_t, (int)8, (int)1>, float, cute::tuple<cute::C<(int)0>, cute::C<(int)1>, int>, (bool)1>>, cutlass::epilogue::threadblock::VisitorRowBroadcast<cutlass::epilogue::threadblock::OutputTileThreadLayout<cutlass::gemm::GemmShape<(int)128, (int)128, (int)128>, cutlass::gemm::GemmShape<(int)64, (int)64, (int)128>, cutlass::half_t, (int)8, (int)1>, float, cute::tuple<cute::C<(int)0>, cute::C<(int)1>, int>, (bool)1>>>, (int)1, (int)1>, cutlass::gemm::threadblock::GemmIdentityThreadblockSwizzle<(int)1>, (cutlass::conv::Operator)0, cutlass::conv::Conv2dProblemSize>>(T1::Params)",14157086.0
L|resblock_plain|C576|T256,"void group_norm_silu_quantize_pack_nhwc_vec2_kernel<__half, (bool)0>(const T1 *, signed char *, const T1 *, const T1 *, const T1 *, const T1 *, const float *, const float *, int, long, int, float, bool, int)",14074364.0
L|resblock_plain|C192|T1024,"void cutlass::Kernel<modiff::ImplicitGemmConvolutionEVT<cutlass::conv::threadblock::ImplicitGemmMultistage<cutlass::gemm::GemmShape<(int)128, (int)128, (int)128>, cutlass::conv::threadblock::Conv2dFpropActivationTileAccessIteratorOptimized<cutlass::MatrixShape<(int)128, (int)128>, cutlass::integer_subbyte<(int)4, (bool)1>, cutlass::layout::TensorNHWC, cutlass::transform::PitchLinearWarpRakedThreadMap<cutlass::PitchLinearShape<(int)128, (int)128>, (int)128, cutlass::PitchLinearShape<(int)4, (int)8>, (int)32>, cutlass::AlignedArray<cutlass::integer_subbyte<(int)4, (bool)1>, (int)32, (int)16>>, cutlass::transform::threadblock::RegularTileAccessIterator<cutlass::MatrixShape<(int)128, (int)128>, cutlass::integer_subbyte<(int)4, (bool)1>, cutlass::layout::RowMajorTensorOpMultiplicandCrosswise<(int)4, (int)128>, (int)0, cutlass::transform::PitchLinearWarpRakedThreadMap<cutlass::PitchLinearShape<(int)128, (int)128>, (int)128, cutlass::PitchLinearShape<(int)4, (int)8>, (int)32>, (int)16>, (cutlass::arch::CacheOperation::Kind)0, cutlass::conv::threadblock::Conv2dFpropFilterTileAccessIteratorOptimized<cutlass::MatrixShape<(int)128, (int)128>, cutlass::integer_subbyte<(int)4, (bool)1>, cutlass::layout::TensorNHWC, cutlass::transform::PitchLinearWarpRakedThreadMap<cutlass::PitchLinearShape<(int)128, (int)128>, (int)128, cutlass::PitchLinearShape<(int)4, (int)8>, (int)32>, cutlass::AlignedArray<cutlass::integer_subbyte<(int)4, (bool)1>, (int)32, (int)16>, (bool)0>, cutlass::transform::threadblock::RegularTileAccessIterator<cutlass::MatrixShape<(int)128, (int)128>, cutlass::integer_subbyte<(int)4, (bool)1>, cutlass::layout::ColumnMajorTensorOpMultiplicandCrosswise<(int)4, (int)128>, (int)1, cutlass::transform::PitchLinearWarpRakedThreadMap<cutlass::PitchLinearShape<(int)128, (int)128>, (int)128, cutlass::PitchLinearShape<(int)4, (int)8>, (int)32>, (int)16>, (cutlass::arch::CacheOperation::Kind)1, cutlass::gemm::threadblock::MmaPolicy<cutlass::gemm::warp::MmaTensorOp<cutlass::gemm::GemmShape<(int)64, (int)64, (int)128>, cutlass::integer_subbyte<(int)4, (bool)1>, cutlass::layout::RowMajorTensorOpMultiplicandCrosswise<(int)4, (int)128>, cutlass::integer_subbyte<(int)4, (bool)1>, cutlass::layout::ColumnMajorTensorOpMultiplicandCrosswise<(int)4, (int)128>, int, cutlass::layout::RowMajor, cutlass::gemm::warp::MmaTensorOpPolicy<cutlass::arch::Mma<cutlass::gemm::GemmShape<(int)16, (int)8, (int)64>, (int)32, cutlass::integer_subbyte<(int)4, (bool)1>, cutlass::layout::RowMajor, cutlass::integer_subbyte<(int)4, (bool)1>, cutlass::layout::ColumnMajor, int, cutlass::layout::RowMajor, cutlass::arch::OpMultiplyAddSaturate>, cutlass::MatrixShape<(int)1, (int)1>>, (int)1, (bool)0, bool>, cutlass::MatrixShape<(int)0, (int)0>, cutlass::MatrixShape<(int)0, (int)0>, (int)1>, (int)3, bool>, cutlass::epilogue::threadblock::EpilogueWithVisitorCallbacks<cutlass::epilogue::threadblock::Epilogue<cutlass::gemm::GemmShape<(int)128, (int)128, (int)128>, cutlass::gemm::warp::MmaTensorOp<cutlass::gemm::GemmShape<(int)64, (int)64, (int)128>, cutlass::integer_subbyte<(int)4, (bool)1>, cutlass::layout::RowMajorTensorOpMultiplicandCrosswise<(int)4, (int)128>, cutlass::integer_subbyte<(int)4, (bool)1>, cutlass::layout::ColumnMajorTensorOpMultiplicandCrosswise<(int)4, (int)128>, int, cutlass::layout::RowMajor, cutlass::gemm::warp::MmaTensorOpPolicy<cutlass::arch::Mma<cutlass::gemm::GemmShape<(int)16, (int)8, (int)64>, (int)32, cutlass::integer_subbyte<(int)4, (bool)1>, cutlass::layout::RowMajor, cutlass::integer_subbyte<(int)4, (bool)1>, cutlass::layout::ColumnMajor, int, cutlass::layout::RowMajor, cutlass::arch::OpMultiplyAddSaturate>, cutlass::MatrixShape<(int)1, (int)1>>, (int)1, (bool)0, bool>, (int)1, cutlass::epilogue::threadblock::PredicatedTileIteratorConv<cutlass::epilogue::threadblock::OutputTileOptimalThreadMap<cutlass::epilogue::threadblock::OutputTileShape<(int)128, (int)8, (int)2, (int)1, (int)1>, cutlass::epilogue::threadblock::OutputTileShape<(int)1, (int)8, (int)1, (int)1, (int)8>, (int)128, (int)8, (int)16>, cutlass::half_t, (bool)0, cutlass::layout::NoPermute, (bool)0, (int)4>, cutlass::epilogue::warp::FragmentIteratorTensorOp<cutlass::gemm::GemmShape<(int)64, (int)64, (int)128>, cutlass::gemm::GemmShape<(int)16, (int)8, (int)64>, int, cutlass::Array<int, (int)4, (bool)1>, cutlass::layout::RowMajor>, cutlass::epilogue::warp::TileIteratorTensorOpMixed<cutlass::gemm::GemmShape<(int)64, (int)64, (int)128>, cutlass::gemm::GemmShape<(int)16, (int)8, (int)64>, int, (int)32, (int)16, (int)8, (int)8, (bool)0>, cutlass::epilogue::threadblock::SharedLoadIteratorMixed<cutlass::epilogue::threadblock::OutputTileOptimalThreadMap<cutlass::epilogue::threadblock::OutputTileShape<(int)128, (int)8, (int)2, (int)1, (int)1>, cutlass::epilogue::threadblock::OutputTileShape<(int)1, (int)8, (int)1, (int)1, (int)8>, (int)128, (int)8, (int)16>::CompactedThreadMap, int, (int)32, (int)16, (int)8, (int)8, (bool)0>, cutlass::epilogue::thread::LinearCombination<cutlass::half_t, (int)8, int, float, (cutlass::epilogue::thread::ScaleType::Kind)0, (cutlass::FloatRoundStyle)2, cutlass::half_t>, cutlass::MatrixShape<(int)0, (int)8>, (int)2, (int)1>, cutlass::epilogue::threadblock::TreeVisitor2x<cutlass::epilogue::threadblock::VisitorAuxStore<cutlass::epilogue::threadblock::OutputTileThreadLayout<cutlass::gemm::GemmShape<(int)128, (int)128, (int)128>, cutlass::gemm::GemmShape<(int)64, (int)64, (int)128>, cutlass::half_t, (int)8, (int)1>, cutlass::half_t, (cutlass::FloatRoundStyle)2, cute::tuple<long, cute::C<(int)1>, long>>, cutlass::epilogue::threadblock::TreeVisitor2x<cutlass::epilogue::threadblock::VisitorCompute<cutlass::plus, float, float, (cutlass::FloatRoundStyle)2, void>, cutlass::epilogue::threadblock::TreeVisitor2x<cutlass::epilogue::threadblock::VisitorCompute<cutlass::plus, float, float, (cutlass::FloatRoundStyle)2, void>, cutlass::epilogue::threadblock::TreeVisitor2x<cutlass::epilogue::threadblock::VisitorCompute<cutlass::multiplies, float, float, (cutlass::FloatRoundStyle)2, void>, cutlass::epilogue::threadblock::TreeVisitor2x<cutlass::epilogue::threadblock::VisitorCompute<cutlass::multiplies, float, float, (cutlass::FloatRoundStyle)2, void>, cutlass::epilogue::threadblock::VisitorAccFetch, cutlass::epilogue::threadblock::VisitorScalarBroadcast<float, cute::tuple<cute::C<(int)0>, cute::C<(int)0>, cute::C<(int)0>>, (int)1, cutlass::multiplies>>, cutlass::epilogue::threadblock::VisitorRowBroadcast<cutlass::epilogue::threadblock::OutputTileThreadLayout<cutlass::gemm::GemmShape<(int)128, (int)128, (int)128>, cutlass::gemm::GemmShape<(int)64, (int)64, (int)128>, cutlass::half_t, (int)8, (int)1>, float, cute::tuple<cute::C<(int)0>, cute::C<(int)1>, int>, (bool)1>>, cutlass::epilogue::threadblock::VisitorRowBroadcast<cutlass::epilogue::threadblock::OutputTileThreadLayout<cutlass::gemm::GemmShape<(int)128, (int)128, (int)128>, cutlass::gemm::GemmShape<(int)64, (int)64, (int)128>, cutlass::half_t, (int)8, (int)1>, float, cute::tuple<cute::C<(int)0>, cute::C<(int)1>, int>, (bool)1>>, cutlass::epilogue::threadblock::VisitorAuxLoad<cutlass::epilogue::threadblock::OutputTileThreadLayout<cutlass::gemm::GemmShape<(int)128, (int)128, (int)128>, cutlass::gemm::GemmShape<(int)64, (int)64, (int)128>, cutlass::half_t, (int)8, (int)1>, cutlass::half_t, cute::tuple<long, cute::C<(int)1>, long>>>>, (int)1, (int)1>, cutlass::gemm::threadblock::GemmIdentityThreadblockSwizzle<(int)1>, (cutlass::conv::Operator)0, cutlass::conv::Conv2dProblemSize>>(T1::Params)",13053779.0
L|resblock_plain|C384|T1024,"void cutlass::Kernel<modiff::ImplicitGemmConvolutionEVT<cutlass::conv::threadblock::ImplicitGemmMultistage<cutlass::gemm::GemmShape<(int)128, (int)128, (int)128>, cutlass::conv::threadblock::Conv2dFpropActivationTileAccessIteratorOptimized<cutlass::MatrixShape<(int)128, (int)128>, cutlass::integer_subbyte<(int)4, (bool)1>, cutlass::layout::TensorNHWC, cutlass::transform::PitchLinearWarpRakedThreadMap<cutlass::PitchLinearShape<(int)128, (int)128>, (int)128, cutlass::PitchLinearShape<(int)4, (int)8>, (int)32>, cutlass::AlignedArray<cutlass::integer_subbyte<(int)4, (bool)1>, (int)32, (int)16>>, cutlass::transform::threadblock::RegularTileAccessIterator<cutlass::MatrixShape<(int)128, (int)128>, cutlass::integer_subbyte<(int)4, (bool)1>, cutlass::layout::RowMajorTensorOpMultiplicandCrosswise<(int)4, (int)128>, (int)0, cutlass::transform::PitchLinearWarpRakedThreadMap<cutlass::PitchLinearShape<(int)128, (int)128>, (int)128, cutlass::PitchLinearShape<(int)4, (int)8>, (int)32>, (int)16>, (cutlass::arch::CacheOperation::Kind)0, cutlass::conv::threadblock::Conv2dFpropFilterTileAccessIteratorOptimized<cutlass::MatrixShape<(int)128, (int)128>, cutlass::integer_subbyte<(int)4, (bool)1>, cutlass::layout::TensorNHWC, cutlass::transform::PitchLinearWarpRakedThreadMap<cutlass::PitchLinearShape<(int)128, (int)128>, (int)128, cutlass::PitchLinearShape<(int)4, (int)8>, (int)32>, cutlass::AlignedArray<cutlass::integer_subbyte<(int)4, (bool)1>, (int)32, (int)16>, (bool)0>, cutlass::transform::threadblock::RegularTileAccessIterator<cutlass::MatrixShape<(int)128, (int)128>, cutlass::integer_subbyte<(int)4, (bool)1>, cutlass::layout::ColumnMajorTensorOpMultiplicandCrosswise<(int)4, (int)128>, (int)1, cutlass::transform::PitchLinearWarpRakedThreadMap<cutlass::PitchLinearShape<(int)128, (int)128>, (int)128, cutlass::PitchLinearShape<(int)4, (int)8>, (int)32>, (int)16>, (cutlass::arch::CacheOperation::Kind)1, cutlass::gemm::threadblock::MmaPolicy<cutlass::gemm::warp::MmaTensorOp<cutlass::gemm::GemmShape<(int)64, (int)64, (int)128>, cutlass::integer_subbyte<(int)4, (bool)1>, cutlass::layout::RowMajorTensorOpMultiplicandCrosswise<(int)4, (int)128>, cutlass::integer_subbyte<(int)4, (bool)1>, cutlass::layout::ColumnMajorTensorOpMultiplicandCrosswise<(int)4, (int)128>, int, cutlass::layout::RowMajor, cutlass::gemm::warp::MmaTensorOpPolicy<cutlass::arch::Mma<cutlass::gemm::GemmShape<(int)16, (int)8, (int)64>, (int)32, cutlass::integer_subbyte<(int)4, (bool)1>, cutlass::layout::RowMajor, cutlass::integer_subbyte<(int)4, (bool)1>, cutlass::layout::ColumnMajor, int, cutlass::layout::RowMajor, cutlass::arch::OpMultiplyAddSaturate>, cutlass::MatrixShape<(int)1, (int)1>>, (int)1, (bool)0, bool>, cutlass::MatrixShape<(int)0, (int)0>, cutlass::MatrixShape<(int)0, (int)0>, (int)1>, (int)3, bool>, cutlass::epilogue::threadblock::EpilogueWithVisitorCallbacks<cutlass::epilogue::threadblock::Epilogue<cutlass::gemm::GemmShape<(int)128, (int)128, (int)128>, cutlass::gemm::warp::MmaTensorOp<cutlass::gemm::GemmShape<(int)64, (int)64, (int)128>, cutlass::integer_subbyte<(int)4, (bool)1>, cutlass::layout::RowMajorTensorOpMultiplicandCrosswise<(int)4, (int)128>, cutlass::integer_subbyte<(int)4, (bool)1>, cutlass::layout::ColumnMajorTensorOpMultiplicandCrosswise<(int)4, (int)128>, int, cutlass::layout::RowMajor, cutlass::gemm::warp::MmaTensorOpPolicy<cutlass::arch::Mma<cutlass::gemm::GemmShape<(int)16, (int)8, (int)64>, (int)32, cutlass::integer_subbyte<(int)4, (bool)1>, cutlass::layout::RowMajor, cutlass::integer_subbyte<(int)4, (bool)1>, cutlass::layout::ColumnMajor, int, cutlass::layout::RowMajor, cutlass::arch::OpMultiplyAddSaturate>, cutlass::MatrixShape<(int)1, (int)1>>, (int)1, (bool)0, bool>, (int)1, cutlass::epilogue::threadblock::PredicatedTileIteratorConv<cutlass::epilogue::threadblock::OutputTileOptimalThreadMap<cutlass::epilogue::threadblock::OutputTileShape<(int)128, (int)8, (int)2, (int)1, (int)1>, cutlass::epilogue::threadblock::OutputTileShape<(int)1, (int)8, (int)1, (int)1, (int)8>, (int)128, (int)8, (int)16>, cutlass::half_t, (bool)0, cutlass::layout::NoPermute, (bool)0, (int)4>, cutlass::epilogue::warp::FragmentIteratorTensorOp<cutlass::gemm::GemmShape<(int)64, (int)64, (int)128>, cutlass::gemm::GemmShape<(int)16, (int)8, (int)64>, int, cutlass::Array<int, (int)4, (bool)1>, cutlass::layout::RowMajor>, cutlass::epilogue::warp::TileIteratorTensorOpMixed<cutlass::gemm::GemmShape<(int)64, (int)64, (int)128>, cutlass::gemm::GemmShape<(int)16, (int)8, (int)64>, int, (int)32, (int)16, (int)8, (int)8, (bool)0>, cutlass::epilogue::threadblock::SharedLoadIteratorMixed<cutlass::epilogue::threadblock::OutputTileOptimalThreadMap<cutlass::epilogue::threadblock::OutputTileShape<(int)128, (int)8, (int)2, (int)1, (int)1>, cutlass::epilogue::threadblock::OutputTileShape<(int)1, (int)8, (int)1, (int)1, (int)8>, (int)128, (int)8, (int)16>::CompactedThreadMap, int, (int)32, (int)16, (int)8, (int)8, (bool)0>, cutlass::epilogue::thread::LinearCombination<cutlass::half_t, (int)8, int, float, (cutlass::epilogue::thread::ScaleType::Kind)0, (cutlass::FloatRoundStyle)2, cutlass::half_t>, cutlass::MatrixShape<(int)0, (int)8>, (int)2, (int)1>, cutlass::epilogue::threadblock::TreeVisitor2x<cutlass::epilogue::threadblock::VisitorAuxStore<cutlass::epilogue::threadblock::OutputTileThreadLayout<cutlass::gemm::GemmShape<(int)128, (int)128, (int)128>, cutlass::gemm::GemmShape<(int)64, (int)64, (int)128>, cutlass::half_t, (int)8, (int)1>, cutlass::half_t, (cutlass::FloatRoundStyle)2, cute::tuple<long, cute::C<(int)1>, long>>, cutlass::epilogue::threadblock::TreeVisitor2x<cutlass::epilogue::threadblock::VisitorCompute<cutlass::plus, float, float, (cutlass::FloatRoundStyle)2, void>, cutlass::epilogue::threadblock::TreeVisitor2x<cutlass::epilogue::threadblock::VisitorCompute<cutlass::plus, float, float, (cutlass::FloatRoundStyle)2, void>, cutlass::epilogue::threadblock::TreeVisitor2x<cutlass::epilogue::threadblock::VisitorCompute<cutlass::multiplies, float, float, (cutlass::FloatRoundStyle)2, void>, cutlass::epilogue::threadblock::TreeVisitor2x<cutlass::epilogue::threadblock::VisitorCompute<cutlass::multiplies, float, float, (cutlass::FloatRoundStyle)2, void>, cutlass::epilogue::threadblock::VisitorAccFetch, cutlass::epilogue::threadblock::VisitorScalarBroadcast<float, cute::tuple<cute::C<(int)0>, cute::C<(int)0>, cute::C<(int)0>>, (int)1, cutlass::multiplies>>, cutlass::epilogue::threadblock::VisitorRowBroadcast<cutlass::epilogue::threadblock::OutputTileThreadLayout<cutlass::gemm::GemmShape<(int)128, (int)128, (int)128>, cutlass::gemm::GemmShape<(int)64, (int)64, (int)128>, cutlass::half_t, (int)8, (int)1>, float, cute::tuple<cute::C<(int)0>, cute::C<(int)1>, int>, (bool)1>>, cutlass::epilogue::threadblock::VisitorRowBroadcast<cutlass::epilogue::threadblock::OutputTileThreadLayout<cutlass::gemm::GemmShape<(int)128, (int)128, (int)128>, cutlass::gemm::GemmShape<(int)64, (int)64, (int)128>, cutlass::half_t, (int)8, (int)1>, float, cute::tuple<cute::C<(int)0>, cute::C<(int)1>, int>, (bool)1>>, cutlass::epilogue::threadblock::VisitorAuxLoad<cutlass::epilogue::threadblock::OutputTileThreadLayout<cutlass::gemm::GemmShape<(int)128, (int)128, (int)128>, cutlass::gemm::GemmShape<(int)64, (int)64, (int)128>, cutlass::half_t, (int)8, (int)1>, cutlass::half_t, cute::tuple<long, cute::C<(int)1>, long>>>>, (int)1, (int)1>, cutlass::gemm::threadblock::GemmIdentityThreadblockSwizzle<(int)1>, (cutlass::conv::Operator)0, cutlass::conv::Conv2dProblemSize>>(T1::Params)",12910389.0
L|resblock_plain|C192|T1024,"void cutlass::Kernel<modiff::ImplicitGemmConvolutionEVT<cutlass::conv::threadblock::ImplicitGemmMultistage<cutlass::gemm::GemmShape<(int)128, (int)128, (int)128>, cutlass::conv::threadblock::Conv2dFpropActivationTileAccessIteratorOptimized<cutlass::MatrixShape<(int)128, (int)128>, cutlass::integer_subbyte<(int)4, (bool)1>, cutlass::layout::TensorNHWC, cutlass::transform::PitchLinearWarpRakedThreadMap<cutlass::PitchLinearShape<(int)128, (int)128>, (int)128, cutlass::PitchLinearShape<(int)4, (int)8>, (int)32>, cutlass::AlignedArray<cutlass::integer_subbyte<(int)4, (bool)1>, (int)32, (int)16>>, cutlass::transform::threadblock::RegularTileAccessIterator<cutlass::MatrixShape<(int)128, (int)128>, cutlass::integer_subbyte<(int)4, (bool)1>, cutlass::layout::RowMajorTensorOpMultiplicandCrosswise<(int)4, (int)128>, (int)0, cutlass::transform::PitchLinearWarpRakedThreadMap<cutlass::PitchLinearShape<(int)128, (int)128>, (int)128, cutlass::PitchLinearShape<(int)4, (int)8>, (int)32>, (int)16>, (cutlass::arch::CacheOperation::Kind)0, cutlass::conv::threadblock::Conv2dFpropFilterTileAccessIteratorOptimized<cutlass::MatrixShape<(int)128, (int)128>, cutlass::integer_subbyte<(int)4, (bool)1>, cutlass::layout::TensorNHWC, cutlass::transform::PitchLinearWarpRakedThreadMap<cutlass::PitchLinearShape<(int)128, (int)128>, (int)128, cutlass::PitchLinearShape<(int)4, (int)8>, (int)32>, cutlass::AlignedArray<cutlass::integer_subbyte<(int)4, (bool)1>, (int)32, (int)16>, (bool)0>, cutlass::transform::threadblock::RegularTileAccessIterator<cutlass::MatrixShape<(int)128, (int)128>, cutlass::integer_subbyte<(int)4, (bool)1>, cutlass::layout::ColumnMajorTensorOpMultiplicandCrosswise<(int)4, (int)128>, (int)1, cutlass::transform::PitchLinearWarpRakedThreadMap<cutlass::PitchLinearShape<(int)128, (int)128>, (int)128, cutlass::PitchLinearShape<(int)4, (int)8>, (int)32>, (int)16>, (cutlass::arch::CacheOperation::Kind)1, cutlass::gemm::threadblock::MmaPolicy<cutlass::gemm::warp::MmaTensorOp<cutlass::gemm::GemmShape<(int)64, (int)64, (int)128>, cutlass::integer_subbyte<(int)4, (bool)1>, cutlass::layout::RowMajorTensorOpMultiplicandCrosswise<(int)4, (int)128>, cutlass::integer_subbyte<(int)4, (bool)1>, cutlass::layout::ColumnMajorTensorOpMultiplicandCrosswise<(int)4, (int)128>, int, cutlass::layout::RowMajor, cutlass::gemm::warp::MmaTensorOpPolicy<cutlass::arch::Mma<cutlass::gemm::GemmShape<(int)16, (int)8, (int)64>, (int)32, cutlass::integer_subbyte<(int)4, (bool)1>, cutlass::layout::RowMajor, cutlass::integer_subbyte<(int)4, (bool)1>, cutlass::layout::ColumnMajor, int, cutlass::layout::RowMajor, cutlass::arch::OpMultiplyAddSaturate>, cutlass::MatrixShape<(int)1, (int)1>>, (int)1, (bool)0, bool>, cutlass::MatrixShape<(int)0, (int)0>, cutlass::MatrixShape<(int)0, (int)0>, (int)1>, (int)3, bool>, cutlass::epilogue::threadblock::EpilogueWithVisitorCallbacks<cutlass::epilogue::threadblock::Epilogue<cutlass::gemm::GemmShape<(int)128, (int)128, (int)128>, cutlass::gemm::warp::MmaTensorOp<cutlass::gemm::GemmShape<(int)64, (int)64, (int)128>, cutlass::integer_subbyte<(int)4, (bool)1>, cutlass::layout::RowMajorTensorOpMultiplicandCrosswise<(int)4, (int)128>, cutlass::integer_subbyte<(int)4, (bool)1>, cutlass::layout::ColumnMajorTensorOpMultiplicandCrosswise<(int)4, (int)128>, int, cutlass::layout::RowMajor, cutlass::gemm::warp::MmaTensorOpPolicy<cutlass::arch::Mma<cutlass::gemm::GemmShape<(int)16, (int)8, (int)64>, (int)32, cutlass::integer_subbyte<(int)4, (bool)1>, cutlass::layout::RowMajor, cutlass::integer_subbyte<(int)4, (bool)1>, cutlass::layout::ColumnMajor, int, cutlass::layout::RowMajor, cutlass::arch::OpMultiplyAddSaturate>, cutlass::MatrixShape<(int)1, (int)1>>, (int)1, (bool)0, bool>, (int)1, cutlass::epilogue::threadblock::PredicatedTileIteratorConv<cutlass::epilogue::threadblock::OutputTileOptimalThreadMap<cutlass::epilogue::threadblock::OutputTileShape<(int)128, (int)8, (int)2, (int)1, (int)1>, cutlass::epilogue::threadblock::OutputTileShape<(int)1, (int)8, (int)1, (int)1, (int)8>, (int)128, (int)8, (int)16>, cutlass::half_t, (bool)0, cutlass::layout::NoPermute, (bool)0, (int)4>, cutlass::epilogue::warp::FragmentIteratorTensorOp<cutlass::gemm::GemmShape<(int)64, (int)64, (int)128>, cutlass::gemm::GemmShape<(int)16, (int)8, (int)64>, int, cutlass::Array<int, (int)4, (bool)1>, cutlass::layout::RowMajor>, cutlass::epilogue::warp::TileIteratorTensorOpMixed<cutlass::gemm::GemmShape<(int)64, (int)64, (int)128>, cutlass::gemm::GemmShape<(int)16, (int)8, (int)64>, int, (int)32, (int)16, (int)8, (int)8, (bool)0>, cutlass::epilogue::threadblock::SharedLoadIteratorMixed<cutlass::epilogue::threadblock::OutputTileOptimalThreadMap<cutlass::epilogue::threadblock::OutputTileShape<(int)128, (int)8, (int)2, (int)1, (int)1>, cutlass::epilogue::threadblock::OutputTileShape<(int)1, (int)8, (int)1, (int)1, (int)8>, (int)128, (int)8, (int)16>::CompactedThreadMap, int, (int)32, (int)16, (int)8, (int)8, (bool)0>, cutlass::epilogue::thread::LinearCombination<cutlass::half_t, (int)8, int, float, (cutlass::epilogue::thread::ScaleType::Kind)0, (cutlass::FloatRoundStyle)2, cutlass::half_t>, cutlass::MatrixShape<(int)0, (int)8>, (int)2, (int)1>, cutlass::epilogue::threadblock::TreeVisitor2x<cutlass::epilogue::threadblock::VisitorAuxStore<cutlass::epilogue::threadblock::OutputTileThreadLayout<cutlass::gemm::GemmShape<(int)128, (int)128, (int)128>, cutlass::gemm::GemmShape<(int)64, (int)64, (int)128>, cutlass::half_t, (int)8, (int)1>, cutlass::half_t, (cutlass::FloatRoundStyle)2, cute::tuple<long, cute::C<(int)1>, long>>, cutlass::epilogue::threadblock::TreeVisitor2x<cutlass::epilogue::threadblock::VisitorCompute<cutlass::plus, float, float, (cutlass::FloatRoundStyle)2, void>, cutlass::epilogue::threadblock::TreeVisitor2x<cutlass::epilogue::threadblock::VisitorCompute<cutlass::multiplies, float, float, (cutlass::FloatRoundStyle)2, void>, cutlass::epilogue::threadblock::TreeVisitor2x<cutlass::epilogue::threadblock::VisitorCompute<cutlass::multiplies, float, float, (cutlass::FloatRoundStyle)2, void>, cutlass::epilogue::threadblock::VisitorAccFetch, cutlass::epilogue::threadblock::VisitorScalarBroadcast<float, cute::tuple<cute::C<(int)0>, cute::C<(int)0>, cute::C<(int)0>>, (int)1, cutlass::multiplies>>, cutlass::epilogue::threadblock::VisitorRowBroadcast<cutlass::epilogue::threadblock::OutputTileThreadLayout<cutlass::gemm::GemmShape<(int)128, (int)128, (int)128>, cutlass::gemm::GemmShape<(int)64, (int)64, (int)128>, cutlass::half_t, (int)8, (int)1>, float, cute::tuple<cute::C<(int)0>, cute::C<(int)1>, int>, (bool)1>>, cutlass::epilogue::threadblock::VisitorRowBroadcast<cutlass::epilogue::threadblock::OutputTileThreadLayout<cutlass::gemm::GemmShape<(int)128, (int)128, (int)128>, cutlass::gemm::GemmShape<(int)64, (int)64, (int)128>, cutlass::half_t, (int)8, (int)1>, float, cute::tuple<cute::C<(int)0>, cute::C<(int)1>, int>, (bool)1>>>, (int)1, (int)1>, cutlass::gemm::threadblock::GemmIdentityThreadblockSwizzle<(int)1>, (cutlass::conv::Operator)0, cutlass::conv::Conv2dProblemSize>>(T1::Params)",12732881.0
L|resblock_plain|C384|T256,"void group_norm_silu_quantize_pack_nhwc_vec2_kernel<__half, (bool)0>(const T1 *, signed char *, const T1 *, const T1 *, const T1 *, const T1 *, const float *, const float *, int, long, int, float, bool, int)",12350832.0
L|resblock_plain|C384|T1024,sm80_xmma_fprop_implicit_gemm_f16f16_f16f32_f32_nhwckrsc_nhwc_tilesize128x64x32_stage5_warpsize2x2x1_g1_tensor16x8x16_execute_kernel__5x_cudnn,11365038.0
L|resblock_plain|C192|T256,"void group_norm_silu_quantize_pack_nhwc_vec2_kernel<__half, (bool)0>(const T1 *, signed char *, const T1 *, const T1 *, const T1 *, const T1 *, const float *, const float *, int, long, int, float, bool, int)",11074949.0
L|resblock_updown|C384|T256,"void at::native::unrolled_elementwise_kernel<at::native::direct_copy_kernel_cuda(at::TensorIteratorBase &)::[lambda() (instance 3)]::operator ()() const::[lambda() (instance 10)]::operator ()() const::[lambda(c10::Half) (instance 1)], at::detail::Array<char *, (int)2>, TrivialOffsetCalculator<(int)1, unsigned int>, TrivialOffsetCalculator<(int)1, unsigned int>, at::native::memory::LoadWithCast<(int)1>, at::native::memory::StoreWithCast<(int)1>>(int, T1, T2, T3, T4, T5, T6)",10710560.0
L|resblock_plain|C1536|T16,"void group_norm_silu_quantize_pack_nhwc_vec2_kernel<__half, (bool)0>(const T1 *, signed char *, const T1 *, const T1 *, const T1 *, const T1 *, const float *, const float *, int, long, int, float, bool, int)",10111748.0
L|attention|C384|T256,"void group_norm_silu_quantize_pack_nhwc_vec2_kernel<__half, (bool)1>(const T1 *, signed char *, const T1 *, const T1 *, const T1 *, const T1 *, const float *, const float *, int, long, int, float, bool, int)",9627739.0
L|resblock_plain|C1152|T64,"void group_norm_silu_quantize_pack_nhwc_vec2_kernel<__half, (bool)0>(const T1 *, signed char *, const T1 *, const T1 *, const T1 *, const T1 *, const float *, const float *, int, long, int, float, bool, int)",9548509.0
L|attention|C384|T64,"void gemm_w4a4_kernel_awq_out_i8<(int)3>(const signed char *, const signed char *, const float *, float, const float *, signed char *, int, int, int, const __half *, int, int, int, float, float, const float *, const float *, signed char *, signed char *, signed char *, int, int)",9083936.0
L|resblock_plain|C768|T256,"void cutlass::Kernel<modiff::ImplicitGemmConvolutionEVT<cutlass::conv::threadblock::ImplicitGemmMultistage<cutlass::gemm::GemmShape<(int)128, (int)128, (int)128>, cutlass::conv::threadblock::Conv2dFpropActivationTileAccessIteratorOptimized<cutlass::MatrixShape<(int)128, (int)128>, cutlass::integer_subbyte<(int)4, (bool)1>, cutlass::layout::TensorNHWC, cutlass::transform::PitchLinearWarpRakedThreadMap<cutlass::PitchLinearShape<(int)128, (int)128>, (int)128, cutlass::PitchLinearShape<(int)4, (int)8>, (int)32>, cutlass::AlignedArray<cutlass::integer_subbyte<(int)4, (bool)1>, (int)32, (int)16>>, cutlass::transform::threadblock::RegularTileAccessIterator<cutlass::MatrixShape<(int)128, (int)128>, cutlass::integer_subbyte<(int)4, (bool)1>, cutlass::layout::RowMajorTensorOpMultiplicandCrosswise<(int)4, (int)128>, (int)0, cutlass::transform::PitchLinearWarpRakedThreadMap<cutlass::PitchLinearShape<(int)128, (int)128>, (int)128, cutlass::PitchLinearShape<(int)4, (int)8>, (int)32>, (int)16>, (cutlass::arch::CacheOperation::Kind)0, cutlass::conv::threadblock::Conv2dFpropFilterTileAccessIteratorOptimized<cutlass::MatrixShape<(int)128, (int)128>, cutlass::integer_subbyte<(int)4, (bool)1>, cutlass::layout::TensorNHWC, cutlass::transform::PitchLinearWarpRakedThreadMap<cutlass::PitchLinearShape<(int)128, (int)128>, (int)128, cutlass::PitchLinearShape<(int)4, (int)8>, (int)32>, cutlass::AlignedArray<cutlass::integer_subbyte<(int)4, (bool)1>, (int)32, (int)16>, (bool)0>, cutlass::transform::threadblock::RegularTileAccessIterator<cutlass::MatrixShape<(int)128, (int)128>, cutlass::integer_subbyte<(int)4, (bool)1>, cutlass::layout::ColumnMajorTensorOpMultiplicandCrosswise<(int)4, (int)128>, (int)1, cutlass::transform::PitchLinearWarpRakedThreadMap<cutlass::PitchLinearShape<(int)128, (int)128>, (int)128, cutlass::PitchLinearShape<(int)4, (int)8>, (int)32>, (int)16>, (cutlass::arch::CacheOperation::Kind)1, cutlass::gemm::threadblock::MmaPolicy<cutlass::gemm::warp::MmaTensorOp<cutlass::gemm::GemmShape<(int)64, (int)64, (int)128>, cutlass::integer_subbyte<(int)4, (bool)1>, cutlass::layout::RowMajorTensorOpMultiplicandCrosswise<(int)4, (int)128>, cutlass::integer_subbyte<(int)4, (bool)1>, cutlass::layout::ColumnMajorTensorOpMultiplicandCrosswise<(int)4, (int)128>, int, cutlass::layout::RowMajor, cutlass::gemm::warp::MmaTensorOpPolicy<cutlass::arch::Mma<cutlass::gemm::GemmShape<(int)16, (int)8, (int)64>, (int)32, cutlass::integer_subbyte<(int)4, (bool)1>, cutlass::layout::RowMajor, cutlass::integer_subbyte<(int)4, (bool)1>, cutlass::layout::ColumnMajor, int, cutlass::layout::RowMajor, cutlass::arch::OpMultiplyAddSaturate>, cutlass::MatrixShape<(int)1, (int)1>>, (int)1, (bool)0, bool>, cutlass::MatrixShape<(int)0, (int)0>, cutlass::MatrixShape<(int)0, (int)0>, (int)1>, (int)3, bool>, cutlass::epilogue::threadblock::EpilogueWithVisitorCallbacks<cutlass::epilogue::threadblock::Epilogue<cutlass::gemm::GemmShape<(int)128, (int)128, (int)128>, cutlass::gemm::warp::MmaTensorOp<cutlass::gemm::GemmShape<(int)64, (int)64, (int)128>, cutlass::integer_subbyte<(int)4, (bool)1>, cutlass::layout::RowMajorTensorOpMultiplicandCrosswise<(int)4, (int)128>, cutlass::integer_subbyte<(int)4, (bool)1>, cutlass::layout::ColumnMajorTensorOpMultiplicandCrosswise<(int)4, (int)128>, int, cutlass::layout::RowMajor, cutlass::gemm::warp::MmaTensorOpPolicy<cutlass::arch::Mma<cutlass::gemm::GemmShape<(int)16, (int)8, (int)64>, (int)32, cutlass::integer_subbyte<(int)4, (bool)1>, cutlass::layout::RowMajor, cutlass::integer_subbyte<(int)4, (bool)1>, cutlass::layout::ColumnMajor, int, cutlass::layout::RowMajor, cutlass::arch::OpMultiplyAddSaturate>, cutlass::MatrixShape<(int)1, (int)1>>, (int)1, (bool)0, bool>, (int)1, cutlass::epilogue::threadblock::PredicatedTileIteratorConv<cutlass::epilogue::threadblock::OutputTileOptimalThreadMap<cutlass::epilogue::threadblock::OutputTileShape<(int)128, (int)8, (int)2, (int)1, (int)1>, cutlass::epilogue::threadblock::OutputTileShape<(int)1, (int)8, (int)1, (int)1, (int)8>, (int)128, (int)8, (int)16>, cutlass::half_t, (bool)0, cutlass::layout::NoPermute, (bool)0, (int)4>, cutlass::epilogue::warp::FragmentIteratorTensorOp<cutlass::gemm::GemmShape<(int)64, (int)64, (int)128>, cutlass::gemm::GemmShape<(int)16, (int)8, (int)64>, int, cutlass::Array<int, (int)4, (bool)1>, cutlass::layout::RowMajor>, cutlass::epilogue::warp::TileIteratorTensorOpMixed<cutlass::gemm::GemmShape<(int)64, (int)64, (int)128>, cutlass::gemm::GemmShape<(int)16, (int)8, (int)64>, int, (int)32, (int)16, (int)8, (int)8, (bool)0>, cutlass::epilogue::threadblock::SharedLoadIteratorMixed<cutlass::epilogue::threadblock::OutputTileOptimalThreadMap<cutlass::epilogue::threadblock::OutputTileShape<(int)128, (int)8, (int)2, (int)1, (int)1>, cutlass::epilogue::threadblock::OutputTileShape<(int)1, (int)8, (int)1, (int)1, (int)8>, (int)128, (int)8, (int)16>::CompactedThreadMap, int, (int)32, (int)16, (int)8, (int)8, (bool)0>, cutlass::epilogue::thread::LinearCombination<cutlass::half_t, (int)8, int, float, (cutlass::epilogue::thread::ScaleType::Kind)0, (cutlass::FloatRoundStyle)2, cutlass::half_t>, cutlass::MatrixShape<(int)0, (int)8>, (int)2, (int)1>, cutlass::epilogue::threadblock::TreeVisitor2x<cutlass::epilogue::threadblock::VisitorAuxStore<cutlass::epilogue::threadblock::OutputTileThreadLayout<cutlass::gemm::GemmShape<(int)128, (int)128, (int)128>, cutlass::gemm::GemmShape<(int)64, (int)64, (int)128>, cutlass::half_t, (int)8, (int)1>, cutlass::half_t, (cutlass::FloatRoundStyle)2, cute::tuple<long, cute::C<(int)1>, long>>, cutlass::epilogue::threadblock::TreeVisitor2x<cutlass::epilogue::threadblock::VisitorCompute<cutlass::plus, float, float, (cutlass::FloatRoundStyle)2, void>, cutlass::epilogue::threadblock::TreeVisitor2x<cutlass::epilogue::threadblock::VisitorCompute<cutlass::plus, float, float, (cutlass::FloatRoundStyle)2, void>, cutlass::epilogue::threadblock::TreeVisitor2x<cutlass::epilogue::threadblock::VisitorCompute<cutlass::multiplies, float, float, (cutlass::FloatRoundStyle)2, void>, cutlass::epilogue::threadblock::TreeVisitor2x<cutlass::epilogue::threadblock::VisitorCompute<cutlass::multiplies, float, float, (cutlass::FloatRoundStyle)2, void>, cutlass::epilogue::threadblock::VisitorAccFetch, cutlass::epilogue::threadblock::VisitorScalarBroadcast<float, cute::tuple<cute::C<(int)0>, cute::C<(int)0>, cute::C<(int)0>>, (int)1, cutlass::multiplies>>, cutlass::epilogue::threadblock::VisitorRowBroadcast<cutlass::epilogue::threadblock::OutputTileThreadLayout<cutlass::gemm::GemmShape<(int)128, (int)128, (int)128>, cutlass::gemm::GemmShape<(int)64, (int)64, (int)128>, cutlass::half_t, (int)8, (int)1>, float, cute::tuple<cute::C<(int)0>, cute::C<(int)1>, int>, (bool)1>>, cutlass::epilogue::threadblock::VisitorRowBroadcast<cutlass::epilogue::threadblock::OutputTileThreadLayout<cutlass::gemm::GemmShape<(int)128, (int)128, (int)128>, cutlass::gemm::GemmShape<(int)64, (int)64, (int)128>, cutlass::half_t, (int)8, (int)1>, float, cute::tuple<cute::C<(int)0>, cute::C<(int)1>, int>, (bool)1>>, cutlass::epilogue::threadblock::VisitorAuxLoad<cutlass::epilogue::threadblock::OutputTileThreadLayout<cutlass::gemm::GemmShape<(int)128, (int)128, (int)128>, cutlass::gemm::GemmShape<(int)64, (int)64, (int)128>, cutlass::half_t, (int)8, (int)1>, cutlass::half_t, cute::tuple<long, cute::C<(int)1>, long>>>>, (int)1, (int)1>, cutlass::gemm::threadblock::GemmIdentityThreadblockSwizzle<(int)1>, (cutlass::conv::Operator)0, cutlass::conv::Conv2dProblemSize>>(T1::Params)",8445845.0
,"void at::native::elementwise_kernel<(int)128, (int)2, void at::native::gpu_kernel_impl_nocast<at::native::direct_copy_kernel_cuda(at::TensorIteratorBase &)::[lambda() (instance 3)]::operator ()() const::[lambda() (instance 7)]::operator ()() const::[lambda(float) (instance 1)]>(at::TensorIteratorBase &, const T1 &)::[lambda(int) (instance 1)]>(int, T3)",8225655.0
L|resblock_plain|C384|T1024,"void at::native::elementwise_kernel<(int)128, (int)4, void at::native::gpu_kernel_impl_nocast<at::native::CUDAFunctor_add<c10::Half>>(at::TensorIteratorBase &, const T1 &)::[lambda(int) (instance 1)]>(int, T3)",7616364.0
L|resblock_plain|C576|T1024,sm86_xmma_fprop_implicit_gemm_f16f16_f16f32_f32_nhwckrsc_nhwc_tilesize128x64x32_stage4_warpsize2x2x1_g1_tensor16x8x16_execute_kernel__5x_cudnn,7497553.0
,"void at::native::elementwise_kernel<(int)128, (int)2, void at::native::gpu_kernel_impl_nocast<void at::native::<unnamed>::GroupNormKernelImplInternal<float>(const at::Tensor &, const at::Tensor &, const at::Tensor &, long, long, long, long, T1, at::Tensor &, at::Tensor &, at::Tensor &)::[lambda(float, float, float) (instance 2)]>(at::TensorIteratorBase &, const T1 &)::[lambda(int) (instance 1)]>(int, T3)",7139410.0
,"void at::native::vectorized_elementwise_kernel<(int)4, at::native::<unnamed>::silu_kernel(at::TensorIteratorBase &)::[lambda() (instance 1)]::operator ()() const::[lambda() (instance 2)]::operator ()() const::[lambda(float) (instance 1)], at::detail::Array<char *, (int)2>>(int, T2, T3)",7099916.0
L|resblock_plain|C768|T256,sm86_xmma_fprop_implicit_gemm_f16f16_f16f32_f32_nhwckrsc_nhwc_tilesize128x128x32_stage3_warpsize2x2x1_g1_tensor16x8x16_t1r1s1_execute_kernel__5x_cudnn,7093422.0
L|resblock_updown|C384|T64,"void group_norm_silu_quantize_pack_nhwc_vec2_kernel<__half, (bool)0>(const T1 *, signed char *, const T1 *, const T1 *, const T1 *, const T1 *, const float *, const float *, int, long, int, float, bool, int)",6889291.0
L|resblock_plain|C576|T1024,"void cutlass::Kernel<modiff::ImplicitGemmConvolutionEVT<cutlass::conv::threadblock::ImplicitGemmMultistage<cutlass::gemm::GemmShape<(int)128, (int)128, (int)128>, cutlass::conv::threadblock::Conv2dFpropActivationTileAccessIteratorOptimized<cutlass::MatrixShape<(int)128, (int)128>, cutlass::integer_subbyte<(int)4, (bool)1>, cutlass::layout::TensorNHWC, cutlass::transform::PitchLinearWarpRakedThreadMap<cutlass::PitchLinearShape<(int)128, (int)128>, (int)128, cutlass::PitchLinearShape<(int)4, (int)8>, (int)32>, cutlass::AlignedArray<cutlass::integer_subbyte<(int)4, (bool)1>, (int)32, (int)16>>, cutlass::transform::threadblock::RegularTileAccessIterator<cutlass::MatrixShape<(int)128, (int)128>, cutlass::integer_subbyte<(int)4, (bool)1>, cutlass::layout::RowMajorTensorOpMultiplicandCrosswise<(int)4, (int)128>, (int)0, cutlass::transform::PitchLinearWarpRakedThreadMap<cutlass::PitchLinearShape<(int)128, (int)128>, (int)128, cutlass::PitchLinearShape<(int)4, (int)8>, (int)32>, (int)16>, (cutlass::arch::CacheOperation::Kind)0, cutlass::conv::threadblock::Conv2dFpropFilterTileAccessIteratorOptimized<cutlass::MatrixShape<(int)128, (int)128>, cutlass::integer_subbyte<(int)4, (bool)1>, cutlass::layout::TensorNHWC, cutlass::transform::PitchLinearWarpRakedThreadMap<cutlass::PitchLinearShape<(int)128, (int)128>, (int)128, cutlass::PitchLinearShape<(int)4, (int)8>, (int)32>, cutlass::AlignedArray<cutlass::integer_subbyte<(int)4, (bool)1>, (int)32, (int)16>, (bool)0>, cutlass::transform::threadblock::RegularTileAccessIterator<cutlass::MatrixShape<(int)128, (int)128>, cutlass::integer_subbyte<(int)4, (bool)1>, cutlass::layout::ColumnMajorTensorOpMultiplicandCrosswise<(int)4, (int)128>, (int)1, cutlass::transform::PitchLinearWarpRakedThreadMap<cutlass::PitchLinearShape<(int)128, (int)128>, (int)128, cutlass::PitchLinearShape<(int)4, (int)8>, (int)32>, (int)16>, (cutlass::arch::CacheOperation::Kind)1, cutlass::gemm::threadblock::MmaPolicy<cutlass::gemm::warp::MmaTensorOp<cutlass::gemm::GemmShape<(int)64, (int)64, (int)128>, cutlass::integer_subbyte<(int)4, (bool)1>, cutlass::layout::RowMajorTensorOpMultiplicandCrosswise<(int)4, (int)128>, cutlass::integer_subbyte<(int)4, (bool)1>, cutlass::layout::ColumnMajorTensorOpMultiplicandCrosswise<(int)4, (int)128>, int, cutlass::layout::RowMajor, cutlass::gemm::warp::MmaTensorOpPolicy<cutlass::arch::Mma<cutlass::gemm::GemmShape<(int)16, (int)8, (int)64>, (int)32, cutlass::integer_subbyte<(int)4, (bool)1>, cutlass::layout::RowMajor, cutlass::integer_subbyte<(int)4, (bool)1>, cutlass::layout::ColumnMajor, int, cutlass::layout::RowMajor, cutlass::arch::OpMultiplyAddSaturate>, cutlass::MatrixShape<(int)1, (int)1>>, (int)1, (bool)0, bool>, cutlass::MatrixShape<(int)0, (int)0>, cutlass::MatrixShape<(int)0, (int)0>, (int)1>, (int)3, bool>, cutlass::epilogue::threadblock::EpilogueWithVisitorCallbacks<cutlass::epilogue::threadblock::Epilogue<cutlass::gemm::GemmShape<(int)128, (int)128, (int)128>, cutlass::gemm::warp::MmaTensorOp<cutlass::gemm::GemmShape<(int)64, (int)64, (int)128>, cutlass::integer_subbyte<(int)4, (bool)1>, cutlass::layout::RowMajorTensorOpMultiplicandCrosswise<(int)4, (int)128>, cutlass::integer_subbyte<(int)4, (bool)1>, cutlass::layout::ColumnMajorTensorOpMultiplicandCrosswise<(int)4, (int)128>, int, cutlass::layout::RowMajor, cutlass::gemm::warp::MmaTensorOpPolicy<cutlass::arch::Mma<cutlass::gemm::GemmShape<(int)16, (int)8, (int)64>, (int)32, cutlass::integer_subbyte<(int)4, (bool)1>, cutlass::layout::RowMajor, cutlass::integer_subbyte<(int)4, (bool)1>, cutlass::layout::ColumnMajor, int, cutlass::layout::RowMajor, cutlass::arch::OpMultiplyAddSaturate>, cutlass::MatrixShape<(int)1, (int)1>>, (int)1, (bool)0, bool>, (int)1, cutlass::epilogue::threadblock::PredicatedTileIteratorConv<cutlass::epilogue::threadblock::OutputTileOptimalThreadMap<cutlass::epilogue::threadblock::OutputTileShape<(int)128, (int)8, (int)2, (int)1, (int)1>, cutlass::epilogue::threadblock::OutputTileShape<(int)1, (int)8, (int)1, (int)1, (int)8>, (int)128, (int)8, (int)16>, cutlass::half_t, (bool)0, cutlass::layout::NoPermute, (bool)0, (int)4>, cutlass::epilogue::warp::FragmentIteratorTensorOp<cutlass::gemm::GemmShape<(int)64, (int)64, (int)128>, cutlass::gemm::GemmShape<(int)16, (int)8, (int)64>, int, cutlass::Array<int, (int)4, (bool)1>, cutlass::layout::RowMajor>, cutlass::epilogue::warp::TileIteratorTensorOpMixed<cutlass::gemm::GemmShape<(int)64, (int)64, (int)128>, cutlass::gemm::GemmShape<(int)16, (int)8, (int)64>, int, (int)32, (int)16, (int)8, (int)8, (bool)0>, cutlass::epilogue::threadblock::SharedLoadIteratorMixed<cutlass::epilogue::threadblock::OutputTileOptimalThreadMap<cutlass::epilogue::threadblock::OutputTileShape<(int)128, (int)8, (int)2, (int)1, (int)1>, cutlass::epilogue::threadblock::OutputTileShape<(int)1, (int)8, (int)1, (int)1, (int)8>, (int)128, (int)8, (int)16>::CompactedThreadMap, int, (int)32, (int)16, (int)8, (int)8, (bool)0>, cutlass::epilogue::thread::LinearCombination<cutlass::half_t, (int)8, int, float, (cutlass::epilogue::thread::ScaleType::Kind)0, (cutlass::FloatRoundStyle)2, cutlass::half_t>, cutlass::MatrixShape<(int)0, (int)8>, (int)2, (int)1>, cutlass::epilogue::threadblock::TreeVisitor2x<cutlass::epilogue::threadblock::VisitorAuxStore<cutlass::epilogue::threadblock::OutputTileThreadLayout<cutlass::gemm::GemmShape<(int)128, (int)128, (int)128>, cutlass::gemm::GemmShape<(int)64, (int)64, (int)128>, cutlass::half_t, (int)8, (int)1>, cutlass::half_t, (cutlass::FloatRoundStyle)2, cute::tuple<long, cute::C<(int)1>, long>>, cutlass::epilogue::threadblock::TreeVisitor2x<cutlass::epilogue::threadblock::VisitorCompute<cutlass::plus, float, float, (cutlass::FloatRoundStyle)2, void>, cutlass::epilogue::threadblock::TreeVisitor2x<cutlass::epilogue::threadblock::VisitorCompute<cutlass::plus, float, float, (cutlass::FloatRoundStyle)2, void>, cutlass::epilogue::threadblock::TreeVisitor2x<cutlass::epilogue::threadblock::VisitorCompute<cutlass::multiplies, float, float, (cutlass::FloatRoundStyle)2, void>, cutlass::epilogue::threadblock::TreeVisitor2x<cutlass::epilogue::threadblock::VisitorCompute<cutlass::multiplies, float, float, (cutlass::FloatRoundStyle)2, void>, cutlass::epilogue::threadblock::VisitorAccFetch, cutlass::epilogue::threadblock::VisitorScalarBroadcast<float, cute::tuple<cute::C<(int)0>, cute::C<(int)0>, cute::C<(int)0>>, (int)1, cutlass::multiplies>>, cutlass::epilogue::threadblock::VisitorRowBroadcast<cutlass::epilogue::threadblock::OutputTileThreadLayout<cutlass::gemm::GemmShape<(int)128, (int)128, (int)128>, cutlass::gemm::GemmShape<(int)64, (int)64, (int)128>, cutlass::half_t, (int)8, (int)1>, float, cute::tuple<cute::C<(int)0>, cute::C<(int)1>, int>, (bool)1>>, cutlass::epilogue::threadblock::VisitorRowBroadcast<cutlass::epilogue::threadblock::OutputTileThreadLayout<cutlass::gemm::GemmShape<(int)128, (int)128, (int)128>, cutlass::gemm::GemmShape<(int)64, (int)64, (int)128>, cutlass::half_t, (int)8, (int)1>, float, cute::tuple<cute::C<(int)0>, cute::C<(int)1>, int>, (bool)1>>, cutlass::epilogue::threadblock::VisitorAuxLoad<cutlass::epilogue::threadblock::OutputTileThreadLayout<cutlass::gemm::GemmShape<(int)128, (int)128, (int)128>, cutlass::gemm::GemmShape<(int)64, (int)64, (int)128>, cutlass::half_t, (int)8, (int)1>, cutlass::half_t, cute::tuple<long, cute::C<(int)1>, long>>>>, (int)1, (int)1>, cutlass::gemm::threadblock::GemmIdentityThreadblockSwizzle<(int)1>, (cutlass::conv::Operator)0, cutlass::conv::Conv2dProblemSize>>(T1::Params)",6552488.0
L|attention|C768|T16,"void flash_attn_int8_qi8packed_small_qout_kernel<(int)16, (int)96, (int)4, (bool)1>(const signed char *, const float *, signed char *, int, int, float, float, float, int)",6486890.0
L|resblock_plain|C576|T256,"void cutlass::Kernel<modiff::ImplicitGemmConvolutionEVT<cutlass::conv::threadblock::ImplicitGemmMultistage<cutlass::gemm::GemmShape<(int)128, (int)128, (int)128>, cutlass::conv::threadblock::Conv2dFpropActivationTileAccessIteratorOptimized<cutlass::MatrixShape<(int)128, (int)128>, cutlass::integer_subbyte<(int)4, (bool)1>, cutlass::layout::TensorNHWC, cutlass::transform::PitchLinearWarpRakedThreadMap<cutlass::PitchLinearShape<(int)128, (int)128>, (int)128, cutlass::PitchLinearShape<(int)4, (int)8>, (int)32>, cutlass::AlignedArray<cutlass::integer_subbyte<(int)4, (bool)1>, (int)32, (int)16>>, cutlass::transform::threadblock::RegularTileAccessIterator<cutlass::MatrixShape<(int)128, (int)128>, cutlass::integer_subbyte<(int)4, (bool)1>, cutlass::layout::RowMajorTensorOpMultiplicandCrosswise<(int)4, (int)128>, (int)0, cutlass::transform::PitchLinearWarpRakedThreadMap<cutlass::PitchLinearShape<(int)128, (int)128>, (int)128, cutlass::PitchLinearShape<(int)4, (int)8>, (int)32>, (int)16>, (cutlass::arch::CacheOperation::Kind)0, cutlass::conv::threadblock::Conv2dFpropFilterTileAccessIteratorOptimized<cutlass::MatrixShape<(int)128, (int)128>, cutlass::integer_subbyte<(int)4, (bool)1>, cutlass::layout::TensorNHWC, cutlass::transform::PitchLinearWarpRakedThreadMap<cutlass::PitchLinearShape<(int)128, (int)128>, (int)128, cutlass::PitchLinearShape<(int)4, (int)8>, (int)32>, cutlass::AlignedArray<cutlass::integer_subbyte<(int)4, (bool)1>, (int)32, (int)16>, (bool)0>, cutlass::transform::threadblock::RegularTileAccessIterator<cutlass::MatrixShape<(int)128, (int)128>, cutlass::integer_subbyte<(int)4, (bool)1>, cutlass::layout::ColumnMajorTensorOpMultiplicandCrosswise<(int)4, (int)128>, (int)1, cutlass::transform::PitchLinearWarpRakedThreadMap<cutlass::PitchLinearShape<(int)128, (int)128>, (int)128, cutlass::PitchLinearShape<(int)4, (int)8>, (int)32>, (int)16>, (cutlass::arch::CacheOperation::Kind)1, cutlass::gemm::threadblock::MmaPolicy<cutlass::gemm::warp::MmaTensorOp<cutlass::gemm::GemmShape<(int)64, (int)64, (int)128>, cutlass::integer_subbyte<(int)4, (bool)1>, cutlass::layout::RowMajorTensorOpMultiplicandCrosswise<(int)4, (int)128>, cutlass::integer_subbyte<(int)4, (bool)1>, cutlass::layout::ColumnMajorTensorOpMultiplicandCrosswise<(int)4, (int)128>, int, cutlass::layout::RowMajor, cutlass::gemm::warp::MmaTensorOpPolicy<cutlass::arch::Mma<cutlass::gemm::GemmShape<(int)16, (int)8, (int)64>, (int)32, cutlass::integer_subbyte<(int)4, (bool)1>, cutlass::layout::RowMajor, cutlass::integer_subbyte<(int)4, (bool)1>, cutlass::layout::ColumnMajor, int, cutlass::layout::RowMajor, cutlass::arch::OpMultiplyAddSaturate>, cutlass::MatrixShape<(int)1, (int)1>>, (int)1, (bool)0, bool>, cutlass::MatrixShape<(int)0, (int)0>, cutlass::MatrixShape<(int)0, (int)0>, (int)1>, (int)3, bool>, cutlass::epilogue::threadblock::EpilogueWithVisitorCallbacks<cutlass::epilogue::threadblock::Epilogue<cutlass::gemm::GemmShape<(int)128, (int)128, (int)128>, cutlass::gemm::warp::MmaTensorOp<cutlass::gemm::GemmShape<(int)64, (int)64, (int)128>, cutlass::integer_subbyte<(int)4, (bool)1>, cutlass::layout::RowMajorTensorOpMultiplicandCrosswise<(int)4, (int)128>, cutlass::integer_subbyte<(int)4, (bool)1>, cutlass::layout::ColumnMajorTensorOpMultiplicandCrosswise<(int)4, (int)128>, int, cutlass::layout::RowMajor, cutlass::gemm::warp::MmaTensorOpPolicy<cutlass::arch::Mma<cutlass::gemm::GemmShape<(int)16, (int)8, (int)64>, (int)32, cutlass::integer_subbyte<(int)4, (bool)1>, cutlass::layout::RowMajor, cutlass::integer_subbyte<(int)4, (bool)1>, cutlass::layout::ColumnMajor, int, cutlass::layout::RowMajor, cutlass::arch::OpMultiplyAddSaturate>, cutlass::MatrixShape<(int)1, (int)1>>, (int)1, (bool)0, bool>, (int)1, cutlass::epilogue::threadblock::PredicatedTileIteratorConv<cutlass::epilogue::threadblock::OutputTileOptimalThreadMap<cutlass::epilogue::threadblock::OutputTileShape<(int)128, (int)8, (int)2, (int)1, (int)1>, cutlass::epilogue::threadblock::OutputTileShape<(int)1, (int)8, (int)1, (int)1, (int)8>, (int)128, (int)8, (int)16>, cutlass::half_t, (bool)0, cutlass::layout::NoPermute, (bool)0, (int)4>, cutlass::epilogue::warp::FragmentIteratorTensorOp<cutlass::gemm::GemmShape<(int)64, (int)64, (int)128>, cutlass::gemm::GemmShape<(int)16, (int)8, (int)64>, int, cutlass::Array<int, (int)4, (bool)1>, cutlass::layout::RowMajor>, cutlass::epilogue::warp::TileIteratorTensorOpMixed<cutlass::gemm::GemmShape<(int)64, (int)64, (int)128>, cutlass::gemm::GemmShape<(int)16, (int)8, (int)64>, int, (int)32, (int)16, (int)8, (int)8, (bool)0>, cutlass::epilogue::threadblock::SharedLoadIteratorMixed<cutlass::epilogue::threadblock::OutputTileOptimalThreadMap<cutlass::epilogue::threadblock::OutputTileShape<(int)128, (int)8, (int)2, (int)1, (int)1>, cutlass::epilogue::threadblock::OutputTileShape<(int)1, (int)8, (int)1, (int)1, (int)8>, (int)128, (int)8, (int)16>::CompactedThreadMap, int, (int)32, (int)16, (int)8, (int)8, (bool)0>, cutlass::epilogue::thread::LinearCombination<cutlass::half_t, (int)8, int, float, (cutlass::epilogue::thread::ScaleType::Kind)0, (cutlass::FloatRoundStyle)2, cutlass::half_t>, cutlass::MatrixShape<(int)0, (int)8>, (int)2, (int)1>, cutlass::epilogue::threadblock::TreeVisitor2x<cutlass::epilogue::threadblock::VisitorAuxStore<cutlass::epilogue::threadblock::OutputTileThreadLayout<cutlass::gemm::GemmShape<(int)128, (int)128, (int)128>, cutlass::gemm::GemmShape<(int)64, (int)64, (int)128>, cutlass::half_t, (int)8, (int)1>, cutlass::half_t, (cutlass::FloatRoundStyle)2, cute::tuple<long, cute::C<(int)1>, long>>, cutlass::epilogue::threadblock::TreeVisitor2x<cutlass::epilogue::threadblock::VisitorCompute<cutlass::plus, float, float, (cutlass::FloatRoundStyle)2, void>, cutlass::epilogue::threadblock::TreeVisitor2x<cutlass::epilogue::threadblock::VisitorCompute<cutlass::multiplies, float, float, (cutlass::FloatRoundStyle)2, void>, cutlass::epilogue::threadblock::TreeVisitor2x<cutlass::epilogue::threadblock::VisitorCompute<cutlass::multiplies, float, float, (cutlass::FloatRoundStyle)2, void>, cutlass::epilogue::threadblock::VisitorAccFetch, cutlass::epilogue::threadblock::VisitorScalarBroadcast<float, cute::tuple<cute::C<(int)0>, cute::C<(int)0>, cute::C<(int)0>>, (int)1, cutlass::multiplies>>, cutlass::epilogue::threadblock::VisitorRowBroadcast<cutlass::epilogue::threadblock::OutputTileThreadLayout<cutlass::gemm::GemmShape<(int)128, (int)128, (int)128>, cutlass::gemm::GemmShape<(int)64, (int)64, (int)128>, cutlass::half_t, (int)8, (int)1>, float, cute::tuple<cute::C<(int)0>, cute::C<(int)1>, int>, (bool)1>>, cutlass::epilogue::threadblock::VisitorRowBroadcast<cutlass::epilogue::threadblock::OutputTileThreadLayout<cutlass::gemm::GemmShape<(int)128, (int)128, (int)128>, cutlass::gemm::GemmShape<(int)64, (int)64, (int)128>, cutlass::half_t, (int)8, (int)1>, float, cute::tuple<cute::C<(int)0>, cute::C<(int)1>, int>, (bool)1>>>, (int)1, (int)1>, cutlass::gemm::threadblock::GemmIdentityThreadblockSwizzle<(int)1>, (cutlass::conv::Operator)0, cutlass::conv::Conv2dProblemSize>>(T1::Params)",6178406.0
,"void at::native::elementwise_kernel<(int)128, (int)4, void at::native::gpu_kernel_impl_nocast<at::native::direct_copy_kernel_cuda(at::TensorIteratorBase &)::[lambda() (instance 3)]::operator ()() const::[lambda() (instance 10)]::operator ()() const::[lambda(c10::Half) (instance 1)]>(at::TensorIteratorBase &, const T1 &)::[lambda(int) (instance 1)]>(int, T3)",5814114.0
L|attention|C384|T64,"gemm_w4a4_kernel_awq(const signed char *, const signed char *, const float *, float, __half *, int, int, int, int, const __half *, const __half *)",5786086.0
L|resblock_plain|C1536|T16,"void cutlass::Kernel<modiff::ImplicitGemmConvolutionEVT<cutlass::conv::threadblock::ImplicitGemmMultistage<cutlass::gemm::GemmShape<(int)128, (int)128, (int)128>, cutlass::conv::threadblock::Conv2dFpropActivationTileAccessIteratorOptimized<cutlass::MatrixShape<(int)128, (int)128>, cutlass::integer_subbyte<(int)4, (bool)1>, cutlass::layout::TensorNHWC, cutlass::transform::PitchLinearWarpRakedThreadMap<cutlass::PitchLinearShape<(int)128, (int)128>, (int)128, cutlass::PitchLinearShape<(int)4, (int)8>, (int)32>, cutlass::AlignedArray<cutlass::integer_subbyte<(int)4, (bool)1>, (int)32, (int)16>>, cutlass::transform::threadblock::RegularTileAccessIterator<cutlass::MatrixShape<(int)128, (int)128>, cutlass::integer_subbyte<(int)4, (bool)1>, cutlass::layout::RowMajorTensorOpMultiplicandCrosswise<(int)4, (int)128>, (int)0, cutlass::transform::PitchLinearWarpRakedThreadMap<cutlass::PitchLinearShape<(int)128, (int)128>, (int)128, cutlass::PitchLinearShape<(int)4, (int)8>, (int)32>, (int)16>, (cutlass::arch::CacheOperation::Kind)0, cutlass::conv::threadblock::Conv2dFpropFilterTileAccessIteratorOptimized<cutlass::MatrixShape<(int)128, (int)128>, cutlass::integer_subbyte<(int)4, (bool)1>, cutlass::layout::TensorNHWC, cutlass::transform::PitchLinearWarpRakedThreadMap<cutlass::PitchLinearShape<(int)128, (int)128>, (int)128, cutlass::PitchLinearShape<(int)4, (int)8>, (int)32>, cutlass::AlignedArray<cutlass::integer_subbyte<(int)4, (bool)1>, (int)32, (int)16>, (bool)0>, cutlass::transform::threadblock::RegularTileAccessIterator<cutlass::MatrixShape<(int)128, (int)128>, cutlass::integer_subbyte<(int)4, (bool)1>, cutlass::layout::ColumnMajorTensorOpMultiplicandCrosswise<(int)4, (int)128>, (int)1, cutlass::transform::PitchLinearWarpRakedThreadMap<cutlass::PitchLinearShape<(int)128, (int)128>, (int)128, cutlass::PitchLinearShape<(int)4, (int)8>, (int)32>, (int)16>, (cutlass::arch::CacheOperation::Kind)1, cutlass::gemm::threadblock::MmaPolicy<cutlass::gemm::warp::MmaTensorOp<cutlass::gemm::GemmShape<(int)64, (int)64, (int)128>, cutlass::integer_subbyte<(int)4, (bool)1>, cutlass::layout::RowMajorTensorOpMultiplicandCrosswise<(int)4, (int)128>, cutlass::integer_subbyte<(int)4, (bool)1>, cutlass::layout::ColumnMajorTensorOpMultiplicandCrosswise<(int)4, (int)128>, int, cutlass::layout::RowMajor, cutlass::gemm::warp::MmaTensorOpPolicy<cutlass::arch::Mma<cutlass::gemm::GemmShape<(int)16, (int)8, (int)64>, (int)32, cutlass::integer_subbyte<(int)4, (bool)1>, cutlass::layout::RowMajor, cutlass::integer_subbyte<(int)4, (bool)1>, cutlass::layout::ColumnMajor, int, cutlass::layout::RowMajor, cutlass::arch::OpMultiplyAddSaturate>, cutlass::MatrixShape<(int)1, (int)1>>, (int)1, (bool)0, bool>, cutlass::MatrixShape<(int)0, (int)0>, cutlass::MatrixShape<(int)0, (int)0>, (int)1>, (int)3, bool>, cutlass::epilogue::threadblock::EpilogueWithVisitorCallbacks<cutlass::epilogue::threadblock::Epilogue<cutlass::gemm::GemmShape<(int)128, (int)128, (int)128>, cutlass::gemm::warp::MmaTensorOp<cutlass::gemm::GemmShape<(int)64, (int)64, (int)128>, cutlass::integer_subbyte<(int)4, (bool)1>, cutlass::layout::RowMajorTensorOpMultiplicandCrosswise<(int)4, (int)128>, cutlass::integer_subbyte<(int)4, (bool)1>, cutlass::layout::ColumnMajorTensorOpMultiplicandCrosswise<(int)4, (int)128>, int, cutlass::layout::RowMajor, cutlass::gemm::warp::MmaTensorOpPolicy<cutlass::arch::Mma<cutlass::gemm::GemmShape<(int)16, (int)8, (int)64>, (int)32, cutlass::integer_subbyte<(int)4, (bool)1>, cutlass::layout::RowMajor, cutlass::integer_subbyte<(int)4, (bool)1>, cutlass::layout::ColumnMajor, int, cutlass::layout::RowMajor, cutlass::arch::OpMultiplyAddSaturate>, cutlass::MatrixShape<(int)1, (int)1>>, (int)1, (bool)0, bool>, (int)1, cutlass::epilogue::threadblock::PredicatedTileIteratorConv<cutlass::epilogue::threadblock::OutputTileOptimalThreadMap<cutlass::epilogue::threadblock::OutputTileShape<(int)128, (int)8, (int)2, (int)1, (int)1>, cutlass::epilogue::threadblock::OutputTileShape<(int)1, (int)8, (int)1, (int)1, (int)8>, (int)128, (int)8, (int)16>, cutlass::half_t, (bool)0, cutlass::layout::NoPermute, (bool)0, (int)4>, cutlass::epilogue::warp::FragmentIteratorTensorOp<cutlass::gemm::GemmShape<(int)64, (int)64, (int)128>, cutlass::gemm::GemmShape<(int)16, (int)8, (int)64>, int, cutlass::Array<int, (int)4, (bool)1>, cutlass::layout::RowMajor>, cutlass::epilogue::warp::TileIteratorTensorOpMixed<cutlass::gemm::GemmShape<(int)64, (int)64, (int)128>, cutlass::gemm::GemmShape<(int)16, (int)8, (int)64>, int, (int)32, (int)16, (int)8, (int)8, (bool)0>, cutlass::epilogue::threadblock::SharedLoadIteratorMixed<cutlass::epilogue::threadblock::OutputTileOptimalThreadMap<cutlass::epilogue::threadblock::OutputTileShape<(int)128, (int)8, (int)2, (int)1, (int)1>, cutlass::epilogue::threadblock::OutputTileShape<(int)1, (int)8, (int)1, (int)1, (int)8>, (int)128, (int)8, (int)16>::CompactedThreadMap, int, (int)32, (int)16, (int)8, (int)8, (bool)0>, cutlass::epilogue::thread::LinearCombination<cutlass::half_t, (int)8, int, float, (cutlass::epilogue::thread::ScaleType::Kind)0, (cutlass::FloatRoundStyle)2, cutlass::half_t>, cutlass::MatrixShape<(int)0, (int)8>, (int)2, (int)1>, cutlass::epilogue::threadblock::TreeVisitor2x<cutlass::epilogue::threadblock::VisitorAuxStore<cutlass::epilogue::threadblock::OutputTileThreadLayout<cutlass::gemm::GemmShape<(int)128, (int)128, (int)128>, cutlass::gemm::GemmShape<(int)64, (int)64, (int)128>, cutlass::half_t, (int)8, (int)1>, cutlass::half_t, (cutlass::FloatRoundStyle)2, cute::tuple<long, cute::C<(int)1>, long>>, cutlass::epilogue::threadblock::TreeVisitor2x<cutlass::epilogue::threadblock::VisitorCompute<cutlass::plus, float, float, (cutlass::FloatRoundStyle)2, void>, cutlass::epilogue::threadblock::TreeVisitor2x<cutlass::epilogue::threadblock::VisitorCompute<cutlass::multiplies, float, float, (cutlass::FloatRoundStyle)2, void>, cutlass::epilogue::threadblock::TreeVisitor2x<cutlass::epilogue::threadblock::VisitorCompute<cutlass::multiplies, float, float, (cutlass::FloatRoundStyle)2, void>, cutlass::epilogue::threadblock::VisitorAccFetch, cutlass::epilogue::threadblock::VisitorScalarBroadcast<float, cute::tuple<cute::C<(int)0>, cute::C<(int)0>, cute::C<(int)0>>, (int)1, cutlass::multiplies>>, cutlass::epilogue::threadblock::VisitorRowBroadcast<cutlass::epilogue::threadblock::OutputTileThreadLayout<cutlass::gemm::GemmShape<(int)128, (int)128, (int)128>, cutlass::gemm::GemmShape<(int)64, (int)64, (int)128>, cutlass::half_t, (int)8, (int)1>, float, cute::tuple<cute::C<(int)0>, cute::C<(int)1>, int>, (bool)1>>, cutlass::epilogue::threadblock::VisitorRowBroadcast<cutlass::epilogue::threadblock::OutputTileThreadLayout<cutlass::gemm::GemmShape<(int)128, (int)128, (int)128>, cutlass::gemm::GemmShape<(int)64, (int)64, (int)128>, cutlass::half_t, (int)8, (int)1>, float, cute::tuple<cute::C<(int)0>, cute::C<(int)1>, int>, (bool)1>>>, (int)1, (int)1>, cutlass::gemm::threadblock::GemmIdentityThreadblockSwizzle<(int)1>, (cutlass::conv::Operator)0, cutlass::conv::Conv2dProblemSize>>(T1::Params)",5596166.0
,"void at::native::unrolled_elementwise_kernel<at::native::direct_copy_kernel_cuda(at::TensorIteratorBase &)::[lambda() (instance 3)]::operator ()() const::[lambda() (instance 10)]::operator ()() const::[lambda(c10::Half) (instance 1)], at::detail::Array<char *, (int)2>, TrivialOffsetCalculator<(int)1, unsigned int>, TrivialOffsetCalculator<(int)1, unsigned int>, at::native::memory::LoadWithCast<(int)1>, at::native::memory::StoreWithCast<(int)1>>(int, T1, T2, T3, T4, T5, T6)",5559910.0
,"void at::native::unrolled_elementwise_kernel<at::native::direct_copy_kernel_cuda(at::TensorIteratorBase &)::[lambda() (instance 3)]::operator ()() const::[lambda() (instance 7)]::operator ()() const::[lambda(float) (instance 1)], at::detail::Array<char *, (int)2>, TrivialOffsetCalculator<(int)1, unsigned int>, TrivialOffsetCalculator<(int)1, unsigned int>, at::native::memory::LoadWithCast<(int)1>, at::native::memory::StoreWithCast<(int)1>>(int, T1, T2, T3, T4, T5, T6)",5302468.0
L|resblock_updown|C192|T1024,"void group_norm_silu_quantize_resize_nhwc_kernel<__half, (bool)1, (bool)0, (bool)1>(const T1 *, signed char *, const T1 *, const T1 *, const T1 *, const T1 *, const float *, const float *, int, long, int, float, bool, int, int)",5156574.0
L|resblock_updown|C768|T16,"void group_norm_silu_quantize_pack_nhwc_vec2_kernel<__half, (bool)0>(const T1 *, signed char *, const T1 *, const T1 *, const T1 *, const T1 *, const float *, const float *, int, long, int, float, bool, int)",5115555.0
L|resblock_updown|C192|T1024,"void at::native::<unnamed>::avg_pool2d_out_cuda_frame_nhwc<c10::Half, float>(int, const T1 *, long, long, long, int, int, int, int, int, int, int, int, T1 *, int, bool, bool)",5057921.0
L|resblock_plain|C1152|T16,"void group_norm_silu_quantize_pack_nhwc_vec2_kernel<__half, (bool)0>(const T1 *, signed char *, const T1 *, const T1 *, const T1 *, const T1 *, const float *, const float *, int, long, int, float, bool, int)",4957026.0
L|resblock_updown|C192|T1024,"void group_norm_silu_quantize_pack_nhwc_vec2_kernel<__half, (bool)0>(const T1 *, signed char *, const T1 *, const T1 *, const T1 *, const T1 *, const float *, const float *, int, long, int, float, bool, int)",4914716.0
L|resblock_updown|C384|T64,"void cutlass::Kernel<modiff::ImplicitGemmConvolutionEVT<cutlass::conv::threadblock::ImplicitGemmMultistage<cutlass::gemm::GemmShape<(int)128, (int)128, (int)128>, cutlass::conv::threadblock::Conv2dFpropActivationTileAccessIteratorOptimized<cutlass::MatrixShape<(int)128, (int)128>, cutlass::integer_subbyte<(int)4, (bool)1>, cutlass::layout::TensorNHWC, cutlass::transform::PitchLinearWarpRakedThreadMap<cutlass::PitchLinearShape<(int)128, (int)128>, (int)128, cutlass::PitchLinearShape<(int)4, (int)8>, (int)32>, cutlass::AlignedArray<cutlass::integer_subbyte<(int)4, (bool)1>, (int)32, (int)16>>, cutlass::transform::threadblock::RegularTileAccessIterator<cutlass::MatrixShape<(int)128, (int)128>, cutlass::integer_subbyte<(int)4, (bool)1>, cutlass::layout::RowMajorTensorOpMultiplicandCrosswise<(int)4, (int)128>, (int)0, cutlass::transform::PitchLinearWarpRakedThreadMap<cutlass::PitchLinearShape<(int)128, (int)128>, (int)128, cutlass::PitchLinearShape<(int)4, (int)8>, (int)32>, (int)16>, (cutlass::arch::CacheOperation::Kind)0, cutlass::conv::threadblock::Conv2dFpropFilterTileAccessIteratorOptimized<cutlass::MatrixShape<(int)128, (int)128>, cutlass::integer_subbyte<(int)4, (bool)1>, cutlass::layout::TensorNHWC, cutlass::transform::PitchLinearWarpRakedThreadMap<cutlass::PitchLinearShape<(int)128, (int)128>, (int)128, cutlass::PitchLinearShape<(int)4, (int)8>, (int)32>, cutlass::AlignedArray<cutlass::integer_subbyte<(int)4, (bool)1>, (int)32, (int)16>, (bool)0>, cutlass::transform::threadblock::RegularTileAccessIterator<cutlass::MatrixShape<(int)128, (int)128>, cutlass::integer_subbyte<(int)4, (bool)1>, cutlass::layout::ColumnMajorTensorOpMultiplicandCrosswise<(int)4, (int)128>, (int)1, cutlass::transform::PitchLinearWarpRakedThreadMap<cutlass::PitchLinearShape<(int)128, (int)128>, (int)128, cutlass::PitchLinearShape<(int)4, (int)8>, (int)32>, (int)16>, (cutlass::arch::CacheOperation::Kind)1, cutlass::gemm::threadblock::MmaPolicy<cutlass::gemm::warp::MmaTensorOp<cutlass::gemm::GemmShape<(int)64, (int)64, (int)128>, cutlass::integer_subbyte<(int)4, (bool)1>, cutlass::layout::RowMajorTensorOpMultiplicandCrosswise<(int)4, (int)128>, cutlass::integer_subbyte<(int)4, (bool)1>, cutlass::layout::ColumnMajorTensorOpMultiplicandCrosswise<(int)4, (int)128>, int, cutlass::layout::RowMajor, cutlass::gemm::warp::MmaTensorOpPolicy<cutlass::arch::Mma<cutlass::gemm::GemmShape<(int)16, (int)8, (int)64>, (int)32, cutlass::integer_subbyte<(int)4, (bool)1>, cutlass::layout::RowMajor, cutlass::integer_subbyte<(int)4, (bool)1>, cutlass::layout::ColumnMajor, int, cutlass::layout::RowMajor, cutlass::arch::OpMultiplyAddSaturate>, cutlass::MatrixShape<(int)1, (int)1>>, (int)1, (bool)0, bool>, cutlass::MatrixShape<(int)0, (int)0>, cutlass::MatrixShape<(int)0, (int)0>, (int)1>, (int)3, bool>, cutlass::epilogue::threadblock::EpilogueWithVisitorCallbacks<cutlass::epilogue::threadblock::Epilogue<cutlass::gemm::GemmShape<(int)128, (int)128, (int)128>, cutlass::gemm::warp::MmaTensorOp<cutlass::gemm::GemmShape<(int)64, (int)64, (int)128>, cutlass::integer_subbyte<(int)4, (bool)1>, cutlass::layout::RowMajorTensorOpMultiplicandCrosswise<(int)4, (int)128>, cutlass::integer_subbyte<(int)4, (bool)1>, cutlass::layout::ColumnMajorTensorOpMultiplicandCrosswise<(int)4, (int)128>, int, cutlass::layout::RowMajor, cutlass::gemm::warp::MmaTensorOpPolicy<cutlass::arch::Mma<cutlass::gemm::GemmShape<(int)16, (int)8, (int)64>, (int)32, cutlass::integer_subbyte<(int)4, (bool)1>, cutlass::layout::RowMajor, cutlass::integer_subbyte<(int)4, (bool)1>, cutlass::layout::ColumnMajor, int, cutlass::layout::RowMajor, cutlass::arch::OpMultiplyAddSaturate>, cutlass::MatrixShape<(int)1, (int)1>>, (int)1, (bool)0, bool>, (int)1, cutlass::epilogue::threadblock::PredicatedTileIteratorConv<cutlass::epilogue::threadblock::OutputTileOptimalThreadMap<cutlass::epilogue::threadblock::OutputTileShape<(int)128, (int)8, (int)2, (int)1, (int)1>, cutlass::epilogue::threadblock::OutputTileShape<(int)1, (int)8, (int)1, (int)1, (int)8>, (int)128, (int)8, (int)16>, cutlass::half_t, (bool)0, cutlass::layout::NoPermute, (bool)0, (int)4>, cutlass::epilogue::warp::FragmentIteratorTensorOp<cutlass::gemm::GemmShape<(int)64, (int)64, (int)128>, cutlass::gemm::GemmShape<(int)16, (int)8, (int)64>, int, cutlass::Array<int, (int)4, (bool)1>, cutlass::layout::RowMajor>, cutlass::epilogue::warp::TileIteratorTensorOpMixed<cutlass::gemm::GemmShape<(int)64, (int)64, (int)128>, cutlass::gemm::GemmShape<(int)16, (int)8, (int)64>, int, (int)32, (int)16, (int)8, (int)8, (bool)0>, cutlass::epilogue::threadblock::SharedLoadIteratorMixed<cutlass::epilogue::threadblock::OutputTileOptimalThreadMap<cutlass::epilogue::threadblock::OutputTileShape<(int)128, (int)8, (int)2, (int)1, (int)1>, cutlass::epilogue::threadblock::OutputTileShape<(int)1, (int)8, (int)1, (int)1, (int)8>, (int)128, (int)8, (int)16>::CompactedThreadMap, int, (int)32, (int)16, (int)8, (int)8, (bool)0>, cutlass::epilogue::thread::LinearCombination<cutlass::half_t, (int)8, int, float, (cutlass::epilogue::thread::ScaleType::Kind)0, (cutlass::FloatRoundStyle)2, cutlass::half_t>, cutlass::MatrixShape<(int)0, (int)8>, (int)2, (int)1>, cutlass::epilogue::threadblock::TreeVisitor2x<cutlass::epilogue::threadblock::VisitorAuxStore<cutlass::epilogue::threadblock::OutputTileThreadLayout<cutlass::gemm::GemmShape<(int)128, (int)128, (int)128>, cutlass::gemm::GemmShape<(int)64, (int)64, (int)128>, cutlass::half_t, (int)8, (int)1>, cutlass::half_t, (cutlass::FloatRoundStyle)2, cute::tuple<long, cute::C<(int)1>, long>>, cutlass::epilogue::threadblock::TreeVisitor2x<cutlass::epilogue::threadblock::VisitorCompute<cutlass::plus, float, float, (cutlass::FloatRoundStyle)2, void>, cutlass::epilogue::threadblock::TreeVisitor2x<cutlass::epilogue::threadblock::VisitorCompute<cutlass::plus, float, float, (cutlass::FloatRoundStyle)2, void>, cutlass::epilogue::threadblock::TreeVisitor2x<cutlass::epilogue::threadblock::VisitorCompute<cutlass::multiplies, float, float, (cutlass::FloatRoundStyle)2, void>, cutlass::epilogue::threadblock::TreeVisitor2x<cutlass::epilogue::threadblock::VisitorCompute<cutlass::multiplies, float, float, (cutlass::FloatRoundStyle)2, void>, cutlass::epilogue::threadblock::VisitorAccFetch, cutlass::epilogue::threadblock::VisitorScalarBroadcast<float, cute::tuple<cute::C<(int)0>, cute::C<(int)0>, cute::C<(int)0>>, (int)1, cutlass::multiplies>>, cutlass::epilogue::threadblock::VisitorRowBroadcast<cutlass::epilogue::threadblock::OutputTileThreadLayout<cutlass::gemm::GemmShape<(int)128, (int)128, (int)128>, cutlass::gemm::GemmShape<(int)64, (int)64, (int)128>, cutlass::half_t, (int)8, (int)1>, float, cute::tuple<cute::C<(int)0>, cute::C<(int)1>, int>, (bool)1>>, cutlass::epilogue::threadblock::VisitorRowBroadcast<cutlass::epilogue::threadblock::OutputTileThreadLayout<cutlass::gemm::GemmShape<(int)128, (int)128, (int)128>, cutlass::gemm::GemmShape<(int)64, (int)64, (int)128>, cutlass::half_t, (int)8, (int)1>, float, cute::tuple<cute::C<(int)0>, cute::C<(int)1>, int>, (bool)1>>, cutlass::epilogue::threadblock::VisitorAuxLoad<cutlass::epilogue::threadblock::OutputTileThreadLayout<cutlass::gemm::GemmShape<(int)128, (int)128, (int)128>, cutlass::gemm::GemmShape<(int)64, (int)64, (int)128>, cutlass::half_t, (int)8, (int)1>, cutlass::half_t, cute::tuple<long, cute::C<(int)1>, long>>>>, (int)1, (int)1>, cutlass::gemm::threadblock::GemmIdentityThreadblockSwizzle<(int)1>, (cutlass::conv::Operator)0, cutlass::conv::Conv2dProblemSize>>(T1::Params)",4767040.0
,"void at::native::<unnamed>::RowwiseMomentsCUDAKernel<float>(long, T1, const T1 *, T1 *, T1 *)",4645210.0
L|resblock_updown|C384|T64,"void cutlass::Kernel<modiff::ImplicitGemmConvolutionEVT<cutlass::conv::threadblock::ImplicitGemmMultistage<cutlass::gemm::GemmShape<(int)128, (int)128, (int)128>, cutlass::conv::threadblock::Conv2dFpropActivationTileAccessIteratorOptimized<cutlass::MatrixShape<(int)128, (int)128>, cutlass::integer_subbyte<(int)4, (bool)1>, cutlass::layout::TensorNHWC, cutlass::transform::PitchLinearWarpRakedThreadMap<cutlass::PitchLinearShape<(int)128, (int)128>, (int)128, cutlass::PitchLinearShape<(int)4, (int)8>, (int)32>, cutlass::AlignedArray<cutlass::integer_subbyte<(int)4, (bool)1>, (int)32, (int)16>>, cutlass::transform::threadblock::RegularTileAccessIterator<cutlass::MatrixShape<(int)128, (int)128>, cutlass::integer_subbyte<(int)4, (bool)1>, cutlass::layout::RowMajorTensorOpMultiplicandCrosswise<(int)4, (int)128>, (int)0, cutlass::transform::PitchLinearWarpRakedThreadMap<cutlass::PitchLinearShape<(int)128, (int)128>, (int)128, cutlass::PitchLinearShape<(int)4, (int)8>, (int)32>, (int)16>, (cutlass::arch::CacheOperation::Kind)0, cutlass::conv::threadblock::Conv2dFpropFilterTileAccessIteratorOptimized<cutlass::MatrixShape<(int)128, (int)128>, cutlass::integer_subbyte<(int)4, (bool)1>, cutlass::layout::TensorNHWC, cutlass::transform::PitchLinearWarpRakedThreadMap<cutlass::PitchLinearShape<(int)128, (int)128>, (int)128, cutlass::PitchLinearShape<(int)4, (int)8>, (int)32>, cutlass::AlignedArray<cutlass::integer_subbyte<(int)4, (bool)1>, (int)32, (int)16>, (bool)0>, cutlass::transform::threadblock::RegularTileAccessIterator<cutlass::MatrixShape<(int)128, (int)128>, cutlass::integer_subbyte<(int)4, (bool)1>, cutlass::layout::ColumnMajorTensorOpMultiplicandCrosswise<(int)4, (int)128>, (int)1, cutlass::transform::PitchLinearWarpRakedThreadMap<cutlass::PitchLinearShape<(int)128, (int)128>, (int)128, cutlass::PitchLinearShape<(int)4, (int)8>, (int)32>, (int)16>, (cutlass::arch::CacheOperation::Kind)1, cutlass::gemm::threadblock::MmaPolicy<cutlass::gemm::warp::MmaTensorOp<cutlass::gemm::GemmShape<(int)64, (int)64, (int)128>, cutlass::integer_subbyte<(int)4, (bool)1>, cutlass::layout::RowMajorTensorOpMultiplicandCrosswise<(int)4, (int)128>, cutlass::integer_subbyte<(int)4, (bool)1>, cutlass::layout::ColumnMajorTensorOpMultiplicandCrosswise<(int)4, (int)128>, int, cutlass::layout::RowMajor, cutlass::gemm::warp::MmaTensorOpPolicy<cutlass::arch::Mma<cutlass::gemm::GemmShape<(int)16, (int)8, (int)64>, (int)32, cutlass::integer_subbyte<(int)4, (bool)1>, cutlass::layout::RowMajor, cutlass::integer_subbyte<(int)4, (bool)1>, cutlass::layout::ColumnMajor, int, cutlass::layout::RowMajor, cutlass::arch::OpMultiplyAddSaturate>, cutlass::MatrixShape<(int)1, (int)1>>, (int)1, (bool)0, bool>, cutlass::MatrixShape<(int)0, (int)0>, cutlass::MatrixShape<(int)0, (int)0>, (int)1>, (int)3, bool>, cutlass::epilogue::threadblock::EpilogueWithVisitorCallbacks<cutlass::epilogue::threadblock::Epilogue<cutlass::gemm::GemmShape<(int)128, (int)128, (int)128>, cutlass::gemm::warp::MmaTensorOp<cutlass::gemm::GemmShape<(int)64, (int)64, (int)128>, cutlass::integer_subbyte<(int)4, (bool)1>, cutlass::layout::RowMajorTensorOpMultiplicandCrosswise<(int)4, (int)128>, cutlass::integer_subbyte<(int)4, (bool)1>, cutlass::layout::ColumnMajorTensorOpMultiplicandCrosswise<(int)4, (int)128>, int, cutlass::layout::RowMajor, cutlass::gemm::warp::MmaTensorOpPolicy<cutlass::arch::Mma<cutlass::gemm::GemmShape<(int)16, (int)8, (int)64>, (int)32, cutlass::integer_subbyte<(int)4, (bool)1>, cutlass::layout::RowMajor, cutlass::integer_subbyte<(int)4, (bool)1>, cutlass::layout::ColumnMajor, int, cutlass::layout::RowMajor, cutlass::arch::OpMultiplyAddSaturate>, cutlass::MatrixShape<(int)1, (int)1>>, (int)1, (bool)0, bool>, (int)1, cutlass::epilogue::threadblock::PredicatedTileIteratorConv<cutlass::epilogue::threadblock::OutputTileOptimalThreadMap<cutlass::epilogue::threadblock::OutputTileShape<(int)128, (int)8, (int)2, (int)1, (int)1>, cutlass::epilogue::threadblock::OutputTileShape<(int)1, (int)8, (int)1, (int)1, (int)8>, (int)128, (int)8, (int)16>, cutlass::half_t, (bool)0, cutlass::layout::NoPermute, (bool)0, (int)4>, cutlass::epilogue::warp::FragmentIteratorTensorOp<cutlass::gemm::GemmShape<(int)64, (int)64, (int)128>, cutlass::gemm::GemmShape<(int)16, (int)8, (int)64>, int, cutlass::Array<int, (int)4, (bool)1>, cutlass::layout::RowMajor>, cutlass::epilogue::warp::TileIteratorTensorOpMixed<cutlass::gemm::GemmShape<(int)64, (int)64, (int)128>, cutlass::gemm::GemmShape<(int)16, (int)8, (int)64>, int, (int)32, (int)16, (int)8, (int)8, (bool)0>, cutlass::epilogue::threadblock::SharedLoadIteratorMixed<cutlass::epilogue::threadblock::OutputTileOptimalThreadMap<cutlass::epilogue::threadblock::OutputTileShape<(int)128, (int)8, (int)2, (int)1, (int)1>, cutlass::epilogue::threadblock::OutputTileShape<(int)1, (int)8, (int)1, (int)1, (int)8>, (int)128, (int)8, (int)16>::CompactedThreadMap, int, (int)32, (int)16, (int)8, (int)8, (bool)0>, cutlass::epilogue::thread::LinearCombination<cutlass::half_t, (int)8, int, float, (cutlass::epilogue::thread::ScaleType::Kind)0, (cutlass::FloatRoundStyle)2, cutlass::half_t>, cutlass::MatrixShape<(int)0, (int)8>, (int)2, (int)1>, cutlass::epilogue::threadblock::TreeVisitor2x<cutlass::epilogue::threadblock::VisitorAuxStore<cutlass::epilogue::threadblock::OutputTileThreadLayout<cutlass::gemm::GemmShape<(int)128, (int)128, (int)128>, cutlass::gemm::GemmShape<(int)64, (int)64, (int)128>, cutlass::half_t, (int)8, (int)1>, cutlass::half_t, (cutlass::FloatRoundStyle)2, cute::tuple<long, cute::C<(int)1>, long>>, cutlass::epilogue::threadblock::TreeVisitor2x<cutlass::epilogue::threadblock::VisitorCompute<cutlass::plus, float, float, (cutlass::FloatRoundStyle)2, void>, cutlass::epilogue::threadblock::TreeVisitor2x<cutlass::epilogue::threadblock::VisitorCompute<cutlass::multiplies, float, float, (cutlass::FloatRoundStyle)2, void>, cutlass::epilogue::threadblock::TreeVisitor2x<cutlass::epilogue::threadblock::VisitorCompute<cutlass::multiplies, float, float, (cutlass::FloatRoundStyle)2, void>, cutlass::epilogue::threadblock::VisitorAccFetch, cutlass::epilogue::threadblock::VisitorScalarBroadcast<float, cute::tuple<cute::C<(int)0>, cute::C<(int)0>, cute::C<(int)0>>, (int)1, cutlass::multiplies>>, cutlass::epilogue::threadblock::VisitorRowBroadcast<cutlass::epilogue::threadblock::OutputTileThreadLayout<cutlass::gemm::GemmShape<(int)128, (int)128, (int)128>, cutlass::gemm::GemmShape<(int)64, (int)64, (int)128>, cutlass::half_t, (int)8, (int)1>, float, cute::tuple<cute::C<(int)0>, cute::C<(int)1>, int>, (bool)1>>, cutlass::epilogue::threadblock::VisitorRowBroadcast<cutlass::epilogue::threadblock::OutputTileThreadLayout<cutlass::gemm::GemmShape<(int)128, (int)128, (int)128>, cutlass::gemm::GemmShape<(int)64, (int)64, (int)128>, cutlass::half_t, (int)8, (int)1>, float, cute::tuple<cute::C<(int)0>, cute::C<(int)1>, int>, (bool)1>>>, (int)1, (int)1>, cutlass::gemm::threadblock::GemmIdentityThreadblockSwizzle<(int)1>, (cutlass::conv::Operator)0, cutlass::conv::Conv2dProblemSize>>(T1::Params)",4585532.0
L|resblock_updown|C768|T16,"void cutlass::Kernel<modiff::ImplicitGemmConvolutionEVT<cutlass::conv::threadblock::ImplicitGemmMultistage<cutlass::gemm::GemmShape<(int)128, (int)128, (int)128>, cutlass::conv::threadblock::Conv2dFpropActivationTileAccessIteratorOptimized<cutlass::MatrixShape<(int)128, (int)128>, cutlass::integer_subbyte<(int)4, (bool)1>, cutlass::layout::TensorNHWC, cutlass::transform::PitchLinearWarpRakedThreadMap<cutlass::PitchLinearShape<(int)128, (int)128>, (int)128, cutlass::PitchLinearShape<(int)4, (int)8>, (int)32>, cutlass::AlignedArray<cutlass::integer_subbyte<(int)4, (bool)1>, (int)32, (int)16>>, cutlass::transform::threadblock::RegularTileAccessIterator<cutlass::MatrixShape<(int)128, (int)128>, cutlass::integer_subbyte<(int)4, (bool)1>, cutlass::layout::RowMajorTensorOpMultiplicandCrosswise<(int)4, (int)128>, (int)0, cutlass::transform::PitchLinearWarpRakedThreadMap<cutlass::PitchLinearShape<(int)128, (int)128>, (int)128, cutlass::PitchLinearShape<(int)4, (int)8>, (int)32>, (int)16>, (cutlass::arch::CacheOperation::Kind)0, cutlass::conv::threadblock::Conv2dFpropFilterTileAccessIteratorOptimized<cutlass::MatrixShape<(int)128, (int)128>, cutlass::integer_subbyte<(int)4, (bool)1>, cutlass::layout::TensorNHWC, cutlass::transform::PitchLinearWarpRakedThreadMap<cutlass::PitchLinearShape<(int)128, (int)128>, (int)128, cutlass::PitchLinearShape<(int)4, (int)8>, (int)32>, cutlass::AlignedArray<cutlass::integer_subbyte<(int)4, (bool)1>, (int)32, (int)16>, (bool)0>, cutlass::transform::threadblock::RegularTileAccessIterator<cutlass::MatrixShape<(int)128, (int)128>, cutlass::integer_subbyte<(int)4, (bool)1>, cutlass::layout::ColumnMajorTensorOpMultiplicandCrosswise<(int)4, (int)128>, (int)1, cutlass::transform::PitchLinearWarpRakedThreadMap<cutlass::PitchLinearShape<(int)128, (int)128>, (int)128, cutlass::PitchLinearShape<(int)4, (int)8>, (int)32>, (int)16>, (cutlass::arch::CacheOperation::Kind)1, cutlass::gemm::threadblock::MmaPolicy<cutlass::gemm::warp::MmaTensorOp<cutlass::gemm::GemmShape<(int)64, (int)64, (int)128>, cutlass::integer_subbyte<(int)4, (bool)1>, cutlass::layout::RowMajorTensorOpMultiplicandCrosswise<(int)4, (int)128>, cutlass::integer_subbyte<(int)4, (bool)1>, cutlass::layout::ColumnMajorTensorOpMultiplicandCrosswise<(int)4, (int)128>, int, cutlass::layout::RowMajor, cutlass::gemm::warp::MmaTensorOpPolicy<cutlass::arch::Mma<cutlass::gemm::GemmShape<(int)16, (int)8, (int)64>, (int)32, cutlass::integer_subbyte<(int)4, (bool)1>, cutlass::layout::RowMajor, cutlass::integer_subbyte<(int)4, (bool)1>, cutlass::layout::ColumnMajor, int, cutlass::layout::RowMajor, cutlass::arch::OpMultiplyAddSaturate>, cutlass::MatrixShape<(int)1, (int)1>>, (int)1, (bool)0, bool>, cutlass::MatrixShape<(int)0, (int)0>, cutlass::MatrixShape<(int)0, (int)0>, (int)1>, (int)3, bool>, cutlass::epilogue::threadblock::EpilogueWithVisitorCallbacks<cutlass::epilogue::threadblock::Epilogue<cutlass::gemm::GemmShape<(int)128, (int)128, (int)128>, cutlass::gemm::warp::MmaTensorOp<cutlass::gemm::GemmShape<(int)64, (int)64, (int)128>, cutlass::integer_subbyte<(int)4, (bool)1>, cutlass::layout::RowMajorTensorOpMultiplicandCrosswise<(int)4, (int)128>, cutlass::integer_subbyte<(int)4, (bool)1>, cutlass::layout::ColumnMajorTensorOpMultiplicandCrosswise<(int)4, (int)128>, int, cutlass::layout::RowMajor, cutlass::gemm::warp::MmaTensorOpPolicy<cutlass::arch::Mma<cutlass::gemm::GemmShape<(int)16, (int)8, (int)64>, (int)32, cutlass::integer_subbyte<(int)4, (bool)1>, cutlass::layout::RowMajor, cutlass::integer_subbyte<(int)4, (bool)1>, cutlass::layout::ColumnMajor, int, cutlass::layout::RowMajor, cutlass::arch::OpMultiplyAddSaturate>, cutlass::MatrixShape<(int)1, (int)1>>, (int)1, (bool)0, bool>, (int)1, cutlass::epilogue::threadblock::PredicatedTileIteratorConv<cutlass::epilogue::threadblock::OutputTileOptimalThreadMap<cutlass::epilogue::threadblock::OutputTileShape<(int)128, (int)8, (int)2, (int)1, (int)1>, cutlass::epilogue::threadblock::OutputTileShape<(int)1, (int)8, (int)1, (int)1, (int)8>, (int)128, (int)8, (int)16>, cutlass::half_t, (bool)0, cutlass::layout::NoPermute, (bool)0, (int)4>, cutlass::epilogue::warp::FragmentIteratorTensorOp<cutlass::gemm::GemmShape<(int)64, (int)64, (int)128>, cutlass::gemm::GemmShape<(int)16, (int)8, (int)64>, int, cutlass::Array<int, (int)4, (bool)1>, cutlass::layout::RowMajor>, cutlass::epilogue::warp::TileIteratorTensorOpMixed<cutlass::gemm::GemmShape<(int)64, (int)64, (int)128>, cutlass::gemm::GemmShape<(int)16, (int)8, (int)64>, int, (int)32, (int)16, (int)8, (int)8, (bool)0>, cutlass::epilogue::threadblock::SharedLoadIteratorMixed<cutlass::epilogue::threadblock::OutputTileOptimalThreadMap<cutlass::epilogue::threadblock::OutputTileShape<(int)128, (int)8, (int)2, (int)1, (int)1>, cutlass::epilogue::threadblock::OutputTileShape<(int)1, (int)8, (int)1, (int)1, (int)8>, (int)128, (int)8, (int)16>::CompactedThreadMap, int, (int)32, (int)16, (int)8, (int)8, (bool)0>, cutlass::epilogue::thread::LinearCombination<cutlass::half_t, (int)8, int, float, (cutlass::epilogue::thread::ScaleType::Kind)0, (cutlass::FloatRoundStyle)2, cutlass::half_t>, cutlass::MatrixShape<(int)0, (int)8>, (int)2, (int)1>, cutlass::epilogue::threadblock::TreeVisitor2x<cutlass::epilogue::threadblock::VisitorAuxStore<cutlass::epilogue::threadblock::OutputTileThreadLayout<cutlass::gemm::GemmShape<(int)128, (int)128, (int)128>, cutlass::gemm::GemmShape<(int)64, (int)64, (int)128>, cutlass::half_t, (int)8, (int)1>, cutlass::half_t, (cutlass::FloatRoundStyle)2, cute::tuple<long, cute::C<(int)1>, long>>, cutlass::epilogue::threadblock::TreeVisitor2x<cutlass::epilogue::threadblock::VisitorCompute<cutlass::plus, float, float, (cutlass::FloatRoundStyle)2, void>, cutlass::epilogue::threadblock::TreeVisitor2x<cutlass::epilogue::threadblock::VisitorCompute<cutlass::plus, float, float, (cutlass::FloatRoundStyle)2, void>, cutlass::epilogue::threadblock::TreeVisitor2x<cutlass::epilogue::threadblock::VisitorCompute<cutlass::multiplies, float, float, (cutlass::FloatRoundStyle)2, void>, cutlass::epilogue::threadblock::TreeVisitor2x<cutlass::epilogue::threadblock::VisitorCompute<cutlass::multiplies, float, float, (cutlass::FloatRoundStyle)2, void>, cutlass::epilogue::threadblock::VisitorAccFetch, cutlass::epilogue::threadblock::VisitorScalarBroadcast<float, cute::tuple<cute::C<(int)0>, cute::C<(int)0>, cute::C<(int)0>>, (int)1, cutlass::multiplies>>, cutlass::epilogue::threadblock::VisitorRowBroadcast<cutlass::epilogue::threadblock::OutputTileThreadLayout<cutlass::gemm::GemmShape<(int)128, (int)128, (int)128>, cutlass::gemm::GemmShape<(int)64, (int)64, (int)128>, cutlass::half_t, (int)8, (int)1>, float, cute::tuple<cute::C<(int)0>, cute::C<(int)1>, int>, (bool)1>>, cutlass::epilogue::threadblock::VisitorRowBroadcast<cutlass::epilogue::threadblock::OutputTileThreadLayout<cutlass::gemm::GemmShape<(int)128, (int)128, (int)128>, cutlass::gemm::GemmShape<(int)64, (int)64, (int)128>, cutlass::half_t, (int)8, (int)1>, float, cute::tuple<cute::C<(int)0>, cute::C<(int)1>, int>, (bool)1>>, cutlass::epilogue::threadblock::VisitorAuxLoad<cutlass::epilogue::threadblock::OutputTileThreadLayout<cutlass::gemm::GemmShape<(int)128, (int)128, (int)128>, cutlass::gemm::GemmShape<(int)64, (int)64, (int)128>, cutlass::half_t, (int)8, (int)1>, cutlass::half_t, cute::tuple<long, cute::C<(int)1>, long>>>>, (int)1, (int)1>, cutlass::gemm::threadblock::GemmIdentityThreadblockSwizzle<(int)1>, (cutlass::conv::Operator)0, cutlass::conv::Conv2dProblemSize>>(T1::Params)",4521628.0
,sm80_xmma_fprop_implicit_gemm_f16f16_f16f32_f32_nhwckrsc_nhwc_tilesize128x32x32_stage4_warpsize4x1x1_g1_tensor16x8x16_t1r3s3_execute_kernel__5x_cudnn,4441343.0
L|resblock_updown|C384|T64,"void at::native::<unnamed>::upsample_nearest2d_nhwc_out_frame<float, &at::native::nearest_neighbor_compute_source_index>(const T1 *, T1 *, unsigned long, unsigned long, unsigned long, unsigned long, unsigned long, float, float, unsigned long)",4437661.0
L|resblock_plain|C768|T64,"void cutlass::Kernel<modiff::ImplicitGemmConvolutionEVT<cutlass::conv::threadblock::ImplicitGemmMultistage<cutlass::gemm::GemmShape<(int)128, (int)128, (int)128>, cutlass::conv::threadblock::Conv2dFpropActivationTileAccessIteratorOptimized<cutlass::MatrixShape<(int)128, (int)128>, cutlass::integer_subbyte<(int)4, (bool)1>, cutlass::layout::TensorNHWC, cutlass::transform::PitchLinearWarpRakedThreadMap<cutlass::PitchLinearShape<(int)128, (int)128>, (int)128, cutlass::PitchLinearShape<(int)4, (int)8>, (int)32>, cutlass::AlignedArray<cutlass::integer_subbyte<(int)4, (bool)1>, (int)32, (int)16>>, cutlass::transform::threadblock::RegularTileAccessIterator<cutlass::MatrixShape<(int)128, (int)128>, cutlass::integer_subbyte<(int)4, (bool)1>, cutlass::layout::RowMajorTensorOpMultiplicandCrosswise<(int)4, (int)128>, (int)0, cutlass::transform::PitchLinearWarpRakedThreadMap<cutlass::PitchLinearShape<(int)128, (int)128>, (int)128, cutlass::PitchLinearShape<(int)4, (int)8>, (int)32>, (int)16>, (cutlass::arch::CacheOperation::Kind)0, cutlass::conv::threadblock::Conv2dFpropFilterTileAccessIteratorOptimized<cutlass::MatrixShape<(int)128, (int)128>, cutlass::integer_subbyte<(int)4, (bool)1>, cutlass::layout::TensorNHWC, cutlass::transform::PitchLinearWarpRakedThreadMap<cutlass::PitchLinearShape<(int)128, (int)128>, (int)128, cutlass::PitchLinearShape<(int)4, (int)8>, (int)32>, cutlass::AlignedArray<cutlass::integer_subbyte<(int)4, (bool)1>, (int)32, (int)16>, (bool)0>, cutlass::transform::threadblock::RegularTileAccessIterator<cutlass::MatrixShape<(int)128, (int)128>, cutlass::integer_subbyte<(int)4, (bool)1>, cutlass::layout::ColumnMajorTensorOpMultiplicandCrosswise<(int)4, (int)128>, (int)1, cutlass::transform::PitchLinearWarpRakedThreadMap<cutlass::PitchLinearShape<(int)128, (int)128>, (int)128, cutlass::PitchLinearShape<(int)4, (int)8>, (int)32>, (int)16>, (cutlass::arch::CacheOperation::Kind)1, cutlass::gemm::threadblock::MmaPolicy<cutlass::gemm::warp::MmaTensorOp<cutlass::gemm::GemmShape<(int)64, (int)64, (int)128>, cutlass::integer_subbyte<(int)4, (bool)1>, cutlass::layout::RowMajorTensorOpMultiplicandCrosswise<(int)4, (int)128>, cutlass::integer_subbyte<(int)4, (bool)1>, cutlass::layout::ColumnMajorTensorOpMultiplicandCrosswise<(int)4, (int)128>, int, cutlass::layout::RowMajor, cutlass::gemm::warp::MmaTensorOpPolicy<cutlass::arch::Mma<cutlass::gemm::GemmShape<(int)16, (int)8, (int)64>, (int)32, cutlass::integer_subbyte<(int)4, (bool)1>, cutlass::layout::RowMajor, cutlass::integer_subbyte<(int)4, (bool)1>, cutlass::layout::ColumnMajor, int, cutlass::layout::RowMajor, cutlass::arch::OpMultiplyAddSaturate>, cutlass::MatrixShape<(int)1, (int)1>>, (int)1, (bool)0, bool>, cutlass::MatrixShape<(int)0, (int)0>, cutlass::MatrixShape<(int)0, (int)0>, (int)1>, (int)3, bool>, cutlass::epilogue::threadblock::EpilogueWithVisitorCallbacks<cutlass::epilogue::threadblock::Epilogue<cutlass::gemm::GemmShape<(int)128, (int)128, (int)128>, cutlass::gemm::warp::MmaTensorOp<cutlass::gemm::GemmShape<(int)64, (int)64, (int)128>, cutlass::integer_subbyte<(int)4, (bool)1>, cutlass::layout::RowMajorTensorOpMultiplicandCrosswise<(int)4, (int)128>, cutlass::integer_subbyte<(int)4, (bool)1>, cutlass::layout::ColumnMajorTensorOpMultiplicandCrosswise<(int)4, (int)128>, int, cutlass::layout::RowMajor, cutlass::gemm::warp::MmaTensorOpPolicy<cutlass::arch::Mma<cutlass::gemm::GemmShape<(int)16, (int)8, (int)64>, (int)32, cutlass::integer_subbyte<(int)4, (bool)1>, cutlass::layout::RowMajor, cutlass::integer_subbyte<(int)4, (bool)1>, cutlass::layout::ColumnMajor, int, cutlass::layout::RowMajor, cutlass::arch::OpMultiplyAddSaturate>, cutlass::MatrixShape<(int)1, (int)1>>, (int)1, (bool)0, bool>, (int)1, cutlass::epilogue::threadblock::PredicatedTileIteratorConv<cutlass::epilogue::threadblock::OutputTileOptimalThreadMap<cutlass::epilogue::threadblock::OutputTileShape<(int)128, (int)8, (int)2, (int)1, (int)1>, cutlass::epilogue::threadblock::OutputTileShape<(int)1, (int)8, (int)1, (int)1, (int)8>, (int)128, (int)8, (int)16>, cutlass::half_t, (bool)0, cutlass::layout::NoPermute, (bool)0, (int)4>, cutlass::epilogue::warp::FragmentIteratorTensorOp<cutlass::gemm::GemmShape<(int)64, (int)64, (int)128>, cutlass::gemm::GemmShape<(int)16, (int)8, (int)64>, int, cutlass::Array<int, (int)4, (bool)1>, cutlass::layout::RowMajor>, cutlass::epilogue::warp::TileIteratorTensorOpMixed<cutlass::gemm::GemmShape<(int)64, (int)64, (int)128>, cutlass::gemm::GemmShape<(int)16, (int)8, (int)64>, int, (int)32, (int)16, (int)8, (int)8, (bool)0>, cutlass::epilogue::threadblock::SharedLoadIteratorMixed<cutlass::epilogue::threadblock::OutputTileOptimalThreadMap<cutlass::epilogue::threadblock::OutputTileShape<(int)128, (int)8, (int)2, (int)1, (int)1>, cutlass::epilogue::threadblock::OutputTileShape<(int)1, (int)8, (int)1, (int)1, (int)8>, (int)128, (int)8, (int)16>::CompactedThreadMap, int, (int)32, (int)16, (int)8, (int)8, (bool)0>, cutlass::epilogue::thread::LinearCombination<cutlass::half_t, (int)8, int, float, (cutlass::epilogue::thread::ScaleType::Kind)0, (cutlass::FloatRoundStyle)2, cutlass::half_t>, cutlass::MatrixShape<(int)0, (int)8>, (int)2, (int)1>, cutlass::epilogue::threadblock::TreeVisitor2x<cutlass::epilogue::threadblock::VisitorAuxStore<cutlass::epilogue::threadblock::OutputTileThreadLayout<cutlass::gemm::GemmShape<(int)128, (int)128, (int)128>, cutlass::gemm::GemmShape<(int)64, (int)64, (int)128>, cutlass::half_t, (int)8, (int)1>, cutlass::half_t, (cutlass::FloatRoundStyle)2, cute::tuple<long, cute::C<(int)1>, long>>, cutlass::epilogue::threadblock::TreeVisitor2x<cutlass::epilogue::threadblock::VisitorCompute<cutlass::plus, float, float, (cutlass::FloatRoundStyle)2, void>, cutlass::epilogue::threadblock::TreeVisitor2x<cutlass::epilogue::threadblock::VisitorCompute<cutlass::multiplies, float, float, (cutlass::FloatRoundStyle)2, void>, cutlass::epilogue::threadblock::TreeVisitor2x<cutlass::epilogue::threadblock::VisitorCompute<cutlass::multiplies, float, float, (cutlass::FloatRoundStyle)2, void>, cutlass::epilogue::threadblock::VisitorAccFetch, cutlass::epilogue::threadblock::VisitorScalarBroadcast<float, cute::tuple<cute::C<(int)0>, cute::C<(int)0>, cute::C<(int)0>>, (int)1, cutlass::multiplies>>, cutlass::epilogue::threadblock::VisitorRowBroadcast<cutlass::epilogue::threadblock::OutputTileThreadLayout<cutlass::gemm::GemmShape<(int)128, (int)128, (int)128>, cutlass::gemm::GemmShape<(int)64, (int)64, (int)128>, cutlass::half_t, (int)8, (int)1>, float, cute::tuple<cute::C<(int)0>, cute::C<(int)1>, int>, (bool)1>>, cutlass::epilogue::threadblock::VisitorRowBroadcast<cutlass::epilogue::threadblock::OutputTileThreadLayout<cutlass::gemm::GemmShape<(int)128, (int)128, (int)128>, cutlass::gemm::GemmShape<(int)64, (int)64, (int)128>, cutlass::half_t, (int)8, (int)1>, float, cute::tuple<cute::C<(int)0>, cute::C<(int)1>, int>, (bool)1>>>, (int)1, (int)1>, cutlass::gemm::threadblock::GemmIdentityThreadblockSwizzle<(int)1>, (cutlass::conv::Operator)0, cutlass::conv::Conv2dProblemSize>>(T1::Params)",4383423.0
L|resblock_updown|C768|T16,"void cutlass::Kernel<modiff::ImplicitGemmConvolutionEVT<cutlass::conv::threadblock::ImplicitGemmMultistage<cutlass::gemm::GemmShape<(int)128, (int)128, (int)128>, cutlass::conv::threadblock::Conv2dFpropActivationTileAccessIteratorOptimized<cutlass::MatrixShape<(int)128, (int)128>, cutlass::integer_subbyte<(int)4, (bool)1>, cutlass::layout::TensorNHWC, cutlass::transform::PitchLinearWarpRakedThreadMap<cutlass::PitchLinearShape<(int)128, (int)128>, (int)128, cutlass::PitchLinearShape<(int)4, (int)8>, (int)32>, cutlass::AlignedArray<cutlass::integer_subbyte<(int)4, (bool)1>, (int)32, (int)16>>, cutlass::transform::threadblock::RegularTileAccessIterator<cutlass::MatrixShape<(int)128, (int)128>, cutlass::integer_subbyte<(int)4, (bool)1>, cutlass::layout::RowMajorTensorOpMultiplicandCrosswise<(int)4, (int)128>, (int)0, cutlass::transform::PitchLinearWarpRakedThreadMap<cutlass::PitchLinearShape<(int)128, (int)128>, (int)128, cutlass::PitchLinearShape<(int)4, (int)8>, (int)32>, (int)16>, (cutlass::arch::CacheOperation::Kind)0, cutlass::conv::threadblock::Conv2dFpropFilterTileAccessIteratorOptimized<cutlass::MatrixShape<(int)128, (int)128>, cutlass::integer_subbyte<(int)4, (bool)1>, cutlass::layout::TensorNHWC, cutlass::transform::PitchLinearWarpRakedThreadMap<cutlass::PitchLinearShape<(int)128, (int)128>, (int)128, cutlass::PitchLinearShape<(int)4, (int)8>, (int)32>, cutlass::AlignedArray<cutlass::integer_subbyte<(int)4, (bool)1>, (int)32, (int)16>, (bool)0>, cutlass::transform::threadblock::RegularTileAccessIterator<cutlass::MatrixShape<(int)128, (int)128>, cutlass::integer_subbyte<(int)4, (bool)1>, cutlass::layout::ColumnMajorTensorOpMultiplicandCrosswise<(int)4, (int)128>, (int)1, cutlass::transform::PitchLinearWarpRakedThreadMap<cutlass::PitchLinearShape<(int)128, (int)128>, (int)128, cutlass::PitchLinearShape<(int)4, (int)8>, (int)32>, (int)16>, (cutlass::arch::CacheOperation::Kind)1, cutlass::gemm::threadblock::MmaPolicy<cutlass::gemm::warp::MmaTensorOp<cutlass::gemm::GemmShape<(int)64, (int)64, (int)128>, cutlass::integer_subbyte<(int)4, (bool)1>, cutlass::layout::RowMajorTensorOpMultiplicandCrosswise<(int)4, (int)128>, cutlass::integer_subbyte<(int)4, (bool)1>, cutlass::layout::ColumnMajorTensorOpMultiplicandCrosswise<(int)4, (int)128>, int, cutlass::layout::RowMajor, cutlass::gemm::warp::MmaTensorOpPolicy<cutlass::arch::Mma<cutlass::gemm::GemmShape<(int)16, (int)8, (int)64>, (int)32, cutlass::integer_subbyte<(int)4, (bool)1>, cutlass::layout::RowMajor, cutlass::integer_subbyte<(int)4, (bool)1>, cutlass::layout::ColumnMajor, int, cutlass::layout::RowMajor, cutlass::arch::OpMultiplyAddSaturate>, cutlass::MatrixShape<(int)1, (int)1>>, (int)1, (bool)0, bool>, cutlass::MatrixShape<(int)0, (int)0>, cutlass::MatrixShape<(int)0, (int)0>, (int)1>, (int)3, bool>, cutlass::epilogue::threadblock::EpilogueWithVisitorCallbacks<cutlass::epilogue::threadblock::Epilogue<cutlass::gemm::GemmShape<(int)128, (int)128, (int)128>, cutlass::gemm::warp::MmaTensorOp<cutlass::gemm::GemmShape<(int)64, (int)64, (int)128>, cutlass::integer_subbyte<(int)4, (bool)1>, cutlass::layout::RowMajorTensorOpMultiplicandCrosswise<(int)4, (int)128>, cutlass::integer_subbyte<(int)4, (bool)1>, cutlass::layout::ColumnMajorTensorOpMultiplicandCrosswise<(int)4, (int)128>, int, cutlass::layout::RowMajor, cutlass::gemm::warp::MmaTensorOpPolicy<cutlass::arch::Mma<cutlass::gemm::GemmShape<(int)16, (int)8, (int)64>, (int)32, cutlass::integer_subbyte<(int)4, (bool)1>, cutlass::layout::RowMajor, cutlass::integer_subbyte<(int)4, (bool)1>, cutlass::layout::ColumnMajor, int, cutlass::layout::RowMajor, cutlass::arch::OpMultiplyAddSaturate>, cutlass::MatrixShape<(int)1, (int)1>>, (int)1, (bool)0, bool>, (int)1, cutlass::epilogue::threadblock::PredicatedTileIteratorConv<cutlass::epilogue::threadblock::OutputTileOptimalThreadMap<cutlass::epilogue::threadblock::OutputTileShape<(int)128, (int)8, (int)2, (int)1, (int)1>, cutlass::epilogue::threadblock::OutputTileShape<(int)1, (int)8, (int)1, (int)1, (int)8>, (int)128, (int)8, (int)16>, cutlass::half_t, (bool)0, cutlass::layout::NoPermute, (bool)0, (int)4>, cutlass::epilogue::warp::FragmentIteratorTensorOp<cutlass::gemm::GemmShape<(int)64, (int)64, (int)128>, cutlass::gemm::GemmShape<(int)16, (int)8, (int)64>, int, cutlass::Array<int, (int)4, (bool)1>, cutlass::layout::RowMajor>, cutlass::epilogue::warp::TileIteratorTensorOpMixed<cutlass::gemm::GemmShape<(int)64, (int)64, (int)128>, cutlass::gemm::GemmShape<(int)16, (int)8, (int)64>, int, (int)32, (int)16, (int)8, (int)8, (bool)0>, cutlass::epilogue::threadblock::SharedLoadIteratorMixed<cutlass::epilogue::threadblock::OutputTileOptimalThreadMap<cutlass::epilogue::threadblock::OutputTileShape<(int)128, (int)8, (int)2, (int)1, (int)1>, cutlass::epilogue::threadblock::OutputTileShape<(int)1, (int)8, (int)1, (int)1, (int)8>, (int)128, (int)8, (int)16>::CompactedThreadMap, int, (int)32, (int)16, (int)8, (int)8, (bool)0>, cutlass::epilogue::thread::LinearCombination<cutlass::half_t, (int)8, int, float, (cutlass::epilogue::thread::ScaleType::Kind)0, (cutlass::FloatRoundStyle)2, cutlass::half_t>, cutlass::MatrixShape<(int)0, (int)8>, (int)2, (int)1>, cutlass::epilogue::threadblock::TreeVisitor2x<cutlass::epilogue::threadblock::VisitorAuxStore<cutlass::epilogue::threadblock::OutputTileThreadLayout<cutlass::gemm::GemmShape<(int)128, (int)128, (int)128>, cutlass::gemm::GemmShape<(int)64, (int)64, (int)128>, cutlass::half_t, (int)8, (int)1>, cutlass::half_t, (cutlass::FloatRoundStyle)2, cute::tuple<long, cute::C<(int)1>, long>>, cutlass::epilogue::threadblock::TreeVisitor2x<cutlass::epilogue::threadblock::VisitorCompute<cutlass::plus, float, float, (cutlass::FloatRoundStyle)2, void>, cutlass::epilogue::threadblock::TreeVisitor2x<cutlass::epilogue::threadblock::VisitorCompute<cutlass::multiplies, float, float, (cutlass::FloatRoundStyle)2, void>, cutlass::epilogue::threadblock::TreeVisitor2x<cutlass::epilogue::threadblock::VisitorCompute<cutlass::multiplies, float, float, (cutlass::FloatRoundStyle)2, void>, cutlass::epilogue::threadblock::VisitorAccFetch, cutlass::epilogue::threadblock::VisitorScalarBroadcast<float, cute::tuple<cute::C<(int)0>, cute::C<(int)0>, cute::C<(int)0>>, (int)1, cutlass::multiplies>>, cutlass::epilogue::threadblock::VisitorRowBroadcast<cutlass::epilogue::threadblock::OutputTileThreadLayout<cutlass::gemm::GemmShape<(int)128, (int)128, (int)128>, cutlass::gemm::GemmShape<(int)64, (int)64, (int)128>, cutlass::half_t, (int)8, (int)1>, float, cute::tuple<cute::C<(int)0>, cute::C<(int)1>, int>, (bool)1>>, cutlass::epilogue::threadblock::VisitorRowBroadcast<cutlass::epilogue::threadblock::OutputTileThreadLayout<cutlass::gemm::GemmShape<(int)128, (int)128, (int)128>, cutlass::gemm::GemmShape<(int)64, (int)64, (int)128>, cutlass::half_t, (int)8, (int)1>, float, cute::tuple<cute::C<(int)0>, cute::C<(int)1>, int>, (bool)1>>>, (int)1, (int)1>, cutlass::gemm::threadblock::GemmIdentityThreadblockSwizzle<(int)1>, (cutlass::conv::Operator)0, cutlass::conv::Conv2dProblemSize>>(T1::Params)",4375587.0
L|resblock_plain|C1536|T4,"void cutlass::Kernel<modiff::ImplicitGemmConvolutionEVT<cutlass::conv::threadblock::ImplicitGemmMultistage<cutlass::gemm::GemmShape<(int)128, (int)128, (int)128>, cutlass::conv::threadblock::Conv2dFpropActivationTileAccessIteratorOptimized<cutlass::MatrixShape<(int)128, (int)128>, cutlass::integer_subbyte<(int)4, (bool)1>, cutlass::layout::TensorNHWC, cutlass::transform::PitchLinearWarpRakedThreadMap<cutlass::PitchLinearShape<(int)128, (int)128>, (int)128, cutlass::PitchLinearShape<(int)4, (int)8>, (int)32>, cutlass::AlignedArray<cutlass::integer_subbyte<(int)4, (bool)1>, (int)32, (int)16>>, cutlass::transform::threadblock::RegularTileAccessIterator<cutlass::MatrixShape<(int)128, (int)128>, cutlass::integer_subbyte<(int)4, (bool)1>, cutlass::layout::RowMajorTensorOpMultiplicandCrosswise<(int)4, (int)128>, (int)0, cutlass::transform::PitchLinearWarpRakedThreadMap<cutlass::PitchLinearShape<(int)128, (int)128>, (int)128, cutlass::PitchLinearShape<(int)4, (int)8>, (int)32>, (int)16>, (cutlass::arch::CacheOperation::Kind)0, cutlass::conv::threadblock::Conv2dFpropFilterTileAccessIteratorOptimized<cutlass::MatrixShape<(int)128, (int)128>, cutlass::integer_subbyte<(int)4, (bool)1>, cutlass::layout::TensorNHWC, cutlass::transform::PitchLinearWarpRakedThreadMap<cutlass::PitchLinearShape<(int)128, (int)128>, (int)128, cutlass::PitchLinearShape<(int)4, (int)8>, (int)32>, cutlass::AlignedArray<cutlass::integer_subbyte<(int)4, (bool)1>, (int)32, (int)16>, (bool)0>, cutlass::transform::threadblock::RegularTileAccessIterator<cutlass::MatrixShape<(int)128, (int)128>, cutlass::integer_subbyte<(int)4, (bool)1>, cutlass::layout::ColumnMajorTensorOpMultiplicandCrosswise<(int)4, (int)128>, (int)1, cutlass::transform::PitchLinearWarpRakedThreadMap<cutlass::PitchLinearShape<(int)128, (int)128>, (int)128, cutlass::PitchLinearShape<(int)4, (int)8>, (int)32>, (int)16>, (cutlass::arch::CacheOperation::Kind)1, cutlass::gemm::threadblock::MmaPolicy<cutlass::gemm::warp::MmaTensorOp<cutlass::gemm::GemmShape<(int)64, (int)64, (int)128>, cutlass::integer_subbyte<(int)4, (bool)1>, cutlass::layout::RowMajorTensorOpMultiplicandCrosswise<(int)4, (int)128>, cutlass::integer_subbyte<(int)4, (bool)1>, cutlass::layout::ColumnMajorTensorOpMultiplicandCrosswise<(int)4, (int)128>, int, cutlass::layout::RowMajor, cutlass::gemm::warp::MmaTensorOpPolicy<cutlass::arch::Mma<cutlass::gemm::GemmShape<(int)16, (int)8, (int)64>, (int)32, cutlass::integer_subbyte<(int)4, (bool)1>, cutlass::layout::RowMajor, cutlass::integer_subbyte<(int)4, (bool)1>, cutlass::layout::ColumnMajor, int, cutlass::layout::RowMajor, cutlass::arch::OpMultiplyAddSaturate>, cutlass::MatrixShape<(int)1, (int)1>>, (int)1, (bool)0, bool>, cutlass::MatrixShape<(int)0, (int)0>, cutlass::MatrixShape<(int)0, (int)0>, (int)1>, (int)3, bool>, cutlass::epilogue::threadblock::EpilogueWithVisitorCallbacks<cutlass::epilogue::threadblock::Epilogue<cutlass::gemm::GemmShape<(int)128, (int)128, (int)128>, cutlass::gemm::warp::MmaTensorOp<cutlass::gemm::GemmShape<(int)64, (int)64, (int)128>, cutlass::integer_subbyte<(int)4, (bool)1>, cutlass::layout::RowMajorTensorOpMultiplicandCrosswise<(int)4, (int)128>, cutlass::integer_subbyte<(int)4, (bool)1>, cutlass::layout::ColumnMajorTensorOpMultiplicandCrosswise<(int)4, (int)128>, int, cutlass::layout::RowMajor, cutlass::gemm::warp::MmaTensorOpPolicy<cutlass::arch::Mma<cutlass::gemm::GemmShape<(int)16, (int)8, (int)64>, (int)32, cutlass::integer_subbyte<(int)4, (bool)1>, cutlass::layout::RowMajor, cutlass::integer_subbyte<(int)4, (bool)1>, cutlass::layout::ColumnMajor, int, cutlass::layout::RowMajor, cutlass::arch::OpMultiplyAddSaturate>, cutlass::MatrixShape<(int)1, (int)1>>, (int)1, (bool)0, bool>, (int)1, cutlass::epilogue::threadblock::PredicatedTileIteratorConv<cutlass::epilogue::threadblock::OutputTileOptimalThreadMap<cutlass::epilogue::threadblock::OutputTileShape<(int)128, (int)8, (int)2, (int)1, (int)1>, cutlass::epilogue::threadblock::OutputTileShape<(int)1, (int)8, (int)1, (int)1, (int)8>, (int)128, (int)8, (int)16>, cutlass::half_t, (bool)0, cutlass::layout::NoPermute, (bool)0, (int)4>, cutlass::epilogue::warp::FragmentIteratorTensorOp<cutlass::gemm::GemmShape<(int)64, (int)64, (int)128>, cutlass::gemm::GemmShape<(int)16, (int)8, (int)64>, int, cutlass::Array<int, (int)4, (bool)1>, cutlass::layout::RowMajor>, cutlass::epilogue::warp::TileIteratorTensorOpMixed<cutlass::gemm::GemmShape<(int)64, (int)64, (int)128>, cutlass::gemm::GemmShape<(int)16, (int)8, (int)64>, int, (int)32, (int)16, (int)8, (int)8, (bool)0>, cutlass::epilogue::threadblock::SharedLoadIteratorMixed<cutlass::epilogue::threadblock::OutputTileOptimalThreadMap<cutlass::epilogue::threadblock::OutputTileShape<(int)128, (int)8, (int)2, (int)1, (int)1>, cutlass::epilogue::threadblock::OutputTileShape<(int)1, (int)8, (int)1, (int)1, (int)8>, (int)128, (int)8, (int)16>::CompactedThreadMap, int, (int)32, (int)16, (int)8, (int)8, (bool)0>, cutlass::epilogue::thread::LinearCombination<cutlass::half_t, (int)8, int, float, (cutlass::epilogue::thread::ScaleType::Kind)0, (cutlass::FloatRoundStyle)2, cutlass::half_t>, cutlass::MatrixShape<(int)0, (int)8>, (int)2, (int)1>, cutlass::epilogue::threadblock::TreeVisitor2x<cutlass::epilogue::threadblock::VisitorAuxStore<cutlass::epilogue::threadblock::OutputTileThreadLayout<cutlass::gemm::GemmShape<(int)128, (int)128, (int)128>, cutlass::gemm::GemmShape<(int)64, (int)64, (int)128>, cutlass::half_t, (int)8, (int)1>, cutlass::half_t, (cutlass::FloatRoundStyle)2, cute::tuple<long, cute::C<(int)1>, long>>, cutlass::epilogue::threadblock::TreeVisitor2x<cutlass::epilogue::threadblock::VisitorCompute<cutlass::plus, float, float, (cutlass::FloatRoundStyle)2, void>, cutlass::epilogue::threadblock::TreeVisitor2x<cutlass::epilogue::threadblock::VisitorCompute<cutlass::multiplies, float, float, (cutlass::FloatRoundStyle)2, void>, cutlass::epilogue::threadblock::TreeVisitor2x<cutlass::epilogue::threadblock::VisitorCompute<cutlass::multiplies, float, float, (cutlass::FloatRoundStyle)2, void>, cutlass::epilogue::threadblock::VisitorAccFetch, cutlass::epilogue::threadblock::VisitorScalarBroadcast<float, cute::tuple<cute::C<(int)0>, cute::C<(int)0>, cute::C<(int)0>>, (int)1, cutlass::multiplies>>, cutlass::epilogue::threadblock::VisitorRowBroadcast<cutlass::epilogue::threadblock::OutputTileThreadLayout<cutlass::gemm::GemmShape<(int)128, (int)128, (int)128>, cutlass::gemm::GemmShape<(int)64, (int)64, (int)128>, cutlass::half_t, (int)8, (int)1>, float, cute::tuple<cute::C<(int)0>, cute::C<(int)1>, int>, (bool)1>>, cutlass::epilogue::threadblock::VisitorRowBroadcast<cutlass::epilogue::threadblock::OutputTileThreadLayout<cutlass::gemm::GemmShape<(int)128, (int)128, (int)128>, cutlass::gemm::GemmShape<(int)64, (int)64, (int)128>, cutlass::half_t, (int)8, (int)1>, float, cute::tuple<cute::C<(int)0>, cute::C<(int)1>, int>, (bool)1>>>, (int)1, (int)1>, cutlass::gemm::threadblock::GemmIdentityThreadblockSwizzle<(int)1>, (cutlass::conv::Operator)0, cutlass::conv::Conv2dProblemSize>>(T1::Params)",4267999.0
L|resblock_plain|C576|T256,"void cutlass::Kernel<modiff::ImplicitGemmConvolutionEVT<cutlass::conv::threadblock::ImplicitGemmMultistage<cutlass::gemm::GemmShape<(int)128, (int)128, (int)128>, cutlass::conv::threadblock::Conv2dFpropActivationTileAccessIteratorOptimized<cutlass::MatrixShape<(int)128, (int)128>, cutlass::integer_subbyte<(int)4, (bool)1>, cutlass::layout::TensorNHWC, cutlass::transform::PitchLinearWarpRakedThreadMap<cutlass::PitchLinearShape<(int)128, (int)128>, (int)128, cutlass::PitchLinearShape<(int)4, (int)8>, (int)32>, cutlass::AlignedArray<cutlass::integer_subbyte<(int)4, (bool)1>, (int)32, (int)16>>, cutlass::transform::threadblock::RegularTileAccessIterator<cutlass::MatrixShape<(int)128, (int)128>, cutlass::integer_subbyte<(int)4, (bool)1>, cutlass::layout::RowMajorTensorOpMultiplicandCrosswise<(int)4, (int)128>, (int)0, cutlass::transform::PitchLinearWarpRakedThreadMap<cutlass::PitchLinearShape<(int)128, (int)128>, (int)128, cutlass::PitchLinearShape<(int)4, (int)8>, (int)32>, (int)16>, (cutlass::arch::CacheOperation::Kind)0, cutlass::conv::threadblock::Conv2dFpropFilterTileAccessIteratorOptimized<cutlass::MatrixShape<(int)128, (int)128>, cutlass::integer_subbyte<(int)4, (bool)1>, cutlass::layout::TensorNHWC, cutlass::transform::PitchLinearWarpRakedThreadMap<cutlass::PitchLinearShape<(int)128, (int)128>, (int)128, cutlass::PitchLinearShape<(int)4, (int)8>, (int)32>, cutlass::AlignedArray<cutlass::integer_subbyte<(int)4, (bool)1>, (int)32, (int)16>, (bool)0>, cutlass::transform::threadblock::RegularTileAccessIterator<cutlass::MatrixShape<(int)128, (int)128>, cutlass::integer_subbyte<(int)4, (bool)1>, cutlass::layout::ColumnMajorTensorOpMultiplicandCrosswise<(int)4, (int)128>, (int)1, cutlass::transform::PitchLinearWarpRakedThreadMap<cutlass::PitchLinearShape<(int)128, (int)128>, (int)128, cutlass::PitchLinearShape<(int)4, (int)8>, (int)32>, (int)16>, (cutlass::arch::CacheOperation::Kind)1, cutlass::gemm::threadblock::MmaPolicy<cutlass::gemm::warp::MmaTensorOp<cutlass::gemm::GemmShape<(int)64, (int)64, (int)128>, cutlass::integer_subbyte<(int)4, (bool)1>, cutlass::layout::RowMajorTensorOpMultiplicandCrosswise<(int)4, (int)128>, cutlass::integer_subbyte<(int)4, (bool)1>, cutlass::layout::ColumnMajorTensorOpMultiplicandCrosswise<(int)4, (int)128>, int, cutlass::layout::RowMajor, cutlass::gemm::warp::MmaTensorOpPolicy<cutlass::arch::Mma<cutlass::gemm::GemmShape<(int)16, (int)8, (int)64>, (int)32, cutlass::integer_subbyte<(int)4, (bool)1>, cutlass::layout::RowMajor, cutlass::integer_subbyte<(int)4, (bool)1>, cutlass::layout::ColumnMajor, int, cutlass::layout::RowMajor, cutlass::arch::OpMultiplyAddSaturate>, cutlass::MatrixShape<(int)1, (int)1>>, (int)1, (bool)0, bool>, cutlass::MatrixShape<(int)0, (int)0>, cutlass::MatrixShape<(int)0, (int)0>, (int)1>, (int)3, bool>, cutlass::epilogue::threadblock::EpilogueWithVisitorCallbacks<cutlass::epilogue::threadblock::Epilogue<cutlass::gemm::GemmShape<(int)128, (int)128, (int)128>, cutlass::gemm::warp::MmaTensorOp<cutlass::gemm::GemmShape<(int)64, (int)64, (int)128>, cutlass::integer_subbyte<(int)4, (bool)1>, cutlass::layout::RowMajorTensorOpMultiplicandCrosswise<(int)4, (int)128>, cutlass::integer_subbyte<(int)4, (bool)1>, cutlass::layout::ColumnMajorTensorOpMultiplicandCrosswise<(int)4, (int)128>, int, cutlass::layout::RowMajor, cutlass::gemm::warp::MmaTensorOpPolicy<cutlass::arch::Mma<cutlass::gemm::GemmShape<(int)16, (int)8, (int)64>, (int)32, cutlass::integer_subbyte<(int)4, (bool)1>, cutlass::layout::RowMajor, cutlass::integer_subbyte<(int)4, (bool)1>, cutlass::layout::ColumnMajor, int, cutlass::layout::RowMajor, cutlass::arch::OpMultiplyAddSaturate>, cutlass::MatrixShape<(int)1, (int)1>>, (int)1, (bool)0, bool>, (int)1, cutlass::epilogue::threadblock::PredicatedTileIteratorConv<cutlass::epilogue::threadblock::OutputTileOptimalThreadMap<cutlass::epilogue::threadblock::OutputTileShape<(int)128, (int)8, (int)2, (int)1, (int)1>, cutlass::epilogue::threadblock::OutputTileShape<(int)1, (int)8, (int)1, (int)1, (int)8>, (int)128, (int)8, (int)16>, cutlass::half_t, (bool)0, cutlass::layout::NoPermute, (bool)0, (int)4>, cutlass::epilogue::warp::FragmentIteratorTensorOp<cutlass::gemm::GemmShape<(int)64, (int)64, (int)128>, cutlass::gemm::GemmShape<(int)16, (int)8, (int)64>, int, cutlass::Array<int, (int)4, (bool)1>, cutlass::layout::RowMajor>, cutlass::epilogue::warp::TileIteratorTensorOpMixed<cutlass::gemm::GemmShape<(int)64, (int)64, (int)128>, cutlass::gemm::GemmShape<(int)16, (int)8, (int)64>, int, (int)32, (int)16, (int)8, (int)8, (bool)0>, cutlass::epilogue::threadblock::SharedLoadIteratorMixed<cutlass::epilogue::threadblock::OutputTileOptimalThreadMap<cutlass::epilogue::threadblock::OutputTileShape<(int)128, (int)8, (int)2, (int)1, (int)1>, cutlass::epilogue::threadblock::OutputTileShape<(int)1, (int)8, (int)1, (int)1, (int)8>, (int)128, (int)8, (int)16>::CompactedThreadMap, int, (int)32, (int)16, (int)8, (int)8, (bool)0>, cutlass::epilogue::thread::LinearCombination<cutlass::half_t, (int)8, int, float, (cutlass::epilogue::thread::ScaleType::Kind)0, (cutlass::FloatRoundStyle)2, cutlass::half_t>, cutlass::MatrixShape<(int)0, (int)8>, (int)2, (int)1>, cutlass::epilogue::threadblock::TreeVisitor2x<cutlass::epilogue::threadblock::VisitorAuxStore<cutlass::epilogue::threadblock::OutputTileThreadLayout<cutlass::gemm::GemmShape<(int)128, (int)128, (int)128>, cutlass::gemm::GemmShape<(int)64, (int)64, (int)128>, cutlass::half_t, (int)8, (int)1>, cutlass::half_t, (cutlass::FloatRoundStyle)2, cute::tuple<long, cute::C<(int)1>, long>>, cutlass::epilogue::threadblock::TreeVisitor2x<cutlass::epilogue::threadblock::VisitorCompute<cutlass::plus, float, float, (cutlass::FloatRoundStyle)2, void>, cutlass::epilogue::threadblock::TreeVisitor2x<cutlass::epilogue::threadblock::VisitorCompute<cutlass::plus, float, float, (cutlass::FloatRoundStyle)2, void>, cutlass::epilogue::threadblock::TreeVisitor2x<cutlass::epilogue::threadblock::VisitorCompute<cutlass::multiplies, float, float, (cutlass::FloatRoundStyle)2, void>, cutlass::epilogue::threadblock::TreeVisitor2x<cutlass::epilogue::threadblock::VisitorCompute<cutlass::multiplies, float, float, (cutlass::FloatRoundStyle)2, void>, cutlass::epilogue::threadblock::VisitorAccFetch, cutlass::epilogue::threadblock::VisitorScalarBroadcast<float, cute::tuple<cute::C<(int)0>, cute::C<(int)0>, cute::C<(int)0>>, (int)1, cutlass::multiplies>>, cutlass::epilogue::threadblock::VisitorRowBroadcast<cutlass::epilogue::threadblock::OutputTileThreadLayout<cutlass::gemm::GemmShape<(int)128, (int)128, (int)128>, cutlass::gemm::GemmShape<(int)64, (int)64, (int)128>, cutlass::half_t, (int)8, (int)1>, float, cute::tuple<cute::C<(int)0>, cute::C<(int)1>, int>, (bool)1>>, cutlass::epilogue::threadblock::VisitorRowBroadcast<cutlass::epilogue::threadblock::OutputTileThreadLayout<cutlass::gemm::GemmShape<(int)128, (int)128, (int)128>, cutlass::gemm::GemmShape<(int)64, (int)64, (int)128>, cutlass::half_t, (int)8, (int)1>, float, cute::tuple<cute::C<(int)0>, cute::C<(int)1>, int>, (bool)1>>, cutlass::epilogue::threadblock::VisitorAuxLoad<cutlass::epilogue::threadblock::OutputTileThreadLayout<cutlass::gemm::GemmShape<(int)128, (int)128, (int)128>, cutlass::gemm::GemmShape<(int)64, (int)64, (int)128>, cutlass::half_t, (int)8, (int)1>, cutlass::half_t, cute::tuple<long, cute::C<(int)1>, long>>>>, (int)1, (int)1>, cutlass::gemm::threadblock::GemmIdentityThreadblockSwizzle<(int)1>, (cutlass::conv::Operator)0, cutlass::conv::Conv2dProblemSize>>(T1::Params)",4238465.0
L|resblock_plain|C384|T256,"void cutlass::Kernel<modiff::ImplicitGemmConvolutionEVT<cutlass::conv::threadblock::ImplicitGemmMultistage<cutlass::gemm::GemmShape<(int)128, (int)128, (int)128>, cutlass::conv::threadblock::Conv2dFpropActivationTileAccessIteratorOptimized<cutlass::MatrixShape<(int)128, (int)128>, cutlass::integer_subbyte<(int)4, (bool)1>, cutlass::layout::TensorNHWC, cutlass::transform::PitchLinearWarpRakedThreadMap<cutlass::PitchLinearShape<(int)128, (int)128>, (int)128, cutlass::PitchLinearShape<(int)4, (int)8>, (int)32>, cutlass::AlignedArray<cutlass::integer_subbyte<(int)4, (bool)1>, (int)32, (int)16>>, cutlass::transform::threadblock::RegularTileAccessIterator<cutlass::MatrixShape<(int)128, (int)128>, cutlass::integer_subbyte<(int)4, (bool)1>, cutlass::layout::RowMajorTensorOpMultiplicandCrosswise<(int)4, (int)128>, (int)0, cutlass::transform::PitchLinearWarpRakedThreadMap<cutlass::PitchLinearShape<(int)128, (int)128>, (int)128, cutlass::PitchLinearShape<(int)4, (int)8>, (int)32>, (int)16>, (cutlass::arch::CacheOperation::Kind)0, cutlass::conv::threadblock::Conv2dFpropFilterTileAccessIteratorOptimized<cutlass::MatrixShape<(int)128, (int)128>, cutlass::integer_subbyte<(int)4, (bool)1>, cutlass::layout::TensorNHWC, cutlass::transform::PitchLinearWarpRakedThreadMap<cutlass::PitchLinearShape<(int)128, (int)128>, (int)128, cutlass::PitchLinearShape<(int)4, (int)8>, (int)32>, cutlass::AlignedArray<cutlass::integer_subbyte<(int)4, (bool)1>, (int)32, (int)16>, (bool)0>, cutlass::transform::threadblock::RegularTileAccessIterator<cutlass::MatrixShape<(int)128, (int)128>, cutlass::integer_subbyte<(int)4, (bool)1>, cutlass::layout::ColumnMajorTensorOpMultiplicandCrosswise<(int)4, (int)128>, (int)1, cutlass::transform::PitchLinearWarpRakedThreadMap<cutlass::PitchLinearShape<(int)128, (int)128>, (int)128, cutlass::PitchLinearShape<(int)4, (int)8>, (int)32>, (int)16>, (cutlass::arch::CacheOperation::Kind)1, cutlass::gemm::threadblock::MmaPolicy<cutlass::gemm::warp::MmaTensorOp<cutlass::gemm::GemmShape<(int)64, (int)64, (int)128>, cutlass::integer_subbyte<(int)4, (bool)1>, cutlass::layout::RowMajorTensorOpMultiplicandCrosswise<(int)4, (int)128>, cutlass::integer_subbyte<(int)4, (bool)1>, cutlass::layout::ColumnMajorTensorOpMultiplicandCrosswise<(int)4, (int)128>, int, cutlass::layout::RowMajor, cutlass::gemm::warp::MmaTensorOpPolicy<cutlass::arch::Mma<cutlass::gemm::GemmShape<(int)16, (int)8, (int)64>, (int)32, cutlass::integer_subbyte<(int)4, (bool)1>, cutlass::layout::RowMajor, cutlass::integer_subbyte<(int)4, (bool)1>, cutlass::layout::ColumnMajor, int, cutlass::layout::RowMajor, cutlass::arch::OpMultiplyAddSaturate>, cutlass::MatrixShape<(int)1, (int)1>>, (int)1, (bool)0, bool>, cutlass::MatrixShape<(int)0, (int)0>, cutlass::MatrixShape<(int)0, (int)0>, (int)1>, (int)3, bool>, cutlass::epilogue::threadblock::EpilogueWithVisitorCallbacks<cutlass::epilogue::threadblock::Epilogue<cutlass::gemm::GemmShape<(int)128, (int)128, (int)128>, cutlass::gemm::warp::MmaTensorOp<cutlass::gemm::GemmShape<(int)64, (int)64, (int)128>, cutlass::integer_subbyte<(int)4, (bool)1>, cutlass::layout::RowMajorTensorOpMultiplicandCrosswise<(int)4, (int)128>, cutlass::integer_subbyte<(int)4, (bool)1>, cutlass::layout::ColumnMajorTensorOpMultiplicandCrosswise<(int)4, (int)128>, int, cutlass::layout::RowMajor, cutlass::gemm::warp::MmaTensorOpPolicy<cutlass::arch::Mma<cutlass::gemm::GemmShape<(int)16, (int)8, (int)64>, (int)32, cutlass::integer_subbyte<(int)4, (bool)1>, cutlass::layout::RowMajor, cutlass::integer_subbyte<(int)4, (bool)1>, cutlass::layout::ColumnMajor, int, cutlass::layout::RowMajor, cutlass::arch::OpMultiplyAddSaturate>, cutlass::MatrixShape<(int)1, (int)1>>, (int)1, (bool)0, bool>, (int)1, cutlass::epilogue::threadblock::PredicatedTileIteratorConv<cutlass::epilogue::threadblock::OutputTileOptimalThreadMap<cutlass::epilogue::threadblock::OutputTileShape<(int)128, (int)8, (int)2, (int)1, (int)1>, cutlass::epilogue::threadblock::OutputTileShape<(int)1, (int)8, (int)1, (int)1, (int)8>, (int)128, (int)8, (int)16>, cutlass::half_t, (bool)0, cutlass::layout::NoPermute, (bool)0, (int)4>, cutlass::epilogue::warp::FragmentIteratorTensorOp<cutlass::gemm::GemmShape<(int)64, (int)64, (int)128>, cutlass::gemm::GemmShape<(int)16, (int)8, (int)64>, int, cutlass::Array<int, (int)4, (bool)1>, cutlass::layout::RowMajor>, cutlass::epilogue::warp::TileIteratorTensorOpMixed<cutlass::gemm::GemmShape<(int)64, (int)64, (int)128>, cutlass::gemm::GemmShape<(int)16, (int)8, (int)64>, int, (int)32, (int)16, (int)8, (int)8, (bool)0>, cutlass::epilogue::threadblock::SharedLoadIteratorMixed<cutlass::epilogue::threadblock::OutputTileOptimalThreadMap<cutlass::epilogue::threadblock::OutputTileShape<(int)128, (int)8, (int)2, (int)1, (int)1>, cutlass::epilogue::threadblock::OutputTileShape<(int)1, (int)8, (int)1, (int)1, (int)8>, (int)128, (int)8, (int)16>::CompactedThreadMap, int, (int)32, (int)16, (int)8, (int)8, (bool)0>, cutlass::epilogue::thread::LinearCombination<cutlass::half_t, (int)8, int, float, (cutlass::epilogue::thread::ScaleType::Kind)0, (cutlass::FloatRoundStyle)2, cutlass::half_t>, cutlass::MatrixShape<(int)0, (int)8>, (int)2, (int)1>, cutlass::epilogue::threadblock::TreeVisitor2x<cutlass::epilogue::threadblock::VisitorAuxStore<cutlass::epilogue::threadblock::OutputTileThreadLayout<cutlass::gemm::GemmShape<(int)128, (int)128, (int)128>, cutlass::gemm::GemmShape<(int)64, (int)64, (int)128>, cutlass::half_t, (int)8, (int)1>, cutlass::half_t, (cutlass::FloatRoundStyle)2, cute::tuple<long, cute::C<(int)1>, long>>, cutlass::epilogue::threadblock::TreeVisitor2x<cutlass::epilogue::threadblock::VisitorCompute<cutlass::plus, float, float, (cutlass::FloatRoundStyle)2, void>, cutlass::epilogue::threadblock::TreeVisitor2x<cutlass::epilogue::threadblock::VisitorCompute<cutlass::plus, float, float, (cutlass::FloatRoundStyle)2, void>, cutlass::epilogue::threadblock::TreeVisitor2x<cutlass::epilogue::threadblock::VisitorCompute<cutlass::multiplies, float, float, (cutlass::FloatRoundStyle)2, void>, cutlass::epilogue::threadblock::TreeVisitor2x<cutlass::epilogue::threadblock::VisitorCompute<cutlass::multiplies, float, float, (cutlass::FloatRoundStyle)2, void>, cutlass::epilogue::threadblock::VisitorAccFetch, cutlass::epilogue::threadblock::VisitorScalarBroadcast<float, cute::tuple<cute::C<(int)0>, cute::C<(int)0>, cute::C<(int)0>>, (int)1, cutlass::multiplies>>, cutlass::epilogue::threadblock::VisitorRowBroadcast<cutlass::epilogue::threadblock::OutputTileThreadLayout<cutlass::gemm::GemmShape<(int)128, (int)128, (int)128>, cutlass::gemm::GemmShape<(int)64, (int)64, (int)128>, cutlass::half_t, (int)8, (int)1>, float, cute::tuple<cute::C<(int)0>, cute::C<(int)1>, int>, (bool)1>>, cutlass::epilogue::threadblock::VisitorRowBroadcast<cutlass::epilogue::threadblock::OutputTileThreadLayout<cutlass::gemm::GemmShape<(int)128, (int)128, (int)128>, cutlass::gemm::GemmShape<(int)64, (int)64, (int)128>, cutlass::half_t, (int)8, (int)1>, float, cute::tuple<cute::C<(int)0>, cute::C<(int)1>, int>, (bool)1>>, cutlass::epilogue::threadblock::VisitorAuxLoad<cutlass::epilogue::threadblock::OutputTileThreadLayout<cutlass::gemm::GemmShape<(int)128, (int)128, (int)128>, cutlass::gemm::GemmShape<(int)64, (int)64, (int)128>, cutlass::half_t, (int)8, (int)1>, cutlass::half_t, cute::tuple<long, cute::C<(int)1>, long>>>>, (int)1, (int)1>, cutlass::gemm::threadblock::GemmIdentityThreadblockSwizzle<(int)1>, (cutlass::conv::Operator)0, cutlass::conv::Conv2dProblemSize>>(T1::Params)",4218267.0
L|resblock_plain|C192|T256,"void cutlass::Kernel<modiff::ImplicitGemmConvolutionEVT<cutlass::conv::threadblock::ImplicitGemmMultistage<cutlass::gemm::GemmShape<(int)128, (int)128, (int)128>, cutlass::conv::threadblock::Conv2dFpropActivationTileAccessIteratorOptimized<cutlass::MatrixShape<(int)128, (int)128>, cutlass::integer_subbyte<(int)4, (bool)1>, cutlass::layout::TensorNHWC, cutlass::transform::PitchLinearWarpRakedThreadMap<cutlass::PitchLinearShape<(int)128, (int)128>, (int)128, cutlass::PitchLinearShape<(int)4, (int)8>, (int)32>, cutlass::AlignedArray<cutlass::integer_subbyte<(int)4, (bool)1>, (int)32, (int)16>>, cutlass::transform::threadblock::RegularTileAccessIterator<cutlass::MatrixShape<(int)128, (int)128>, cutlass::integer_subbyte<(int)4, (bool)1>, cutlass::layout::RowMajorTensorOpMultiplicandCrosswise<(int)4, (int)128>, (int)0, cutlass::transform::PitchLinearWarpRakedThreadMap<cutlass::PitchLinearShape<(int)128, (int)128>, (int)128, cutlass::PitchLinearShape<(int)4, (int)8>, (int)32>, (int)16>, (cutlass::arch::CacheOperation::Kind)0, cutlass::conv::threadblock::Conv2dFpropFilterTileAccessIteratorOptimized<cutlass::MatrixShape<(int)128, (int)128>, cutlass::integer_subbyte<(int)4, (bool)1>, cutlass::layout::TensorNHWC, cutlass::transform::PitchLinearWarpRakedThreadMap<cutlass::PitchLinearShape<(int)128, (int)128>, (int)128, cutlass::PitchLinearShape<(int)4, (int)8>, (int)32>, cutlass::AlignedArray<cutlass::integer_subbyte<(int)4, (bool)1>, (int)32, (int)16>, (bool)0>, cutlass::transform::threadblock::RegularTileAccessIterator<cutlass::MatrixShape<(int)128, (int)128>, cutlass::integer_subbyte<(int)4, (bool)1>, cutlass::layout::ColumnMajorTensorOpMultiplicandCrosswise<(int)4, (int)128>, (int)1, cutlass::transform::PitchLinearWarpRakedThreadMap<cutlass::PitchLinearShape<(int)128, (int)128>, (int)128, cutlass::PitchLinearShape<(int)4, (int)8>, (int)32>, (int)16>, (cutlass::arch::CacheOperation::Kind)1, cutlass::gemm::threadblock::MmaPolicy<cutlass::gemm::warp::MmaTensorOp<cutlass::gemm::GemmShape<(int)64, (int)64, (int)128>, cutlass::integer_subbyte<(int)4, (bool)1>, cutlass::layout::RowMajorTensorOpMultiplicandCrosswise<(int)4, (int)128>, cutlass::integer_subbyte<(int)4, (bool)1>, cutlass::layout::ColumnMajorTensorOpMultiplicandCrosswise<(int)4, (int)128>, int, cutlass::layout::RowMajor, cutlass::gemm::warp::MmaTensorOpPolicy<cutlass::arch::Mma<cutlass::gemm::GemmShape<(int)16, (int)8, (int)64>, (int)32, cutlass::integer_subbyte<(int)4, (bool)1>, cutlass::layout::RowMajor, cutlass::integer_subbyte<(int)4, (bool)1>, cutlass::layout::ColumnMajor, int, cutlass::layout::RowMajor, cutlass::arch::OpMultiplyAddSaturate>, cutlass::MatrixShape<(int)1, (int)1>>, (int)1, (bool)0, bool>, cutlass::MatrixShape<(int)0, (int)0>, cutlass::MatrixShape<(int)0, (int)0>, (int)1>, (int)3, bool>, cutlass::epilogue::threadblock::EpilogueWithVisitorCallbacks<cutlass::epilogue::threadblock::Epilogue<cutlass::gemm::GemmShape<(int)128, (int)128, (int)128>, cutlass::gemm::warp::MmaTensorOp<cutlass::gemm::GemmShape<(int)64, (int)64, (int)128>, cutlass::integer_subbyte<(int)4, (bool)1>, cutlass::layout::RowMajorTensorOpMultiplicandCrosswise<(int)4, (int)128>, cutlass::integer_subbyte<(int)4, (bool)1>, cutlass::layout::ColumnMajorTensorOpMultiplicandCrosswise<(int)4, (int)128>, int, cutlass::layout::RowMajor, cutlass::gemm::warp::MmaTensorOpPolicy<cutlass::arch::Mma<cutlass::gemm::GemmShape<(int)16, (int)8, (int)64>, (int)32, cutlass::integer_subbyte<(int)4, (bool)1>, cutlass::layout::RowMajor, cutlass::integer_subbyte<(int)4, (bool)1>, cutlass::layout::ColumnMajor, int, cutlass::layout::RowMajor, cutlass::arch::OpMultiplyAddSaturate>, cutlass::MatrixShape<(int)1, (int)1>>, (int)1, (bool)0, bool>, (int)1, cutlass::epilogue::threadblock::PredicatedTileIteratorConv<cutlass::epilogue::threadblock::OutputTileOptimalThreadMap<cutlass::epilogue::threadblock::OutputTileShape<(int)128, (int)8, (int)2, (int)1, (int)1>, cutlass::epilogue::threadblock::OutputTileShape<(int)1, (int)8, (int)1, (int)1, (int)8>, (int)128, (int)8, (int)16>, cutlass::half_t, (bool)0, cutlass::layout::NoPermute, (bool)0, (int)4>, cutlass::epilogue::warp::FragmentIteratorTensorOp<cutlass::gemm::GemmShape<(int)64, (int)64, (int)128>, cutlass::gemm::GemmShape<(int)16, (int)8, (int)64>, int, cutlass::Array<int, (int)4, (bool)1>, cutlass::layout::RowMajor>, cutlass::epilogue::warp::TileIteratorTensorOpMixed<cutlass::gemm::GemmShape<(int)64, (int)64, (int)128>, cutlass::gemm::GemmShape<(int)16, (int)8, (int)64>, int, (int)32, (int)16, (int)8, (int)8, (bool)0>, cutlass::epilogue::threadblock::SharedLoadIteratorMixed<cutlass::epilogue::threadblock::OutputTileOptimalThreadMap<cutlass::epilogue::threadblock::OutputTileShape<(int)128, (int)8, (int)2, (int)1, (int)1>, cutlass::epilogue::threadblock::OutputTileShape<(int)1, (int)8, (int)1, (int)1, (int)8>, (int)128, (int)8, (int)16>::CompactedThreadMap, int, (int)32, (int)16, (int)8, (int)8, (bool)0>, cutlass::epilogue::thread::LinearCombination<cutlass::half_t, (int)8, int, float, (cutlass::epilogue::thread::ScaleType::Kind)0, (cutlass::FloatRoundStyle)2, cutlass::half_t>, cutlass::MatrixShape<(int)0, (int)8>, (int)2, (int)1>, cutlass::epilogue::threadblock::TreeVisitor2x<cutlass::epilogue::threadblock::VisitorAuxStore<cutlass::epilogue::threadblock::OutputTileThreadLayout<cutlass::gemm::GemmShape<(int)128, (int)128, (int)128>, cutlass::gemm::GemmShape<(int)64, (int)64, (int)128>, cutlass::half_t, (int)8, (int)1>, cutlass::half_t, (cutlass::FloatRoundStyle)2, cute::tuple<long, cute::C<(int)1>, long>>, cutlass::epilogue::threadblock::TreeVisitor2x<cutlass::epilogue::threadblock::VisitorCompute<cutlass::plus, float, float, (cutlass::FloatRoundStyle)2, void>, cutlass::epilogue::threadblock::TreeVisitor2x<cutlass::epilogue::threadblock::VisitorCompute<cutlass::plus, float, float, (cutlass::FloatRoundStyle)2, void>, cutlass::epilogue::threadblock::TreeVisitor2x<cutlass::epilogue::threadblock::VisitorCompute<cutlass::multiplies, float, float, (cutlass::FloatRoundStyle)2, void>, cutlass::epilogue::threadblock::TreeVisitor2x<cutlass::epilogue::threadblock::VisitorCompute<cutlass::multiplies, float, float, (cutlass::FloatRoundStyle)2, void>, cutlass::epilogue::threadblock::VisitorAccFetch, cutlass::epilogue::threadblock::VisitorScalarBroadcast<float, cute::tuple<cute::C<(int)0>, cute::C<(int)0>, cute::C<(int)0>>, (int)1, cutlass::multiplies>>, cutlass::epilogue::threadblock::VisitorRowBroadcast<cutlass::epilogue::threadblock::OutputTileThreadLayout<cutlass::gemm::GemmShape<(int)128, (int)128, (int)128>, cutlass::gemm::GemmShape<(int)64, (int)64, (int)128>, cutlass::half_t, (int)8, (int)1>, float, cute::tuple<cute::C<(int)0>, cute::C<(int)1>, int>, (bool)1>>, cutlass::epilogue::threadblock::VisitorRowBroadcast<cutlass::epilogue::threadblock::OutputTileThreadLayout<cutlass::gemm::GemmShape<(int)128, (int)128, (int)128>, cutlass::gemm::GemmShape<(int)64, (int)64, (int)128>, cutlass::half_t, (int)8, (int)1>, float, cute::tuple<cute::C<(int)0>, cute::C<(int)1>, int>, (bool)1>>, cutlass::epilogue::threadblock::VisitorAuxLoad<cutlass::epilogue::threadblock::OutputTileThreadLayout<cutlass::gemm::GemmShape<(int)128, (int)128, (int)128>, cutlass::gemm::GemmShape<(int)64, (int)64, (int)128>, cutlass::half_t, (int)8, (int)1>, cutlass::half_t, cute::tuple<long, cute::C<(int)1>, long>>>>, (int)1, (int)1>, cutlass::gemm::threadblock::GemmIdentityThreadblockSwizzle<(int)1>, (cutlass::conv::Operator)0, cutlass::conv::Conv2dProblemSize>>(T1::Params)",4211897.0
L|resblock_plain|C384|T256,"void cutlass::Kernel<modiff::ImplicitGemmConvolutionEVT<cutlass::conv::threadblock::ImplicitGemmMultistage<cutlass::gemm::GemmShape<(int)128, (int)128, (int)128>, cutlass::conv::threadblock::Conv2dFpropActivationTileAccessIteratorOptimized<cutlass::MatrixShape<(int)128, (int)128>, cutlass::integer_subbyte<(int)4, (bool)1>, cutlass::layout::TensorNHWC, cutlass::transform::PitchLinearWarpRakedThreadMap<cutlass::PitchLinearShape<(int)128, (int)128>, (int)128, cutlass::PitchLinearShape<(int)4, (int)8>, (int)32>, cutlass::AlignedArray<cutlass::integer_subbyte<(int)4, (bool)1>, (int)32, (int)16>>, cutlass::transform::threadblock::RegularTileAccessIterator<cutlass::MatrixShape<(int)128, (int)128>, cutlass::integer_subbyte<(int)4, (bool)1>, cutlass::layout::RowMajorTensorOpMultiplicandCrosswise<(int)4, (int)128>, (int)0, cutlass::transform::PitchLinearWarpRakedThreadMap<cutlass::PitchLinearShape<(int)128, (int)128>, (int)128, cutlass::PitchLinearShape<(int)4, (int)8>, (int)32>, (int)16>, (cutlass::arch::CacheOperation::Kind)0, cutlass::conv::threadblock::Conv2dFpropFilterTileAccessIteratorOptimized<cutlass::MatrixShape<(int)128, (int)128>, cutlass::integer_subbyte<(int)4, (bool)1>, cutlass::layout::TensorNHWC, cutlass::transform::PitchLinearWarpRakedThreadMap<cutlass::PitchLinearShape<(int)128, (int)128>, (int)128, cutlass::PitchLinearShape<(int)4, (int)8>, (int)32>, cutlass::AlignedArray<cutlass::integer_subbyte<(int)4, (bool)1>, (int)32, (int)16>, (bool)0>, cutlass::transform::threadblock::RegularTileAccessIterator<cutlass::MatrixShape<(int)128, (int)128>, cutlass::integer_subbyte<(int)4, (bool)1>, cutlass::layout::ColumnMajorTensorOpMultiplicandCrosswise<(int)4, (int)128>, (int)1, cutlass::transform::PitchLinearWarpRakedThreadMap<cutlass::PitchLinearShape<(int)128, (int)128>, (int)128, cutlass::PitchLinearShape<(int)4, (int)8>, (int)32>, (int)16>, (cutlass::arch::CacheOperation::Kind)1, cutlass::gemm::threadblock::MmaPolicy<cutlass::gemm::warp::MmaTensorOp<cutlass::gemm::GemmShape<(int)64, (int)64, (int)128>, cutlass::integer_subbyte<(int)4, (bool)1>, cutlass::layout::RowMajorTensorOpMultiplicandCrosswise<(int)4, (int)128>, cutlass::integer_subbyte<(int)4, (bool)1>, cutlass::layout::ColumnMajorTensorOpMultiplicandCrosswise<(int)4, (int)128>, int, cutlass::layout::RowMajor, cutlass::gemm::warp::MmaTensorOpPolicy<cutlass::arch::Mma<cutlass::gemm::GemmShape<(int)16, (int)8, (int)64>, (int)32, cutlass::integer_subbyte<(int)4, (bool)1>, cutlass::layout::RowMajor, cutlass::integer_subbyte<(int)4, (bool)1>, cutlass::layout::ColumnMajor, int, cutlass::layout::RowMajor, cutlass::arch::OpMultiplyAddSaturate>, cutlass::MatrixShape<(int)1, (int)1>>, (int)1, (bool)0, bool>, cutlass::MatrixShape<(int)0, (int)0>, cutlass::MatrixShape<(int)0, (int)0>, (int)1>, (int)3, bool>, cutlass::epilogue::threadblock::EpilogueWithVisitorCallbacks<cutlass::epilogue::threadblock::Epilogue<cutlass::gemm::GemmShape<(int)128, (int)128, (int)128>, cutlass::gemm::warp::MmaTensorOp<cutlass::gemm::GemmShape<(int)64, (int)64, (int)128>, cutlass::integer_subbyte<(int)4, (bool)1>, cutlass::layout::RowMajorTensorOpMultiplicandCrosswise<(int)4, (int)128>, cutlass::integer_subbyte<(int)4, (bool)1>, cutlass::layout::ColumnMajorTensorOpMultiplicandCrosswise<(int)4, (int)128>, int, cutlass::layout::RowMajor, cutlass::gemm::warp::MmaTensorOpPolicy<cutlass::arch::Mma<cutlass::gemm::GemmShape<(int)16, (int)8, (int)64>, (int)32, cutlass::integer_subbyte<(int)4, (bool)1>, cutlass::layout::RowMajor, cutlass::integer_subbyte<(int)4, (bool)1>, cutlass::layout::ColumnMajor, int, cutlass::layout::RowMajor, cutlass::arch::OpMultiplyAddSaturate>, cutlass::MatrixShape<(int)1, (int)1>>, (int)1, (bool)0, bool>, (int)1, cutlass::epilogue::threadblock::PredicatedTileIteratorConv<cutlass::epilogue::threadblock::OutputTileOptimalThreadMap<cutlass::epilogue::threadblock::OutputTileShape<(int)128, (int)8, (int)2, (int)1, (int)1>, cutlass::epilogue::threadblock::OutputTileShape<(int)1, (int)8, (int)1, (int)1, (int)8>, (int)128, (int)8, (int)16>, cutlass::half_t, (bool)0, cutlass::layout::NoPermute, (bool)0, (int)4>, cutlass::epilogue::warp::FragmentIteratorTensorOp<cutlass::gemm::GemmShape<(int)64, (int)64, (int)128>, cutlass::gemm::GemmShape<(int)16, (int)8, (int)64>, int, cutlass::Array<int, (int)4, (bool)1>, cutlass::layout::RowMajor>, cutlass::epilogue::warp::TileIteratorTensorOpMixed<cutlass::gemm::GemmShape<(int)64, (int)64, (int)128>, cutlass::gemm::GemmShape<(int)16, (int)8, (int)64>, int, (int)32, (int)16, (int)8, (int)8, (bool)0>, cutlass::epilogue::threadblock::SharedLoadIteratorMixed<cutlass::epilogue::threadblock::OutputTileOptimalThreadMap<cutlass::epilogue::threadblock::OutputTileShape<(int)128, (int)8, (int)2, (int)1, (int)1>, cutlass::epilogue::threadblock::OutputTileShape<(int)1, (int)8, (int)1, (int)1, (int)8>, (int)128, (int)8, (int)16>::CompactedThreadMap, int, (int)32, (int)16, (int)8, (int)8, (bool)0>, cutlass::epilogue::thread::LinearCombination<cutlass::half_t, (int)8, int, float, (cutlass::epilogue::thread::ScaleType::Kind)0, (cutlass::FloatRoundStyle)2, cutlass::half_t>, cutlass::MatrixShape<(int)0, (int)8>, (int)2, (int)1>, cutlass::epilogue::threadblock::TreeVisitor2x<cutlass::epilogue::threadblock::VisitorAuxStore<cutlass::epilogue::threadblock::OutputTileThreadLayout<cutlass::gemm::GemmShape<(int)128, (int)128, (int)128>, cutlass::gemm::GemmShape<(int)64, (int)64, (int)128>, cutlass::half_t, (int)8, (int)1>, cutlass::half_t, (cutlass::FloatRoundStyle)2, cute::tuple<long, cute::C<(int)1>, long>>, cutlass::epilogue::threadblock::TreeVisitor2x<cutlass::epilogue::threadblock::VisitorCompute<cutlass::plus, float, float, (cutlass::FloatRoundStyle)2, void>, cutlass::epilogue::threadblock::TreeVisitor2x<cutlass::epilogue::threadblock::VisitorCompute<cutlass::multiplies, float, float, (cutlass::FloatRoundStyle)2, void>, cutlass::epilogue::threadblock::TreeVisitor2x<cutlass::epilogue::threadblock::VisitorCompute<cutlass::multiplies, float, float, (cutlass::FloatRoundStyle)2, void>, cutlass::epilogue::threadblock::VisitorAccFetch, cutlass::epilogue::threadblock::VisitorScalarBroadcast<float, cute::tuple<cute::C<(int)0>, cute::C<(int)0>, cute::C<(int)0>>, (int)1, cutlass::multiplies>>, cutlass::epilogue::threadblock::VisitorRowBroadcast<cutlass::epilogue::threadblock::OutputTileThreadLayout<cutlass::gemm::GemmShape<(int)128, (int)128, (int)128>, cutlass::gemm::GemmShape<(int)64, (int)64, (int)128>, cutlass::half_t, (int)8, (int)1>, float, cute::tuple<cute::C<(int)0>, cute::C<(int)1>, int>, (bool)1>>, cutlass::epilogue::threadblock::VisitorRowBroadcast<cutlass::epilogue::threadblock::OutputTileThreadLayout<cutlass::gemm::GemmShape<(int)128, (int)128, (int)128>, cutlass::gemm::GemmShape<(int)64, (int)64, (int)128>, cutlass::half_t, (int)8, (int)1>, float, cute::tuple<cute::C<(int)0>, cute::C<(int)1>, int>, (bool)1>>>, (int)1, (int)1>, cutlass::gemm::threadblock::GemmIdentityThreadblockSwizzle<(int)1>, (cutlass::conv::Operator)0, cutlass::conv::Conv2dProblemSize>>(T1::Params)",4081818.0
,"void at::native::elementwise_kernel<(int)128, (int)4, void at::native::gpu_kernel_impl_nocast<at::native::CUDAFunctor_add<c10::Half>>(at::TensorIteratorBase &, const T1 &)::[lambda(int) (instance 1)]>(int, T3)",3902490.0
L|resblock_plain|C768|T256,"void at::native::elementwise_kernel<(int)128, (int)4, void at::native::gpu_kernel_impl_nocast<at::native::CUDAFunctor_add<c10::Half>>(at::TensorIteratorBase &, const T1 &)::[lambda(int) (instance 1)]>(int, T3)",3901753.0
L|resblock_updown|C384|T256,"void group_norm_silu_quantize_resize_nhwc_kernel<__half, (bool)1, (bool)1, (bool)1>(const T1 *, signed char *, const T1 *, const T1 *, const T1 *, const T1 *, const float *, const float *, int, long, int, float, bool, int, int)",3834586.0
L|resblock_plain|C576|T1024,"void at::native::elementwise_kernel<(int)128, (int)4, void at::native::gpu_kernel_impl_nocast<at::native::CUDAFunctor_add<c10::Half>>(at::TensorIteratorBase &, const T1 &)::[lambda(int) (instance 1)]>(int, T3)",3810935.0
L|attention|C768|T16,"void gemm_w4a4_kernel_awq_out_i8<(int)4>(const signed char *, const signed char *, const float *, float, const float *, signed char *, int, int, int, const __half *, int, int, int, float, float, const float *, const float *, signed char *, signed char *, signed char *, int, int)",3541056.0
L|attention|C768|T16,"gemm_w4a4_kernel_awq(const signed char *, const signed char *, const float *, float, __half *, int, int, int, int, const __half *, const __half *)",3526673.0
L|resblock_plain|C768|T4,"void cutlass::Kernel<modiff::ImplicitGemmConvolutionEVT<cutlass::conv::threadblock::ImplicitGemmMultistage<cutlass::gemm::GemmShape<(int)128, (int)128, (int)128>, cutlass::conv::threadblock::Conv2dFpropActivationTileAccessIteratorOptimized<cutlass::MatrixShape<(int)128, (int)128>, cutlass::integer_subbyte<(int)4, (bool)1>, cutlass::layout::TensorNHWC, cutlass::transform::PitchLinearWarpRakedThreadMap<cutlass::PitchLinearShape<(int)128, (int)128>, (int)128, cutlass::PitchLinearShape<(int)4, (int)8>, (int)32>, cutlass::AlignedArray<cutlass::integer_subbyte<(int)4, (bool)1>, (int)32, (int)16>>, cutlass::transform::threadblock::RegularTileAccessIterator<cutlass::MatrixShape<(int)128, (int)128>, cutlass::integer_subbyte<(int)4, (bool)1>, cutlass::layout::RowMajorTensorOpMultiplicandCrosswise<(int)4, (int)128>, (int)0, cutlass::transform::PitchLinearWarpRakedThreadMap<cutlass::PitchLinearShape<(int)128, (int)128>, (int)128, cutlass::PitchLinearShape<(int)4, (int)8>, (int)32>, (int)16>, (cutlass::arch::CacheOperation::Kind)0, cutlass::conv::threadblock::Conv2dFpropFilterTileAccessIteratorOptimized<cutlass::MatrixShape<(int)128, (int)128>, cutlass::integer_subbyte<(int)4, (bool)1>, cutlass::layout::TensorNHWC, cutlass::transform::PitchLinearWarpRakedThreadMap<cutlass::PitchLinearShape<(int)128, (int)128>, (int)128, cutlass::PitchLinearShape<(int)4, (int)8>, (int)32>, cutlass::AlignedArray<cutlass::integer_subbyte<(int)4, (bool)1>, (int)32, (int)16>, (bool)0>, cutlass::transform::threadblock::RegularTileAccessIterator<cutlass::MatrixShape<(int)128, (int)128>, cutlass::integer_subbyte<(int)4, (bool)1>, cutlass::layout::ColumnMajorTensorOpMultiplicandCrosswise<(int)4, (int)128>, (int)1, cutlass::transform::PitchLinearWarpRakedThreadMap<cutlass::PitchLinearShape<(int)128, (int)128>, (int)128, cutlass::PitchLinearShape<(int)4, (int)8>, (int)32>, (int)16>, (cutlass::arch::CacheOperation::Kind)1, cutlass::gemm::threadblock::MmaPolicy<cutlass::gemm::warp::MmaTensorOp<cutlass::gemm::GemmShape<(int)64, (int)64, (int)128>, cutlass::integer_subbyte<(int)4, (bool)1>, cutlass::layout::RowMajorTensorOpMultiplicandCrosswise<(int)4, (int)128>, cutlass::integer_subbyte<(int)4, (bool)1>, cutlass::layout::ColumnMajorTensorOpMultiplicandCrosswise<(int)4, (int)128>, int, cutlass::layout::RowMajor, cutlass::gemm::warp::MmaTensorOpPolicy<cutlass::arch::Mma<cutlass::gemm::GemmShape<(int)16, (int)8, (int)64>, (int)32, cutlass::integer_subbyte<(int)4, (bool)1>, cutlass::layout::RowMajor, cutlass::integer_subbyte<(int)4, (bool)1>, cutlass::layout::ColumnMajor, int, cutlass::layout::RowMajor, cutlass::arch::OpMultiplyAddSaturate>, cutlass::MatrixShape<(int)1, (int)1>>, (int)1, (bool)0, bool>, cutlass::MatrixShape<(int)0, (int)0>, cutlass::MatrixShape<(int)0, (int)0>, (int)1>, (int)3, bool>, cutlass::epilogue::threadblock::EpilogueWithVisitorCallbacks<cutlass::epilogue::threadblock::Epilogue<cutlass::gemm::GemmShape<(int)128, (int)128, (int)128>, cutlass::gemm::warp::MmaTensorOp<cutlass::gemm::GemmShape<(int)64, (int)64, (int)128>, cutlass::integer_subbyte<(int)4, (bool)1>, cutlass::layout::RowMajorTensorOpMultiplicandCrosswise<(int)4, (int)128>, cutlass::integer_subbyte<(int)4, (bool)1>, cutlass::layout::ColumnMajorTensorOpMultiplicandCrosswise<(int)4, (int)128>, int, cutlass::layout::RowMajor, cutlass::gemm::warp::MmaTensorOpPolicy<cutlass::arch::Mma<cutlass::gemm::GemmShape<(int)16, (int)8, (int)64>, (int)32, cutlass::integer_subbyte<(int)4, (bool)1>, cutlass::layout::RowMajor, cutlass::integer_subbyte<(int)4, (bool)1>, cutlass::layout::ColumnMajor, int, cutlass::layout::RowMajor, cutlass::arch::OpMultiplyAddSaturate>, cutlass::MatrixShape<(int)1, (int)1>>, (int)1, (bool)0, bool>, (int)1, cutlass::epilogue::threadblock::PredicatedTileIteratorConv<cutlass::epilogue::threadblock::OutputTileOptimalThreadMap<cutlass::epilogue::threadblock::OutputTileShape<(int)128, (int)8, (int)2, (int)1, (int)1>, cutlass::epilogue::threadblock::OutputTileShape<(int)1, (int)8, (int)1, (int)1, (int)8>, (int)128, (int)8, (int)16>, cutlass::half_t, (bool)0, cutlass::layout::NoPermute, (bool)0, (int)4>, cutlass::epilogue::warp::FragmentIteratorTensorOp<cutlass::gemm::GemmShape<(int)64, (int)64, (int)128>, cutlass::gemm::GemmShape<(int)16, (int)8, (int)64>, int, cutlass::Array<int, (int)4, (bool)1>, cutlass::layout::RowMajor>, cutlass::epilogue::warp::TileIteratorTensorOpMixed<cutlass::gemm::GemmShape<(int)64, (int)64, (int)128>, cutlass::gemm::GemmShape<(int)16, (int)8, (int)64>, int, (int)32, (int)16, (int)8, (int)8, (bool)0>, cutlass::epilogue::threadblock::SharedLoadIteratorMixed<cutlass::epilogue::threadblock::OutputTileOptimalThreadMap<cutlass::epilogue::threadblock::OutputTileShape<(int)128, (int)8, (int)2, (int)1, (int)1>, cutlass::epilogue::threadblock::OutputTileShape<(int)1, (int)8, (int)1, (int)1, (int)8>, (int)128, (int)8, (int)16>::CompactedThreadMap, int, (int)32, (int)16, (int)8, (int)8, (bool)0>, cutlass::epilogue::thread::LinearCombination<cutlass::half_t, (int)8, int, float, (cutlass::epilogue::thread::ScaleType::Kind)0, (cutlass::FloatRoundStyle)2, cutlass::half_t>, cutlass::MatrixShape<(int)0, (int)8>, (int)2, (int)1>, cutlass::epilogue::threadblock::TreeVisitor2x<cutlass::epilogue::threadblock::VisitorAuxStore<cutlass::epilogue::threadblock::OutputTileThreadLayout<cutlass::gemm::GemmShape<(int)128, (int)128, (int)128>, cutlass::gemm::GemmShape<(int)64, (int)64, (int)128>, cutlass::half_t, (int)8, (int)1>, cutlass::half_t, (cutlass::FloatRoundStyle)2, cute::tuple<long, cute::C<(int)1>, long>>, cutlass::epilogue::threadblock::TreeVisitor2x<cutlass::epilogue::threadblock::VisitorCompute<cutlass::plus, float, float, (cutlass::FloatRoundStyle)2, void>, cutlass::epilogue::threadblock::TreeVisitor2x<cutlass::epilogue::threadblock::VisitorCompute<cutlass::plus, float, float, (cutlass::FloatRoundStyle)2, void>, cutlass::epilogue::threadblock::TreeVisitor2x<cutlass::epilogue::threadblock::VisitorCompute<cutlass::multiplies, float, float, (cutlass::FloatRoundStyle)2, void>, cutlass::epilogue::threadblock::TreeVisitor2x<cutlass::epilogue::threadblock::VisitorCompute<cutlass::multiplies, float, float, (cutlass::FloatRoundStyle)2, void>, cutlass::epilogue::threadblock::VisitorAccFetch, cutlass::epilogue::threadblock::VisitorScalarBroadcast<float, cute::tuple<cute::C<(int)0>, cute::C<(int)0>, cute::C<(int)0>>, (int)1, cutlass::multiplies>>, cutlass::epilogue::threadblock::VisitorRowBroadcast<cutlass::epilogue::threadblock::OutputTileThreadLayout<cutlass::gemm::GemmShape<(int)128, (int)128, (int)128>, cutlass::gemm::GemmShape<(int)64, (int)64, (int)128>, cutlass::half_t, (int)8, (int)1>, float, cute::tuple<cute::C<(int)0>, cute::C<(int)1>, int>, (bool)1>>, cutlass::epilogue::threadblock::VisitorRowBroadcast<cutlass::epilogue::threadblock::OutputTileThreadLayout<cutlass::gemm::GemmShape<(int)128, (int)128, (int)128>, cutlass::gemm::GemmShape<(int)64, (int)64, (int)128>, cutlass::half_t, (int)8, (int)1>, float, cute::tuple<cute::C<(int)0>, cute::C<(int)1>, int>, (bool)1>>, cutlass::epilogue::threadblock::VisitorAuxLoad<cutlass::epilogue::threadblock::OutputTileThreadLayout<cutlass::gemm::GemmShape<(int)128, (int)128, (int)128>, cutlass::gemm::GemmShape<(int)64, (int)64, (int)128>, cutlass::half_t, (int)8, (int)1>, cutlass::half_t, cute::tuple<long, cute::C<(int)1>, long>>>>, (int)1, (int)1>, cutlass::gemm::threadblock::GemmIdentityThreadblockSwizzle<(int)1>, (cutlass::conv::Operator)0, cutlass::conv::Conv2dProblemSize>>(T1::Params)",3255312.0
L|resblock_plain|C1152|T64,"void cutlass::Kernel<modiff::ImplicitGemmConvolutionEVT<cutlass::conv::threadblock::ImplicitGemmMultistage<cutlass::gemm::GemmShape<(int)128, (int)128, (int)128>, cutlass::conv::threadblock::Conv2dFpropActivationTileAccessIteratorOptimized<cutlass::MatrixShape<(int)128, (int)128>, cutlass::integer_subbyte<(int)4, (bool)1>, cutlass::layout::TensorNHWC, cutlass::transform::PitchLinearWarpRakedThreadMap<cutlass::PitchLinearShape<(int)128, (int)128>, (int)128, cutlass::PitchLinearShape<(int)4, (int)8>, (int)32>, cutlass::AlignedArray<cutlass::integer_subbyte<(int)4, (bool)1>, (int)32, (int)16>>, cutlass::transform::threadblock::RegularTileAccessIterator<cutlass::MatrixShape<(int)128, (int)128>, cutlass::integer_subbyte<(int)4, (bool)1>, cutlass::layout::RowMajorTensorOpMultiplicandCrosswise<(int)4, (int)128>, (int)0, cutlass::transform::PitchLinearWarpRakedThreadMap<cutlass::PitchLinearShape<(int)128, (int)128>, (int)128, cutlass::PitchLinearShape<(int)4, (int)8>, (int)32>, (int)16>, (cutlass::arch::CacheOperation::Kind)0, cutlass::conv::threadblock::Conv2dFpropFilterTileAccessIteratorOptimized<cutlass::MatrixShape<(int)128, (int)128>, cutlass::integer_subbyte<(int)4, (bool)1>, cutlass::layout::TensorNHWC, cutlass::transform::PitchLinearWarpRakedThreadMap<cutlass::PitchLinearShape<(int)128, (int)128>, (int)128, cutlass::PitchLinearShape<(int)4, (int)8>, (int)32>, cutlass::AlignedArray<cutlass::integer_subbyte<(int)4, (bool)1>, (int)32, (int)16>, (bool)0>, cutlass::transform::threadblock::RegularTileAccessIterator<cutlass::MatrixShape<(int)128, (int)128>, cutlass::integer_subbyte<(int)4, (bool)1>, cutlass::layout::ColumnMajorTensorOpMultiplicandCrosswise<(int)4, (int)128>, (int)1, cutlass::transform::PitchLinearWarpRakedThreadMap<cutlass::PitchLinearShape<(int)128, (int)128>, (int)128, cutlass::PitchLinearShape<(int)4, (int)8>, (int)32>, (int)16>, (cutlass::arch::CacheOperation::Kind)1, cutlass::gemm::threadblock::MmaPolicy<cutlass::gemm::warp::MmaTensorOp<cutlass::gemm::GemmShape<(int)64, (int)64, (int)128>, cutlass::integer_subbyte<(int)4, (bool)1>, cutlass::layout::RowMajorTensorOpMultiplicandCrosswise<(int)4, (int)128>, cutlass::integer_subbyte<(int)4, (bool)1>, cutlass::layout::ColumnMajorTensorOpMultiplicandCrosswise<(int)4, (int)128>, int, cutlass::layout::RowMajor, cutlass::gemm::warp::MmaTensorOpPolicy<cutlass::arch::Mma<cutlass::gemm::GemmShape<(int)16, (int)8, (int)64>, (int)32, cutlass::integer_subbyte<(int)4, (bool)1>, cutlass::layout::RowMajor, cutlass::integer_subbyte<(int)4, (bool)1>, cutlass::layout::ColumnMajor, int, cutlass::layout::RowMajor, cutlass::arch::OpMultiplyAddSaturate>, cutlass::MatrixShape<(int)1, (int)1>>, (int)1, (bool)0, bool>, cutlass::MatrixShape<(int)0, (int)0>, cutlass::MatrixShape<(int)0, (int)0>, (int)1>, (int)3, bool>, cutlass::epilogue::threadblock::EpilogueWithVisitorCallbacks<cutlass::epilogue::threadblock::Epilogue<cutlass::gemm::GemmShape<(int)128, (int)128, (int)128>, cutlass::gemm::warp::MmaTensorOp<cutlass::gemm::GemmShape<(int)64, (int)64, (int)128>, cutlass::integer_subbyte<(int)4, (bool)1>, cutlass::layout::RowMajorTensorOpMultiplicandCrosswise<(int)4, (int)128>, cutlass::integer_subbyte<(int)4, (bool)1>, cutlass::layout::ColumnMajorTensorOpMultiplicandCrosswise<(int)4, (int)128>, int, cutlass::layout::RowMajor, cutlass::gemm::warp::MmaTensorOpPolicy<cutlass::arch::Mma<cutlass::gemm::GemmShape<(int)16, (int)8, (int)64>, (int)32, cutlass::integer_subbyte<(int)4, (bool)1>, cutlass::layout::RowMajor, cutlass::integer_subbyte<(int)4, (bool)1>, cutlass::layout::ColumnMajor, int, cutlass::layout::RowMajor, cutlass::arch::OpMultiplyAddSaturate>, cutlass::MatrixShape<(int)1, (int)1>>, (int)1, (bool)0, bool>, (int)1, cutlass::epilogue::threadblock::PredicatedTileIteratorConv<cutlass::epilogue::threadblock::OutputTileOptimalThreadMap<cutlass::epilogue::threadblock::OutputTileShape<(int)128, (int)8, (int)2, (int)1, (int)1>, cutlass::epilogue::threadblock::OutputTileShape<(int)1, (int)8, (int)1, (int)1, (int)8>, (int)128, (int)8, (int)16>, cutlass::half_t, (bool)0, cutlass::layout::NoPermute, (bool)0, (int)4>, cutlass::epilogue::warp::FragmentIteratorTensorOp<cutlass::gemm::GemmShape<(int)64, (int)64, (int)128>, cutlass::gemm::GemmShape<(int)16, (int)8, (int)64>, int, cutlass::Array<int, (int)4, (bool)1>, cutlass::layout::RowMajor>, cutlass::epilogue::warp::TileIteratorTensorOpMixed<cutlass::gemm::GemmShape<(int)64, (int)64, (int)128>, cutlass::gemm::GemmShape<(int)16, (int)8, (int)64>, int, (int)32, (int)16, (int)8, (int)8, (bool)0>, cutlass::epilogue::threadblock::SharedLoadIteratorMixed<cutlass::epilogue::threadblock::OutputTileOptimalThreadMap<cutlass::epilogue::threadblock::OutputTileShape<(int)128, (int)8, (int)2, (int)1, (int)1>, cutlass::epilogue::threadblock::OutputTileShape<(int)1, (int)8, (int)1, (int)1, (int)8>, (int)128, (int)8, (int)16>::CompactedThreadMap, int, (int)32, (int)16, (int)8, (int)8, (bool)0>, cutlass::epilogue::thread::LinearCombination<cutlass::half_t, (int)8, int, float, (cutlass::epilogue::thread::ScaleType::Kind)0, (cutlass::FloatRoundStyle)2, cutlass::half_t>, cutlass::MatrixShape<(int)0, (int)8>, (int)2, (int)1>, cutlass::epilogue::threadblock::TreeVisitor2x<cutlass::epilogue::threadblock::VisitorAuxStore<cutlass::epilogue::threadblock::OutputTileThreadLayout<cutlass::gemm::GemmShape<(int)128, (int)128, (int)128>, cutlass::gemm::GemmShape<(int)64, (int)64, (int)128>, cutlass::half_t, (int)8, (int)1>, cutlass::half_t, (cutlass::FloatRoundStyle)2, cute::tuple<long, cute::C<(int)1>, long>>, cutlass::epilogue::threadblock::TreeVisitor2x<cutlass::epilogue::threadblock::VisitorCompute<cutlass::plus, float, float, (cutlass::FloatRoundStyle)2, void>, cutlass::epilogue::threadblock::TreeVisitor2x<cutlass::epilogue::threadblock::VisitorCompute<cutlass::multiplies, float, float, (cutlass::FloatRoundStyle)2, void>, cutlass::epilogue::threadblock::TreeVisitor2x<cutlass::epilogue::threadblock::VisitorCompute<cutlass::multiplies, float, float, (cutlass::FloatRoundStyle)2, void>, cutlass::epilogue::threadblock::VisitorAccFetch, cutlass::epilogue::threadblock::VisitorScalarBroadcast<float, cute::tuple<cute::C<(int)0>, cute::C<(int)0>, cute::C<(int)0>>, (int)1, cutlass::multiplies>>, cutlass::epilogue::threadblock::VisitorRowBroadcast<cutlass::epilogue::threadblock::OutputTileThreadLayout<cutlass::gemm::GemmShape<(int)128, (int)128, (int)128>, cutlass::gemm::GemmShape<(int)64, (int)64, (int)128>, cutlass::half_t, (int)8, (int)1>, float, cute::tuple<cute::C<(int)0>, cute::C<(int)1>, int>, (bool)1>>, cutlass::epilogue::threadblock::VisitorRowBroadcast<cutlass::epilogue::threadblock::OutputTileThreadLayout<cutlass::gemm::GemmShape<(int)128, (int)128, (int)128>, cutlass::gemm::GemmShape<(int)64, (int)64, (int)128>, cutlass::half_t, (int)8, (int)1>, float, cute::tuple<cute::C<(int)0>, cute::C<(int)1>, int>, (bool)1>>>, (int)1, (int)1>, cutlass::gemm::threadblock::GemmIdentityThreadblockSwizzle<(int)1>, (cutlass::conv::Operator)0, cutlass::conv::Conv2dProblemSize>>(T1::Params)",3194516.0
L|attention|C384|T64,"void flash_attn_int4_mma_kernel_t<(int)64, (int)32, (int)4, (bool)1>(const signed char *, const signed char *, const signed char *, const float *, const float *, const float *, __half *, int, int, int, int, int, int, float, signed char *, float, int, float, const __half *, int, float, bool)",3142225.0
L|resblock_plain|C768|T4,"void cutlass::Kernel<modiff::ImplicitGemmConvolutionEVT<cutlass::conv::threadblock::ImplicitGemmMultistage<cutlass::gemm::GemmShape<(int)128, (int)128, (int)128>, cutlass::conv::threadblock::Conv2dFpropActivationTileAccessIteratorOptimized<cutlass::MatrixShape<(int)128, (int)128>, cutlass::integer_subbyte<(int)4, (bool)1>, cutlass::layout::TensorNHWC, cutlass::transform::PitchLinearWarpRakedThreadMap<cutlass::PitchLinearShape<(int)128, (int)128>, (int)128, cutlass::PitchLinearShape<(int)4, (int)8>, (int)32>, cutlass::AlignedArray<cutlass::integer_subbyte<(int)4, (bool)1>, (int)32, (int)16>>, cutlass::transform::threadblock::RegularTileAccessIterator<cutlass::MatrixShape<(int)128, (int)128>, cutlass::integer_subbyte<(int)4, (bool)1>, cutlass::layout::RowMajorTensorOpMultiplicandCrosswise<(int)4, (int)128>, (int)0, cutlass::transform::PitchLinearWarpRakedThreadMap<cutlass::PitchLinearShape<(int)128, (int)128>, (int)128, cutlass::PitchLinearShape<(int)4, (int)8>, (int)32>, (int)16>, (cutlass::arch::CacheOperation::Kind)0, cutlass::conv::threadblock::Conv2dFpropFilterTileAccessIteratorOptimized<cutlass::MatrixShape<(int)128, (int)128>, cutlass::integer_subbyte<(int)4, (bool)1>, cutlass::layout::TensorNHWC, cutlass::transform::PitchLinearWarpRakedThreadMap<cutlass::PitchLinearShape<(int)128, (int)128>, (int)128, cutlass::PitchLinearShape<(int)4, (int)8>, (int)32>, cutlass::AlignedArray<cutlass::integer_subbyte<(int)4, (bool)1>, (int)32, (int)16>, (bool)0>, cutlass::transform::threadblock::RegularTileAccessIterator<cutlass::MatrixShape<(int)128, (int)128>, cutlass::integer_subbyte<(int)4, (bool)1>, cutlass::layout::ColumnMajorTensorOpMultiplicandCrosswise<(int)4, (int)128>, (int)1, cutlass::transform::PitchLinearWarpRakedThreadMap<cutlass::PitchLinearShape<(int)128, (int)128>, (int)128, cutlass::PitchLinearShape<(int)4, (int)8>, (int)32>, (int)16>, (cutlass::arch::CacheOperation::Kind)1, cutlass::gemm::threadblock::MmaPolicy<cutlass::gemm::warp::MmaTensorOp<cutlass::gemm::GemmShape<(int)64, (int)64, (int)128>, cutlass::integer_subbyte<(int)4, (bool)1>, cutlass::layout::RowMajorTensorOpMultiplicandCrosswise<(int)4, (int)128>, cutlass::integer_subbyte<(int)4, (bool)1>, cutlass::layout::ColumnMajorTensorOpMultiplicandCrosswise<(int)4, (int)128>, int, cutlass::layout::RowMajor, cutlass::gemm::warp::MmaTensorOpPolicy<cutlass::arch::Mma<cutlass::gemm::GemmShape<(int)16, (int)8, (int)64>, (int)32, cutlass::integer_subbyte<(int)4, (bool)1>, cutlass::layout::RowMajor, cutlass::integer_subbyte<(int)4, (bool)1>, cutlass::layout::ColumnMajor, int, cutlass::layout::RowMajor, cutlass::arch::OpMultiplyAddSaturate>, cutlass::MatrixShape<(int)1, (int)1>>, (int)1, (bool)0, bool>, cutlass::MatrixShape<(int)0, (int)0>, cutlass::MatrixShape<(int)0, (int)0>, (int)1>, (int)3, bool>, cutlass::epilogue::threadblock::EpilogueWithVisitorCallbacks<cutlass::epilogue::threadblock::Epilogue<cutlass::gemm::GemmShape<(int)128, (int)128, (int)128>, cutlass::gemm::warp::MmaTensorOp<cutlass::gemm::GemmShape<(int)64, (int)64, (int)128>, cutlass::integer_subbyte<(int)4, (bool)1>, cutlass::layout::RowMajorTensorOpMultiplicandCrosswise<(int)4, (int)128>, cutlass::integer_subbyte<(int)4, (bool)1>, cutlass::layout::ColumnMajorTensorOpMultiplicandCrosswise<(int)4, (int)128>, int, cutlass::layout::RowMajor, cutlass::gemm::warp::MmaTensorOpPolicy<cutlass::arch::Mma<cutlass::gemm::GemmShape<(int)16, (int)8, (int)64>, (int)32, cutlass::integer_subbyte<(int)4, (bool)1>, cutlass::layout::RowMajor, cutlass::integer_subbyte<(int)4, (bool)1>, cutlass::layout::ColumnMajor, int, cutlass::layout::RowMajor, cutlass::arch::OpMultiplyAddSaturate>, cutlass::MatrixShape<(int)1, (int)1>>, (int)1, (bool)0, bool>, (int)1, cutlass::epilogue::threadblock::PredicatedTileIteratorConv<cutlass::epilogue::threadblock::OutputTileOptimalThreadMap<cutlass::epilogue::threadblock::OutputTileShape<(int)128, (int)8, (int)2, (int)1, (int)1>, cutlass::epilogue::threadblock::OutputTileShape<(int)1, (int)8, (int)1, (int)1, (int)8>, (int)128, (int)8, (int)16>, cutlass::half_t, (bool)0, cutlass::layout::NoPermute, (bool)0, (int)4>, cutlass::epilogue::warp::FragmentIteratorTensorOp<cutlass::gemm::GemmShape<(int)64, (int)64, (int)128>, cutlass::gemm::GemmShape<(int)16, (int)8, (int)64>, int, cutlass::Array<int, (int)4, (bool)1>, cutlass::layout::RowMajor>, cutlass::epilogue::warp::TileIteratorTensorOpMixed<cutlass::gemm::GemmShape<(int)64, (int)64, (int)128>, cutlass::gemm::GemmShape<(int)16, (int)8, (int)64>, int, (int)32, (int)16, (int)8, (int)8, (bool)0>, cutlass::epilogue::threadblock::SharedLoadIteratorMixed<cutlass::epilogue::threadblock::OutputTileOptimalThreadMap<cutlass::epilogue::threadblock::OutputTileShape<(int)128, (int)8, (int)2, (int)1, (int)1>, cutlass::epilogue::threadblock::OutputTileShape<(int)1, (int)8, (int)1, (int)1, (int)8>, (int)128, (int)8, (int)16>::CompactedThreadMap, int, (int)32, (int)16, (int)8, (int)8, (bool)0>, cutlass::epilogue::thread::LinearCombination<cutlass::half_t, (int)8, int, float, (cutlass::epilogue::thread::ScaleType::Kind)0, (cutlass::FloatRoundStyle)2, cutlass::half_t>, cutlass::MatrixShape<(int)0, (int)8>, (int)2, (int)1>, cutlass::epilogue::threadblock::TreeVisitor2x<cutlass::epilogue::threadblock::VisitorAuxStore<cutlass::epilogue::threadblock::OutputTileThreadLayout<cutlass::gemm::GemmShape<(int)128, (int)128, (int)128>, cutlass::gemm::GemmShape<(int)64, (int)64, (int)128>, cutlass::half_t, (int)8, (int)1>, cutlass::half_t, (cutlass::FloatRoundStyle)2, cute::tuple<long, cute::C<(int)1>, long>>, cutlass::epilogue::threadblock::TreeVisitor2x<cutlass::epilogue::threadblock::VisitorCompute<cutlass::plus, float, float, (cutlass::FloatRoundStyle)2, void>, cutlass::epilogue::threadblock::TreeVisitor2x<cutlass::epilogue::threadblock::VisitorCompute<cutlass::multiplies, float, float, (cutlass::FloatRoundStyle)2, void>, cutlass::epilogue::threadblock::TreeVisitor2x<cutlass::epilogue::threadblock::VisitorCompute<cutlass::multiplies, float, float, (cutlass::FloatRoundStyle)2, void>, cutlass::epilogue::threadblock::VisitorAccFetch, cutlass::epilogue::threadblock::VisitorScalarBroadcast<float, cute::tuple<cute::C<(int)0>, cute::C<(int)0>, cute::C<(int)0>>, (int)1, cutlass::multiplies>>, cutlass::epilogue::threadblock::VisitorRowBroadcast<cutlass::epilogue::threadblock::OutputTileThreadLayout<cutlass::gemm::GemmShape<(int)128, (int)128, (int)128>, cutlass::gemm::GemmShape<(int)64, (int)64, (int)128>, cutlass::half_t, (int)8, (int)1>, float, cute::tuple<cute::C<(int)0>, cute::C<(int)1>, int>, (bool)1>>, cutlass::epilogue::threadblock::VisitorRowBroadcast<cutlass::epilogue::threadblock::OutputTileThreadLayout<cutlass::gemm::GemmShape<(int)128, (int)128, (int)128>, cutlass::gemm::GemmShape<(int)64, (int)64, (int)128>, cutlass::half_t, (int)8, (int)1>, float, cute::tuple<cute::C<(int)0>, cute::C<(int)1>, int>, (bool)1>>>, (int)1, (int)1>, cutlass::gemm::threadblock::GemmIdentityThreadblockSwizzle<(int)1>, (cutlass::conv::Operator)0, cutlass::conv::Conv2dProblemSize>>(T1::Params)",3069590.0
L|resblock_plain|C1536|T16,"void cutlass::Kernel<modiff::ImplicitGemmConvolutionEVT<cutlass::conv::threadblock::ImplicitGemmMultistage<cutlass::gemm::GemmShape<(int)128, (int)128, (int)128>, cutlass::conv::threadblock::Conv2dFpropActivationTileAccessIteratorOptimized<cutlass::MatrixShape<(int)128, (int)128>, cutlass::integer_subbyte<(int)4, (bool)1>, cutlass::layout::TensorNHWC, cutlass::transform::PitchLinearWarpRakedThreadMap<cutlass::PitchLinearShape<(int)128, (int)128>, (int)128, cutlass::PitchLinearShape<(int)4, (int)8>, (int)32>, cutlass::AlignedArray<cutlass::integer_subbyte<(int)4, (bool)1>, (int)32, (int)16>>, cutlass::transform::threadblock::RegularTileAccessIterator<cutlass::MatrixShape<(int)128, (int)128>, cutlass::integer_subbyte<(int)4, (bool)1>, cutlass::layout::RowMajorTensorOpMultiplicandCrosswise<(int)4, (int)128>, (int)0, cutlass::transform::PitchLinearWarpRakedThreadMap<cutlass::PitchLinearShape<(int)128, (int)128>, (int)128, cutlass::PitchLinearShape<(int)4, (int)8>, (int)32>, (int)16>, (cutlass::arch::CacheOperation::Kind)0, cutlass::conv::threadblock::Conv2dFpropFilterTileAccessIteratorOptimized<cutlass::MatrixShape<(int)128, (int)128>, cutlass::integer_subbyte<(int)4, (bool)1>, cutlass::layout::TensorNHWC, cutlass::transform::PitchLinearWarpRakedThreadMap<cutlass::PitchLinearShape<(int)128, (int)128>, (int)128, cutlass::PitchLinearShape<(int)4, (int)8>, (int)32>, cutlass::AlignedArray<cutlass::integer_subbyte<(int)4, (bool)1>, (int)32, (int)16>, (bool)0>, cutlass::transform::threadblock::RegularTileAccessIterator<cutlass::MatrixShape<(int)128, (int)128>, cutlass::integer_subbyte<(int)4, (bool)1>, cutlass::layout::ColumnMajorTensorOpMultiplicandCrosswise<(int)4, (int)128>, (int)1, cutlass::transform::PitchLinearWarpRakedThreadMap<cutlass::PitchLinearShape<(int)128, (int)128>, (int)128, cutlass::PitchLinearShape<(int)4, (int)8>, (int)32>, (int)16>, (cutlass::arch::CacheOperation::Kind)1, cutlass::gemm::threadblock::MmaPolicy<cutlass::gemm::warp::MmaTensorOp<cutlass::gemm::GemmShape<(int)64, (int)64, (int)128>, cutlass::integer_subbyte<(int)4, (bool)1>, cutlass::layout::RowMajorTensorOpMultiplicandCrosswise<(int)4, (int)128>, cutlass::integer_subbyte<(int)4, (bool)1>, cutlass::layout::ColumnMajorTensorOpMultiplicandCrosswise<(int)4, (int)128>, int, cutlass::layout::RowMajor, cutlass::gemm::warp::MmaTensorOpPolicy<cutlass::arch::Mma<cutlass::gemm::GemmShape<(int)16, (int)8, (int)64>, (int)32, cutlass::integer_subbyte<(int)4, (bool)1>, cutlass::layout::RowMajor, cutlass::integer_subbyte<(int)4, (bool)1>, cutlass::layout::ColumnMajor, int, cutlass::layout::RowMajor, cutlass::arch::OpMultiplyAddSaturate>, cutlass::MatrixShape<(int)1, (int)1>>, (int)1, (bool)0, bool>, cutlass::MatrixShape<(int)0, (int)0>, cutlass::MatrixShape<(int)0, (int)0>, (int)1>, (int)3, bool>, cutlass::epilogue::threadblock::EpilogueWithVisitorCallbacks<cutlass::epilogue::threadblock::Epilogue<cutlass::gemm::GemmShape<(int)128, (int)128, (int)128>, cutlass::gemm::warp::MmaTensorOp<cutlass::gemm::GemmShape<(int)64, (int)64, (int)128>, cutlass::integer_subbyte<(int)4, (bool)1>, cutlass::layout::RowMajorTensorOpMultiplicandCrosswise<(int)4, (int)128>, cutlass::integer_subbyte<(int)4, (bool)1>, cutlass::layout::ColumnMajorTensorOpMultiplicandCrosswise<(int)4, (int)128>, int, cutlass::layout::RowMajor, cutlass::gemm::warp::MmaTensorOpPolicy<cutlass::arch::Mma<cutlass::gemm::GemmShape<(int)16, (int)8, (int)64>, (int)32, cutlass::integer_subbyte<(int)4, (bool)1>, cutlass::layout::RowMajor, cutlass::integer_subbyte<(int)4, (bool)1>, cutlass::layout::ColumnMajor, int, cutlass::layout::RowMajor, cutlass::arch::OpMultiplyAddSaturate>, cutlass::MatrixShape<(int)1, (int)1>>, (int)1, (bool)0, bool>, (int)1, cutlass::epilogue::threadblock::PredicatedTileIteratorConv<cutlass::epilogue::threadblock::OutputTileOptimalThreadMap<cutlass::epilogue::threadblock::OutputTileShape<(int)128, (int)8, (int)2, (int)1, (int)1>, cutlass::epilogue::threadblock::OutputTileShape<(int)1, (int)8, (int)1, (int)1, (int)8>, (int)128, (int)8, (int)16>, cutlass::half_t, (bool)0, cutlass::layout::NoPermute, (bool)0, (int)4>, cutlass::epilogue::warp::FragmentIteratorTensorOp<cutlass::gemm::GemmShape<(int)64, (int)64, (int)128>, cutlass::gemm::GemmShape<(int)16, (int)8, (int)64>, int, cutlass::Array<int, (int)4, (bool)1>, cutlass::layout::RowMajor>, cutlass::epilogue::warp::TileIteratorTensorOpMixed<cutlass::gemm::GemmShape<(int)64, (int)64, (int)128>, cutlass::gemm::GemmShape<(int)16, (int)8, (int)64>, int, (int)32, (int)16, (int)8, (int)8, (bool)0>, cutlass::epilogue::threadblock::SharedLoadIteratorMixed<cutlass::epilogue::threadblock::OutputTileOptimalThreadMap<cutlass::epilogue::threadblock::OutputTileShape<(int)128, (int)8, (int)2, (int)1, (int)1>, cutlass::epilogue::threadblock::OutputTileShape<(int)1, (int)8, (int)1, (int)1, (int)8>, (int)128, (int)8, (int)16>::CompactedThreadMap, int, (int)32, (int)16, (int)8, (int)8, (bool)0>, cutlass::epilogue::thread::LinearCombination<cutlass::half_t, (int)8, int, float, (cutlass::epilogue::thread::ScaleType::Kind)0, (cutlass::FloatRoundStyle)2, cutlass::half_t>, cutlass::MatrixShape<(int)0, (int)8>, (int)2, (int)1>, cutlass::epilogue::threadblock::TreeVisitor2x<cutlass::epilogue::threadblock::VisitorAuxStore<cutlass::epilogue::threadblock::OutputTileThreadLayout<cutlass::gemm::GemmShape<(int)128, (int)128, (int)128>, cutlass::gemm::GemmShape<(int)64, (int)64, (int)128>, cutlass::half_t, (int)8, (int)1>, cutlass::half_t, (cutlass::FloatRoundStyle)2, cute::tuple<long, cute::C<(int)1>, long>>, cutlass::epilogue::threadblock::TreeVisitor2x<cutlass::epilogue::threadblock::VisitorCompute<cutlass::plus, float, float, (cutlass::FloatRoundStyle)2, void>, cutlass::epilogue::threadblock::TreeVisitor2x<cutlass::epilogue::threadblock::VisitorCompute<cutlass::plus, float, float, (cutlass::FloatRoundStyle)2, void>, cutlass::epilogue::threadblock::TreeVisitor2x<cutlass::epilogue::threadblock::VisitorCompute<cutlass::multiplies, float, float, (cutlass::FloatRoundStyle)2, void>, cutlass::epilogue::threadblock::TreeVisitor2x<cutlass::epilogue::threadblock::VisitorCompute<cutlass::multiplies, float, float, (cutlass::FloatRoundStyle)2, void>, cutlass::epilogue::threadblock::VisitorAccFetch, cutlass::epilogue::threadblock::VisitorScalarBroadcast<float, cute::tuple<cute::C<(int)0>, cute::C<(int)0>, cute::C<(int)0>>, (int)1, cutlass::multiplies>>, cutlass::epilogue::threadblock::VisitorRowBroadcast<cutlass::epilogue::threadblock::OutputTileThreadLayout<cutlass::gemm::GemmShape<(int)128, (int)128, (int)128>, cutlass::gemm::GemmShape<(int)64, (int)64, (int)128>, cutlass::half_t, (int)8, (int)1>, float, cute::tuple<cute::C<(int)0>, cute::C<(int)1>, int>, (bool)1>>, cutlass::epilogue::threadblock::VisitorRowBroadcast<cutlass::epilogue::threadblock::OutputTileThreadLayout<cutlass::gemm::GemmShape<(int)128, (int)128, (int)128>, cutlass::gemm::GemmShape<(int)64, (int)64, (int)128>, cutlass::half_t, (int)8, (int)1>, float, cute::tuple<cute::C<(int)0>, cute::C<(int)1>, int>, (bool)1>>, cutlass::epilogue::threadblock::VisitorAuxLoad<cutlass::epilogue::threadblock::OutputTileThreadLayout<cutlass::gemm::GemmShape<(int)128, (int)128, (int)128>, cutlass::gemm::GemmShape<(int)64, (int)64, (int)128>, cutlass::half_t, (int)8, (int)1>, cutlass::half_t, cute::tuple<long, cute::C<(int)1>, long>>>>, (int)1, (int)1>, cutlass::gemm::threadblock::GemmIdentityThreadblockSwizzle<(int)1>, (cutlass::conv::Operator)0, cutlass::conv::Conv2dProblemSize>>(T1::Params)",3003253.0
L|resblock_plain|C576|T256,sm86_xmma_fprop_implicit_gemm_f16f16_f16f32_f32_nhwckrsc_nhwc_tilesize128x128x32_stage3_warpsize2x2x1_g1_tensor16x8x16_t1r1s1_execute_kernel__5x_cudnn,2882319.0
L|attention|C384|T64,"void group_norm_silu_quantize_pack_nhwc_vec2_kernel<__half, (bool)1>(const T1 *, signed char *, const T1 *, const T1 *, const T1 *, const T1 *, const float *, const float *, int, long, int, float, bool, int)",2845325.0
L|resblock_plain|C192|T256,"void cutlass::Kernel<modiff::ImplicitGemmConvolutionEVT<cutlass::conv::threadblock::ImplicitGemmMultistage<cutlass::gemm::GemmShape<(int)128, (int)128, (int)128>, cutlass::conv::threadblock::Conv2dFpropActivationTileAccessIteratorOptimized<cutlass::MatrixShape<(int)128, (int)128>, cutlass::integer_subbyte<(int)4, (bool)1>, cutlass::layout::TensorNHWC, cutlass::transform::PitchLinearWarpRakedThreadMap<cutlass::PitchLinearShape<(int)128, (int)128>, (int)128, cutlass::PitchLinearShape<(int)4, (int)8>, (int)32>, cutlass::AlignedArray<cutlass::integer_subbyte<(int)4, (bool)1>, (int)32, (int)16>>, cutlass::transform::threadblock::RegularTileAccessIterator<cutlass::MatrixShape<(int)128, (int)128>, cutlass::integer_subbyte<(int)4, (bool)1>, cutlass::layout::RowMajorTensorOpMultiplicandCrosswise<(int)4, (int)128>, (int)0, cutlass::transform::PitchLinearWarpRakedThreadMap<cutlass::PitchLinearShape<(int)128, (int)128>, (int)128, cutlass::PitchLinearShape<(int)4, (int)8>, (int)32>, (int)16>, (cutlass::arch::CacheOperation::Kind)0, cutlass::conv::threadblock::Conv2dFpropFilterTileAccessIteratorOptimized<cutlass::MatrixShape<(int)128, (int)128>, cutlass::integer_subbyte<(int)4, (bool)1>, cutlass::layout::TensorNHWC, cutlass::transform::PitchLinearWarpRakedThreadMap<cutlass::PitchLinearShape<(int)128, (int)128>, (int)128, cutlass::PitchLinearShape<(int)4, (int)8>, (int)32>, cutlass::AlignedArray<cutlass::integer_subbyte<(int)4, (bool)1>, (int)32, (int)16>, (bool)0>, cutlass::transform::threadblock::RegularTileAccessIterator<cutlass::MatrixShape<(int)128, (int)128>, cutlass::integer_subbyte<(int)4, (bool)1>, cutlass::layout::ColumnMajorTensorOpMultiplicandCrosswise<(int)4, (int)128>, (int)1, cutlass::transform::PitchLinearWarpRakedThreadMap<cutlass::PitchLinearShape<(int)128, (int)128>, (int)128, cutlass::PitchLinearShape<(int)4, (int)8>, (int)32>, (int)16>, (cutlass::arch::CacheOperation::Kind)1, cutlass::gemm::threadblock::MmaPolicy<cutlass::gemm::warp::MmaTensorOp<cutlass::gemm::GemmShape<(int)64, (int)64, (int)128>, cutlass::integer_subbyte<(int)4, (bool)1>, cutlass::layout::RowMajorTensorOpMultiplicandCrosswise<(int)4, (int)128>, cutlass::integer_subbyte<(int)4, (bool)1>, cutlass::layout::ColumnMajorTensorOpMultiplicandCrosswise<(int)4, (int)128>, int, cutlass::layout::RowMajor, cutlass::gemm::warp::MmaTensorOpPolicy<cutlass::arch::Mma<cutlass::gemm::GemmShape<(int)16, (int)8, (int)64>, (int)32, cutlass::integer_subbyte<(int)4, (bool)1>, cutlass::layout::RowMajor, cutlass::integer_subbyte<(int)4, (bool)1>, cutlass::layout::ColumnMajor, int, cutlass::layout::RowMajor, cutlass::arch::OpMultiplyAddSaturate>, cutlass::MatrixShape<(int)1, (int)1>>, (int)1, (bool)0, bool>, cutlass::MatrixShape<(int)0, (int)0>, cutlass::MatrixShape<(int)0, (int)0>, (int)1>, (int)3, bool>, cutlass::epilogue::threadblock::EpilogueWithVisitorCallbacks<cutlass::epilogue::threadblock::Epilogue<cutlass::gemm::GemmShape<(int)128, (int)128, (int)128>, cutlass::gemm::warp::MmaTensorOp<cutlass::gemm::GemmShape<(int)64, (int)64, (int)128>, cutlass::integer_subbyte<(int)4, (bool)1>, cutlass::layout::RowMajorTensorOpMultiplicandCrosswise<(int)4, (int)128>, cutlass::integer_subbyte<(int)4, (bool)1>, cutlass::layout::ColumnMajorTensorOpMultiplicandCrosswise<(int)4, (int)128>, int, cutlass::layout::RowMajor, cutlass::gemm::warp::MmaTensorOpPolicy<cutlass::arch::Mma<cutlass::gemm::GemmShape<(int)16, (int)8, (int)64>, (int)32, cutlass::integer_subbyte<(int)4, (bool)1>, cutlass::layout::RowMajor, cutlass::integer_subbyte<(int)4, (bool)1>, cutlass::layout::ColumnMajor, int, cutlass::layout::RowMajor, cutlass::arch::OpMultiplyAddSaturate>, cutlass::MatrixShape<(int)1, (int)1>>, (int)1, (bool)0, bool>, (int)1, cutlass::epilogue::threadblock::PredicatedTileIteratorConv<cutlass::epilogue::threadblock::OutputTileOptimalThreadMap<cutlass::epilogue::threadblock::OutputTileShape<(int)128, (int)8, (int)2, (int)1, (int)1>, cutlass::epilogue::threadblock::OutputTileShape<(int)1, (int)8, (int)1, (int)1, (int)8>, (int)128, (int)8, (int)16>, cutlass::half_t, (bool)0, cutlass::layout::NoPermute, (bool)0, (int)4>, cutlass::epilogue::warp::FragmentIteratorTensorOp<cutlass::gemm::GemmShape<(int)64, (int)64, (int)128>, cutlass::gemm::GemmShape<(int)16, (int)8, (int)64>, int, cutlass::Array<int, (int)4, (bool)1>, cutlass::layout::RowMajor>, cutlass::epilogue::warp::TileIteratorTensorOpMixed<cutlass::gemm::GemmShape<(int)64, (int)64, (int)128>, cutlass::gemm::GemmShape<(int)16, (int)8, (int)64>, int, (int)32, (int)16, (int)8, (int)8, (bool)0>, cutlass::epilogue::threadblock::SharedLoadIteratorMixed<cutlass::epilogue::threadblock::OutputTileOptimalThreadMap<cutlass::epilogue::threadblock::OutputTileShape<(int)128, (int)8, (int)2, (int)1, (int)1>, cutlass::epilogue::threadblock::OutputTileShape<(int)1, (int)8, (int)1, (int)1, (int)8>, (int)128, (int)8, (int)16>::CompactedThreadMap, int, (int)32, (int)16, (int)8, (int)8, (bool)0>, cutlass::epilogue::thread::LinearCombination<cutlass::half_t, (int)8, int, float, (cutlass::epilogue::thread::ScaleType::Kind)0, (cutlass::FloatRoundStyle)2, cutlass::half_t>, cutlass::MatrixShape<(int)0, (int)8>, (int)2, (int)1>, cutlass::epilogue::threadblock::TreeVisitor2x<cutlass::epilogue::threadblock::VisitorAuxStore<cutlass::epilogue::threadblock::OutputTileThreadLayout<cutlass::gemm::GemmShape<(int)128, (int)128, (int)128>, cutlass::gemm::GemmShape<(int)64, (int)64, (int)128>, cutlass::half_t, (int)8, (int)1>, cutlass::half_t, (cutlass::FloatRoundStyle)2, cute::tuple<long, cute::C<(int)1>, long>>, cutlass::epilogue::threadblock::TreeVisitor2x<cutlass::epilogue::threadblock::VisitorCompute<cutlass::plus, float, float, (cutlass::FloatRoundStyle)2, void>, cutlass::epilogue::threadblock::TreeVisitor2x<cutlass::epilogue::threadblock::VisitorCompute<cutlass::multiplies, float, float, (cutlass::FloatRoundStyle)2, void>, cutlass::epilogue::threadblock::TreeVisitor2x<cutlass::epilogue::threadblock::VisitorCompute<cutlass::multiplies, float, float, (cutlass::FloatRoundStyle)2, void>, cutlass::epilogue::threadblock::VisitorAccFetch, cutlass::epilogue::threadblock::VisitorScalarBroadcast<float, cute::tuple<cute::C<(int)0>, cute::C<(int)0>, cute::C<(int)0>>, (int)1, cutlass::multiplies>>, cutlass::epilogue::threadblock::VisitorRowBroadcast<cutlass::epilogue::threadblock::OutputTileThreadLayout<cutlass::gemm::GemmShape<(int)128, (int)128, (int)128>, cutlass::gemm::GemmShape<(int)64, (int)64, (int)128>, cutlass::half_t, (int)8, (int)1>, float, cute::tuple<cute::C<(int)0>, cute::C<(int)1>, int>, (bool)1>>, cutlass::epilogue::threadblock::VisitorRowBroadcast<cutlass::epilogue::threadblock::OutputTileThreadLayout<cutlass::gemm::GemmShape<(int)128, (int)128, (int)128>, cutlass::gemm::GemmShape<(int)64, (int)64, (int)128>, cutlass::half_t, (int)8, (int)1>, float, cute::tuple<cute::C<(int)0>, cute::C<(int)1>, int>, (bool)1>>>, (int)1, (int)1>, cutlass::gemm::threadblock::GemmIdentityThreadblockSwizzle<(int)1>, (cutlass::conv::Operator)0, cutlass::conv::Conv2dProblemSize>>(T1::Params)",2828785.0
L|resblock_updown|C384|T64,"void at::native::unrolled_elementwise_kernel<at::native::direct_copy_kernel_cuda(at::TensorIteratorBase &)::[lambda() (instance 3)]::operator ()() const::[lambda() (instance 10)]::operator ()() const::[lambda(c10::Half) (instance 1)], at::detail::Array<char *, (int)2>, TrivialOffsetCalculator<(int)1, unsigned int>, TrivialOffsetCalculator<(int)1, unsigned int>, at::native::memory::LoadWithCast<(int)1>, at::native::memory::StoreWithCast<(int)1>>(int, T1, T2, T3, T4, T5, T6)",2696659.0
L|resblock_updown|C384|T256,"void at::native::unrolled_elementwise_kernel<at::native::direct_copy_kernel_cuda(at::TensorIteratorBase &)::[lambda() (instance 3)]::operator ()() const::[lambda() (instance 7)]::operator ()() const::[lambda(float) (instance 1)], at::detail::Array<char *, (int)2>, TrivialOffsetCalculator<(int)1, unsigned int>, TrivialOffsetCalculator<(int)1, unsigned int>, at::native::memory::LoadWithCast<(int)1>, at::native::memory::StoreWithCast<(int)1>>(int, T1, T2, T3, T4, T5, T6)",2692015.0
L|resblock_updown|C384|T256,"void at::native::<unnamed>::avg_pool2d_out_cuda_frame_nhwc<c10::Half, float>(int, const T1 *, long, long, long, int, int, int, int, int, int, int, int, T1 *, int, bool, bool)",2581843.0
L|resblock_plain|C768|T64,"void cutlass::Kernel<modiff::ImplicitGemmConvolutionEVT<cutlass::conv::threadblock::ImplicitGemmMultistage<cutlass::gemm::GemmShape<(int)128, (int)128, (int)128>, cutlass::conv::threadblock::Conv2dFpropActivationTileAccessIteratorOptimized<cutlass::MatrixShape<(int)128, (int)128>, cutlass::integer_subbyte<(int)4, (bool)1>, cutlass::layout::TensorNHWC, cutlass::transform::PitchLinearWarpRakedThreadMap<cutlass::PitchLinearShape<(int)128, (int)128>, (int)128, cutlass::PitchLinearShape<(int)4, (int)8>, (int)32>, cutlass::AlignedArray<cutlass::integer_subbyte<(int)4, (bool)1>, (int)32, (int)16>>, cutlass::transform::threadblock::RegularTileAccessIterator<cutlass::MatrixShape<(int)128, (int)128>, cutlass::integer_subbyte<(int)4, (bool)1>, cutlass::layout::RowMajorTensorOpMultiplicandCrosswise<(int)4, (int)128>, (int)0, cutlass::transform::PitchLinearWarpRakedThreadMap<cutlass::PitchLinearShape<(int)128, (int)128>, (int)128, cutlass::PitchLinearShape<(int)4, (int)8>, (int)32>, (int)16>, (cutlass::arch::CacheOperation::Kind)0, cutlass::conv::threadblock::Conv2dFpropFilterTileAccessIteratorOptimized<cutlass::MatrixShape<(int)128, (int)128>, cutlass::integer_subbyte<(int)4, (bool)1>, cutlass::layout::TensorNHWC, cutlass::transform::PitchLinearWarpRakedThreadMap<cutlass::PitchLinearShape<(int)128, (int)128>, (int)128, cutlass::PitchLinearShape<(int)4, (int)8>, (int)32>, cutlass::AlignedArray<cutlass::integer_subbyte<(int)4, (bool)1>, (int)32, (int)16>, (bool)0>, cutlass::transform::threadblock::RegularTileAccessIterator<cutlass::MatrixShape<(int)128, (int)128>, cutlass::integer_subbyte<(int)4, (bool)1>, cutlass::layout::ColumnMajorTensorOpMultiplicandCrosswise<(int)4, (int)128>, (int)1, cutlass::transform::PitchLinearWarpRakedThreadMap<cutlass::PitchLinearShape<(int)128, (int)128>, (int)128, cutlass::PitchLinearShape<(int)4, (int)8>, (int)32>, (int)16>, (cutlass::arch::CacheOperation::Kind)1, cutlass::gemm::threadblock::MmaPolicy<cutlass::gemm::warp::MmaTensorOp<cutlass::gemm::GemmShape<(int)64, (int)64, (int)128>, cutlass::integer_subbyte<(int)4, (bool)1>, cutlass::layout::RowMajorTensorOpMultiplicandCrosswise<(int)4, (int)128>, cutlass::integer_subbyte<(int)4, (bool)1>, cutlass::layout::ColumnMajorTensorOpMultiplicandCrosswise<(int)4, (int)128>, int, cutlass::layout::RowMajor, cutlass::gemm::warp::MmaTensorOpPolicy<cutlass::arch::Mma<cutlass::gemm::GemmShape<(int)16, (int)8, (int)64>, (int)32, cutlass::integer_subbyte<(int)4, (bool)1>, cutlass::layout::RowMajor, cutlass::integer_subbyte<(int)4, (bool)1>, cutlass::layout::ColumnMajor, int, cutlass::layout::RowMajor, cutlass::arch::OpMultiplyAddSaturate>, cutlass::MatrixShape<(int)1, (int)1>>, (int)1, (bool)0, bool>, cutlass::MatrixShape<(int)0, (int)0>, cutlass::MatrixShape<(int)0, (int)0>, (int)1>, (int)3, bool>, cutlass::epilogue::threadblock::EpilogueWithVisitorCallbacks<cutlass::epilogue::threadblock::Epilogue<cutlass::gemm::GemmShape<(int)128, (int)128, (int)128>, cutlass::gemm::warp::MmaTensorOp<cutlass::gemm::GemmShape<(int)64, (int)64, (int)128>, cutlass::integer_subbyte<(int)4, (bool)1>, cutlass::layout::RowMajorTensorOpMultiplicandCrosswise<(int)4, (int)128>, cutlass::integer_subbyte<(int)4, (bool)1>, cutlass::layout::ColumnMajorTensorOpMultiplicandCrosswise<(int)4, (int)128>, int, cutlass::layout::RowMajor, cutlass::gemm::warp::MmaTensorOpPolicy<cutlass::arch::Mma<cutlass::gemm::GemmShape<(int)16, (int)8, (int)64>, (int)32, cutlass::integer_subbyte<(int)4, (bool)1>, cutlass::layout::RowMajor, cutlass::integer_subbyte<(int)4, (bool)1>, cutlass::layout::ColumnMajor, int, cutlass::layout::RowMajor, cutlass::arch::OpMultiplyAddSaturate>, cutlass::MatrixShape<(int)1, (int)1>>, (int)1, (bool)0, bool>, (int)1, cutlass::epilogue::threadblock::PredicatedTileIteratorConv<cutlass::epilogue::threadblock::OutputTileOptimalThreadMap<cutlass::epilogue::threadblock::OutputTileShape<(int)128, (int)8, (int)2, (int)1, (int)1>, cutlass::epilogue::threadblock::OutputTileShape<(int)1, (int)8, (int)1, (int)1, (int)8>, (int)128, (int)8, (int)16>, cutlass::half_t, (bool)0, cutlass::layout::NoPermute, (bool)0, (int)4>, cutlass::epilogue::warp::FragmentIteratorTensorOp<cutlass::gemm::GemmShape<(int)64, (int)64, (int)128>, cutlass::gemm::GemmShape<(int)16, (int)8, (int)64>, int, cutlass::Array<int, (int)4, (bool)1>, cutlass::layout::RowMajor>, cutlass::epilogue::warp::TileIteratorTensorOpMixed<cutlass::gemm::GemmShape<(int)64, (int)64, (int)128>, cutlass::gemm::GemmShape<(int)16, (int)8, (int)64>, int, (int)32, (int)16, (int)8, (int)8, (bool)0>, cutlass::epilogue::threadblock::SharedLoadIteratorMixed<cutlass::epilogue::threadblock::OutputTileOptimalThreadMap<cutlass::epilogue::threadblock::OutputTileShape<(int)128, (int)8, (int)2, (int)1, (int)1>, cutlass::epilogue::threadblock::OutputTileShape<(int)1, (int)8, (int)1, (int)1, (int)8>, (int)128, (int)8, (int)16>::CompactedThreadMap, int, (int)32, (int)16, (int)8, (int)8, (bool)0>, cutlass::epilogue::thread::LinearCombination<cutlass::half_t, (int)8, int, float, (cutlass::epilogue::thread::ScaleType::Kind)0, (cutlass::FloatRoundStyle)2, cutlass::half_t>, cutlass::MatrixShape<(int)0, (int)8>, (int)2, (int)1>, cutlass::epilogue::threadblock::TreeVisitor2x<cutlass::epilogue::threadblock::VisitorAuxStore<cutlass::epilogue::threadblock::OutputTileThreadLayout<cutlass::gemm::GemmShape<(int)128, (int)128, (int)128>, cutlass::gemm::GemmShape<(int)64, (int)64, (int)128>, cutlass::half_t, (int)8, (int)1>, cutlass::half_t, (cutlass::FloatRoundStyle)2, cute::tuple<long, cute::C<(int)1>, long>>, cutlass::epilogue::threadblock::TreeVisitor2x<cutlass::epilogue::threadblock::VisitorCompute<cutlass::plus, float, float, (cutlass::FloatRoundStyle)2, void>, cutlass::epilogue::threadblock::TreeVisitor2x<cutlass::epilogue::threadblock::VisitorCompute<cutlass::plus, float, float, (cutlass::FloatRoundStyle)2, void>, cutlass::epilogue::threadblock::TreeVisitor2x<cutlass::epilogue::threadblock::VisitorCompute<cutlass::multiplies, float, float, (cutlass::FloatRoundStyle)2, void>, cutlass::epilogue::threadblock::TreeVisitor2x<cutlass::epilogue::threadblock::VisitorCompute<cutlass::multiplies, float, float, (cutlass::FloatRoundStyle)2, void>, cutlass::epilogue::threadblock::VisitorAccFetch, cutlass::epilogue::threadblock::VisitorScalarBroadcast<float, cute::tuple<cute::C<(int)0>, cute::C<(int)0>, cute::C<(int)0>>, (int)1, cutlass::multiplies>>, cutlass::epilogue::threadblock::VisitorRowBroadcast<cutlass::epilogue::threadblock::OutputTileThreadLayout<cutlass::gemm::GemmShape<(int)128, (int)128, (int)128>, cutlass::gemm::GemmShape<(int)64, (int)64, (int)128>, cutlass::half_t, (int)8, (int)1>, float, cute::tuple<cute::C<(int)0>, cute::C<(int)1>, int>, (bool)1>>, cutlass::epilogue::threadblock::VisitorRowBroadcast<cutlass::epilogue::threadblock::OutputTileThreadLayout<cutlass::gemm::GemmShape<(int)128, (int)128, (int)128>, cutlass::gemm::GemmShape<(int)64, (int)64, (int)128>, cutlass::half_t, (int)8, (int)1>, float, cute::tuple<cute::C<(int)0>, cute::C<(int)1>, int>, (bool)1>>, cutlass::epilogue::threadblock::VisitorAuxLoad<cutlass::epilogue::threadblock::OutputTileThreadLayout<cutlass::gemm::GemmShape<(int)128, (int)128, (int)128>, cutlass::gemm::GemmShape<(int)64, (int)64, (int)128>, cutlass::half_t, (int)8, (int)1>, cutlass::half_t, cute::tuple<long, cute::C<(int)1>, long>>>>, (int)1, (int)1>, cutlass::gemm::threadblock::GemmIdentityThreadblockSwizzle<(int)1>, (cutlass::conv::Operator)0, cutlass::conv::Conv2dProblemSize>>(T1::Params)",2580110.0
L|resblock_plain|C1536|T4,"void group_norm_silu_quantize_pack_nhwc_vec2_kernel<__half, (bool)0>(const T1 *, signed char *, const T1 *, const T1 *, const T1 *, const T1 *, const float *, const float *, int, long, int, float, bool, int)",2570927.0
L|resblock_plain|C384|T64,"void cutlass::Kernel<modiff::ImplicitGemmConvolutionEVT<cutlass::conv::threadblock::ImplicitGemmMultistage<cutlass::gemm::GemmShape<(int)128, (int)128, (int)128>, cutlass::conv::threadblock::Conv2dFpropActivationTileAccessIteratorOptimized<cutlass::MatrixShape<(int)128, (int)128>, cutlass::integer_subbyte<(int)4, (bool)1>, cutlass::layout::TensorNHWC, cutlass::transform::PitchLinearWarpRakedThreadMap<cutlass::PitchLinearShape<(int)128, (int)128>, (int)128, cutlass::PitchLinearShape<(int)4, (int)8>, (int)32>, cutlass::AlignedArray<cutlass::integer_subbyte<(int)4, (bool)1>, (int)32, (int)16>>, cutlass::transform::threadblock::RegularTileAccessIterator<cutlass::MatrixShape<(int)128, (int)128>, cutlass::integer_subbyte<(int)4, (bool)1>, cutlass::layout::RowMajorTensorOpMultiplicandCrosswise<(int)4, (int)128>, (int)0, cutlass::transform::PitchLinearWarpRakedThreadMap<cutlass::PitchLinearShape<(int)128, (int)128>, (int)128, cutlass::PitchLinearShape<(int)4, (int)8>, (int)32>, (int)16>, (cutlass::arch::CacheOperation::Kind)0, cutlass::conv::threadblock::Conv2dFpropFilterTileAccessIteratorOptimized<cutlass::MatrixShape<(int)128, (int)128>, cutlass::integer_subbyte<(int)4, (bool)1>, cutlass::layout::TensorNHWC, cutlass::transform::PitchLinearWarpRakedThreadMap<cutlass::PitchLinearShape<(int)128, (int)128>, (int)128, cutlass::PitchLinearShape<(int)4, (int)8>, (int)32>, cutlass::AlignedArray<cutlass::integer_subbyte<(int)4, (bool)1>, (int)32, (int)16>, (bool)0>, cutlass::transform::threadblock::RegularTileAccessIterator<cutlass::MatrixShape<(int)128, (int)128>, cutlass::integer_subbyte<(int)4, (bool)1>, cutlass::layout::ColumnMajorTensorOpMultiplicandCrosswise<(int)4, (int)128>, (int)1, cutlass::transform::PitchLinearWarpRakedThreadMap<cutlass::PitchLinearShape<(int)128, (int)128>, (int)128, cutlass::PitchLinearShape<(int)4, (int)8>, (int)32>, (int)16>, (cutlass::arch::CacheOperation::Kind)1, cutlass::gemm::threadblock::MmaPolicy<cutlass::gemm::warp::MmaTensorOp<cutlass::gemm::GemmShape<(int)64, (int)64, (int)128>, cutlass::integer_subbyte<(int)4, (bool)1>, cutlass::layout::RowMajorTensorOpMultiplicandCrosswise<(int)4, (int)128>, cutlass::integer_subbyte<(int)4, (bool)1>, cutlass::layout::ColumnMajorTensorOpMultiplicandCrosswise<(int)4, (int)128>, int, cutlass::layout::RowMajor, cutlass::gemm::warp::MmaTensorOpPolicy<cutlass::arch::Mma<cutlass::gemm::GemmShape<(int)16, (int)8, (int)64>, (int)32, cutlass::integer_subbyte<(int)4, (bool)1>, cutlass::layout::RowMajor, cutlass::integer_subbyte<(int)4, (bool)1>, cutlass::layout::ColumnMajor, int, cutlass::layout::RowMajor, cutlass::arch::OpMultiplyAddSaturate>, cutlass::MatrixShape<(int)1, (int)1>>, (int)1, (bool)0, bool>, cutlass::MatrixShape<(int)0, (int)0>, cutlass::MatrixShape<(int)0, (int)0>, (int)1>, (int)3, bool>, cutlass::epilogue::threadblock::EpilogueWithVisitorCallbacks<cutlass::epilogue::threadblock::Epilogue<cutlass::gemm::GemmShape<(int)128, (int)128, (int)128>, cutlass::gemm::warp::MmaTensorOp<cutlass::gemm::GemmShape<(int)64, (int)64, (int)128>, cutlass::integer_subbyte<(int)4, (bool)1>, cutlass::layout::RowMajorTensorOpMultiplicandCrosswise<(int)4, (int)128>, cutlass::integer_subbyte<(int)4, (bool)1>, cutlass::layout::ColumnMajorTensorOpMultiplicandCrosswise<(int)4, (int)128>, int, cutlass::layout::RowMajor, cutlass::gemm::warp::MmaTensorOpPolicy<cutlass::arch::Mma<cutlass::gemm::GemmShape<(int)16, (int)8, (int)64>, (int)32, cutlass::integer_subbyte<(int)4, (bool)1>, cutlass::layout::RowMajor, cutlass::integer_subbyte<(int)4, (bool)1>, cutlass::layout::ColumnMajor, int, cutlass::layout::RowMajor, cutlass::arch::OpMultiplyAddSaturate>, cutlass::MatrixShape<(int)1, (int)1>>, (int)1, (bool)0, bool>, (int)1, cutlass::epilogue::threadblock::PredicatedTileIteratorConv<cutlass::epilogue::threadblock::OutputTileOptimalThreadMap<cutlass::epilogue::threadblock::OutputTileShape<(int)128, (int)8, (int)2, (int)1, (int)1>, cutlass::epilogue::threadblock::OutputTileShape<(int)1, (int)8, (int)1, (int)1, (int)8>, (int)128, (int)8, (int)16>, cutlass::half_t, (bool)0, cutlass::layout::NoPermute, (bool)0, (int)4>, cutlass::epilogue::warp::FragmentIteratorTensorOp<cutlass::gemm::GemmShape<(int)64, (int)64, (int)128>, cutlass::gemm::GemmShape<(int)16, (int)8, (int)64>, int, cutlass::Array<int, (int)4, (bool)1>, cutlass::layout::RowMajor>, cutlass::epilogue::warp::TileIteratorTensorOpMixed<cutlass::gemm::GemmShape<(int)64, (int)64, (int)128>, cutlass::gemm::GemmShape<(int)16, (int)8, (int)64>, int, (int)32, (int)16, (int)8, (int)8, (bool)0>, cutlass::epilogue::threadblock::SharedLoadIteratorMixed<cutlass::epilogue::threadblock::OutputTileOptimalThreadMap<cutlass::epilogue::threadblock::OutputTileShape<(int)128, (int)8, (int)2, (int)1, (int)1>, cutlass::epilogue::threadblock::OutputTileShape<(int)1, (int)8, (int)1, (int)1, (int)8>, (int)128, (int)8, (int)16>::CompactedThreadMap, int, (int)32, (int)16, (int)8, (int)8, (bool)0>, cutlass::epilogue::thread::LinearCombination<cutlass::half_t, (int)8, int, float, (cutlass::epilogue::thread::ScaleType::Kind)0, (cutlass::FloatRoundStyle)2, cutlass::half_t>, cutlass::MatrixShape<(int)0, (int)8>, (int)2, (int)1>, cutlass::epilogue::threadblock::TreeVisitor2x<cutlass::epilogue::threadblock::VisitorAuxStore<cutlass::epilogue::threadblock::OutputTileThreadLayout<cutlass::gemm::GemmShape<(int)128, (int)128, (int)128>, cutlass::gemm::GemmShape<(int)64, (int)64, (int)128>, cutlass::half_t, (int)8, (int)1>, cutlass::half_t, (cutlass::FloatRoundStyle)2, cute::tuple<long, cute::C<(int)1>, long>>, cutlass::epilogue::threadblock::TreeVisitor2x<cutlass::epilogue::threadblock::VisitorCompute<cutlass::plus, float, float, (cutlass::FloatRoundStyle)2, void>, cutlass::epilogue::threadblock::TreeVisitor2x<cutlass::epilogue::threadblock::VisitorCompute<cutlass::plus, float, float, (cutlass::FloatRoundStyle)2, void>, cutlass::epilogue::threadblock::TreeVisitor2x<cutlass::epilogue::threadblock::VisitorCompute<cutlass::multiplies, float, float, (cutlass::FloatRoundStyle)2, void>, cutlass::epilogue::threadblock::TreeVisitor2x<cutlass::epilogue::threadblock::VisitorCompute<cutlass::multiplies, float, float, (cutlass::FloatRoundStyle)2, void>, cutlass::epilogue::threadblock::VisitorAccFetch, cutlass::epilogue::threadblock::VisitorScalarBroadcast<float, cute::tuple<cute::C<(int)0>, cute::C<(int)0>, cute::C<(int)0>>, (int)1, cutlass::multiplies>>, cutlass::epilogue::threadblock::VisitorRowBroadcast<cutlass::epilogue::threadblock::OutputTileThreadLayout<cutlass::gemm::GemmShape<(int)128, (int)128, (int)128>, cutlass::gemm::GemmShape<(int)64, (int)64, (int)128>, cutlass::half_t, (int)8, (int)1>, float, cute::tuple<cute::C<(int)0>, cute::C<(int)1>, int>, (bool)1>>, cutlass::epilogue::threadblock::VisitorRowBroadcast<cutlass::epilogue::threadblock::OutputTileThreadLayout<cutlass::gemm::GemmShape<(int)128, (int)128, (int)128>, cutlass::gemm::GemmShape<(int)64, (int)64, (int)128>, cutlass::half_t, (int)8, (int)1>, float, cute::tuple<cute::C<(int)0>, cute::C<(int)1>, int>, (bool)1>>, cutlass::epilogue::threadblock::VisitorAuxLoad<cutlass::epilogue::threadblock::OutputTileThreadLayout<cutlass::gemm::GemmShape<(int)128, (int)128, (int)128>, cutlass::gemm::GemmShape<(int)64, (int)64, (int)128>, cutlass::half_t, (int)8, (int)1>, cutlass::half_t, cute::tuple<long, cute::C<(int)1>, long>>>>, (int)1, (int)1>, cutlass::gemm::threadblock::GemmIdentityThreadblockSwizzle<(int)1>, (cutlass::conv::Operator)0, cutlass::conv::Conv2dProblemSize>>(T1::Params)",2566447.0
L|resblock_plain|C768|T16,"void group_norm_silu_quantize_pack_nhwc_vec2_kernel<__half, (bool)0>(const T1 *, signed char *, const T1 *, const T1 *, const T1 *, const T1 *, const float *, const float *, int, long, int, float, bool, int)",2407544.0
L|resblock_plain|C768|T4,"void group_norm_silu_quantize_pack_nhwc_vec2_kernel<__half, (bool)0>(const T1 *, signed char *, const T1 *, const T1 *, const T1 *, const T1 *, const float *, const float *, int, long, int, float, bool, int)",2399315.0
L|resblock_plain|C384|T64,"void cutlass::Kernel<modiff::ImplicitGemmConvolutionEVT<cutlass::conv::threadblock::ImplicitGemmMultistage<cutlass::gemm::GemmShape<(int)128, (int)128, (int)128>, cutlass::conv::threadblock::Conv2dFpropActivationTileAccessIteratorOptimized<cutlass::MatrixShape<(int)128, (int)128>, cutlass::integer_subbyte<(int)4, (bool)1>, cutlass::layout::TensorNHWC, cutlass::transform::PitchLinearWarpRakedThreadMap<cutlass::PitchLinearShape<(int)128, (int)128>, (int)128, cutlass::PitchLinearShape<(int)4, (int)8>, (int)32>, cutlass::AlignedArray<cutlass::integer_subbyte<(int)4, (bool)1>, (int)32, (int)16>>, cutlass::transform::threadblock::RegularTileAccessIterator<cutlass::MatrixShape<(int)128, (int)128>, cutlass::integer_subbyte<(int)4, (bool)1>, cutlass::layout::RowMajorTensorOpMultiplicandCrosswise<(int)4, (int)128>, (int)0, cutlass::transform::PitchLinearWarpRakedThreadMap<cutlass::PitchLinearShape<(int)128, (int)128>, (int)128, cutlass::PitchLinearShape<(int)4, (int)8>, (int)32>, (int)16>, (cutlass::arch::CacheOperation::Kind)0, cutlass::conv::threadblock::Conv2dFpropFilterTileAccessIteratorOptimized<cutlass::MatrixShape<(int)128, (int)128>, cutlass::integer_subbyte<(int)4, (bool)1>, cutlass::layout::TensorNHWC, cutlass::transform::PitchLinearWarpRakedThreadMap<cutlass::PitchLinearShape<(int)128, (int)128>, (int)128, cutlass::PitchLinearShape<(int)4, (int)8>, (int)32>, cutlass::AlignedArray<cutlass::integer_subbyte<(int)4, (bool)1>, (int)32, (int)16>, (bool)0>, cutlass::transform::threadblock::RegularTileAccessIterator<cutlass::MatrixShape<(int)128, (int)128>, cutlass::integer_subbyte<(int)4, (bool)1>, cutlass::layout::ColumnMajorTensorOpMultiplicandCrosswise<(int)4, (int)128>, (int)1, cutlass::transform::PitchLinearWarpRakedThreadMap<cutlass::PitchLinearShape<(int)128, (int)128>, (int)128, cutlass::PitchLinearShape<(int)4, (int)8>, (int)32>, (int)16>, (cutlass::arch::CacheOperation::Kind)1, cutlass::gemm::threadblock::MmaPolicy<cutlass::gemm::warp::MmaTensorOp<cutlass::gemm::GemmShape<(int)64, (int)64, (int)128>, cutlass::integer_subbyte<(int)4, (bool)1>, cutlass::layout::RowMajorTensorOpMultiplicandCrosswise<(int)4, (int)128>, cutlass::integer_subbyte<(int)4, (bool)1>, cutlass::layout::ColumnMajorTensorOpMultiplicandCrosswise<(int)4, (int)128>, int, cutlass::layout::RowMajor, cutlass::gemm::warp::MmaTensorOpPolicy<cutlass::arch::Mma<cutlass::gemm::GemmShape<(int)16, (int)8, (int)64>, (int)32, cutlass::integer_subbyte<(int)4, (bool)1>, cutlass::layout::RowMajor, cutlass::integer_subbyte<(int)4, (bool)1>, cutlass::layout::ColumnMajor, int, cutlass::layout::RowMajor, cutlass::arch::OpMultiplyAddSaturate>, cutlass::MatrixShape<(int)1, (int)1>>, (int)1, (bool)0, bool>, cutlass::MatrixShape<(int)0, (int)0>, cutlass::MatrixShape<(int)0, (int)0>, (int)1>, (int)3, bool>, cutlass::epilogue::threadblock::EpilogueWithVisitorCallbacks<cutlass::epilogue::threadblock::Epilogue<cutlass::gemm::GemmShape<(int)128, (int)128, (int)128>, cutlass::gemm::warp::MmaTensorOp<cutlass::gemm::GemmShape<(int)64, (int)64, (int)128>, cutlass::integer_subbyte<(int)4, (bool)1>, cutlass::layout::RowMajorTensorOpMultiplicandCrosswise<(int)4, (int)128>, cutlass::integer_subbyte<(int)4, (bool)1>, cutlass::layout::ColumnMajorTensorOpMultiplicandCrosswise<(int)4, (int)128>, int, cutlass::layout::RowMajor, cutlass::gemm::warp::MmaTensorOpPolicy<cutlass::arch::Mma<cutlass::gemm::GemmShape<(int)16, (int)8, (int)64>, (int)32, cutlass::integer_subbyte<(int)4, (bool)1>, cutlass::layout::RowMajor, cutlass::integer_subbyte<(int)4, (bool)1>, cutlass::layout::ColumnMajor, int, cutlass::layout::RowMajor, cutlass::arch::OpMultiplyAddSaturate>, cutlass::MatrixShape<(int)1, (int)1>>, (int)1, (bool)0, bool>, (int)1, cutlass::epilogue::threadblock::PredicatedTileIteratorConv<cutlass::epilogue::threadblock::OutputTileOptimalThreadMap<cutlass::epilogue::threadblock::OutputTileShape<(int)128, (int)8, (int)2, (int)1, (int)1>, cutlass::epilogue::threadblock::OutputTileShape<(int)1, (int)8, (int)1, (int)1, (int)8>, (int)128, (int)8, (int)16>, cutlass::half_t, (bool)0, cutlass::layout::NoPermute, (bool)0, (int)4>, cutlass::epilogue::warp::FragmentIteratorTensorOp<cutlass::gemm::GemmShape<(int)64, (int)64, (int)128>, cutlass::gemm::GemmShape<(int)16, (int)8, (int)64>, int, cutlass::Array<int, (int)4, (bool)1>, cutlass::layout::RowMajor>, cutlass::epilogue::warp::TileIteratorTensorOpMixed<cutlass::gemm::GemmShape<(int)64, (int)64, (int)128>, cutlass::gemm::GemmShape<(int)16, (int)8, (int)64>, int, (int)32, (int)16, (int)8, (int)8, (bool)0>, cutlass::epilogue::threadblock::SharedLoadIteratorMixed<cutlass::epilogue::threadblock::OutputTileOptimalThreadMap<cutlass::epilogue::threadblock::OutputTileShape<(int)128, (int)8, (int)2, (int)1, (int)1>, cutlass::epilogue::threadblock::OutputTileShape<(int)1, (int)8, (int)1, (int)1, (int)8>, (int)128, (int)8, (int)16>::CompactedThreadMap, int, (int)32, (int)16, (int)8, (int)8, (bool)0>, cutlass::epilogue::thread::LinearCombination<cutlass::half_t, (int)8, int, float, (cutlass::epilogue::thread::ScaleType::Kind)0, (cutlass::FloatRoundStyle)2, cutlass::half_t>, cutlass::MatrixShape<(int)0, (int)8>, (int)2, (int)1>, cutlass::epilogue::threadblock::TreeVisitor2x<cutlass::epilogue::threadblock::VisitorAuxStore<cutlass::epilogue::threadblock::OutputTileThreadLayout<cutlass::gemm::GemmShape<(int)128, (int)128, (int)128>, cutlass::gemm::GemmShape<(int)64, (int)64, (int)128>, cutlass::half_t, (int)8, (int)1>, cutlass::half_t, (cutlass::FloatRoundStyle)2, cute::tuple<long, cute::C<(int)1>, long>>, cutlass::epilogue::threadblock::TreeVisitor2x<cutlass::epilogue::threadblock::VisitorCompute<cutlass::plus, float, float, (cutlass::FloatRoundStyle)2, void>, cutlass::epilogue::threadblock::TreeVisitor2x<cutlass::epilogue::threadblock::VisitorCompute<cutlass::multiplies, float, float, (cutlass::FloatRoundStyle)2, void>, cutlass::epilogue::threadblock::TreeVisitor2x<cutlass::epilogue::threadblock::VisitorCompute<cutlass::multiplies, float, float, (cutlass::FloatRoundStyle)2, void>, cutlass::epilogue::threadblock::VisitorAccFetch, cutlass::epilogue::threadblock::VisitorScalarBroadcast<float, cute::tuple<cute::C<(int)0>, cute::C<(int)0>, cute::C<(int)0>>, (int)1, cutlass::multiplies>>, cutlass::epilogue::threadblock::VisitorRowBroadcast<cutlass::epilogue::threadblock::OutputTileThreadLayout<cutlass::gemm::GemmShape<(int)128, (int)128, (int)128>, cutlass::gemm::GemmShape<(int)64, (int)64, (int)128>, cutlass::half_t, (int)8, (int)1>, float, cute::tuple<cute::C<(int)0>, cute::C<(int)1>, int>, (bool)1>>, cutlass::epilogue::threadblock::VisitorRowBroadcast<cutlass::epilogue::threadblock::OutputTileThreadLayout<cutlass::gemm::GemmShape<(int)128, (int)128, (int)128>, cutlass::gemm::GemmShape<(int)64, (int)64, (int)128>, cutlass::half_t, (int)8, (int)1>, float, cute::tuple<cute::C<(int)0>, cute::C<(int)1>, int>, (bool)1>>>, (int)1, (int)1>, cutlass::gemm::threadblock::GemmIdentityThreadblockSwizzle<(int)1>, (cutlass::conv::Operator)0, cutlass::conv::Conv2dProblemSize>>(T1::Params)",2392877.0
L|resblock_plain|C1536|T4,"void cutlass::Kernel<modiff::ImplicitGemmConvolutionEVT<cutlass::conv::threadblock::ImplicitGemmMultistage<cutlass::gemm::GemmShape<(int)128, (int)128, (int)128>, cutlass::conv::threadblock::Conv2dFpropActivationTileAccessIteratorOptimized<cutlass::MatrixShape<(int)128, (int)128>, cutlass::integer_subbyte<(int)4, (bool)1>, cutlass::layout::TensorNHWC, cutlass::transform::PitchLinearWarpRakedThreadMap<cutlass::PitchLinearShape<(int)128, (int)128>, (int)128, cutlass::PitchLinearShape<(int)4, (int)8>, (int)32>, cutlass::AlignedArray<cutlass::integer_subbyte<(int)4, (bool)1>, (int)32, (int)16>>, cutlass::transform::threadblock::RegularTileAccessIterator<cutlass::MatrixShape<(int)128, (int)128>, cutlass::integer_subbyte<(int)4, (bool)1>, cutlass::layout::RowMajorTensorOpMultiplicandCrosswise<(int)4, (int)128>, (int)0, cutlass::transform::PitchLinearWarpRakedThreadMap<cutlass::PitchLinearShape<(int)128, (int)128>, (int)128, cutlass::PitchLinearShape<(int)4, (int)8>, (int)32>, (int)16>, (cutlass::arch::CacheOperation::Kind)0, cutlass::conv::threadblock::Conv2dFpropFilterTileAccessIteratorOptimized<cutlass::MatrixShape<(int)128, (int)128>, cutlass::integer_subbyte<(int)4, (bool)1>, cutlass::layout::TensorNHWC, cutlass::transform::PitchLinearWarpRakedThreadMap<cutlass::PitchLinearShape<(int)128, (int)128>, (int)128, cutlass::PitchLinearShape<(int)4, (int)8>, (int)32>, cutlass::AlignedArray<cutlass::integer_subbyte<(int)4, (bool)1>, (int)32, (int)16>, (bool)0>, cutlass::transform::threadblock::RegularTileAccessIterator<cutlass::MatrixShape<(int)128, (int)128>, cutlass::integer_subbyte<(int)4, (bool)1>, cutlass::layout::ColumnMajorTensorOpMultiplicandCrosswise<(int)4, (int)128>, (int)1, cutlass::transform::PitchLinearWarpRakedThreadMap<cutlass::PitchLinearShape<(int)128, (int)128>, (int)128, cutlass::PitchLinearShape<(int)4, (int)8>, (int)32>, (int)16>, (cutlass::arch::CacheOperation::Kind)1, cutlass::gemm::threadblock::MmaPolicy<cutlass::gemm::warp::MmaTensorOp<cutlass::gemm::GemmShape<(int)64, (int)64, (int)128>, cutlass::integer_subbyte<(int)4, (bool)1>, cutlass::layout::RowMajorTensorOpMultiplicandCrosswise<(int)4, (int)128>, cutlass::integer_subbyte<(int)4, (bool)1>, cutlass::layout::ColumnMajorTensorOpMultiplicandCrosswise<(int)4, (int)128>, int, cutlass::layout::RowMajor, cutlass::gemm::warp::MmaTensorOpPolicy<cutlass::arch::Mma<cutlass::gemm::GemmShape<(int)16, (int)8, (int)64>, (int)32, cutlass::integer_subbyte<(int)4, (bool)1>, cutlass::layout::RowMajor, cutlass::integer_subbyte<(int)4, (bool)1>, cutlass::layout::ColumnMajor, int, cutlass::layout::RowMajor, cutlass::arch::OpMultiplyAddSaturate>, cutlass::MatrixShape<(int)1, (int)1>>, (int)1, (bool)0, bool>, cutlass::MatrixShape<(int)0, (int)0>, cutlass::MatrixShape<(int)0, (int)0>, (int)1>, (int)3, bool>, cutlass::epilogue::threadblock::EpilogueWithVisitorCallbacks<cutlass::epilogue::threadblock::Epilogue<cutlass::gemm::GemmShape<(int)128, (int)128, (int)128>, cutlass::gemm::warp::MmaTensorOp<cutlass::gemm::GemmShape<(int)64, (int)64, (int)128>, cutlass::integer_subbyte<(int)4, (bool)1>, cutlass::layout::RowMajorTensorOpMultiplicandCrosswise<(int)4, (int)128>, cutlass::integer_subbyte<(int)4, (bool)1>, cutlass::layout::ColumnMajorTensorOpMultiplicandCrosswise<(int)4, (int)128>, int, cutlass::layout::RowMajor, cutlass::gemm::warp::MmaTensorOpPolicy<cutlass::arch::Mma<cutlass::gemm::GemmShape<(int)16, (int)8, (int)64>, (int)32, cutlass::integer_subbyte<(int)4, (bool)1>, cutlass::layout::RowMajor, cutlass::integer_subbyte<(int)4, (bool)1>, cutlass::layout::ColumnMajor, int, cutlass::layout::RowMajor, cutlass::arch::OpMultiplyAddSaturate>, cutlass::MatrixShape<(int)1, (int)1>>, (int)1, (bool)0, bool>, (int)1, cutlass::epilogue::threadblock::PredicatedTileIteratorConv<cutlass::epilogue::threadblock::OutputTileOptimalThreadMap<cutlass::epilogue::threadblock::OutputTileShape<(int)128, (int)8, (int)2, (int)1, (int)1>, cutlass::epilogue::threadblock::OutputTileShape<(int)1, (int)8, (int)1, (int)1, (int)8>, (int)128, (int)8, (int)16>, cutlass::half_t, (bool)0, cutlass::layout::NoPermute, (bool)0, (int)4>, cutlass::epilogue::warp::FragmentIteratorTensorOp<cutlass::gemm::GemmShape<(int)64, (int)64, (int)128>, cutlass::gemm::GemmShape<(int)16, (int)8, (int)64>, int, cutlass::Array<int, (int)4, (bool)1>, cutlass::layout::RowMajor>, cutlass::epilogue::warp::TileIteratorTensorOpMixed<cutlass::gemm::GemmShape<(int)64, (int)64, (int)128>, cutlass::gemm::GemmShape<(int)16, (int)8, (int)64>, int, (int)32, (int)16, (int)8, (int)8, (bool)0>, cutlass::epilogue::threadblock::SharedLoadIteratorMixed<cutlass::epilogue::threadblock::OutputTileOptimalThreadMap<cutlass::epilogue::threadblock::OutputTileShape<(int)128, (int)8, (int)2, (int)1, (int)1>, cutlass::epilogue::threadblock::OutputTileShape<(int)1, (int)8, (int)1, (int)1, (int)8>, (int)128, (int)8, (int)16>::CompactedThreadMap, int, (int)32, (int)16, (int)8, (int)8, (bool)0>, cutlass::epilogue::thread::LinearCombination<cutlass::half_t, (int)8, int, float, (cutlass::epilogue::thread::ScaleType::Kind)0, (cutlass::FloatRoundStyle)2, cutlass::half_t>, cutlass::MatrixShape<(int)0, (int)8>, (int)2, (int)1>, cutlass::epilogue::threadblock::TreeVisitor2x<cutlass::epilogue::threadblock::VisitorAuxStore<cutlass::epilogue::threadblock::OutputTileThreadLayout<cutlass::gemm::GemmShape<(int)128, (int)128, (int)128>, cutlass::gemm::GemmShape<(int)64, (int)64, (int)128>, cutlass::half_t, (int)8, (int)1>, cutlass::half_t, (cutlass::FloatRoundStyle)2, cute::tuple<long, cute::C<(int)1>, long>>, cutlass::epilogue::threadblock::TreeVisitor2x<cutlass::epilogue::threadblock::VisitorCompute<cutlass::plus, float, float, (cutlass::FloatRoundStyle)2, void>, cutlass::epilogue::threadblock::TreeVisitor2x<cutlass::epilogue::threadblock::VisitorCompute<cutlass::plus, float, float, (cutlass::FloatRoundStyle)2, void>, cutlass::epilogue::threadblock::TreeVisitor2x<cutlass::epilogue::threadblock::VisitorCompute<cutlass::multiplies, float, float, (cutlass::FloatRoundStyle)2, void>, cutlass::epilogue::threadblock::TreeVisitor2x<cutlass::epilogue::threadblock::VisitorCompute<cutlass::multiplies, float, float, (cutlass::FloatRoundStyle)2, void>, cutlass::epilogue::threadblock::VisitorAccFetch, cutlass::epilogue::threadblock::VisitorScalarBroadcast<float, cute::tuple<cute::C<(int)0>, cute::C<(int)0>, cute::C<(int)0>>, (int)1, cutlass::multiplies>>, cutlass::epilogue::threadblock::VisitorRowBroadcast<cutlass::epilogue::threadblock::OutputTileThreadLayout<cutlass::gemm::GemmShape<(int)128, (int)128, (int)128>, cutlass::gemm::GemmShape<(int)64, (int)64, (int)128>, cutlass::half_t, (int)8, (int)1>, float, cute::tuple<cute::C<(int)0>, cute::C<(int)1>, int>, (bool)1>>, cutlass::epilogue::threadblock::VisitorRowBroadcast<cutlass::epilogue::threadblock::OutputTileThreadLayout<cutlass::gemm::GemmShape<(int)128, (int)128, (int)128>, cutlass::gemm::GemmShape<(int)64, (int)64, (int)128>, cutlass::half_t, (int)8, (int)1>, float, cute::tuple<cute::C<(int)0>, cute::C<(int)1>, int>, (bool)1>>, cutlass::epilogue::threadblock::VisitorAuxLoad<cutlass::epilogue::threadblock::OutputTileThreadLayout<cutlass::gemm::GemmShape<(int)128, (int)128, (int)128>, cutlass::gemm::GemmShape<(int)64, (int)64, (int)128>, cutlass::half_t, (int)8, (int)1>, cutlass::half_t, cute::tuple<long, cute::C<(int)1>, long>>>>, (int)1, (int)1>, cutlass::gemm::threadblock::GemmIdentityThreadblockSwizzle<(int)1>, (cutlass::conv::Operator)0, cutlass::conv::Conv2dProblemSize>>(T1::Params)",2391920.0
L|resblock_plain|C768|T64,sm86_xmma_fprop_implicit_gemm_f16f16_f16f32_f32_nhwckrsc_nhwc_tilesize64x128x32_stage4_warpsize2x2x1_g1_tensor16x8x16_execute_kernel__5x_cudnn,2348237.0
L|resblock_updown|C768|T16,"void at::native::<unnamed>::upsample_nearest2d_nhwc_out_frame<float, &at::native::nearest_neighbor_compute_source_index>(const T1 *, T1 *, unsigned long, unsigned long, unsigned long, unsigned long, unsigned long, float, float, unsigned long)",2274445.0
L|resblock_plain|C1536|T16,sm80_xmma_gemm_f16f16_f16f32_f32_tn_n_tilesize96x128x32_stage4_warpsize2x2x1_tensor16x8x16_kernel,2251443.0
L|resblock_updown|C384|T256,"void group_norm_silu_quantize_resize_nhwc_kernel<__half, (bool)1, (bool)0, (bool)1>(const T1 *, signed char *, const T1 *, const T1 *, const T1 *, const T1 *, const float *, const float *, int, long, int, float, bool, int, int)",2173454.0
L|resblock_plain|C1152|T16,"void cutlass::Kernel<modiff::ImplicitGemmConvolutionEVT<cutlass::conv::threadblock::ImplicitGemmMultistage<cutlass::gemm::GemmShape<(int)128, (int)128, (int)128>, cutlass::conv::threadblock::Conv2dFpropActivationTileAccessIteratorOptimized<cutlass::MatrixShape<(int)128, (int)128>, cutlass::integer_subbyte<(int)4, (bool)1>, cutlass::layout::TensorNHWC, cutlass::transform::PitchLinearWarpRakedThreadMap<cutlass::PitchLinearShape<(int)128, (int)128>, (int)128, cutlass::PitchLinearShape<(int)4, (int)8>, (int)32>, cutlass::AlignedArray<cutlass::integer_subbyte<(int)4, (bool)1>, (int)32, (int)16>>, cutlass::transform::threadblock::RegularTileAccessIterator<cutlass::MatrixShape<(int)128, (int)128>, cutlass::integer_subbyte<(int)4, (bool)1>, cutlass::layout::RowMajorTensorOpMultiplicandCrosswise<(int)4, (int)128>, (int)0, cutlass::transform::PitchLinearWarpRakedThreadMap<cutlass::PitchLinearShape<(int)128, (int)128>, (int)128, cutlass::PitchLinearShape<(int)4, (int)8>, (int)32>, (int)16>, (cutlass::arch::CacheOperation::Kind)0, cutlass::conv::threadblock::Conv2dFpropFilterTileAccessIteratorOptimized<cutlass::MatrixShape<(int)128, (int)128>, cutlass::integer_subbyte<(int)4, (bool)1>, cutlass::layout::TensorNHWC, cutlass::transform::PitchLinearWarpRakedThreadMap<cutlass::PitchLinearShape<(int)128, (int)128>, (int)128, cutlass::PitchLinearShape<(int)4, (int)8>, (int)32>, cutlass::AlignedArray<cutlass::integer_subbyte<(int)4, (bool)1>, (int)32, (int)16>, (bool)0>, cutlass::transform::threadblock::RegularTileAccessIterator<cutlass::MatrixShape<(int)128, (int)128>, cutlass::integer_subbyte<(int)4, (bool)1>, cutlass::layout::ColumnMajorTensorOpMultiplicandCrosswise<(int)4, (int)128>, (int)1, cutlass::transform::PitchLinearWarpRakedThreadMap<cutlass::PitchLinearShape<(int)128, (int)128>, (int)128, cutlass::PitchLinearShape<(int)4, (int)8>, (int)32>, (int)16>, (cutlass::arch::CacheOperation::Kind)1, cutlass::gemm::threadblock::MmaPolicy<cutlass::gemm::warp::MmaTensorOp<cutlass::gemm::GemmShape<(int)64, (int)64, (int)128>, cutlass::integer_subbyte<(int)4, (bool)1>, cutlass::layout::RowMajorTensorOpMultiplicandCrosswise<(int)4, (int)128>, cutlass::integer_subbyte<(int)4, (bool)1>, cutlass::layout::ColumnMajorTensorOpMultiplicandCrosswise<(int)4, (int)128>, int, cutlass::layout::RowMajor, cutlass::gemm::warp::MmaTensorOpPolicy<cutlass::arch::Mma<cutlass::gemm::GemmShape<(int)16, (int)8, (int)64>, (int)32, cutlass::integer_subbyte<(int)4, (bool)1>, cutlass::layout::RowMajor, cutlass::integer_subbyte<(int)4, (bool)1>, cutlass::layout::ColumnMajor, int, cutlass::layout::RowMajor, cutlass::arch::OpMultiplyAddSaturate>, cutlass::MatrixShape<(int)1, (int)1>>, (int)1, (bool)0, bool>, cutlass::MatrixShape<(int)0, (int)0>, cutlass::MatrixShape<(int)0, (int)0>, (int)1>, (int)3, bool>, cutlass::epilogue::threadblock::EpilogueWithVisitorCallbacks<cutlass::epilogue::threadblock::Epilogue<cutlass::gemm::GemmShape<(int)128, (int)128, (int)128>, cutlass::gemm::warp::MmaTensorOp<cutlass::gemm::GemmShape<(int)64, (int)64, (int)128>, cutlass::integer_subbyte<(int)4, (bool)1>, cutlass::layout::RowMajorTensorOpMultiplicandCrosswise<(int)4, (int)128>, cutlass::integer_subbyte<(int)4, (bool)1>, cutlass::layout::ColumnMajorTensorOpMultiplicandCrosswise<(int)4, (int)128>, int, cutlass::layout::RowMajor, cutlass::gemm::warp::MmaTensorOpPolicy<cutlass::arch::Mma<cutlass::gemm::GemmShape<(int)16, (int)8, (int)64>, (int)32, cutlass::integer_subbyte<(int)4, (bool)1>, cutlass::layout::RowMajor, cutlass::integer_subbyte<(int)4, (bool)1>, cutlass::layout::ColumnMajor, int, cutlass::layout::RowMajor, cutlass::arch::OpMultiplyAddSaturate>, cutlass::MatrixShape<(int)1, (int)1>>, (int)1, (bool)0, bool>, (int)1, cutlass::epilogue::threadblock::PredicatedTileIteratorConv<cutlass::epilogue::threadblock::OutputTileOptimalThreadMap<cutlass::epilogue::threadblock::OutputTileShape<(int)128, (int)8, (int)2, (int)1, (int)1>, cutlass::epilogue::threadblock::OutputTileShape<(int)1, (int)8, (int)1, (int)1, (int)8>, (int)128, (int)8, (int)16>, cutlass::half_t, (bool)0, cutlass::layout::NoPermute, (bool)0, (int)4>, cutlass::epilogue::warp::FragmentIteratorTensorOp<cutlass::gemm::GemmShape<(int)64, (int)64, (int)128>, cutlass::gemm::GemmShape<(int)16, (int)8, (int)64>, int, cutlass::Array<int, (int)4, (bool)1>, cutlass::layout::RowMajor>, cutlass::epilogue::warp::TileIteratorTensorOpMixed<cutlass::gemm::GemmShape<(int)64, (int)64, (int)128>, cutlass::gemm::GemmShape<(int)16, (int)8, (int)64>, int, (int)32, (int)16, (int)8, (int)8, (bool)0>, cutlass::epilogue::threadblock::SharedLoadIteratorMixed<cutlass::epilogue::threadblock::OutputTileOptimalThreadMap<cutlass::epilogue::threadblock::OutputTileShape<(int)128, (int)8, (int)2, (int)1, (int)1>, cutlass::epilogue::threadblock::OutputTileShape<(int)1, (int)8, (int)1, (int)1, (int)8>, (int)128, (int)8, (int)16>::CompactedThreadMap, int, (int)32, (int)16, (int)8, (int)8, (bool)0>, cutlass::epilogue::thread::LinearCombination<cutlass::half_t, (int)8, int, float, (cutlass::epilogue::thread::ScaleType::Kind)0, (cutlass::FloatRoundStyle)2, cutlass::half_t>, cutlass::MatrixShape<(int)0, (int)8>, (int)2, (int)1>, cutlass::epilogue::threadblock::TreeVisitor2x<cutlass::epilogue::threadblock::VisitorAuxStore<cutlass::epilogue::threadblock::OutputTileThreadLayout<cutlass::gemm::GemmShape<(int)128, (int)128, (int)128>, cutlass::gemm::GemmShape<(int)64, (int)64, (int)128>, cutlass::half_t, (int)8, (int)1>, cutlass::half_t, (cutlass::FloatRoundStyle)2, cute::tuple<long, cute::C<(int)1>, long>>, cutlass::epilogue::threadblock::TreeVisitor2x<cutlass::epilogue::threadblock::VisitorCompute<cutlass::plus, float, float, (cutlass::FloatRoundStyle)2, void>, cutlass::epilogue::threadblock::TreeVisitor2x<cutlass::epilogue::threadblock::VisitorCompute<cutlass::multiplies, float, float, (cutlass::FloatRoundStyle)2, void>, cutlass::epilogue::threadblock::TreeVisitor2x<cutlass::epilogue::threadblock::VisitorCompute<cutlass::multiplies, float, float, (cutlass::FloatRoundStyle)2, void>, cutlass::epilogue::threadblock::VisitorAccFetch, cutlass::epilogue::threadblock::VisitorScalarBroadcast<float, cute::tuple<cute::C<(int)0>, cute::C<(int)0>, cute::C<(int)0>>, (int)1, cutlass::multiplies>>, cutlass::epilogue::threadblock::VisitorRowBroadcast<cutlass::epilogue::threadblock::OutputTileThreadLayout<cutlass::gemm::GemmShape<(int)128, (int)128, (int)128>, cutlass::gemm::GemmShape<(int)64, (int)64, (int)128>, cutlass::half_t, (int)8, (int)1>, float, cute::tuple<cute::C<(int)0>, cute::C<(int)1>, int>, (bool)1>>, cutlass::epilogue::threadblock::VisitorRowBroadcast<cutlass::epilogue::threadblock::OutputTileThreadLayout<cutlass::gemm::GemmShape<(int)128, (int)128, (int)128>, cutlass::gemm::GemmShape<(int)64, (int)64, (int)128>, cutlass::half_t, (int)8, (int)1>, float, cute::tuple<cute::C<(int)0>, cute::C<(int)1>, int>, (bool)1>>>, (int)1, (int)1>, cutlass::gemm::threadblock::GemmIdentityThreadblockSwizzle<(int)1>, (cutlass::conv::Operator)0, cutlass::conv::Conv2dProblemSize>>(T1::Params)",2134032.0
L|resblock_updown|C192|T1024,"void cutlass::Kernel<modiff::ImplicitGemmConvolutionEVT<cutlass::conv::threadblock::ImplicitGemmMultistage<cutlass::gemm::GemmShape<(int)128, (int)128, (int)128>, cutlass::conv::threadblock::Conv2dFpropActivationTileAccessIteratorOptimized<cutlass::MatrixShape<(int)128, (int)128>, cutlass::integer_subbyte<(int)4, (bool)1>, cutlass::layout::TensorNHWC, cutlass::transform::PitchLinearWarpRakedThreadMap<cutlass::PitchLinearShape<(int)128, (int)128>, (int)128, cutlass::PitchLinearShape<(int)4, (int)8>, (int)32>, cutlass::AlignedArray<cutlass::integer_subbyte<(int)4, (bool)1>, (int)32, (int)16>>, cutlass::transform::threadblock::RegularTileAccessIterator<cutlass::MatrixShape<(int)128, (int)128>, cutlass::integer_subbyte<(int)4, (bool)1>, cutlass::layout::RowMajorTensorOpMultiplicandCrosswise<(int)4, (int)128>, (int)0, cutlass::transform::PitchLinearWarpRakedThreadMap<cutlass::PitchLinearShape<(int)128, (int)128>, (int)128, cutlass::PitchLinearShape<(int)4, (int)8>, (int)32>, (int)16>, (cutlass::arch::CacheOperation::Kind)0, cutlass::conv::threadblock::Conv2dFpropFilterTileAccessIteratorOptimized<cutlass::MatrixShape<(int)128, (int)128>, cutlass::integer_subbyte<(int)4, (bool)1>, cutlass::layout::TensorNHWC, cutlass::transform::PitchLinearWarpRakedThreadMap<cutlass::PitchLinearShape<(int)128, (int)128>, (int)128, cutlass::PitchLinearShape<(int)4, (int)8>, (int)32>, cutlass::AlignedArray<cutlass::integer_subbyte<(int)4, (bool)1>, (int)32, (int)16>, (bool)0>, cutlass::transform::threadblock::RegularTileAccessIterator<cutlass::MatrixShape<(int)128, (int)128>, cutlass::integer_subbyte<(int)4, (bool)1>, cutlass::layout::ColumnMajorTensorOpMultiplicandCrosswise<(int)4, (int)128>, (int)1, cutlass::transform::PitchLinearWarpRakedThreadMap<cutlass::PitchLinearShape<(int)128, (int)128>, (int)128, cutlass::PitchLinearShape<(int)4, (int)8>, (int)32>, (int)16>, (cutlass::arch::CacheOperation::Kind)1, cutlass::gemm::threadblock::MmaPolicy<cutlass::gemm::warp::MmaTensorOp<cutlass::gemm::GemmShape<(int)64, (int)64, (int)128>, cutlass::integer_subbyte<(int)4, (bool)1>, cutlass::layout::RowMajorTensorOpMultiplicandCrosswise<(int)4, (int)128>, cutlass::integer_subbyte<(int)4, (bool)1>, cutlass::layout::ColumnMajorTensorOpMultiplicandCrosswise<(int)4, (int)128>, int, cutlass::layout::RowMajor, cutlass::gemm::warp::MmaTensorOpPolicy<cutlass::arch::Mma<cutlass::gemm::GemmShape<(int)16, (int)8, (int)64>, (int)32, cutlass::integer_subbyte<(int)4, (bool)1>, cutlass::layout::RowMajor, cutlass::integer_subbyte<(int)4, (bool)1>, cutlass::layout::ColumnMajor, int, cutlass::layout::RowMajor, cutlass::arch::OpMultiplyAddSaturate>, cutlass::MatrixShape<(int)1, (int)1>>, (int)1, (bool)0, bool>, cutlass::MatrixShape<(int)0, (int)0>, cutlass::MatrixShape<(int)0, (int)0>, (int)1>, (int)3, bool>, cutlass::epilogue::threadblock::EpilogueWithVisitorCallbacks<cutlass::epilogue::threadblock::Epilogue<cutlass::gemm::GemmShape<(int)128, (int)128, (int)128>, cutlass::gemm::warp::MmaTensorOp<cutlass::gemm::GemmShape<(int)64, (int)64, (int)128>, cutlass::integer_subbyte<(int)4, (bool)1>, cutlass::layout::RowMajorTensorOpMultiplicandCrosswise<(int)4, (int)128>, cutlass::integer_subbyte<(int)4, (bool)1>, cutlass::layout::ColumnMajorTensorOpMultiplicandCrosswise<(int)4, (int)128>, int, cutlass::layout::RowMajor, cutlass::gemm::warp::MmaTensorOpPolicy<cutlass::arch::Mma<cutlass::gemm::GemmShape<(int)16, (int)8, (int)64>, (int)32, cutlass::integer_subbyte<(int)4, (bool)1>, cutlass::layout::RowMajor, cutlass::integer_subbyte<(int)4, (bool)1>, cutlass::layout::ColumnMajor, int, cutlass::layout::RowMajor, cutlass::arch::OpMultiplyAddSaturate>, cutlass::MatrixShape<(int)1, (int)1>>, (int)1, (bool)0, bool>, (int)1, cutlass::epilogue::threadblock::PredicatedTileIteratorConv<cutlass::epilogue::threadblock::OutputTileOptimalThreadMap<cutlass::epilogue::threadblock::OutputTileShape<(int)128, (int)8, (int)2, (int)1, (int)1>, cutlass::epilogue::threadblock::OutputTileShape<(int)1, (int)8, (int)1, (int)1, (int)8>, (int)128, (int)8, (int)16>, cutlass::half_t, (bool)0, cutlass::layout::NoPermute, (bool)0, (int)4>, cutlass::epilogue::warp::FragmentIteratorTensorOp<cutlass::gemm::GemmShape<(int)64, (int)64, (int)128>, cutlass::gemm::GemmShape<(int)16, (int)8, (int)64>, int, cutlass::Array<int, (int)4, (bool)1>, cutlass::layout::RowMajor>, cutlass::epilogue::warp::TileIteratorTensorOpMixed<cutlass::gemm::GemmShape<(int)64, (int)64, (int)128>, cutlass::gemm::GemmShape<(int)16, (int)8, (int)64>, int, (int)32, (int)16, (int)8, (int)8, (bool)0>, cutlass::epilogue::threadblock::SharedLoadIteratorMixed<cutlass::epilogue::threadblock::OutputTileOptimalThreadMap<cutlass::epilogue::threadblock::OutputTileShape<(int)128, (int)8, (int)2, (int)1, (int)1>, cutlass::epilogue::threadblock::OutputTileShape<(int)1, (int)8, (int)1, (int)1, (int)8>, (int)128, (int)8, (int)16>::CompactedThreadMap, int, (int)32, (int)16, (int)8, (int)8, (bool)0>, cutlass::epilogue::thread::LinearCombination<cutlass::half_t, (int)8, int, float, (cutlass::epilogue::thread::ScaleType::Kind)0, (cutlass::FloatRoundStyle)2, cutlass::half_t>, cutlass::MatrixShape<(int)0, (int)8>, (int)2, (int)1>, cutlass::epilogue::threadblock::TreeVisitor2x<cutlass::epilogue::threadblock::VisitorAuxStore<cutlass::epilogue::threadblock::OutputTileThreadLayout<cutlass::gemm::GemmShape<(int)128, (int)128, (int)128>, cutlass::gemm::GemmShape<(int)64, (int)64, (int)128>, cutlass::half_t, (int)8, (int)1>, cutlass::half_t, (cutlass::FloatRoundStyle)2, cute::tuple<long, cute::C<(int)1>, long>>, cutlass::epilogue::threadblock::TreeVisitor2x<cutlass::epilogue::threadblock::VisitorCompute<cutlass::plus, float, float, (cutlass::FloatRoundStyle)2, void>, cutlass::epilogue::threadblock::TreeVisitor2x<cutlass::epilogue::threadblock::VisitorCompute<cutlass::plus, float, float, (cutlass::FloatRoundStyle)2, void>, cutlass::epilogue::threadblock::TreeVisitor2x<cutlass::epilogue::threadblock::VisitorCompute<cutlass::multiplies, float, float, (cutlass::FloatRoundStyle)2, void>, cutlass::epilogue::threadblock::TreeVisitor2x<cutlass::epilogue::threadblock::VisitorCompute<cutlass::multiplies, float, float, (cutlass::FloatRoundStyle)2, void>, cutlass::epilogue::threadblock::VisitorAccFetch, cutlass::epilogue::threadblock::VisitorScalarBroadcast<float, cute::tuple<cute::C<(int)0>, cute::C<(int)0>, cute::C<(int)0>>, (int)1, cutlass::multiplies>>, cutlass::epilogue::threadblock::VisitorRowBroadcast<cutlass::epilogue::threadblock::OutputTileThreadLayout<cutlass::gemm::GemmShape<(int)128, (int)128, (int)128>, cutlass::gemm::GemmShape<(int)64, (int)64, (int)128>, cutlass::half_t, (int)8, (int)1>, float, cute::tuple<cute::C<(int)0>, cute::C<(int)1>, int>, (bool)1>>, cutlass::epilogue::threadblock::VisitorRowBroadcast<cutlass::epilogue::threadblock::OutputTileThreadLayout<cutlass::gemm::GemmShape<(int)128, (int)128, (int)128>, cutlass::gemm::GemmShape<(int)64, (int)64, (int)128>, cutlass::half_t, (int)8, (int)1>, float, cute::tuple<cute::C<(int)0>, cute::C<(int)1>, int>, (bool)1>>, cutlass::epilogue::threadblock::VisitorAuxLoad<cutlass::epilogue::threadblock::OutputTileThreadLayout<cutlass::gemm::GemmShape<(int)128, (int)128, (int)128>, cutlass::gemm::GemmShape<(int)64, (int)64, (int)128>, cutlass::half_t, (int)8, (int)1>, cutlass::half_t, cute::tuple<long, cute::C<(int)1>, long>>>>, (int)1, (int)1>, cutlass::gemm::threadblock::GemmIdentityThreadblockSwizzle<(int)1>, (cutlass::conv::Operator)0, cutlass::conv::Conv2dProblemSize>>(T1::Params)",2003890.0
L|resblock_updown|C192|T1024,"void cutlass::Kernel<modiff::ImplicitGemmConvolutionEVT<cutlass::conv::threadblock::ImplicitGemmMultistage<cutlass::gemm::GemmShape<(int)128, (int)128, (int)128>, cutlass::conv::threadblock::Conv2dFpropActivationTileAccessIteratorOptimized<cutlass::MatrixShape<(int)128, (int)128>, cutlass::integer_subbyte<(int)4, (bool)1>, cutlass::layout::TensorNHWC, cutlass::transform::PitchLinearWarpRakedThreadMap<cutlass::PitchLinearShape<(int)128, (int)128>, (int)128, cutlass::PitchLinearShape<(int)4, (int)8>, (int)32>, cutlass::AlignedArray<cutlass::integer_subbyte<(int)4, (bool)1>, (int)32, (int)16>>, cutlass::transform::threadblock::RegularTileAccessIterator<cutlass::MatrixShape<(int)128, (int)128>, cutlass::integer_subbyte<(int)4, (bool)1>, cutlass::layout::RowMajorTensorOpMultiplicandCrosswise<(int)4, (int)128>, (int)0, cutlass::transform::PitchLinearWarpRakedThreadMap<cutlass::PitchLinearShape<(int)128, (int)128>, (int)128, cutlass::PitchLinearShape<(int)4, (int)8>, (int)32>, (int)16>, (cutlass::arch::CacheOperation::Kind)0, cutlass::conv::threadblock::Conv2dFpropFilterTileAccessIteratorOptimized<cutlass::MatrixShape<(int)128, (int)128>, cutlass::integer_subbyte<(int)4, (bool)1>, cutlass::layout::TensorNHWC, cutlass::transform::PitchLinearWarpRakedThreadMap<cutlass::PitchLinearShape<(int)128, (int)128>, (int)128, cutlass::PitchLinearShape<(int)4, (int)8>, (int)32>, cutlass::AlignedArray<cutlass::integer_subbyte<(int)4, (bool)1>, (int)32, (int)16>, (bool)0>, cutlass::transform::threadblock::RegularTileAccessIterator<cutlass::MatrixShape<(int)128, (int)128>, cutlass::integer_subbyte<(int)4, (bool)1>, cutlass::layout::ColumnMajorTensorOpMultiplicandCrosswise<(int)4, (int)128>, (int)1, cutlass::transform::PitchLinearWarpRakedThreadMap<cutlass::PitchLinearShape<(int)128, (int)128>, (int)128, cutlass::PitchLinearShape<(int)4, (int)8>, (int)32>, (int)16>, (cutlass::arch::CacheOperation::Kind)1, cutlass::gemm::threadblock::MmaPolicy<cutlass::gemm::warp::MmaTensorOp<cutlass::gemm::GemmShape<(int)64, (int)64, (int)128>, cutlass::integer_subbyte<(int)4, (bool)1>, cutlass::layout::RowMajorTensorOpMultiplicandCrosswise<(int)4, (int)128>, cutlass::integer_subbyte<(int)4, (bool)1>, cutlass::layout::ColumnMajorTensorOpMultiplicandCrosswise<(int)4, (int)128>, int, cutlass::layout::RowMajor, cutlass::gemm::warp::MmaTensorOpPolicy<cutlass::arch::Mma<cutlass::gemm::GemmShape<(int)16, (int)8, (int)64>, (int)32, cutlass::integer_subbyte<(int)4, (bool)1>, cutlass::layout::RowMajor, cutlass::integer_subbyte<(int)4, (bool)1>, cutlass::layout::ColumnMajor, int, cutlass::layout::RowMajor, cutlass::arch::OpMultiplyAddSaturate>, cutlass::MatrixShape<(int)1, (int)1>>, (int)1, (bool)0, bool>, cutlass::MatrixShape<(int)0, (int)0>, cutlass::MatrixShape<(int)0, (int)0>, (int)1>, (int)3, bool>, cutlass::epilogue::threadblock::EpilogueWithVisitorCallbacks<cutlass::epilogue::threadblock::Epilogue<cutlass::gemm::GemmShape<(int)128, (int)128, (int)128>, cutlass::gemm::warp::MmaTensorOp<cutlass::gemm::GemmShape<(int)64, (int)64, (int)128>, cutlass::integer_subbyte<(int)4, (bool)1>, cutlass::layout::RowMajorTensorOpMultiplicandCrosswise<(int)4, (int)128>, cutlass::integer_subbyte<(int)4, (bool)1>, cutlass::layout::ColumnMajorTensorOpMultiplicandCrosswise<(int)4, (int)128>, int, cutlass::layout::RowMajor, cutlass::gemm::warp::MmaTensorOpPolicy<cutlass::arch::Mma<cutlass::gemm::GemmShape<(int)16, (int)8, (int)64>, (int)32, cutlass::integer_subbyte<(int)4, (bool)1>, cutlass::layout::RowMajor, cutlass::integer_subbyte<(int)4, (bool)1>, cutlass::layout::ColumnMajor, int, cutlass::layout::RowMajor, cutlass::arch::OpMultiplyAddSaturate>, cutlass::MatrixShape<(int)1, (int)1>>, (int)1, (bool)0, bool>, (int)1, cutlass::epilogue::threadblock::PredicatedTileIteratorConv<cutlass::epilogue::threadblock::OutputTileOptimalThreadMap<cutlass::epilogue::threadblock::OutputTileShape<(int)128, (int)8, (int)2, (int)1, (int)1>, cutlass::epilogue::threadblock::OutputTileShape<(int)1, (int)8, (int)1, (int)1, (int)8>, (int)128, (int)8, (int)16>, cutlass::half_t, (bool)0, cutlass::layout::NoPermute, (bool)0, (int)4>, cutlass::epilogue::warp::FragmentIteratorTensorOp<cutlass::gemm::GemmShape<(int)64, (int)64, (int)128>, cutlass::gemm::GemmShape<(int)16, (int)8, (int)64>, int, cutlass::Array<int, (int)4, (bool)1>, cutlass::layout::RowMajor>, cutlass::epilogue::warp::TileIteratorTensorOpMixed<cutlass::gemm::GemmShape<(int)64, (int)64, (int)128>, cutlass::gemm::GemmShape<(int)16, (int)8, (int)64>, int, (int)32, (int)16, (int)8, (int)8, (bool)0>, cutlass::epilogue::threadblock::SharedLoadIteratorMixed<cutlass::epilogue::threadblock::OutputTileOptimalThreadMap<cutlass::epilogue::threadblock::OutputTileShape<(int)128, (int)8, (int)2, (int)1, (int)1>, cutlass::epilogue::threadblock::OutputTileShape<(int)1, (int)8, (int)1, (int)1, (int)8>, (int)128, (int)8, (int)16>::CompactedThreadMap, int, (int)32, (int)16, (int)8, (int)8, (bool)0>, cutlass::epilogue::thread::LinearCombination<cutlass::half_t, (int)8, int, float, (cutlass::epilogue::thread::ScaleType::Kind)0, (cutlass::FloatRoundStyle)2, cutlass::half_t>, cutlass::MatrixShape<(int)0, (int)8>, (int)2, (int)1>, cutlass::epilogue::threadblock::TreeVisitor2x<cutlass::epilogue::threadblock::VisitorAuxStore<cutlass::epilogue::threadblock::OutputTileThreadLayout<cutlass::gemm::GemmShape<(int)128, (int)128, (int)128>, cutlass::gemm::GemmShape<(int)64, (int)64, (int)128>, cutlass::half_t, (int)8, (int)1>, cutlass::half_t, (cutlass::FloatRoundStyle)2, cute::tuple<long, cute::C<(int)1>, long>>, cutlass::epilogue::threadblock::TreeVisitor2x<cutlass::epilogue::threadblock::VisitorCompute<cutlass::plus, float, float, (cutlass::FloatRoundStyle)2, void>, cutlass::epilogue::threadblock::TreeVisitor2x<cutlass::epilogue::threadblock::VisitorCompute<cutlass::multiplies, float, float, (cutlass::FloatRoundStyle)2, void>, cutlass::epilogue::threadblock::TreeVisitor2x<cutlass::epilogue::threadblock::VisitorCompute<cutlass::multiplies, float, float, (cutlass::FloatRoundStyle)2, void>, cutlass::epilogue::threadblock::VisitorAccFetch, cutlass::epilogue::threadblock::VisitorScalarBroadcast<float, cute::tuple<cute::C<(int)0>, cute::C<(int)0>, cute::C<(int)0>>, (int)1, cutlass::multiplies>>, cutlass::epilogue::threadblock::VisitorRowBroadcast<cutlass::epilogue::threadblock::OutputTileThreadLayout<cutlass::gemm::GemmShape<(int)128, (int)128, (int)128>, cutlass::gemm::GemmShape<(int)64, (int)64, (int)128>, cutlass::half_t, (int)8, (int)1>, float, cute::tuple<cute::C<(int)0>, cute::C<(int)1>, int>, (bool)1>>, cutlass::epilogue::threadblock::VisitorRowBroadcast<cutlass::epilogue::threadblock::OutputTileThreadLayout<cutlass::gemm::GemmShape<(int)128, (int)128, (int)128>, cutlass::gemm::GemmShape<(int)64, (int)64, (int)128>, cutlass::half_t, (int)8, (int)1>, float, cute::tuple<cute::C<(int)0>, cute::C<(int)1>, int>, (bool)1>>>, (int)1, (int)1>, cutlass::gemm::threadblock::GemmIdentityThreadblockSwizzle<(int)1>, (cutlass::conv::Operator)0, cutlass::conv::Conv2dProblemSize>>(T1::Params)",1956528.0
L|resblock_plain|C576|T256,"void at::native::elementwise_kernel<(int)128, (int)4, void at::native::gpu_kernel_impl_nocast<at::native::CUDAFunctor_add<c10::Half>>(at::TensorIteratorBase &, const T1 &)::[lambda(int) (instance 1)]>(int, T3)",1953835.0
L|resblock_plain|C192|T256,"void at::native::elementwise_kernel<(int)128, (int)4, void at::native::gpu_kernel_impl_nocast<at::native::CUDAFunctor_add<c10::Half>>(at::TensorIteratorBase &, const T1 &)::[lambda(int) (instance 1)]>(int, T3)",1952461.0
,sm80_xmma_fprop_implicit_gemm_indexed_wo_smem_f16f16_f16f32_f32_nhwckrsc_nhwc_tilesize128x32x16_stage1_warpsize4x1x1_g1_tensor16x8x16_aligna4_alignc8_execute_kernel__5x_cudnn,1941675.0
L|attention|C768|T16,"void group_norm_silu_quantize_pack_nhwc_vec2_kernel<__half, (bool)1>(const T1 *, signed char *, const T1 *, const T1 *, const T1 *, const T1 *, const float *, const float *, int, long, int, float, bool, int)",1811080.0
L|resblock_plain|C384|T16,"void group_norm_silu_quantize_pack_nhwc_vec2_kernel<__half, (bool)0>(const T1 *, signed char *, const T1 *, const T1 *, const T1 *, const T1 *, const float *, const float *, int, long, int, float, bool, int)",1780780.0
L|resblock_plain|C1152|T64,sm86_xmma_fprop_implicit_gemm_f16f16_f16f32_f32_nhwckrsc_nhwc_tilesize128x128x32_stage3_warpsize2x2x1_g1_tensor16x8x16_t1r1s1_execute_kernel__5x_cudnn,1588493.0
L|resblock_plain|C192|T256,sm86_xmma_fprop_implicit_gemm_f16f16_f16f32_f32_nhwckrsc_nhwc_tilesize64x128x32_stage4_warpsize2x2x1_g1_tensor16x8x16_execute_kernel__5x_cudnn,1526155.0
L|resblock_plain|C768|T16,"void cutlass::Kernel<modiff::ImplicitGemmConvolutionEVT<cutlass::conv::threadblock::ImplicitGemmMultistage<cutlass::gemm::GemmShape<(int)128, (int)128, (int)128>, cutlass::conv::threadblock::Conv2dFpropActivationTileAccessIteratorOptimized<cutlass::MatrixShape<(int)128, (int)128>, cutlass::integer_subbyte<(int)4, (bool)1>, cutlass::layout::TensorNHWC, cutlass::transform::PitchLinearWarpRakedThreadMap<cutlass::PitchLinearShape<(int)128, (int)128>, (int)128, cutlass::PitchLinearShape<(int)4, (int)8>, (int)32>, cutlass::AlignedArray<cutlass::integer_subbyte<(int)4, (bool)1>, (int)32, (int)16>>, cutlass::transform::threadblock::RegularTileAccessIterator<cutlass::MatrixShape<(int)128, (int)128>, cutlass::integer_subbyte<(int)4, (bool)1>, cutlass::layout::RowMajorTensorOpMultiplicandCrosswise<(int)4, (int)128>, (int)0, cutlass::transform::PitchLinearWarpRakedThreadMap<cutlass::PitchLinearShape<(int)128, (int)128>, (int)128, cutlass::PitchLinearShape<(int)4, (int)8>, (int)32>, (int)16>, (cutlass::arch::CacheOperation::Kind)0, cutlass::conv::threadblock::Conv2dFpropFilterTileAccessIteratorOptimized<cutlass::MatrixShape<(int)128, (int)128>, cutlass::integer_subbyte<(int)4, (bool)1>, cutlass::layout::TensorNHWC, cutlass::transform::PitchLinearWarpRakedThreadMap<cutlass::PitchLinearShape<(int)128, (int)128>, (int)128, cutlass::PitchLinearShape<(int)4, (int)8>, (int)32>, cutlass::AlignedArray<cutlass::integer_subbyte<(int)4, (bool)1>, (int)32, (int)16>, (bool)0>, cutlass::transform::threadblock::RegularTileAccessIterator<cutlass::MatrixShape<(int)128, (int)128>, cutlass::integer_subbyte<(int)4, (bool)1>, cutlass::layout::ColumnMajorTensorOpMultiplicandCrosswise<(int)4, (int)128>, (int)1, cutlass::transform::PitchLinearWarpRakedThreadMap<cutlass::PitchLinearShape<(int)128, (int)128>, (int)128, cutlass::PitchLinearShape<(int)4, (int)8>, (int)32>, (int)16>, (cutlass::arch::CacheOperation::Kind)1, cutlass::gemm::threadblock::MmaPolicy<cutlass::gemm::warp::MmaTensorOp<cutlass::gemm::GemmShape<(int)64, (int)64, (int)128>, cutlass::integer_subbyte<(int)4, (bool)1>, cutlass::layout::RowMajorTensorOpMultiplicandCrosswise<(int)4, (int)128>, cutlass::integer_subbyte<(int)4, (bool)1>, cutlass::layout::ColumnMajorTensorOpMultiplicandCrosswise<(int)4, (int)128>, int, cutlass::layout::RowMajor, cutlass::gemm::warp::MmaTensorOpPolicy<cutlass::arch::Mma<cutlass::gemm::GemmShape<(int)16, (int)8, (int)64>, (int)32, cutlass::integer_subbyte<(int)4, (bool)1>, cutlass::layout::RowMajor, cutlass::integer_subbyte<(int)4, (bool)1>, cutlass::layout::ColumnMajor, int, cutlass::layout::RowMajor, cutlass::arch::OpMultiplyAddSaturate>, cutlass::MatrixShape<(int)1, (int)1>>, (int)1, (bool)0, bool>, cutlass::MatrixShape<(int)0, (int)0>, cutlass::MatrixShape<(int)0, (int)0>, (int)1>, (int)3, bool>, cutlass::epilogue::threadblock::EpilogueWithVisitorCallbacks<cutlass::epilogue::threadblock::Epilogue<cutlass::gemm::GemmShape<(int)128, (int)128, (int)128>, cutlass::gemm::warp::MmaTensorOp<cutlass::gemm::GemmShape<(int)64, (int)64, (int)128>, cutlass::integer_subbyte<(int)4, (bool)1>, cutlass::layout::RowMajorTensorOpMultiplicandCrosswise<(int)4, (int)128>, cutlass::integer_subbyte<(int)4, (bool)1>, cutlass::layout::ColumnMajorTensorOpMultiplicandCrosswise<(int)4, (int)128>, int, cutlass::layout::RowMajor, cutlass::gemm::warp::MmaTensorOpPolicy<cutlass::arch::Mma<cutlass::gemm::GemmShape<(int)16, (int)8, (int)64>, (int)32, cutlass::integer_subbyte<(int)4, (bool)1>, cutlass::layout::RowMajor, cutlass::integer_subbyte<(int)4, (bool)1>, cutlass::layout::ColumnMajor, int, cutlass::layout::RowMajor, cutlass::arch::OpMultiplyAddSaturate>, cutlass::MatrixShape<(int)1, (int)1>>, (int)1, (bool)0, bool>, (int)1, cutlass::epilogue::threadblock::PredicatedTileIteratorConv<cutlass::epilogue::threadblock::OutputTileOptimalThreadMap<cutlass::epilogue::threadblock::OutputTileShape<(int)128, (int)8, (int)2, (int)1, (int)1>, cutlass::epilogue::threadblock::OutputTileShape<(int)1, (int)8, (int)1, (int)1, (int)8>, (int)128, (int)8, (int)16>, cutlass::half_t, (bool)0, cutlass::layout::NoPermute, (bool)0, (int)4>, cutlass::epilogue::warp::FragmentIteratorTensorOp<cutlass::gemm::GemmShape<(int)64, (int)64, (int)128>, cutlass::gemm::GemmShape<(int)16, (int)8, (int)64>, int, cutlass::Array<int, (int)4, (bool)1>, cutlass::layout::RowMajor>, cutlass::epilogue::warp::TileIteratorTensorOpMixed<cutlass::gemm::GemmShape<(int)64, (int)64, (int)128>, cutlass::gemm::GemmShape<(int)16, (int)8, (int)64>, int, (int)32, (int)16, (int)8, (int)8, (bool)0>, cutlass::epilogue::threadblock::SharedLoadIteratorMixed<cutlass::epilogue::threadblock::OutputTileOptimalThreadMap<cutlass::epilogue::threadblock::OutputTileShape<(int)128, (int)8, (int)2, (int)1, (int)1>, cutlass::epilogue::threadblock::OutputTileShape<(int)1, (int)8, (int)1, (int)1, (int)8>, (int)128, (int)8, (int)16>::CompactedThreadMap, int, (int)32, (int)16, (int)8, (int)8, (bool)0>, cutlass::epilogue::thread::LinearCombination<cutlass::half_t, (int)8, int, float, (cutlass::epilogue::thread::ScaleType::Kind)0, (cutlass::FloatRoundStyle)2, cutlass::half_t>, cutlass::MatrixShape<(int)0, (int)8>, (int)2, (int)1>, cutlass::epilogue::threadblock::TreeVisitor2x<cutlass::epilogue::threadblock::VisitorAuxStore<cutlass::epilogue::threadblock::OutputTileThreadLayout<cutlass::gemm::GemmShape<(int)128, (int)128, (int)128>, cutlass::gemm::GemmShape<(int)64, (int)64, (int)128>, cutlass::half_t, (int)8, (int)1>, cutlass::half_t, (cutlass::FloatRoundStyle)2, cute::tuple<long, cute::C<(int)1>, long>>, cutlass::epilogue::threadblock::TreeVisitor2x<cutlass::epilogue::threadblock::VisitorCompute<cutlass::plus, float, float, (cutlass::FloatRoundStyle)2, void>, cutlass::epilogue::threadblock::TreeVisitor2x<cutlass::epilogue::threadblock::VisitorCompute<cutlass::plus, float, float, (cutlass::FloatRoundStyle)2, void>, cutlass::epilogue::threadblock::TreeVisitor2x<cutlass::epilogue::threadblock::VisitorCompute<cutlass::multiplies, float, float, (cutlass::FloatRoundStyle)2, void>, cutlass::epilogue::threadblock::TreeVisitor2x<cutlass::epilogue::threadblock::VisitorCompute<cutlass::multiplies, float, float, (cutlass::FloatRoundStyle)2, void>, cutlass::epilogue::threadblock::VisitorAccFetch, cutlass::epilogue::threadblock::VisitorScalarBroadcast<float, cute::tuple<cute::C<(int)0>, cute::C<(int)0>, cute::C<(int)0>>, (int)1, cutlass::multiplies>>, cutlass::epilogue::threadblock::VisitorRowBroadcast<cutlass::epilogue::threadblock::OutputTileThreadLayout<cutlass::gemm::GemmShape<(int)128, (int)128, (int)128>, cutlass::gemm::GemmShape<(int)64, (int)64, (int)128>, cutlass::half_t, (int)8, (int)1>, float, cute::tuple<cute::C<(int)0>, cute::C<(int)1>, int>, (bool)1>>, cutlass::epilogue::threadblock::VisitorRowBroadcast<cutlass::epilogue::threadblock::OutputTileThreadLayout<cutlass::gemm::GemmShape<(int)128, (int)128, (int)128>, cutlass::gemm::GemmShape<(int)64, (int)64, (int)128>, cutlass::half_t, (int)8, (int)1>, float, cute::tuple<cute::C<(int)0>, cute::C<(int)1>, int>, (bool)1>>, cutlass::epilogue::threadblock::VisitorAuxLoad<cutlass::epilogue::threadblock::OutputTileThreadLayout<cutlass::gemm::GemmShape<(int)128, (int)128, (int)128>, cutlass::gemm::GemmShape<(int)64, (int)64, (int)128>, cutlass::half_t, (int)8, (int)1>, cutlass::half_t, cute::tuple<long, cute::C<(int)1>, long>>>>, (int)1, (int)1>, cutlass::gemm::threadblock::GemmIdentityThreadblockSwizzle<(int)1>, (cutlass::conv::Operator)0, cutlass::conv::Conv2dProblemSize>>(T1::Params)",1503367.0
L|resblock_updown|C768|T4,"void cutlass::Kernel<modiff::ImplicitGemmConvolutionEVT<cutlass::conv::threadblock::ImplicitGemmMultistage<cutlass::gemm::GemmShape<(int)128, (int)128, (int)128>, cutlass::conv::threadblock::Conv2dFpropActivationTileAccessIteratorOptimized<cutlass::MatrixShape<(int)128, (int)128>, cutlass::integer_subbyte<(int)4, (bool)1>, cutlass::layout::TensorNHWC, cutlass::transform::PitchLinearWarpRakedThreadMap<cutlass::PitchLinearShape<(int)128, (int)128>, (int)128, cutlass::PitchLinearShape<(int)4, (int)8>, (int)32>, cutlass::AlignedArray<cutlass::integer_subbyte<(int)4, (bool)1>, (int)32, (int)16>>, cutlass::transform::threadblock::RegularTileAccessIterator<cutlass::MatrixShape<(int)128, (int)128>, cutlass::integer_subbyte<(int)4, (bool)1>, cutlass::layout::RowMajorTensorOpMultiplicandCrosswise<(int)4, (int)128>, (int)0, cutlass::transform::PitchLinearWarpRakedThreadMap<cutlass::PitchLinearShape<(int)128, (int)128>, (int)128, cutlass::PitchLinearShape<(int)4, (int)8>, (int)32>, (int)16>, (cutlass::arch::CacheOperation::Kind)0, cutlass::conv::threadblock::Conv2dFpropFilterTileAccessIteratorOptimized<cutlass::MatrixShape<(int)128, (int)128>, cutlass::integer_subbyte<(int)4, (bool)1>, cutlass::layout::TensorNHWC, cutlass::transform::PitchLinearWarpRakedThreadMap<cutlass::PitchLinearShape<(int)128, (int)128>, (int)128, cutlass::PitchLinearShape<(int)4, (int)8>, (int)32>, cutlass::AlignedArray<cutlass::integer_subbyte<(int)4, (bool)1>, (int)32, (int)16>, (bool)0>, cutlass::transform::threadblock::RegularTileAccessIterator<cutlass::MatrixShape<(int)128, (int)128>, cutlass::integer_subbyte<(int)4, (bool)1>, cutlass::layout::ColumnMajorTensorOpMultiplicandCrosswise<(int)4, (int)128>, (int)1, cutlass::transform::PitchLinearWarpRakedThreadMap<cutlass::PitchLinearShape<(int)128, (int)128>, (int)128, cutlass::PitchLinearShape<(int)4, (int)8>, (int)32>, (int)16>, (cutlass::arch::CacheOperation::Kind)1, cutlass::gemm::threadblock::MmaPolicy<cutlass::gemm::warp::MmaTensorOp<cutlass::gemm::GemmShape<(int)64, (int)64, (int)128>, cutlass::integer_subbyte<(int)4, (bool)1>, cutlass::layout::RowMajorTensorOpMultiplicandCrosswise<(int)4, (int)128>, cutlass::integer_subbyte<(int)4, (bool)1>, cutlass::layout::ColumnMajorTensorOpMultiplicandCrosswise<(int)4, (int)128>, int, cutlass::layout::RowMajor, cutlass::gemm::warp::MmaTensorOpPolicy<cutlass::arch::Mma<cutlass::gemm::GemmShape<(int)16, (int)8, (int)64>, (int)32, cutlass::integer_subbyte<(int)4, (bool)1>, cutlass::layout::RowMajor, cutlass::integer_subbyte<(int)4, (bool)1>, cutlass::layout::ColumnMajor, int, cutlass::layout::RowMajor, cutlass::arch::OpMultiplyAddSaturate>, cutlass::MatrixShape<(int)1, (int)1>>, (int)1, (bool)0, bool>, cutlass::MatrixShape<(int)0, (int)0>, cutlass::MatrixShape<(int)0, (int)0>, (int)1>, (int)3, bool>, cutlass::epilogue::threadblock::EpilogueWithVisitorCallbacks<cutlass::epilogue::threadblock::Epilogue<cutlass::gemm::GemmShape<(int)128, (int)128, (int)128>, cutlass::gemm::warp::MmaTensorOp<cutlass::gemm::GemmShape<(int)64, (int)64, (int)128>, cutlass::integer_subbyte<(int)4, (bool)1>, cutlass::layout::RowMajorTensorOpMultiplicandCrosswise<(int)4, (int)128>, cutlass::integer_subbyte<(int)4, (bool)1>, cutlass::layout::ColumnMajorTensorOpMultiplicandCrosswise<(int)4, (int)128>, int, cutlass::layout::RowMajor, cutlass::gemm::warp::MmaTensorOpPolicy<cutlass::arch::Mma<cutlass::gemm::GemmShape<(int)16, (int)8, (int)64>, (int)32, cutlass::integer_subbyte<(int)4, (bool)1>, cutlass::layout::RowMajor, cutlass::integer_subbyte<(int)4, (bool)1>, cutlass::layout::ColumnMajor, int, cutlass::layout::RowMajor, cutlass::arch::OpMultiplyAddSaturate>, cutlass::MatrixShape<(int)1, (int)1>>, (int)1, (bool)0, bool>, (int)1, cutlass::epilogue::threadblock::PredicatedTileIteratorConv<cutlass::epilogue::threadblock::OutputTileOptimalThreadMap<cutlass::epilogue::threadblock::OutputTileShape<(int)128, (int)8, (int)2, (int)1, (int)1>, cutlass::epilogue::threadblock::OutputTileShape<(int)1, (int)8, (int)1, (int)1, (int)8>, (int)128, (int)8, (int)16>, cutlass::half_t, (bool)0, cutlass::layout::NoPermute, (bool)0, (int)4>, cutlass::epilogue::warp::FragmentIteratorTensorOp<cutlass::gemm::GemmShape<(int)64, (int)64, (int)128>, cutlass::gemm::GemmShape<(int)16, (int)8, (int)64>, int, cutlass::Array<int, (int)4, (bool)1>, cutlass::layout::RowMajor>, cutlass::epilogue::warp::TileIteratorTensorOpMixed<cutlass::gemm::GemmShape<(int)64, (int)64, (int)128>, cutlass::gemm::GemmShape<(int)16, (int)8, (int)64>, int, (int)32, (int)16, (int)8, (int)8, (bool)0>, cutlass::epilogue::threadblock::SharedLoadIteratorMixed<cutlass::epilogue::threadblock::OutputTileOptimalThreadMap<cutlass::epilogue::threadblock::OutputTileShape<(int)128, (int)8, (int)2, (int)1, (int)1>, cutlass::epilogue::threadblock::OutputTileShape<(int)1, (int)8, (int)1, (int)1, (int)8>, (int)128, (int)8, (int)16>::CompactedThreadMap, int, (int)32, (int)16, (int)8, (int)8, (bool)0>, cutlass::epilogue::thread::LinearCombination<cutlass::half_t, (int)8, int, float, (cutlass::epilogue::thread::ScaleType::Kind)0, (cutlass::FloatRoundStyle)2, cutlass::half_t>, cutlass::MatrixShape<(int)0, (int)8>, (int)2, (int)1>, cutlass::epilogue::threadblock::TreeVisitor2x<cutlass::epilogue::threadblock::VisitorAuxStore<cutlass::epilogue::threadblock::OutputTileThreadLayout<cutlass::gemm::GemmShape<(int)128, (int)128, (int)128>, cutlass::gemm::GemmShape<(int)64, (int)64, (int)128>, cutlass::half_t, (int)8, (int)1>, cutlass::half_t, (cutlass::FloatRoundStyle)2, cute::tuple<long, cute::C<(int)1>, long>>, cutlass::epilogue::threadblock::TreeVisitor2x<cutlass::epilogue::threadblock::VisitorCompute<cutlass::plus, float, float, (cutlass::FloatRoundStyle)2, void>, cutlass::epilogue::threadblock::TreeVisitor2x<cutlass::epilogue::threadblock::VisitorCompute<cutlass::plus, float, float, (cutlass::FloatRoundStyle)2, void>, cutlass::epilogue::threadblock::TreeVisitor2x<cutlass::epilogue::threadblock::VisitorCompute<cutlass::multiplies, float, float, (cutlass::FloatRoundStyle)2, void>, cutlass::epilogue::threadblock::TreeVisitor2x<cutlass::epilogue::threadblock::VisitorCompute<cutlass::multiplies, float, float, (cutlass::FloatRoundStyle)2, void>, cutlass::epilogue::threadblock::VisitorAccFetch, cutlass::epilogue::threadblock::VisitorScalarBroadcast<float, cute::tuple<cute::C<(int)0>, cute::C<(int)0>, cute::C<(int)0>>, (int)1, cutlass::multiplies>>, cutlass::epilogue::threadblock::VisitorRowBroadcast<cutlass::epilogue::threadblock::OutputTileThreadLayout<cutlass::gemm::GemmShape<(int)128, (int)128, (int)128>, cutlass::gemm::GemmShape<(int)64, (int)64, (int)128>, cutlass::half_t, (int)8, (int)1>, float, cute::tuple<cute::C<(int)0>, cute::C<(int)1>, int>, (bool)1>>, cutlass::epilogue::threadblock::VisitorRowBroadcast<cutlass::epilogue::threadblock::OutputTileThreadLayout<cutlass::gemm::GemmShape<(int)128, (int)128, (int)128>, cutlass::gemm::GemmShape<(int)64, (int)64, (int)128>, cutlass::half_t, (int)8, (int)1>, float, cute::tuple<cute::C<(int)0>, cute::C<(int)1>, int>, (bool)1>>, cutlass::epilogue::threadblock::VisitorAuxLoad<cutlass::epilogue::threadblock::OutputTileThreadLayout<cutlass::gemm::GemmShape<(int)128, (int)128, (int)128>, cutlass::gemm::GemmShape<(int)64, (int)64, (int)128>, cutlass::half_t, (int)8, (int)1>, cutlass::half_t, cute::tuple<long, cute::C<(int)1>, long>>>>, (int)1, (int)1>, cutlass::gemm::threadblock::GemmIdentityThreadblockSwizzle<(int)1>, (cutlass::conv::Operator)0, cutlass::conv::Conv2dProblemSize>>(T1::Params)",1501639.0
L|resblock_plain|C1152|T16,"void cutlass::Kernel<modiff::ImplicitGemmConvolutionEVT<cutlass::conv::threadblock::ImplicitGemmMultistage<cutlass::gemm::GemmShape<(int)128, (int)128, (int)128>, cutlass::conv::threadblock::Conv2dFpropActivationTileAccessIteratorOptimized<cutlass::MatrixShape<(int)128, (int)128>, cutlass::integer_subbyte<(int)4, (bool)1>, cutlass::layout::TensorNHWC, cutlass::transform::PitchLinearWarpRakedThreadMap<cutlass::PitchLinearShape<(int)128, (int)128>, (int)128, cutlass::PitchLinearShape<(int)4, (int)8>, (int)32>, cutlass::AlignedArray<cutlass::integer_subbyte<(int)4, (bool)1>, (int)32, (int)16>>, cutlass::transform::threadblock::RegularTileAccessIterator<cutlass::MatrixShape<(int)128, (int)128>, cutlass::integer_subbyte<(int)4, (bool)1>, cutlass::layout::RowMajorTensorOpMultiplicandCrosswise<(int)4, (int)128>, (int)0, cutlass::transform::PitchLinearWarpRakedThreadMap<cutlass::PitchLinearShape<(int)128, (int)128>, (int)128, cutlass::PitchLinearShape<(int)4, (int)8>, (int)32>, (int)16>, (cutlass::arch::CacheOperation::Kind)0, cutlass::conv::threadblock::Conv2dFpropFilterTileAccessIteratorOptimized<cutlass::MatrixShape<(int)128, (int)128>, cutlass::integer_subbyte<(int)4, (bool)1>, cutlass::layout::TensorNHWC, cutlass::transform::PitchLinearWarpRakedThreadMap<cutlass::PitchLinearShape<(int)128, (int)128>, (int)128, cutlass::PitchLinearShape<(int)4, (int)8>, (int)32>, cutlass::AlignedArray<cutlass::integer_subbyte<(int)4, (bool)1>, (int)32, (int)16>, (bool)0>, cutlass::transform::threadblock::RegularTileAccessIterator<cutlass::MatrixShape<(int)128, (int)128>, cutlass::integer_subbyte<(int)4, (bool)1>, cutlass::layout::ColumnMajorTensorOpMultiplicandCrosswise<(int)4, (int)128>, (int)1, cutlass::transform::PitchLinearWarpRakedThreadMap<cutlass::PitchLinearShape<(int)128, (int)128>, (int)128, cutlass::PitchLinearShape<(int)4, (int)8>, (int)32>, (int)16>, (cutlass::arch::CacheOperation::Kind)1, cutlass::gemm::threadblock::MmaPolicy<cutlass::gemm::warp::MmaTensorOp<cutlass::gemm::GemmShape<(int)64, (int)64, (int)128>, cutlass::integer_subbyte<(int)4, (bool)1>, cutlass::layout::RowMajorTensorOpMultiplicandCrosswise<(int)4, (int)128>, cutlass::integer_subbyte<(int)4, (bool)1>, cutlass::layout::ColumnMajorTensorOpMultiplicandCrosswise<(int)4, (int)128>, int, cutlass::layout::RowMajor, cutlass::gemm::warp::MmaTensorOpPolicy<cutlass::arch::Mma<cutlass::gemm::GemmShape<(int)16, (int)8, (int)64>, (int)32, cutlass::integer_subbyte<(int)4, (bool)1>, cutlass::layout::RowMajor, cutlass::integer_subbyte<(int)4, (bool)1>, cutlass::layout::ColumnMajor, int, cutlass::layout::RowMajor, cutlass::arch::OpMultiplyAddSaturate>, cutlass::MatrixShape<(int)1, (int)1>>, (int)1, (bool)0, bool>, cutlass::MatrixShape<(int)0, (int)0>, cutlass::MatrixShape<(int)0, (int)0>, (int)1>, (int)3, bool>, cutlass::epilogue::threadblock::EpilogueWithVisitorCallbacks<cutlass::epilogue::threadblock::Epilogue<cutlass::gemm::GemmShape<(int)128, (int)128, (int)128>, cutlass::gemm::warp::MmaTensorOp<cutlass::gemm::GemmShape<(int)64, (int)64, (int)128>, cutlass::integer_subbyte<(int)4, (bool)1>, cutlass::layout::RowMajorTensorOpMultiplicandCrosswise<(int)4, (int)128>, cutlass::integer_subbyte<(int)4, (bool)1>, cutlass::layout::ColumnMajorTensorOpMultiplicandCrosswise<(int)4, (int)128>, int, cutlass::layout::RowMajor, cutlass::gemm::warp::MmaTensorOpPolicy<cutlass::arch::Mma<cutlass::gemm::GemmShape<(int)16, (int)8, (int)64>, (int)32, cutlass::integer_subbyte<(int)4, (bool)1>, cutlass::layout::RowMajor, cutlass::integer_subbyte<(int)4, (bool)1>, cutlass::layout::ColumnMajor, int, cutlass::layout::RowMajor, cutlass::arch::OpMultiplyAddSaturate>, cutlass::MatrixShape<(int)1, (int)1>>, (int)1, (bool)0, bool>, (int)1, cutlass::epilogue::threadblock::PredicatedTileIteratorConv<cutlass::epilogue::threadblock::OutputTileOptimalThreadMap<cutlass::epilogue::threadblock::OutputTileShape<(int)128, (int)8, (int)2, (int)1, (int)1>, cutlass::epilogue::threadblock::OutputTileShape<(int)1, (int)8, (int)1, (int)1, (int)8>, (int)128, (int)8, (int)16>, cutlass::half_t, (bool)0, cutlass::layout::NoPermute, (bool)0, (int)4>, cutlass::epilogue::warp::FragmentIteratorTensorOp<cutlass::gemm::GemmShape<(int)64, (int)64, (int)128>, cutlass::gemm::GemmShape<(int)16, (int)8, (int)64>, int, cutlass::Array<int, (int)4, (bool)1>, cutlass::layout::RowMajor>, cutlass::epilogue::warp::TileIteratorTensorOpMixed<cutlass::gemm::GemmShape<(int)64, (int)64, (int)128>, cutlass::gemm::GemmShape<(int)16, (int)8, (int)64>, int, (int)32, (int)16, (int)8, (int)8, (bool)0>, cutlass::epilogue::threadblock::SharedLoadIteratorMixed<cutlass::epilogue::threadblock::OutputTileOptimalThreadMap<cutlass::epilogue::threadblock::OutputTileShape<(int)128, (int)8, (int)2, (int)1, (int)1>, cutlass::epilogue::threadblock::OutputTileShape<(int)1, (int)8, (int)1, (int)1, (int)8>, (int)128, (int)8, (int)16>::CompactedThreadMap, int, (int)32, (int)16, (int)8, (int)8, (bool)0>, cutlass::epilogue::thread::LinearCombination<cutlass::half_t, (int)8, int, float, (cutlass::epilogue::thread::ScaleType::Kind)0, (cutlass::FloatRoundStyle)2, cutlass::half_t>, cutlass::MatrixShape<(int)0, (int)8>, (int)2, (int)1>, cutlass::epilogue::threadblock::TreeVisitor2x<cutlass::epilogue::threadblock::VisitorAuxStore<cutlass::epilogue::threadblock::OutputTileThreadLayout<cutlass::gemm::GemmShape<(int)128, (int)128, (int)128>, cutlass::gemm::GemmShape<(int)64, (int)64, (int)128>, cutlass::half_t, (int)8, (int)1>, cutlass::half_t, (cutlass::FloatRoundStyle)2, cute::tuple<long, cute::C<(int)1>, long>>, cutlass::epilogue::threadblock::TreeVisitor2x<cutlass::epilogue::threadblock::VisitorCompute<cutlass::plus, float, float, (cutlass::FloatRoundStyle)2, void>, cutlass::epilogue::threadblock::TreeVisitor2x<cutlass::epilogue::threadblock::VisitorCompute<cutlass::plus, float, float, (cutlass::FloatRoundStyle)2, void>, cutlass::epilogue::threadblock::TreeVisitor2x<cutlass::epilogue::threadblock::VisitorCompute<cutlass::multiplies, float, float, (cutlass::FloatRoundStyle)2, void>, cutlass::epilogue::threadblock::TreeVisitor2x<cutlass::epilogue::threadblock::VisitorCompute<cutlass::multiplies, float, float, (cutlass::FloatRoundStyle)2, void>, cutlass::epilogue::threadblock::VisitorAccFetch, cutlass::epilogue::threadblock::VisitorScalarBroadcast<float, cute::tuple<cute::C<(int)0>, cute::C<(int)0>, cute::C<(int)0>>, (int)1, cutlass::multiplies>>, cutlass::epilogue::threadblock::VisitorRowBroadcast<cutlass::epilogue::threadblock::OutputTileThreadLayout<cutlass::gemm::GemmShape<(int)128, (int)128, (int)128>, cutlass::gemm::GemmShape<(int)64, (int)64, (int)128>, cutlass::half_t, (int)8, (int)1>, float, cute::tuple<cute::C<(int)0>, cute::C<(int)1>, int>, (bool)1>>, cutlass::epilogue::threadblock::VisitorRowBroadcast<cutlass::epilogue::threadblock::OutputTileThreadLayout<cutlass::gemm::GemmShape<(int)128, (int)128, (int)128>, cutlass::gemm::GemmShape<(int)64, (int)64, (int)128>, cutlass::half_t, (int)8, (int)1>, float, cute::tuple<cute::C<(int)0>, cute::C<(int)1>, int>, (bool)1>>, cutlass::epilogue::threadblock::VisitorAuxLoad<cutlass::epilogue::threadblock::OutputTileThreadLayout<cutlass::gemm::GemmShape<(int)128, (int)128, (int)128>, cutlass::gemm::GemmShape<(int)64, (int)64, (int)128>, cutlass::half_t, (int)8, (int)1>, cutlass::half_t, cute::tuple<long, cute::C<(int)1>, long>>>>, (int)1, (int)1>, cutlass::gemm::threadblock::GemmIdentityThreadblockSwizzle<(int)1>, (cutlass::conv::Operator)0, cutlass::conv::Conv2dProblemSize>>(T1::Params)",1500261.0
L|resblock_plain|C384|T16,"void cutlass::Kernel<modiff::ImplicitGemmConvolutionEVT<cutlass::conv::threadblock::ImplicitGemmMultistage<cutlass::gemm::GemmShape<(int)128, (int)128, (int)128>, cutlass::conv::threadblock::Conv2dFpropActivationTileAccessIteratorOptimized<cutlass::MatrixShape<(int)128, (int)128>, cutlass::integer_subbyte<(int)4, (bool)1>, cutlass::layout::TensorNHWC, cutlass::transform::PitchLinearWarpRakedThreadMap<cutlass::PitchLinearShape<(int)128, (int)128>, (int)128, cutlass::PitchLinearShape<(int)4, (int)8>, (int)32>, cutlass::AlignedArray<cutlass::integer_subbyte<(int)4, (bool)1>, (int)32, (int)16>>, cutlass::transform::threadblock::RegularTileAccessIterator<cutlass::MatrixShape<(int)128, (int)128>, cutlass::integer_subbyte<(int)4, (bool)1>, cutlass::layout::RowMajorTensorOpMultiplicandCrosswise<(int)4, (int)128>, (int)0, cutlass::transform::PitchLinearWarpRakedThreadMap<cutlass::PitchLinearShape<(int)128, (int)128>, (int)128, cutlass::PitchLinearShape<(int)4, (int)8>, (int)32>, (int)16>, (cutlass::arch::CacheOperation::Kind)0, cutlass::conv::threadblock::Conv2dFpropFilterTileAccessIteratorOptimized<cutlass::MatrixShape<(int)128, (int)128>, cutlass::integer_subbyte<(int)4, (bool)1>, cutlass::layout::TensorNHWC, cutlass::transform::PitchLinearWarpRakedThreadMap<cutlass::PitchLinearShape<(int)128, (int)128>, (int)128, cutlass::PitchLinearShape<(int)4, (int)8>, (int)32>, cutlass::AlignedArray<cutlass::integer_subbyte<(int)4, (bool)1>, (int)32, (int)16>, (bool)0>, cutlass::transform::threadblock::RegularTileAccessIterator<cutlass::MatrixShape<(int)128, (int)128>, cutlass::integer_subbyte<(int)4, (bool)1>, cutlass::layout::ColumnMajorTensorOpMultiplicandCrosswise<(int)4, (int)128>, (int)1, cutlass::transform::PitchLinearWarpRakedThreadMap<cutlass::PitchLinearShape<(int)128, (int)128>, (int)128, cutlass::PitchLinearShape<(int)4, (int)8>, (int)32>, (int)16>, (cutlass::arch::CacheOperation::Kind)1, cutlass::gemm::threadblock::MmaPolicy<cutlass::gemm::warp::MmaTensorOp<cutlass::gemm::GemmShape<(int)64, (int)64, (int)128>, cutlass::integer_subbyte<(int)4, (bool)1>, cutlass::layout::RowMajorTensorOpMultiplicandCrosswise<(int)4, (int)128>, cutlass::integer_subbyte<(int)4, (bool)1>, cutlass::layout::ColumnMajorTensorOpMultiplicandCrosswise<(int)4, (int)128>, int, cutlass::layout::RowMajor, cutlass::gemm::warp::MmaTensorOpPolicy<cutlass::arch::Mma<cutlass::gemm::GemmShape<(int)16, (int)8, (int)64>, (int)32, cutlass::integer_subbyte<(int)4, (bool)1>, cutlass::layout::RowMajor, cutlass::integer_subbyte<(int)4, (bool)1>, cutlass::layout::ColumnMajor, int, cutlass::layout::RowMajor, cutlass::arch::OpMultiplyAddSaturate>, cutlass::MatrixShape<(int)1, (int)1>>, (int)1, (bool)0, bool>, cutlass::MatrixShape<(int)0, (int)0>, cutlass::MatrixShape<(int)0, (int)0>, (int)1>, (int)3, bool>, cutlass::epilogue::threadblock::EpilogueWithVisitorCallbacks<cutlass::epilogue::threadblock::Epilogue<cutlass::gemm::GemmShape<(int)128, (int)128, (int)128>, cutlass::gemm::warp::MmaTensorOp<cutlass::gemm::GemmShape<(int)64, (int)64, (int)128>, cutlass::integer_subbyte<(int)4, (bool)1>, cutlass::layout::RowMajorTensorOpMultiplicandCrosswise<(int)4, (int)128>, cutlass::integer_subbyte<(int)4, (bool)1>, cutlass::layout::ColumnMajorTensorOpMultiplicandCrosswise<(int)4, (int)128>, int, cutlass::layout::RowMajor, cutlass::gemm::warp::MmaTensorOpPolicy<cutlass::arch::Mma<cutlass::gemm::GemmShape<(int)16, (int)8, (int)64>, (int)32, cutlass::integer_subbyte<(int)4, (bool)1>, cutlass::layout::RowMajor, cutlass::integer_subbyte<(int)4, (bool)1>, cutlass::layout::ColumnMajor, int, cutlass::layout::RowMajor, cutlass::arch::OpMultiplyAddSaturate>, cutlass::MatrixShape<(int)1, (int)1>>, (int)1, (bool)0, bool>, (int)1, cutlass::epilogue::threadblock::PredicatedTileIteratorConv<cutlass::epilogue::threadblock::OutputTileOptimalThreadMap<cutlass::epilogue::threadblock::OutputTileShape<(int)128, (int)8, (int)2, (int)1, (int)1>, cutlass::epilogue::threadblock::OutputTileShape<(int)1, (int)8, (int)1, (int)1, (int)8>, (int)128, (int)8, (int)16>, cutlass::half_t, (bool)0, cutlass::layout::NoPermute, (bool)0, (int)4>, cutlass::epilogue::warp::FragmentIteratorTensorOp<cutlass::gemm::GemmShape<(int)64, (int)64, (int)128>, cutlass::gemm::GemmShape<(int)16, (int)8, (int)64>, int, cutlass::Array<int, (int)4, (bool)1>, cutlass::layout::RowMajor>, cutlass::epilogue::warp::TileIteratorTensorOpMixed<cutlass::gemm::GemmShape<(int)64, (int)64, (int)128>, cutlass::gemm::GemmShape<(int)16, (int)8, (int)64>, int, (int)32, (int)16, (int)8, (int)8, (bool)0>, cutlass::epilogue::threadblock::SharedLoadIteratorMixed<cutlass::epilogue::threadblock::OutputTileOptimalThreadMap<cutlass::epilogue::threadblock::OutputTileShape<(int)128, (int)8, (int)2, (int)1, (int)1>, cutlass::epilogue::threadblock::OutputTileShape<(int)1, (int)8, (int)1, (int)1, (int)8>, (int)128, (int)8, (int)16>::CompactedThreadMap, int, (int)32, (int)16, (int)8, (int)8, (bool)0>, cutlass::epilogue::thread::LinearCombination<cutlass::half_t, (int)8, int, float, (cutlass::epilogue::thread::ScaleType::Kind)0, (cutlass::FloatRoundStyle)2, cutlass::half_t>, cutlass::MatrixShape<(int)0, (int)8>, (int)2, (int)1>, cutlass::epilogue::threadblock::TreeVisitor2x<cutlass::epilogue::threadblock::VisitorAuxStore<cutlass::epilogue::threadblock::OutputTileThreadLayout<cutlass::gemm::GemmShape<(int)128, (int)128, (int)128>, cutlass::gemm::GemmShape<(int)64, (int)64, (int)128>, cutlass::half_t, (int)8, (int)1>, cutlass::half_t, (cutlass::FloatRoundStyle)2, cute::tuple<long, cute::C<(int)1>, long>>, cutlass::epilogue::threadblock::TreeVisitor2x<cutlass::epilogue::threadblock::VisitorCompute<cutlass::plus, float, float, (cutlass::FloatRoundStyle)2, void>, cutlass::epilogue::threadblock::TreeVisitor2x<cutlass::epilogue::threadblock::VisitorCompute<cutlass::plus, float, float, (cutlass::FloatRoundStyle)2, void>, cutlass::epilogue::threadblock::TreeVisitor2x<cutlass::epilogue::threadblock::VisitorCompute<cutlass::multiplies, float, float, (cutlass::FloatRoundStyle)2, void>, cutlass::epilogue::threadblock::TreeVisitor2x<cutlass::epilogue::threadblock::VisitorCompute<cutlass::multiplies, float, float, (cutlass::FloatRoundStyle)2, void>, cutlass::epilogue::threadblock::VisitorAccFetch, cutlass::epilogue::threadblock::VisitorScalarBroadcast<float, cute::tuple<cute::C<(int)0>, cute::C<(int)0>, cute::C<(int)0>>, (int)1, cutlass::multiplies>>, cutlass::epilogue::threadblock::VisitorRowBroadcast<cutlass::epilogue::threadblock::OutputTileThreadLayout<cutlass::gemm::GemmShape<(int)128, (int)128, (int)128>, cutlass::gemm::GemmShape<(int)64, (int)64, (int)128>, cutlass::half_t, (int)8, (int)1>, float, cute::tuple<cute::C<(int)0>, cute::C<(int)1>, int>, (bool)1>>, cutlass::epilogue::threadblock::VisitorRowBroadcast<cutlass::epilogue::threadblock::OutputTileThreadLayout<cutlass::gemm::GemmShape<(int)128, (int)128, (int)128>, cutlass::gemm::GemmShape<(int)64, (int)64, (int)128>, cutlass::half_t, (int)8, (int)1>, float, cute::tuple<cute::C<(int)0>, cute::C<(int)1>, int>, (bool)1>>, cutlass::epilogue::threadblock::VisitorAuxLoad<cutlass::epilogue::threadblock::OutputTileThreadLayout<cutlass::gemm::GemmShape<(int)128, (int)128, (int)128>, cutlass::gemm::GemmShape<(int)64, (int)64, (int)128>, cutlass::half_t, (int)8, (int)1>, cutlass::half_t, cute::tuple<long, cute::C<(int)1>, long>>>>, (int)1, (int)1>, cutlass::gemm::threadblock::GemmIdentityThreadblockSwizzle<(int)1>, (cutlass::conv::Operator)0, cutlass::conv::Conv2dProblemSize>>(T1::Params)",1499464.0
L|resblock_plain|C768|T16,"void cutlass::Kernel<modiff::ImplicitGemmConvolutionEVT<cutlass::conv::threadblock::ImplicitGemmMultistage<cutlass::gemm::GemmShape<(int)128, (int)128, (int)128>, cutlass::conv::threadblock::Conv2dFpropActivationTileAccessIteratorOptimized<cutlass::MatrixShape<(int)128, (int)128>, cutlass::integer_subbyte<(int)4, (bool)1>, cutlass::layout::TensorNHWC, cutlass::transform::PitchLinearWarpRakedThreadMap<cutlass::PitchLinearShape<(int)128, (int)128>, (int)128, cutlass::PitchLinearShape<(int)4, (int)8>, (int)32>, cutlass::AlignedArray<cutlass::integer_subbyte<(int)4, (bool)1>, (int)32, (int)16>>, cutlass::transform::threadblock::RegularTileAccessIterator<cutlass::MatrixShape<(int)128, (int)128>, cutlass::integer_subbyte<(int)4, (bool)1>, cutlass::layout::RowMajorTensorOpMultiplicandCrosswise<(int)4, (int)128>, (int)0, cutlass::transform::PitchLinearWarpRakedThreadMap<cutlass::PitchLinearShape<(int)128, (int)128>, (int)128, cutlass::PitchLinearShape<(int)4, (int)8>, (int)32>, (int)16>, (cutlass::arch::CacheOperation::Kind)0, cutlass::conv::threadblock::Conv2dFpropFilterTileAccessIteratorOptimized<cutlass::MatrixShape<(int)128, (int)128>, cutlass::integer_subbyte<(int)4, (bool)1>, cutlass::layout::TensorNHWC, cutlass::transform::PitchLinearWarpRakedThreadMap<cutlass::PitchLinearShape<(int)128, (int)128>, (int)128, cutlass::PitchLinearShape<(int)4, (int)8>, (int)32>, cutlass::AlignedArray<cutlass::integer_subbyte<(int)4, (bool)1>, (int)32, (int)16>, (bool)0>, cutlass::transform::threadblock::RegularTileAccessIterator<cutlass::MatrixShape<(int)128, (int)128>, cutlass::integer_subbyte<(int)4, (bool)1>, cutlass::layout::ColumnMajorTensorOpMultiplicandCrosswise<(int)4, (int)128>, (int)1, cutlass::transform::PitchLinearWarpRakedThreadMap<cutlass::PitchLinearShape<(int)128, (int)128>, (int)128, cutlass::PitchLinearShape<(int)4, (int)8>, (int)32>, (int)16>, (cutlass::arch::CacheOperation::Kind)1, cutlass::gemm::threadblock::MmaPolicy<cutlass::gemm::warp::MmaTensorOp<cutlass::gemm::GemmShape<(int)64, (int)64, (int)128>, cutlass::integer_subbyte<(int)4, (bool)1>, cutlass::layout::RowMajorTensorOpMultiplicandCrosswise<(int)4, (int)128>, cutlass::integer_subbyte<(int)4, (bool)1>, cutlass::layout::ColumnMajorTensorOpMultiplicandCrosswise<(int)4, (int)128>, int, cutlass::layout::RowMajor, cutlass::gemm::warp::MmaTensorOpPolicy<cutlass::arch::Mma<cutlass::gemm::GemmShape<(int)16, (int)8, (int)64>, (int)32, cutlass::integer_subbyte<(int)4, (bool)1>, cutlass::layout::RowMajor, cutlass::integer_subbyte<(int)4, (bool)1>, cutlass::layout::ColumnMajor, int, cutlass::layout::RowMajor, cutlass::arch::OpMultiplyAddSaturate>, cutlass::MatrixShape<(int)1, (int)1>>, (int)1, (bool)0, bool>, cutlass::MatrixShape<(int)0, (int)0>, cutlass::MatrixShape<(int)0, (int)0>, (int)1>, (int)3, bool>, cutlass::epilogue::threadblock::EpilogueWithVisitorCallbacks<cutlass::epilogue::threadblock::Epilogue<cutlass::gemm::GemmShape<(int)128, (int)128, (int)128>, cutlass::gemm::warp::MmaTensorOp<cutlass::gemm::GemmShape<(int)64, (int)64, (int)128>, cutlass::integer_subbyte<(int)4, (bool)1>, cutlass::layout::RowMajorTensorOpMultiplicandCrosswise<(int)4, (int)128>, cutlass::integer_subbyte<(int)4, (bool)1>, cutlass::layout::ColumnMajorTensorOpMultiplicandCrosswise<(int)4, (int)128>, int, cutlass::layout::RowMajor, cutlass::gemm::warp::MmaTensorOpPolicy<cutlass::arch::Mma<cutlass::gemm::GemmShape<(int)16, (int)8, (int)64>, (int)32, cutlass::integer_subbyte<(int)4, (bool)1>, cutlass::layout::RowMajor, cutlass::integer_subbyte<(int)4, (bool)1>, cutlass::layout::ColumnMajor, int, cutlass::layout::RowMajor, cutlass::arch::OpMultiplyAddSaturate>, cutlass::MatrixShape<(int)1, (int)1>>, (int)1, (bool)0, bool>, (int)1, cutlass::epilogue::threadblock::PredicatedTileIteratorConv<cutlass::epilogue::threadblock::OutputTileOptimalThreadMap<cutlass::epilogue::threadblock::OutputTileShape<(int)128, (int)8, (int)2, (int)1, (int)1>, cutlass::epilogue::threadblock::OutputTileShape<(int)1, (int)8, (int)1, (int)1, (int)8>, (int)128, (int)8, (int)16>, cutlass::half_t, (bool)0, cutlass::layout::NoPermute, (bool)0, (int)4>, cutlass::epilogue::warp::FragmentIteratorTensorOp<cutlass::gemm::GemmShape<(int)64, (int)64, (int)128>, cutlass::gemm::GemmShape<(int)16, (int)8, (int)64>, int, cutlass::Array<int, (int)4, (bool)1>, cutlass::layout::RowMajor>, cutlass::epilogue::warp::TileIteratorTensorOpMixed<cutlass::gemm::GemmShape<(int)64, (int)64, (int)128>, cutlass::gemm::GemmShape<(int)16, (int)8, (int)64>, int, (int)32, (int)16, (int)8, (int)8, (bool)0>, cutlass::epilogue::threadblock::SharedLoadIteratorMixed<cutlass::epilogue::threadblock::OutputTileOptimalThreadMap<cutlass::epilogue::threadblock::OutputTileShape<(int)128, (int)8, (int)2, (int)1, (int)1>, cutlass::epilogue::threadblock::OutputTileShape<(int)1, (int)8, (int)1, (int)1, (int)8>, (int)128, (int)8, (int)16>::CompactedThreadMap, int, (int)32, (int)16, (int)8, (int)8, (bool)0>, cutlass::epilogue::thread::LinearCombination<cutlass::half_t, (int)8, int, float, (cutlass::epilogue::thread::ScaleType::Kind)0, (cutlass::FloatRoundStyle)2, cutlass::half_t>, cutlass::MatrixShape<(int)0, (int)8>, (int)2, (int)1>, cutlass::epilogue::threadblock::TreeVisitor2x<cutlass::epilogue::threadblock::VisitorAuxStore<cutlass::epilogue::threadblock::OutputTileThreadLayout<cutlass::gemm::GemmShape<(int)128, (int)128, (int)128>, cutlass::gemm::GemmShape<(int)64, (int)64, (int)128>, cutlass::half_t, (int)8, (int)1>, cutlass::half_t, (cutlass::FloatRoundStyle)2, cute::tuple<long, cute::C<(int)1>, long>>, cutlass::epilogue::threadblock::TreeVisitor2x<cutlass::epilogue::threadblock::VisitorCompute<cutlass::plus, float, float, (cutlass::FloatRoundStyle)2, void>, cutlass::epilogue::threadblock::TreeVisitor2x<cutlass::epilogue::threadblock::VisitorCompute<cutlass::multiplies, float, float, (cutlass::FloatRoundStyle)2, void>, cutlass::epilogue::threadblock::TreeVisitor2x<cutlass::epilogue::threadblock::VisitorCompute<cutlass::multiplies, float, float, (cutlass::FloatRoundStyle)2, void>, cutlass::epilogue::threadblock::VisitorAccFetch, cutlass::epilogue::threadblock::VisitorScalarBroadcast<float, cute::tuple<cute::C<(int)0>, cute::C<(int)0>, cute::C<(int)0>>, (int)1, cutlass::multiplies>>, cutlass::epilogue::threadblock::VisitorRowBroadcast<cutlass::epilogue::threadblock::OutputTileThreadLayout<cutlass::gemm::GemmShape<(int)128, (int)128, (int)128>, cutlass::gemm::GemmShape<(int)64, (int)64, (int)128>, cutlass::half_t, (int)8, (int)1>, float, cute::tuple<cute::C<(int)0>, cute::C<(int)1>, int>, (bool)1>>, cutlass::epilogue::threadblock::VisitorRowBroadcast<cutlass::epilogue::threadblock::OutputTileThreadLayout<cutlass::gemm::GemmShape<(int)128, (int)128, (int)128>, cutlass::gemm::GemmShape<(int)64, (int)64, (int)128>, cutlass::half_t, (int)8, (int)1>, float, cute::tuple<cute::C<(int)0>, cute::C<(int)1>, int>, (bool)1>>>, (int)1, (int)1>, cutlass::gemm::threadblock::GemmIdentityThreadblockSwizzle<(int)1>, (cutlass::conv::Operator)0, cutlass::conv::Conv2dProblemSize>>(T1::Params)",1464519.0
L|resblock_updown|C768|T4,"void cutlass::Kernel<modiff::ImplicitGemmConvolutionEVT<cutlass::conv::threadblock::ImplicitGemmMultistage<cutlass::gemm::GemmShape<(int)128, (int)128, (int)128>, cutlass::conv::threadblock::Conv2dFpropActivationTileAccessIteratorOptimized<cutlass::MatrixShape<(int)128, (int)128>, cutlass::integer_subbyte<(int)4, (bool)1>, cutlass::layout::TensorNHWC, cutlass::transform::PitchLinearWarpRakedThreadMap<cutlass::PitchLinearShape<(int)128, (int)128>, (int)128, cutlass::PitchLinearShape<(int)4, (int)8>, (int)32>, cutlass::AlignedArray<cutlass::integer_subbyte<(int)4, (bool)1>, (int)32, (int)16>>, cutlass::transform::threadblock::RegularTileAccessIterator<cutlass::MatrixShape<(int)128, (int)128>, cutlass::integer_subbyte<(int)4, (bool)1>, cutlass::layout::RowMajorTensorOpMultiplicandCrosswise<(int)4, (int)128>, (int)0, cutlass::transform::PitchLinearWarpRakedThreadMap<cutlass::PitchLinearShape<(int)128, (int)128>, (int)128, cutlass::PitchLinearShape<(int)4, (int)8>, (int)32>, (int)16>, (cutlass::arch::CacheOperation::Kind)0, cutlass::conv::threadblock::Conv2dFpropFilterTileAccessIteratorOptimized<cutlass::MatrixShape<(int)128, (int)128>, cutlass::integer_subbyte<(int)4, (bool)1>, cutlass::layout::TensorNHWC, cutlass::transform::PitchLinearWarpRakedThreadMap<cutlass::PitchLinearShape<(int)128, (int)128>, (int)128, cutlass::PitchLinearShape<(int)4, (int)8>, (int)32>, cutlass::AlignedArray<cutlass::integer_subbyte<(int)4, (bool)1>, (int)32, (int)16>, (bool)0>, cutlass::transform::threadblock::RegularTileAccessIterator<cutlass::MatrixShape<(int)128, (int)128>, cutlass::integer_subbyte<(int)4, (bool)1>, cutlass::layout::ColumnMajorTensorOpMultiplicandCrosswise<(int)4, (int)128>, (int)1, cutlass::transform::PitchLinearWarpRakedThreadMap<cutlass::PitchLinearShape<(int)128, (int)128>, (int)128, cutlass::PitchLinearShape<(int)4, (int)8>, (int)32>, (int)16>, (cutlass::arch::CacheOperation::Kind)1, cutlass::gemm::threadblock::MmaPolicy<cutlass::gemm::warp::MmaTensorOp<cutlass::gemm::GemmShape<(int)64, (int)64, (int)128>, cutlass::integer_subbyte<(int)4, (bool)1>, cutlass::layout::RowMajorTensorOpMultiplicandCrosswise<(int)4, (int)128>, cutlass::integer_subbyte<(int)4, (bool)1>, cutlass::layout::ColumnMajorTensorOpMultiplicandCrosswise<(int)4, (int)128>, int, cutlass::layout::RowMajor, cutlass::gemm::warp::MmaTensorOpPolicy<cutlass::arch::Mma<cutlass::gemm::GemmShape<(int)16, (int)8, (int)64>, (int)32, cutlass::integer_subbyte<(int)4, (bool)1>, cutlass::layout::RowMajor, cutlass::integer_subbyte<(int)4, (bool)1>, cutlass::layout::ColumnMajor, int, cutlass::layout::RowMajor, cutlass::arch::OpMultiplyAddSaturate>, cutlass::MatrixShape<(int)1, (int)1>>, (int)1, (bool)0, bool>, cutlass::MatrixShape<(int)0, (int)0>, cutlass::MatrixShape<(int)0, (int)0>, (int)1>, (int)3, bool>, cutlass::epilogue::threadblock::EpilogueWithVisitorCallbacks<cutlass::epilogue::threadblock::Epilogue<cutlass::gemm::GemmShape<(int)128, (int)128, (int)128>, cutlass::gemm::warp::MmaTensorOp<cutlass::gemm::GemmShape<(int)64, (int)64, (int)128>, cutlass::integer_subbyte<(int)4, (bool)1>, cutlass::layout::RowMajorTensorOpMultiplicandCrosswise<(int)4, (int)128>, cutlass::integer_subbyte<(int)4, (bool)1>, cutlass::layout::ColumnMajorTensorOpMultiplicandCrosswise<(int)4, (int)128>, int, cutlass::layout::RowMajor, cutlass::gemm::warp::MmaTensorOpPolicy<cutlass::arch::Mma<cutlass::gemm::GemmShape<(int)16, (int)8, (int)64>, (int)32, cutlass::integer_subbyte<(int)4, (bool)1>, cutlass::layout::RowMajor, cutlass::integer_subbyte<(int)4, (bool)1>, cutlass::layout::ColumnMajor, int, cutlass::layout::RowMajor, cutlass::arch::OpMultiplyAddSaturate>, cutlass::MatrixShape<(int)1, (int)1>>, (int)1, (bool)0, bool>, (int)1, cutlass::epilogue::threadblock::PredicatedTileIteratorConv<cutlass::epilogue::threadblock::OutputTileOptimalThreadMap<cutlass::epilogue::threadblock::OutputTileShape<(int)128, (int)8, (int)2, (int)1, (int)1>, cutlass::epilogue::threadblock::OutputTileShape<(int)1, (int)8, (int)1, (int)1, (int)8>, (int)128, (int)8, (int)16>, cutlass::half_t, (bool)0, cutlass::layout::NoPermute, (bool)0, (int)4>, cutlass::epilogue::warp::FragmentIteratorTensorOp<cutlass::gemm::GemmShape<(int)64, (int)64, (int)128>, cutlass::gemm::GemmShape<(int)16, (int)8, (int)64>, int, cutlass::Array<int, (int)4, (bool)1>, cutlass::layout::RowMajor>, cutlass::epilogue::warp::TileIteratorTensorOpMixed<cutlass::gemm::GemmShape<(int)64, (int)64, (int)128>, cutlass::gemm::GemmShape<(int)16, (int)8, (int)64>, int, (int)32, (int)16, (int)8, (int)8, (bool)0>, cutlass::epilogue::threadblock::SharedLoadIteratorMixed<cutlass::epilogue::threadblock::OutputTileOptimalThreadMap<cutlass::epilogue::threadblock::OutputTileShape<(int)128, (int)8, (int)2, (int)1, (int)1>, cutlass::epilogue::threadblock::OutputTileShape<(int)1, (int)8, (int)1, (int)1, (int)8>, (int)128, (int)8, (int)16>::CompactedThreadMap, int, (int)32, (int)16, (int)8, (int)8, (bool)0>, cutlass::epilogue::thread::LinearCombination<cutlass::half_t, (int)8, int, float, (cutlass::epilogue::thread::ScaleType::Kind)0, (cutlass::FloatRoundStyle)2, cutlass::half_t>, cutlass::MatrixShape<(int)0, (int)8>, (int)2, (int)1>, cutlass::epilogue::threadblock::TreeVisitor2x<cutlass::epilogue::threadblock::VisitorAuxStore<cutlass::epilogue::threadblock::OutputTileThreadLayout<cutlass::gemm::GemmShape<(int)128, (int)128, (int)128>, cutlass::gemm::GemmShape<(int)64, (int)64, (int)128>, cutlass::half_t, (int)8, (int)1>, cutlass::half_t, (cutlass::FloatRoundStyle)2, cute::tuple<long, cute::C<(int)1>, long>>, cutlass::epilogue::threadblock::TreeVisitor2x<cutlass::epilogue::threadblock::VisitorCompute<cutlass::plus, float, float, (cutlass::FloatRoundStyle)2, void>, cutlass::epilogue::threadblock::TreeVisitor2x<cutlass::epilogue::threadblock::VisitorCompute<cutlass::multiplies, float, float, (cutlass::FloatRoundStyle)2, void>, cutlass::epilogue::threadblock::TreeVisitor2x<cutlass::epilogue::threadblock::VisitorCompute<cutlass::multiplies, float, float, (cutlass::FloatRoundStyle)2, void>, cutlass::epilogue::threadblock::VisitorAccFetch, cutlass::epilogue::threadblock::VisitorScalarBroadcast<float, cute::tuple<cute::C<(int)0>, cute::C<(int)0>, cute::C<(int)0>>, (int)1, cutlass::multiplies>>, cutlass::epilogue::threadblock::VisitorRowBroadcast<cutlass::epilogue::threadblock::OutputTileThreadLayout<cutlass::gemm::GemmShape<(int)128, (int)128, (int)128>, cutlass::gemm::GemmShape<(int)64, (int)64, (int)128>, cutlass::half_t, (int)8, (int)1>, float, cute::tuple<cute::C<(int)0>, cute::C<(int)1>, int>, (bool)1>>, cutlass::epilogue::threadblock::VisitorRowBroadcast<cutlass::epilogue::threadblock::OutputTileThreadLayout<cutlass::gemm::GemmShape<(int)128, (int)128, (int)128>, cutlass::gemm::GemmShape<(int)64, (int)64, (int)128>, cutlass::half_t, (int)8, (int)1>, float, cute::tuple<cute::C<(int)0>, cute::C<(int)1>, int>, (bool)1>>>, (int)1, (int)1>, cutlass::gemm::threadblock::GemmIdentityThreadblockSwizzle<(int)1>, (cutlass::conv::Operator)0, cutlass::conv::Conv2dProblemSize>>(T1::Params)",1459308.0
L|resblock_updown|C768|T16,"void at::native::unrolled_elementwise_kernel<at::native::direct_copy_kernel_cuda(at::TensorIteratorBase &)::[lambda() (instance 3)]::operator ()() const::[lambda() (instance 10)]::operator ()() const::[lambda(c10::Half) (instance 1)], at::detail::Array<char *, (int)2>, TrivialOffsetCalculator<(int)1, unsigned int>, TrivialOffsetCalculator<(int)1, unsigned int>, at::native::memory::LoadWithCast<(int)1>, at::native::memory::StoreWithCast<(int)1>>(int, T1, T2, T3, T4, T5, T6)",1372361.0
L|resblock_plain|C1152|T64,"void cutlass::Kernel<modiff::ImplicitGemmConvolutionEVT<cutlass::conv::threadblock::ImplicitGemmMultistage<cutlass::gemm::GemmShape<(int)128, (int)128, (int)128>, cutlass::conv::threadblock::Conv2dFpropActivationTileAccessIteratorOptimized<cutlass::MatrixShape<(int)128, (int)128>, cutlass::integer_subbyte<(int)4, (bool)1>, cutlass::layout::TensorNHWC, cutlass::transform::PitchLinearWarpRakedThreadMap<cutlass::PitchLinearShape<(int)128, (int)128>, (int)128, cutlass::PitchLinearShape<(int)4, (int)8>, (int)32>, cutlass::AlignedArray<cutlass::integer_subbyte<(int)4, (bool)1>, (int)32, (int)16>>, cutlass::transform::threadblock::RegularTileAccessIterator<cutlass::MatrixShape<(int)128, (int)128>, cutlass::integer_subbyte<(int)4, (bool)1>, cutlass::layout::RowMajorTensorOpMultiplicandCrosswise<(int)4, (int)128>, (int)0, cutlass::transform::PitchLinearWarpRakedThreadMap<cutlass::PitchLinearShape<(int)128, (int)128>, (int)128, cutlass::PitchLinearShape<(int)4, (int)8>, (int)32>, (int)16>, (cutlass::arch::CacheOperation::Kind)0, cutlass::conv::threadblock::Conv2dFpropFilterTileAccessIteratorOptimized<cutlass::MatrixShape<(int)128, (int)128>, cutlass::integer_subbyte<(int)4, (bool)1>, cutlass::layout::TensorNHWC, cutlass::transform::PitchLinearWarpRakedThreadMap<cutlass::PitchLinearShape<(int)128, (int)128>, (int)128, cutlass::PitchLinearShape<(int)4, (int)8>, (int)32>, cutlass::AlignedArray<cutlass::integer_subbyte<(int)4, (bool)1>, (int)32, (int)16>, (bool)0>, cutlass::transform::threadblock::RegularTileAccessIterator<cutlass::MatrixShape<(int)128, (int)128>, cutlass::integer_subbyte<(int)4, (bool)1>, cutlass::layout::ColumnMajorTensorOpMultiplicandCrosswise<(int)4, (int)128>, (int)1, cutlass::transform::PitchLinearWarpRakedThreadMap<cutlass::PitchLinearShape<(int)128, (int)128>, (int)128, cutlass::PitchLinearShape<(int)4, (int)8>, (int)32>, (int)16>, (cutlass::arch::CacheOperation::Kind)1, cutlass::gemm::threadblock::MmaPolicy<cutlass::gemm::warp::MmaTensorOp<cutlass::gemm::GemmShape<(int)64, (int)64, (int)128>, cutlass::integer_subbyte<(int)4, (bool)1>, cutlass::layout::RowMajorTensorOpMultiplicandCrosswise<(int)4, (int)128>, cutlass::integer_subbyte<(int)4, (bool)1>, cutlass::layout::ColumnMajorTensorOpMultiplicandCrosswise<(int)4, (int)128>, int, cutlass::layout::RowMajor, cutlass::gemm::warp::MmaTensorOpPolicy<cutlass::arch::Mma<cutlass::gemm::GemmShape<(int)16, (int)8, (int)64>, (int)32, cutlass::integer_subbyte<(int)4, (bool)1>, cutlass::layout::RowMajor, cutlass::integer_subbyte<(int)4, (bool)1>, cutlass::layout::ColumnMajor, int, cutlass::layout::RowMajor, cutlass::arch::OpMultiplyAddSaturate>, cutlass::MatrixShape<(int)1, (int)1>>, (int)1, (bool)0, bool>, cutlass::MatrixShape<(int)0, (int)0>, cutlass::MatrixShape<(int)0, (int)0>, (int)1>, (int)3, bool>, cutlass::epilogue::threadblock::EpilogueWithVisitorCallbacks<cutlass::epilogue::threadblock::Epilogue<cutlass::gemm::GemmShape<(int)128, (int)128, (int)128>, cutlass::gemm::warp::MmaTensorOp<cutlass::gemm::GemmShape<(int)64, (int)64, (int)128>, cutlass::integer_subbyte<(int)4, (bool)1>, cutlass::layout::RowMajorTensorOpMultiplicandCrosswise<(int)4, (int)128>, cutlass::integer_subbyte<(int)4, (bool)1>, cutlass::layout::ColumnMajorTensorOpMultiplicandCrosswise<(int)4, (int)128>, int, cutlass::layout::RowMajor, cutlass::gemm::warp::MmaTensorOpPolicy<cutlass::arch::Mma<cutlass::gemm::GemmShape<(int)16, (int)8, (int)64>, (int)32, cutlass::integer_subbyte<(int)4, (bool)1>, cutlass::layout::RowMajor, cutlass::integer_subbyte<(int)4, (bool)1>, cutlass::layout::ColumnMajor, int, cutlass::layout::RowMajor, cutlass::arch::OpMultiplyAddSaturate>, cutlass::MatrixShape<(int)1, (int)1>>, (int)1, (bool)0, bool>, (int)1, cutlass::epilogue::threadblock::PredicatedTileIteratorConv<cutlass::epilogue::threadblock::OutputTileOptimalThreadMap<cutlass::epilogue::threadblock::OutputTileShape<(int)128, (int)8, (int)2, (int)1, (int)1>, cutlass::epilogue::threadblock::OutputTileShape<(int)1, (int)8, (int)1, (int)1, (int)8>, (int)128, (int)8, (int)16>, cutlass::half_t, (bool)0, cutlass::layout::NoPermute, (bool)0, (int)4>, cutlass::epilogue::warp::FragmentIteratorTensorOp<cutlass::gemm::GemmShape<(int)64, (int)64, (int)128>, cutlass::gemm::GemmShape<(int)16, (int)8, (int)64>, int, cutlass::Array<int, (int)4, (bool)1>, cutlass::layout::RowMajor>, cutlass::epilogue::warp::TileIteratorTensorOpMixed<cutlass::gemm::GemmShape<(int)64, (int)64, (int)128>, cutlass::gemm::GemmShape<(int)16, (int)8, (int)64>, int, (int)32, (int)16, (int)8, (int)8, (bool)0>, cutlass::epilogue::threadblock::SharedLoadIteratorMixed<cutlass::epilogue::threadblock::OutputTileOptimalThreadMap<cutlass::epilogue::threadblock::OutputTileShape<(int)128, (int)8, (int)2, (int)1, (int)1>, cutlass::epilogue::threadblock::OutputTileShape<(int)1, (int)8, (int)1, (int)1, (int)8>, (int)128, (int)8, (int)16>::CompactedThreadMap, int, (int)32, (int)16, (int)8, (int)8, (bool)0>, cutlass::epilogue::thread::LinearCombination<cutlass::half_t, (int)8, int, float, (cutlass::epilogue::thread::ScaleType::Kind)0, (cutlass::FloatRoundStyle)2, cutlass::half_t>, cutlass::MatrixShape<(int)0, (int)8>, (int)2, (int)1>, cutlass::epilogue::threadblock::TreeVisitor2x<cutlass::epilogue::threadblock::VisitorAuxStore<cutlass::epilogue::threadblock::OutputTileThreadLayout<cutlass::gemm::GemmShape<(int)128, (int)128, (int)128>, cutlass::gemm::GemmShape<(int)64, (int)64, (int)128>, cutlass::half_t, (int)8, (int)1>, cutlass::half_t, (cutlass::FloatRoundStyle)2, cute::tuple<long, cute::C<(int)1>, long>>, cutlass::epilogue::threadblock::TreeVisitor2x<cutlass::epilogue::threadblock::VisitorCompute<cutlass::plus, float, float, (cutlass::FloatRoundStyle)2, void>, cutlass::epilogue::threadblock::TreeVisitor2x<cutlass::epilogue::threadblock::VisitorCompute<cutlass::plus, float, float, (cutlass::FloatRoundStyle)2, void>, cutlass::epilogue::threadblock::TreeVisitor2x<cutlass::epilogue::threadblock::VisitorCompute<cutlass::multiplies, float, float, (cutlass::FloatRoundStyle)2, void>, cutlass::epilogue::threadblock::TreeVisitor2x<cutlass::epilogue::threadblock::VisitorCompute<cutlass::multiplies, float, float, (cutlass::FloatRoundStyle)2, void>, cutlass::epilogue::threadblock::VisitorAccFetch, cutlass::epilogue::threadblock::VisitorScalarBroadcast<float, cute::tuple<cute::C<(int)0>, cute::C<(int)0>, cute::C<(int)0>>, (int)1, cutlass::multiplies>>, cutlass::epilogue::threadblock::VisitorRowBroadcast<cutlass::epilogue::threadblock::OutputTileThreadLayout<cutlass::gemm::GemmShape<(int)128, (int)128, (int)128>, cutlass::gemm::GemmShape<(int)64, (int)64, (int)128>, cutlass::half_t, (int)8, (int)1>, float, cute::tuple<cute::C<(int)0>, cute::C<(int)1>, int>, (bool)1>>, cutlass::epilogue::threadblock::VisitorRowBroadcast<cutlass::epilogue::threadblock::OutputTileThreadLayout<cutlass::gemm::GemmShape<(int)128, (int)128, (int)128>, cutlass::gemm::GemmShape<(int)64, (int)64, (int)128>, cutlass::half_t, (int)8, (int)1>, float, cute::tuple<cute::C<(int)0>, cute::C<(int)1>, int>, (bool)1>>, cutlass::epilogue::threadblock::VisitorAuxLoad<cutlass::epilogue::threadblock::OutputTileThreadLayout<cutlass::gemm::GemmShape<(int)128, (int)128, (int)128>, cutlass::gemm::GemmShape<(int)64, (int)64, (int)128>, cutlass::half_t, (int)8, (int)1>, cutlass::half_t, cute::tuple<long, cute::C<(int)1>, long>>>>, (int)1, (int)1>, cutlass::gemm::threadblock::GemmIdentityThreadblockSwizzle<(int)1>, (cutlass::conv::Operator)0, cutlass::conv::Conv2dProblemSize>>(T1::Params)",1296523.0
L|resblock_updown|C768|T4,"void group_norm_silu_quantize_pack_nhwc_vec2_kernel<__half, (bool)0>(const T1 *, signed char *, const T1 *, const T1 *, const T1 *, const T1 *, const float *, const float *, int, long, int, float, bool, int)",1242539.0
L|resblock_plain|C1536|T4,ampere_fp16_s16816gemm_fp16_128x64_ldg8_f2f_stages_32x6_tn,1207077.0
L|resblock_plain|C768|T64,"void at::native::elementwise_kernel<(int)128, (int)4, void at::native::gpu_kernel_impl_nocast<at::native::CUDAFunctor_add<c10::Half>>(at::TensorIteratorBase &, const T1 &)::[lambda(int) (instance 1)]>(int, T3)",1066214.0
L|resblock_updown|C384|T64,"void group_norm_silu_quantize_resize_nhwc_kernel<__half, (bool)1, (bool)1, (bool)1>(const T1 *, signed char *, const T1 *, const T1 *, const T1 *, const T1 *, const float *, const float *, int, long, int, float, bool, int, int)",1056102.0
L|resblock_plain|C1152|T16,ampere_fp16_s1688gemm_fp16_128x128_ldg8_f2f_stages_32x1_tn,932739.0
L|resblock_plain|C768|T4,ampere_fp16_s16816gemm_fp16_64x64_sliced1x2_ldg8_relu_f2f_stages_64x5_tn,804199.0
L|resblock_plain|C384|T16,"void cutlass::Kernel<modiff::ImplicitGemmConvolutionEVT<cutlass::conv::threadblock::ImplicitGemmMultistage<cutlass::gemm::GemmShape<(int)128, (int)128, (int)128>, cutlass::conv::threadblock::Conv2dFpropActivationTileAccessIteratorOptimized<cutlass::MatrixShape<(int)128, (int)128>, cutlass::integer_subbyte<(int)4, (bool)1>, cutlass::layout::TensorNHWC, cutlass::transform::PitchLinearWarpRakedThreadMap<cutlass::PitchLinearShape<(int)128, (int)128>, (int)128, cutlass::PitchLinearShape<(int)4, (int)8>, (int)32>, cutlass::AlignedArray<cutlass::integer_subbyte<(int)4, (bool)1>, (int)32, (int)16>>, cutlass::transform::threadblock::RegularTileAccessIterator<cutlass::MatrixShape<(int)128, (int)128>, cutlass::integer_subbyte<(int)4, (bool)1>, cutlass::layout::RowMajorTensorOpMultiplicandCrosswise<(int)4, (int)128>, (int)0, cutlass::transform::PitchLinearWarpRakedThreadMap<cutlass::PitchLinearShape<(int)128, (int)128>, (int)128, cutlass::PitchLinearShape<(int)4, (int)8>, (int)32>, (int)16>, (cutlass::arch::CacheOperation::Kind)0, cutlass::conv::threadblock::Conv2dFpropFilterTileAccessIteratorOptimized<cutlass::MatrixShape<(int)128, (int)128>, cutlass::integer_subbyte<(int)4, (bool)1>, cutlass::layout::TensorNHWC, cutlass::transform::PitchLinearWarpRakedThreadMap<cutlass::PitchLinearShape<(int)128, (int)128>, (int)128, cutlass::PitchLinearShape<(int)4, (int)8>, (int)32>, cutlass::AlignedArray<cutlass::integer_subbyte<(int)4, (bool)1>, (int)32, (int)16>, (bool)0>, cutlass::transform::threadblock::RegularTileAccessIterator<cutlass::MatrixShape<(int)128, (int)128>, cutlass::integer_subbyte<(int)4, (bool)1>, cutlass::layout::ColumnMajorTensorOpMultiplicandCrosswise<(int)4, (int)128>, (int)1, cutlass::transform::PitchLinearWarpRakedThreadMap<cutlass::PitchLinearShape<(int)128, (int)128>, (int)128, cutlass::PitchLinearShape<(int)4, (int)8>, (int)32>, (int)16>, (cutlass::arch::CacheOperation::Kind)1, cutlass::gemm::threadblock::MmaPolicy<cutlass::gemm::warp::MmaTensorOp<cutlass::gemm::GemmShape<(int)64, (int)64, (int)128>, cutlass::integer_subbyte<(int)4, (bool)1>, cutlass::layout::RowMajorTensorOpMultiplicandCrosswise<(int)4, (int)128>, cutlass::integer_subbyte<(int)4, (bool)1>, cutlass::layout::ColumnMajorTensorOpMultiplicandCrosswise<(int)4, (int)128>, int, cutlass::layout::RowMajor, cutlass::gemm::warp::MmaTensorOpPolicy<cutlass::arch::Mma<cutlass::gemm::GemmShape<(int)16, (int)8, (int)64>, (int)32, cutlass::integer_subbyte<(int)4, (bool)1>, cutlass::layout::RowMajor, cutlass::integer_subbyte<(int)4, (bool)1>, cutlass::layout::ColumnMajor, int, cutlass::layout::RowMajor, cutlass::arch::OpMultiplyAddSaturate>, cutlass::MatrixShape<(int)1, (int)1>>, (int)1, (bool)0, bool>, cutlass::MatrixShape<(int)0, (int)0>, cutlass::MatrixShape<(int)0, (int)0>, (int)1>, (int)3, bool>, cutlass::epilogue::threadblock::EpilogueWithVisitorCallbacks<cutlass::epilogue::threadblock::Epilogue<cutlass::gemm::GemmShape<(int)128, (int)128, (int)128>, cutlass::gemm::warp::MmaTensorOp<cutlass::gemm::GemmShape<(int)64, (int)64, (int)128>, cutlass::integer_subbyte<(int)4, (bool)1>, cutlass::layout::RowMajorTensorOpMultiplicandCrosswise<(int)4, (int)128>, cutlass::integer_subbyte<(int)4, (bool)1>, cutlass::layout::ColumnMajorTensorOpMultiplicandCrosswise<(int)4, (int)128>, int, cutlass::layout::RowMajor, cutlass::gemm::warp::MmaTensorOpPolicy<cutlass::arch::Mma<cutlass::gemm::GemmShape<(int)16, (int)8, (int)64>, (int)32, cutlass::integer_subbyte<(int)4, (bool)1>, cutlass::layout::RowMajor, cutlass::integer_subbyte<(int)4, (bool)1>, cutlass::layout::ColumnMajor, int, cutlass::layout::RowMajor, cutlass::arch::OpMultiplyAddSaturate>, cutlass::MatrixShape<(int)1, (int)1>>, (int)1, (bool)0, bool>, (int)1, cutlass::epilogue::threadblock::PredicatedTileIteratorConv<cutlass::epilogue::threadblock::OutputTileOptimalThreadMap<cutlass::epilogue::threadblock::OutputTileShape<(int)128, (int)8, (int)2, (int)1, (int)1>, cutlass::epilogue::threadblock::OutputTileShape<(int)1, (int)8, (int)1, (int)1, (int)8>, (int)128, (int)8, (int)16>, cutlass::half_t, (bool)0, cutlass::layout::NoPermute, (bool)0, (int)4>, cutlass::epilogue::warp::FragmentIteratorTensorOp<cutlass::gemm::GemmShape<(int)64, (int)64, (int)128>, cutlass::gemm::GemmShape<(int)16, (int)8, (int)64>, int, cutlass::Array<int, (int)4, (bool)1>, cutlass::layout::RowMajor>, cutlass::epilogue::warp::TileIteratorTensorOpMixed<cutlass::gemm::GemmShape<(int)64, (int)64, (int)128>, cutlass::gemm::GemmShape<(int)16, (int)8, (int)64>, int, (int)32, (int)16, (int)8, (int)8, (bool)0>, cutlass::epilogue::threadblock::SharedLoadIteratorMixed<cutlass::epilogue::threadblock::OutputTileOptimalThreadMap<cutlass::epilogue::threadblock::OutputTileShape<(int)128, (int)8, (int)2, (int)1, (int)1>, cutlass::epilogue::threadblock::OutputTileShape<(int)1, (int)8, (int)1, (int)1, (int)8>, (int)128, (int)8, (int)16>::CompactedThreadMap, int, (int)32, (int)16, (int)8, (int)8, (bool)0>, cutlass::epilogue::thread::LinearCombination<cutlass::half_t, (int)8, int, float, (cutlass::epilogue::thread::ScaleType::Kind)0, (cutlass::FloatRoundStyle)2, cutlass::half_t>, cutlass::MatrixShape<(int)0, (int)8>, (int)2, (int)1>, cutlass::epilogue::threadblock::TreeVisitor2x<cutlass::epilogue::threadblock::VisitorAuxStore<cutlass::epilogue::threadblock::OutputTileThreadLayout<cutlass::gemm::GemmShape<(int)128, (int)128, (int)128>, cutlass::gemm::GemmShape<(int)64, (int)64, (int)128>, cutlass::half_t, (int)8, (int)1>, cutlass::half_t, (cutlass::FloatRoundStyle)2, cute::tuple<long, cute::C<(int)1>, long>>, cutlass::epilogue::threadblock::TreeVisitor2x<cutlass::epilogue::threadblock::VisitorCompute<cutlass::plus, float, float, (cutlass::FloatRoundStyle)2, void>, cutlass::epilogue::threadblock::TreeVisitor2x<cutlass::epilogue::threadblock::VisitorCompute<cutlass::multiplies, float, float, (cutlass::FloatRoundStyle)2, void>, cutlass::epilogue::threadblock::TreeVisitor2x<cutlass::epilogue::threadblock::VisitorCompute<cutlass::multiplies, float, float, (cutlass::FloatRoundStyle)2, void>, cutlass::epilogue::threadblock::VisitorAccFetch, cutlass::epilogue::threadblock::VisitorScalarBroadcast<float, cute::tuple<cute::C<(int)0>, cute::C<(int)0>, cute::C<(int)0>>, (int)1, cutlass::multiplies>>, cutlass::epilogue::threadblock::VisitorRowBroadcast<cutlass::epilogue::threadblock::OutputTileThreadLayout<cutlass::gemm::GemmShape<(int)128, (int)128, (int)128>, cutlass::gemm::GemmShape<(int)64, (int)64, (int)128>, cutlass::half_t, (int)8, (int)1>, float, cute::tuple<cute::C<(int)0>, cute::C<(int)1>, int>, (bool)1>>, cutlass::epilogue::threadblock::VisitorRowBroadcast<cutlass::epilogue::threadblock::OutputTileThreadLayout<cutlass::gemm::GemmShape<(int)128, (int)128, (int)128>, cutlass::gemm::GemmShape<(int)64, (int)64, (int)128>, cutlass::half_t, (int)8, (int)1>, float, cute::tuple<cute::C<(int)0>, cute::C<(int)1>, int>, (bool)1>>>, (int)1, (int)1>, cutlass::gemm::threadblock::GemmIdentityThreadblockSwizzle<(int)1>, (cutlass::conv::Operator)0, cutlass::conv::Conv2dProblemSize>>(T1::Params)",793382.0
L|resblock_updown|C384|T64,"void at::native::<unnamed>::avg_pool2d_out_cuda_frame_nhwc<c10::Half, float>(int, const T1 *, long, long, long, int, int, int, int, int, int, int, int, T1 *, int, bool, bool)",720260.0
L|resblock_updown|C384|T64,"void at::native::unrolled_elementwise_kernel<at::native::direct_copy_kernel_cuda(at::TensorIteratorBase &)::[lambda() (instance 3)]::operator ()() const::[lambda() (instance 7)]::operator ()() const::[lambda(float) (instance 1)], at::detail::Array<char *, (int)2>, TrivialOffsetCalculator<(int)1, unsigned int>, TrivialOffsetCalculator<(int)1, unsigned int>, at::native::memory::LoadWithCast<(int)1>, at::native::memory::StoreWithCast<(int)1>>(int, T1, T2, T3, T4, T5, T6)",720004.0
L|resblock_updown|C384|T64,"void group_norm_silu_quantize_resize_nhwc_kernel<__half, (bool)1, (bool)0, (bool)1>(const T1 *, signed char *, const T1 *, const T1 *, const T1 *, const T1 *, const float *, const float *, int, long, int, float, bool, int, int)",652038.0
L|resblock_plain|C1536|T4,ampere_fp16_s16816gemm_fp16_64x64_sliced1x2_ldg8_relu_f2f_stages_64x5_tn,581188.0
L|resblock_updown|C768|T4,"void at::native::<unnamed>::upsample_nearest2d_nhwc_out_frame<float, &at::native::nearest_neighbor_compute_source_index>(const T1 *, T1 *, unsigned long, unsigned long, unsigned long, unsigned long, unsigned long, float, float, unsigned long)",541922.0
L|resblock_plain|C1152|T64,"void at::native::elementwise_kernel<(int)128, (int)4, void at::native::gpu_kernel_impl_nocast<at::native::CUDAFunctor_add<c10::Half>>(at::TensorIteratorBase &, const T1 &)::[lambda(int) (instance 1)]>(int, T3)",509891.0
L|resblock_updown|C768|T16,"void group_norm_silu_quantize_resize_nhwc_kernel<__half, (bool)1, (bool)1, (bool)1>(const T1 *, signed char *, const T1 *, const T1 *, const T1 *, const T1 *, const float *, const float *, int, long, int, float, bool, int, int)",505572.0
L|resblock_updown|C768|T16,"void group_norm_silu_quantize_resize_nhwc_kernel<__half, (bool)1, (bool)0, (bool)1>(const T1 *, signed char *, const T1 *, const T1 *, const T1 *, const T1 *, const float *, const float *, int, long, int, float, bool, int, int)",477282.0
L|resblock_plain|C384|T16,ampere_fp16_s1688gemm_fp16_128x128_ldg8_f2f_stages_32x1_tn,464898.0
L|resblock_plain|C1536|T16,"void at::native::elementwise_kernel<(int)128, (int)4, void at::native::gpu_kernel_impl_nocast<at::native::CUDAFunctor_add<c10::Half>>(at::TensorIteratorBase &, const T1 &)::[lambda(int) (instance 1)]>(int, T3)",435170.0
L|resblock_plain|C768|T4,"void at::native::elementwise_kernel<(int)128, (int)4, void at::native::gpu_kernel_impl_nocast<at::native::direct_copy_kernel_cuda(at::TensorIteratorBase &)::[lambda() (instance 3)]::operator ()() const::[lambda() (instance 10)]::operator ()() const::[lambda(c10::Half) (instance 1)]>(at::TensorIteratorBase &, const T1 &)::[lambda(int) (instance 1)]>(int, T3)",432672.0
L|resblock_plain|C1536|T16,ampere_fp16_s16816gemm_fp16_64x64_sliced1x2_ldg8_relu_f2f_stages_64x5_tn,430017.0
L|resblock_updown|C768|T16,ampere_fp16_s16816gemm_fp16_64x64_sliced1x2_ldg8_relu_f2f_stages_64x5_tn,406752.0
L|attention|C768|T4,"gemm_w4a4_kernel_awq(const signed char *, const signed char *, const float *, float, __half *, int, int, int, int, const __half *, const __half *)",403841.0
L|resblock_updown|C768|T16,"void at::native::unrolled_elementwise_kernel<at::native::direct_copy_kernel_cuda(at::TensorIteratorBase &)::[lambda() (instance 3)]::operator ()() const::[lambda() (instance 7)]::operator ()() const::[lambda(float) (instance 1)], at::detail::Array<char *, (int)2>, TrivialOffsetCalculator<(int)1, unsigned int>, TrivialOffsetCalculator<(int)1, unsigned int>, at::native::memory::LoadWithCast<(int)1>, at::native::memory::StoreWithCast<(int)1>>(int, T1, T2, T3, T4, T5, T6)",399746.0
,"void at::native::elementwise_kernel<(int)128, (int)4, void at::native::gpu_kernel_impl<at::native::CUDAFunctor_add<float>>(at::TensorIteratorBase &, const T1 &)::[lambda(int) (instance 1)]>(int, T3)",383811.0
L|resblock_updown|C768|T16,"void at::native::<unnamed>::avg_pool2d_out_cuda_frame_nhwc<c10::Half, float>(int, const T1 *, long, long, long, int, int, int, int, int, int, int, int, T1 *, int, bool, bool)",362627.0
L|resblock_updown|C768|T4,"void at::native::unrolled_elementwise_kernel<at::native::direct_copy_kernel_cuda(at::TensorIteratorBase &)::[lambda() (instance 3)]::operator ()() const::[lambda() (instance 10)]::operator ()() const::[lambda(c10::Half) (instance 1)], at::detail::Array<char *, (int)2>, TrivialOffsetCalculator<(int)1, unsigned int>, TrivialOffsetCalculator<(int)1, unsigned int>, at::native::memory::LoadWithCast<(int)1>, at::native::memory::StoreWithCast<(int)1>>(int, T1, T2, T3, T4, T5, T6)",350340.0
L|resblock_plain|C1536|T4,"void at::native::elementwise_kernel<(int)128, (int)4, void at::native::gpu_kernel_impl_nocast<at::native::direct_copy_kernel_cuda(at::TensorIteratorBase &)::[lambda() (instance 3)]::operator ()() const::[lambda() (instance 10)]::operator ()() const::[lambda(c10::Half) (instance 1)]>(at::TensorIteratorBase &, const T1 &)::[lambda(int) (instance 1)]>(int, T3)",348386.0
L|resblock_plain|C768|T256,"void at::native::elementwise_kernel<(int)128, (int)4, void at::native::gpu_kernel_impl_nocast<at::native::direct_copy_kernel_cuda(at::TensorIteratorBase &)::[lambda() (instance 3)]::operator ()() const::[lambda() (instance 10)]::operator ()() const::[lambda(c10::Half) (instance 1)]>(at::TensorIteratorBase &, const T1 &)::[lambda(int) (instance 1)]>(int, T3)",338050.0
L|resblock_plain|C768|T64,sm80_xmma_gemm_f16f16_f16f32_f32_tn_n_tilesize32x32x64_stage6_warpsize2x2x1_tensor16x8x16_kernel,325441.0
L|resblock_plain|C384|T64,sm80_xmma_gemm_f16f16_f16f32_f32_tn_n_tilesize32x32x64_stage6_warpsize2x2x1_tensor16x8x16_kernel,325027.0
L|resblock_plain|C384|T1024,"void at::native::elementwise_kernel<(int)128, (int)4, void at::native::gpu_kernel_impl_nocast<at::native::direct_copy_kernel_cuda(at::TensorIteratorBase &)::[lambda() (instance 3)]::operator ()() const::[lambda() (instance 10)]::operator ()() const::[lambda(c10::Half) (instance 1)]>(at::TensorIteratorBase &, const T1 &)::[lambda(int) (instance 1)]>(int, T3)",322882.0
L|resblock_plain|C768|T256,sm80_xmma_gemm_f16f16_f16f32_f32_tn_n_tilesize32x32x64_stage6_warpsize2x2x1_tensor16x8x16_kernel,322624.0
L|resblock_updown|C384|T64,sm80_xmma_gemm_f16f16_f16f32_f32_tn_n_tilesize32x32x64_stage6_warpsize2x2x1_tensor16x8x16_kernel,322528.0
L|resblock_updown|C384|T256,sm80_xmma_gemm_f16f16_f16f32_f32_tn_n_tilesize32x32x64_stage6_warpsize2x2x1_tensor16x8x16_kernel,320995.0
L|resblock_plain|C768|T64,"void at::native::elementwise_kernel<(int)128, (int)4, void at::native::gpu_kernel_impl_nocast<at::native::direct_copy_kernel_cuda(at::TensorIteratorBase &)::[lambda() (instance 3)]::operator ()() const::[lambda() (instance 10)]::operator ()() const::[lambda(c10::Half) (instance 1)]>(at::TensorIteratorBase &, const T1 &)::[lambda(int) (instance 1)]>(int, T3)",312227.0
L|resblock_plain|C1536|T16,"void at::native::elementwise_kernel<(int)128, (int)4, void at::native::gpu_kernel_impl_nocast<at::native::direct_copy_kernel_cuda(at::TensorIteratorBase &)::[lambda() (instance 3)]::operator ()() const::[lambda() (instance 10)]::operator ()() const::[lambda(c10::Half) (instance 1)]>(at::TensorIteratorBase &, const T1 &)::[lambda(int) (instance 1)]>(int, T3)",300960.0
L|resblock_updown|C768|T4,"void group_norm_silu_quantize_resize_nhwc_kernel<__half, (bool)1, (bool)1, (bool)1>(const T1 *, signed char *, const T1 *, const T1 *, const T1 *, const T1 *, const float *, const float *, int, long, int, float, bool, int, int)",285152.0
L|resblock_updown|C768|T16,"void at::native::elementwise_kernel<(int)128, (int)4, void at::native::gpu_kernel_impl_nocast<at::native::direct_copy_kernel_cuda(at::TensorIteratorBase &)::[lambda() (instance 3)]::operator ()() const::[lambda() (instance 10)]::operator ()() const::[lambda(c10::Half) (instance 1)]>(at::TensorIteratorBase &, const T1 &)::[lambda(int) (instance 1)]>(int, T3)",283874.0
L|attention|C768|T4,"void gemm_w4a4_kernel_awq_out_i8<(int)4>(const signed char *, const signed char *, const float *, float, const float *, signed char *, int, int, int, const __half *, int, int, int, float, float, const float *, const float *, signed char *, signed char *, signed char *, int, int)",278176.0
L|resblock_updown|C384|T64,"void at::native::elementwise_kernel<(int)128, (int)4, void at::native::gpu_kernel_impl_nocast<at::native::direct_copy_kernel_cuda(at::TensorIteratorBase &)::[lambda() (instance 3)]::operator ()() const::[lambda() (instance 10)]::operator ()() const::[lambda(c10::Half) (instance 1)]>(at::TensorIteratorBase &, const T1 &)::[lambda(int) (instance 1)]>(int, T3)",274432.0
L|resblock_updown|C384|T256,"void at::native::elementwise_kernel<(int)128, (int)4, void at::native::gpu_kernel_impl_nocast<at::native::direct_copy_kernel_cuda(at::TensorIteratorBase &)::[lambda() (instance 3)]::operator ()() const::[lambda() (instance 10)]::operator ()() const::[lambda(c10::Half) (instance 1)]>(at::TensorIteratorBase &, const T1 &)::[lambda(int) (instance 1)]>(int, T3)",272672.0
L|resblock_plain|C1536|T4,"void at::native::elementwise_kernel<(int)128, (int)4, void at::native::gpu_kernel_impl_nocast<at::native::CUDAFunctor_add<c10::Half>>(at::TensorIteratorBase &, const T1 &)::[lambda(int) (instance 1)]>(int, T3)",239491.0
L|attention|C768|T4,"void group_norm_silu_quantize_pack_nhwc_vec2_kernel<__half, (bool)1>(const T1 *, signed char *, const T1 *, const T1 *, const T1 *, const T1 *, const float *, const float *, int, long, int, float, bool, int)",230369.0
L|resblock_plain|C384|T1024,sm80_xmma_gemm_f16f16_f16f32_f32_tn_n_tilesize32x32x64_stage6_warpsize2x2x1_tensor16x8x16_kernel,214112.0
L|resblock_plain|C192|T1024,sm80_xmma_gemm_f16f16_f16f32_f32_tn_n_tilesize32x32x64_stage6_warpsize2x2x1_tensor16x8x16_kernel,212581.0
L|resblock_plain|C1152|T16,ampere_fp16_s16816gemm_fp16_64x64_sliced1x2_ldg8_relu_f2f_stages_64x5_tn,210112.0
L|resblock_plain|C384|T64,"void at::native::elementwise_kernel<(int)128, (int)4, void at::native::gpu_kernel_impl_nocast<at::native::direct_copy_kernel_cuda(at::TensorIteratorBase &)::[lambda() (instance 3)]::operator ()() const::[lambda() (instance 10)]::operator ()() const::[lambda(c10::Half) (instance 1)]>(at::TensorIteratorBase &, const T1 &)::[lambda(int) (instance 1)]>(int, T3)",208674.0
L|resblock_plain|C768|T16,ampere_fp16_s16816gemm_fp16_64x64_sliced1x2_ldg8_relu_f2f_stages_64x5_tn,203424.0
L|resblock_updown|C768|T4,ampere_fp16_s16816gemm_fp16_64x64_sliced1x2_ldg8_relu_f2f_stages_64x5_tn,202208.0
L|resblock_plain|C192|T1024,"void at::native::elementwise_kernel<(int)128, (int)4, void at::native::gpu_kernel_impl_nocast<at::native::direct_copy_kernel_cuda(at::TensorIteratorBase &)::[lambda() (instance 3)]::operator ()() const::[lambda() (instance 10)]::operator ()() const::[lambda(c10::Half) (instance 1)]>(at::TensorIteratorBase &, const T1 &)::[lambda(int) (instance 1)]>(int, T3)",201186.0
L|resblock_plain|C384|T16,ampere_fp16_s16816gemm_fp16_64x64_sliced1x2_ldg8_relu_f2f_stages_64x5_tn,193568.0
,"void nhwcAddPaddingKernel<__half, __half, float, (bool)1, (cudnnKernelDataType_t)0>(int, int, int, int, int, int, int, int, const T1 *, T2 *, int, int, int, int, T3, T3, cudnn::reduced_divisor, cudnn::reduced_divisor, cudnn::reduced_divisor)",189313.0
L|resblock_plain|C384|T16,"void at::native::elementwise_kernel<(int)128, (int)4, void at::native::gpu_kernel_impl_nocast<at::native::CUDAFunctor_add<c10::Half>>(at::TensorIteratorBase &, const T1 &)::[lambda(int) (instance 1)]>(int, T3)",185696.0
L|resblock_plain|C1152|T16,"void at::native::elementwise_kernel<(int)128, (int)4, void at::native::gpu_kernel_impl_nocast<at::native::CUDAFunctor_add<c10::Half>>(at::TensorIteratorBase &, const T1 &)::[lambda(int) (instance 1)]>(int, T3)",183428.0
L|resblock_plain|C768|T4,"void at::native::vectorized_elementwise_kernel<(int)4, at::native::<unnamed>::silu_kernel(at::TensorIteratorBase &)::[lambda() (instance 1)]::operator ()() const::[lambda() (instance 5)]::operator ()() const::[lambda(c10::Half) (instance 1)], at::detail::Array<char *, (int)2>>(int, T2, T3)",175746.0
L|attention|C768|T4,"void flash_attn_int8_qi8packed_small_qout_kernel<(int)4, (int)96, (int)4, (bool)1>(const signed char *, const float *, signed char *, int, int, float, float, float, int)",172356.0
L|resblock_plain|C576|T256,"void at::native::elementwise_kernel<(int)128, (int)4, void at::native::gpu_kernel_impl_nocast<at::native::direct_copy_kernel_cuda(at::TensorIteratorBase &)::[lambda() (instance 3)]::operator ()() const::[lambda() (instance 10)]::operator ()() const::[lambda(c10::Half) (instance 1)]>(at::TensorIteratorBase &, const T1 &)::[lambda(int) (instance 1)]>(int, T3)",169408.0
L|resblock_plain|C192|T256,"void at::native::elementwise_kernel<(int)128, (int)4, void at::native::gpu_kernel_impl_nocast<at::native::direct_copy_kernel_cuda(at::TensorIteratorBase &)::[lambda() (instance 3)]::operator ()() const::[lambda() (instance 10)]::operator ()() const::[lambda(c10::Half) (instance 1)]>(at::TensorIteratorBase &, const T1 &)::[lambda(int) (instance 1)]>(int, T3)",169121.0
L|resblock_plain|C1152|T64,"void at::native::elementwise_kernel<(int)128, (int)4, void at::native::gpu_kernel_impl_nocast<at::native::direct_copy_kernel_cuda(at::TensorIteratorBase &)::[lambda() (instance 3)]::operator ()() const::[lambda() (instance 10)]::operator ()() const::[lambda(c10::Half) (instance 1)]>(at::TensorIteratorBase &, const T1 &)::[lambda(int) (instance 1)]>(int, T3)",168704.0
L|resblock_plain|C576|T1024,"void at::native::elementwise_kernel<(int)128, (int)4, void at::native::gpu_kernel_impl_nocast<at::native::direct_copy_kernel_cuda(at::TensorIteratorBase &)::[lambda() (instance 3)]::operator ()() const::[lambda() (instance 10)]::operator ()() const::[lambda(c10::Half) (instance 1)]>(at::TensorIteratorBase &, const T1 &)::[lambda(int) (instance 1)]>(int, T3)",162081.0
L|resblock_plain|C576|T256,sm80_xmma_gemm_f16f16_f16f32_f32_tn_n_tilesize32x32x64_stage6_warpsize2x2x1_tensor16x8x16_kernel,161443.0
L|resblock_plain|C192|T256,sm80_xmma_gemm_f16f16_f16f32_f32_tn_n_tilesize32x32x64_stage6_warpsize2x2x1_tensor16x8x16_kernel,161186.0
L|resblock_plain|C1152|T64,sm80_xmma_gemm_f16f16_f16f32_f32_tn_n_tilesize32x32x64_stage6_warpsize2x2x1_tensor16x8x16_kernel,159714.0
L|resblock_plain|C384|T256,sm80_xmma_gemm_f16f16_f16f32_f32_tn_n_tilesize32x32x64_stage6_warpsize2x2x1_tensor16x8x16_kernel,158434.0
,sm80_xmma_gemm_f16f16_f16f32_f32_tn_n_tilesize32x32x64_stage6_warpsize2x2x1_tensor16x8x16_kernel,157282.0
L|resblock_updown|C768|T4,"void at::native::elementwise_kernel<(int)128, (int)4, void at::native::gpu_kernel_impl_nocast<at::native::direct_copy_kernel_cuda(at::TensorIteratorBase &)::[lambda() (instance 3)]::operator ()() const::[lambda() (instance 10)]::operator ()() const::[lambda(c10::Half) (instance 1)]>(at::TensorIteratorBase &, const T1 &)::[lambda(int) (instance 1)]>(int, T3)",153825.0
,"void at::native::vectorized_elementwise_kernel<(int)4, at::native::AUnaryFunctor<c10::Half, c10::Half, c10::Half, at::native::binary_internal::MulFunctor<float>>, at::detail::Array<char *, (int)2>>(int, T2, T3)",148416.0
L|resblock_plain|C1536|T4,"void at::native::vectorized_elementwise_kernel<(int)4, at::native::<unnamed>::silu_kernel(at::TensorIteratorBase &)::[lambda() (instance 1)]::operator ()() const::[lambda() (instance 5)]::operator ()() const::[lambda(c10::Half) (instance 1)], at::detail::Array<char *, (int)2>>(int, T2, T3)",148256.0
L|resblock_plain|C1152|T16,"void at::native::elementwise_kernel<(int)128, (int)4, void at::native::gpu_kernel_impl_nocast<at::native::direct_copy_kernel_cuda(at::TensorIteratorBase &)::[lambda() (instance 3)]::operator ()() const::[lambda() (instance 10)]::operator ()() const::[lambda(c10::Half) (instance 1)]>(at::TensorIteratorBase &, const T1 &)::[lambda(int) (instance 1)]>(int, T3)",147296.0
L|resblock_plain|C384|T16,"void at::native::elementwise_kernel<(int)128, (int)4, void at::native::gpu_kernel_impl_nocast<at::native::direct_copy_kernel_cuda(at::TensorIteratorBase &)::[lambda() (instance 3)]::operator ()() const::[lambda() (instance 10)]::operator ()() const::[lambda(c10::Half) (instance 1)]>(at::TensorIteratorBase &, const T1 &)::[lambda(int) (instance 1)]>(int, T3)",144770.0
,"void at::native::vectorized_elementwise_kernel<(int)4, at::native::AUnaryFunctor<float, float, float, at::native::binary_internal::MulFunctor<float>>, at::detail::Array<char *, (int)2>>(int, T2, T3)",123649.0
L|resblock_plain|C768|T64,"void at::native::vectorized_elementwise_kernel<(int)4, at::native::<unnamed>::silu_kernel(at::TensorIteratorBase &)::[lambda() (instance 1)]::operator ()() const::[lambda() (instance 5)]::operator ()() const::[lambda(c10::Half) (instance 1)], at::detail::Array<char *, (int)2>>(int, T2, T3)",120960.0
L|resblock_plain|C192|T1024,"void at::native::vectorized_elementwise_kernel<(int)4, at::native::<unnamed>::silu_kernel(at::TensorIteratorBase &)::[lambda() (instance 1)]::operator ()() const::[lambda() (instance 5)]::operator ()() const::[lambda(c10::Half) (instance 1)], at::detail::Array<char *, (int)2>>(int, T2, T3)",120672.0
L|resblock_plain|C384|T64,"void at::native::vectorized_elementwise_kernel<(int)4, at::native::<unnamed>::silu_kernel(at::TensorIteratorBase &)::[lambda() (instance 1)]::operator ()() const::[lambda() (instance 5)]::operator ()() const::[lambda(c10::Half) (instance 1)], at::detail::Array<char *, (int)2>>(int, T2, T3)",120481.0
L|resblock_updown|C768|T4,"void at::native::unrolled_elementwise_kernel<at::native::direct_copy_kernel_cuda(at::TensorIteratorBase &)::[lambda() (instance 3)]::operator ()() const::[lambda() (instance 7)]::operator ()() const::[lambda(float) (instance 1)], at::detail::Array<char *, (int)2>, TrivialOffsetCalculator<(int)1, unsigned int>, TrivialOffsetCalculator<(int)1, unsigned int>, at::native::memory::LoadWithCast<(int)1>, at::native::memory::StoreWithCast<(int)1>>(int, T1, T2, T3, T4, T5, T6)",119937.0
L|resblock_plain|C1536|T16,"void at::native::vectorized_elementwise_kernel<(int)4, at::native::<unnamed>::silu_kernel(at::TensorIteratorBase &)::[lambda() (instance 1)]::operator ()() const::[lambda() (instance 5)]::operator ()() const::[lambda(c10::Half) (instance 1)], at::detail::Array<char *, (int)2>>(int, T2, T3)",119201.0
L|resblock_plain|C768|T16,"void at::native::elementwise_kernel<(int)128, (int)4, void at::native::gpu_kernel_impl_nocast<at::native::direct_copy_kernel_cuda(at::TensorIteratorBase &)::[lambda() (instance 3)]::operator ()() const::[lambda() (instance 10)]::operator ()() const::[lambda(c10::Half) (instance 1)]>(at::TensorIteratorBase &, const T1 &)::[lambda(int) (instance 1)]>(int, T3)",118017.0
L|resblock_plain|C768|T256,"void at::native::vectorized_elementwise_kernel<(int)4, at::native::<unnamed>::silu_kernel(at::TensorIteratorBase &)::[lambda() (instance 1)]::operator ()() const::[lambda() (instance 5)]::operator ()() const::[lambda(c10::Half) (instance 1)], at::detail::Array<char *, (int)2>>(int, T2, T3)",116864.0
L|resblock_updown|C384|T64,"void at::native::vectorized_elementwise_kernel<(int)4, at::native::<unnamed>::silu_kernel(at::TensorIteratorBase &)::[lambda() (instance 1)]::operator ()() const::[lambda() (instance 5)]::operator ()() const::[lambda(c10::Half) (instance 1)], at::detail::Array<char *, (int)2>>(int, T2, T3)",116258.0
L|resblock_updown|C384|T256,"void at::native::vectorized_elementwise_kernel<(int)4, at::native::<unnamed>::silu_kernel(at::TensorIteratorBase &)::[lambda() (instance 1)]::operator ()() const::[lambda() (instance 5)]::operator ()() const::[lambda(c10::Half) (instance 1)], at::detail::Array<char *, (int)2>>(int, T2, T3)",116194.0
L|resblock_plain|C384|T1024,"void at::native::vectorized_elementwise_kernel<(int)4, at::native::<unnamed>::silu_kernel(at::TensorIteratorBase &)::[lambda() (instance 1)]::operator ()() const::[lambda() (instance 5)]::operator ()() const::[lambda(c10::Half) (instance 1)], at::detail::Array<char *, (int)2>>(int, T2, T3)",114689.0
L|resblock_updown|C768|T16,"void at::native::vectorized_elementwise_kernel<(int)4, at::native::<unnamed>::silu_kernel(at::TensorIteratorBase &)::[lambda() (instance 1)]::operator ()() const::[lambda() (instance 5)]::operator ()() const::[lambda(c10::Half) (instance 1)], at::detail::Array<char *, (int)2>>(int, T2, T3)",107072.0
L|resblock_plain|C384|T256,"void at::native::elementwise_kernel<(int)128, (int)4, void at::native::gpu_kernel_impl_nocast<at::native::direct_copy_kernel_cuda(at::TensorIteratorBase &)::[lambda() (instance 3)]::operator ()() const::[lambda() (instance 10)]::operator ()() const::[lambda(c10::Half) (instance 1)]>(at::TensorIteratorBase &, const T1 &)::[lambda(int) (instance 1)]>(int, T3)",105472.0
L|resblock_plain|C576|T1024,sm80_xmma_gemm_f16f16_f16f32_f32_tn_n_tilesize32x32x64_stage6_warpsize2x2x1_tensor16x8x16_kernel,104802.0
L|resblock_updown|C192|T1024,sm80_xmma_gemm_f16f16_f16f32_f32_tn_n_tilesize32x32x64_stage6_warpsize2x2x1_tensor16x8x16_kernel,102848.0
L|resblock_updown|C192|T1024,"void at::native::elementwise_kernel<(int)128, (int)4, void at::native::gpu_kernel_impl_nocast<at::native::direct_copy_kernel_cuda(at::TensorIteratorBase &)::[lambda() (instance 3)]::operator ()() const::[lambda() (instance 10)]::operator ()() const::[lambda(c10::Half) (instance 1)]>(at::TensorIteratorBase &, const T1 &)::[lambda(int) (instance 1)]>(int, T3)",102369.0
,void cutlass::Kernel2<cutlass_80_wmma_tensorop_f16_s161616gemm_f16_32x32_128x2_tn_align8>(T1::Params),93472.0
,"void at::native::reduce_kernel<(int)512, (int)1, at::native::ReduceOp<long, at::native::func_wrapper_t<long, at::native::MaxNanFunctor<long>>, unsigned int, long, (int)4>>(T3)",69088.0
,"void at::native::<unnamed>::ComputeFusedParamsCUDAKernel<float>(long, long, long, const T1 *, const T1 *, const T1 *, const T1 *, at::AccumulateType<T1, (bool)1>::type *, at::AccumulateType<T1, (bool)1>::type *)",68352.0
,"void at::native::<unnamed>::indexSelectLargeIndex<float, long, unsigned int, (int)2, (int)2, (int)-2, (bool)1>(at::cuda::detail::TensorInfo<T1, T3>, at::cuda::detail::TensorInfo<const T1, T3>, at::cuda::detail::TensorInfo<const T2, T3>, int, int, T3, T3, long)",64192.0
L|resblock_updown|C768|T4,"void at::native::vectorized_elementwise_kernel<(int)4, at::native::<unnamed>::silu_kernel(at::TensorIteratorBase &)::[lambda() (instance 1)]::operator ()() const::[lambda() (instance 5)]::operator ()() const::[lambda(c10::Half) (instance 1)], at::detail::Array<char *, (int)2>>(int, T2, T3)",60896.0
L|resblock_plain|C192|T256,"void at::native::vectorized_elementwise_kernel<(int)4, at::native::<unnamed>::silu_kernel(at::TensorIteratorBase &)::[lambda() (instance 1)]::operator ()() const::[lambda() (instance 5)]::operator ()() const::[lambda(c10::Half) (instance 1)], at::detail::Array<char *, (int)2>>(int, T2, T3)",60352.0
L|resblock_plain|C1152|T64,"void at::native::vectorized_elementwise_kernel<(int)4, at::native::<unnamed>::silu_kernel(at::TensorIteratorBase &)::[lambda() (instance 1)]::operator ()() const::[lambda() (instance 5)]::operator ()() const::[lambda(c10::Half) (instance 1)], at::detail::Array<char *, (int)2>>(int, T2, T3)",60224.0
L|resblock_plain|C384|T256,"void at::native::vectorized_elementwise_kernel<(int)4, at::native::<unnamed>::silu_kernel(at::TensorIteratorBase &)::[lambda() (instance 1)]::operator ()() const::[lambda() (instance 5)]::operator ()() const::[lambda(c10::Half) (instance 1)], at::detail::Array<char *, (int)2>>(int, T2, T3)",59936.0
L|resblock_plain|C1152|T16,"void at::native::vectorized_elementwise_kernel<(int)4, at::native::<unnamed>::silu_kernel(at::TensorIteratorBase &)::[lambda() (instance 1)]::operator ()() const::[lambda() (instance 5)]::operator ()() const::[lambda(c10::Half) (instance 1)], at::detail::Array<char *, (int)2>>(int, T2, T3)",59777.0
L|resblock_plain|C576|T256,"void at::native::vectorized_elementwise_kernel<(int)4, at::native::<unnamed>::silu_kernel(at::TensorIteratorBase &)::[lambda() (instance 1)]::operator ()() const::[lambda() (instance 5)]::operator ()() const::[lambda(c10::Half) (instance 1)], at::detail::Array<char *, (int)2>>(int, T2, T3)",59105.0
L|resblock_plain|C576|T1024,"void at::native::vectorized_elementwise_kernel<(int)4, at::native::<unnamed>::silu_kernel(at::TensorIteratorBase &)::[lambda() (instance 1)]::operator ()() const::[lambda() (instance 5)]::operator ()() const::[lambda(c10::Half) (instance 1)], at::detail::Array<char *, (int)2>>(int, T2, T3)",56608.0
L|resblock_plain|C768|T16,"void at::native::vectorized_elementwise_kernel<(int)4, at::native::<unnamed>::silu_kernel(at::TensorIteratorBase &)::[lambda() (instance 1)]::operator ()() const::[lambda() (instance 5)]::operator ()() const::[lambda(c10::Half) (instance 1)], at::detail::Array<char *, (int)2>>(int, T2, T3)",56608.0
L|resblock_updown|C192|T1024,"void at::native::vectorized_elementwise_kernel<(int)4, at::native::<unnamed>::silu_kernel(at::TensorIteratorBase &)::[lambda() (instance 1)]::operator ()() const::[lambda() (instance 5)]::operator ()() const::[lambda(c10::Half) (instance 1)], at::detail::Array<char *, (int)2>>(int, T2, T3)",55296.0
L|resblock_plain|C384|T16,"void at::native::vectorized_elementwise_kernel<(int)4, at::native::<unnamed>::silu_kernel(at::TensorIteratorBase &)::[lambda() (instance 1)]::operator ()() const::[lambda() (instance 5)]::operator ()() const::[lambda(c10::Half) (instance 1)], at::detail::Array<char *, (int)2>>(int, T2, T3)",51520.0
,"void at::native::vectorized_elementwise_kernel<(int)4, at::native::<unnamed>::silu_kernel(at::TensorIteratorBase &)::[lambda() (instance 1)]::operator ()() const::[lambda() (instance 5)]::operator ()() const::[lambda(c10::Half) (instance 1)], at::detail::Array<char *, (int)2>>(int, T2, T3)",35296.0
,"void at::native::vectorized_elementwise_kernel<(int)4, at::native::FillFunctor<long>, at::detail::Array<char *, (int)1>>(int, T2, T3)",30976.0
,"void at::native::<unnamed>::distribution_elementwise_grid_stride_kernel<float, (int)4, void at::native::templates::cuda::normal_and_transform<float, float, (unsigned long)4, at::CUDAGeneratorImpl *, void at::native::templates::cuda::normal_kernel<at::CUDAGeneratorImpl *>(const at::TensorBase &, double, double, T1)::[lambda() (instance 1)]::operator ()() const::[lambda() (instance 2)]::operator ()() const::[lambda(float) (instance 1)]>(at::TensorIteratorBase &, T4, T5)::[lambda(curandStatePhilox4_32_10 *) (instance 2)], void at::native::<unnamed>::distribution_nullary_kernel<float, float, (int)4, at::CUDAGeneratorImpl *, void at::native::templates::cuda::normal_and_transform<float, float, (unsigned long)4, at::CUDAGeneratorImpl *, void at::native::templates::cuda::normal_kernel<at::CUDAGeneratorImpl *>(const at::TensorBase &, double, double, T1)::[lambda() (instance 1)]::operator ()() const::[lambda() (instance 2)]::operator ()() const::[lambda(float) (instance 1)]>(at::TensorIteratorBase &, T4, T5)::[lambda(curandStatePhilox4_32_10 *) (instance 2)], void at::native::templates::cuda::normal_kernel<at::CUDAGeneratorImpl *>(const at::TensorBase &, double, double, T1)::[lambda() (instance 1)]::operator ()() const::[lambda() (instance 2)]::operator ()() const::[lambda(float) (instance 1)]>(at::TensorIteratorBase &, T4, const T5 &, T6)::[lambda(int, float) (instance 1)]>(int, at::PhiloxCudaState, T3, T4)",6752.0
,"void at::native::vectorized_elementwise_kernel<(int)4, at::native::CUDAFunctorOnOther_add<float>, at::detail::Array<char *, (int)2>>(int, T2, T3)",4064.0
,"void at::native::vectorized_elementwise_kernel<(int)4, at::native::BinaryFunctor<float, float, float, at::native::binary_internal::DivFunctor<float>>, at::detail::Array<char *, (int)3>>(int, T2, T3)",3296.0
,"void at::native::vectorized_elementwise_kernel<(int)4, at::native::sqrt_kernel_cuda(at::TensorIteratorBase &)::[lambda() (instance 2)]::operator ()() const::[lambda() (instance 2)]::operator ()() const::[lambda(float) (instance 1)], at::detail::Array<char *, (int)2>>(int, T2, T3)",1600.0
,"void at::native::vectorized_elementwise_kernel<(int)4, at::native::BinaryFunctor<float, float, float, at::native::binary_internal::MulFunctor<float>>, at::detail::Array<char *, (int)3>>(int, T2, T3)",1408.0
