L|attention|C192|T1024,"void flash_attn_int8_mma_kernel_t<(int)32, (int)8, (int)32, (bool)1, (bool)0, (bool)0, (bool)0, (int)24, (int)1024>(const signed char *, const signed char *, const signed char *, const float *, const float *, const float *, __half *, int, int, int, int, int, float, signed char *, float, int, float, const __half *, int, float, const signed char *, int)",134898794.0
L|attention|C192|T1024,"void gemm_w8a8_kernel_awq_out_i8<(int)1>(const signed char *, const signed char *, const float *, float, const float *, const __half *, signed char *, int, int, int, int, signed char *, signed char *, signed char *, int, int, int, int)",59133065.0
L|resblock_plain|C384|T1024,"void group_norm_silu_quantize_nhwc_vec2_kernel<__half, (bool)0>(const T1 *, signed char *, const T1 *, const T1 *, const T1 *, const T1 *, const float *, const float *, int, long, int, float, bool)",48359320.0
L|resblock_plain|C384|T1024,"void cutlass::Kernel<modiff::ImplicitGemmConvolutionEVT<cutlass::conv::threadblock::ImplicitGemmMultistage<cutlass::gemm::GemmShape<(int)128, (int)128, (int)128>, cutlass::conv::threadblock::Conv2dFpropActivationTileAccessIteratorOptimized<cutlass::MatrixShape<(int)128, (int)128>, signed char, cutlass::layout::TensorNHWC, cutlass::transform::PitchLinearWarpRakedThreadMap<cutlass::PitchLinearShape<(int)128, (int)128>, (int)256, cutlass::PitchLinearShape<(int)8, (int)4>, (int)16>, cutlass::AlignedArray<signed char, (int)16, (int)16>>, cutlass::transform::threadblock::RegularTileAccessIterator<cutlass::MatrixShape<(int)128, (int)128>, signed char, cutlass::layout::RowMajorTensorOpMultiplicandCrosswise<(int)8, (int)128>, (int)0, cutlass::transform::PitchLinearWarpRakedThreadMap<cutlass::PitchLinearShape<(int)128, (int)128>, (int)256, cutlass::PitchLinearShape<(int)8, (int)4>, (int)16>, (int)16>, (cutlass::arch::CacheOperation::Kind)0, cutlass::conv::threadblock::Conv2dFpropFilterTileAccessIteratorOptimized<cutlass::MatrixShape<(int)128, (int)128>, signed char, cutlass::layout::TensorNHWC, cutlass::transform::PitchLinearWarpRakedThreadMap<cutlass::PitchLinearShape<(int)128, (int)128>, (int)256, cutlass::PitchLinearShape<(int)8, (int)4>, (int)16>, cutlass::AlignedArray<signed char, (int)16, (int)16>, (bool)0>, cutlass::transform::threadblock::RegularTileAccessIterator<cutlass::MatrixShape<(int)128, (int)128>, signed char, cutlass::layout::ColumnMajorTensorOpMultiplicandCrosswise<(int)8, (int)128>, (int)1, cutlass::transform::PitchLinearWarpRakedThreadMap<cutlass::PitchLinearShape<(int)128, (int)128>, (int)256, cutlass::PitchLinearShape<(int)8, (int)4>, (int)16>, (int)16>, (cutlass::arch::CacheOperation::Kind)1, cutlass::gemm::threadblock::MmaPolicy<cutlass::gemm::warp::MmaTensorOp<cutlass::gemm::GemmShape<(int)64, (int)64, (int)64>, signed char, cutlass::layout::RowMajorTensorOpMultiplicandCrosswise<(int)8, (int)128>, signed char, cutlass::layout::ColumnMajorTensorOpMultiplicandCrosswise<(int)8, (int)128>, int, cutlass::layout::RowMajor, cutlass::gemm::warp::MmaTensorOpPolicy<cutlass::arch::Mma<cutlass::gemm::GemmShape<(int)16, (int)8, (int)32>, (int)32, signed char, cutlass::layout::RowMajor, signed char, cutlass::layout::ColumnMajor, int, cutlass::layout::RowMajor, cutlass::arch::OpMultiplyAddSaturate>, cutlass::MatrixShape<(int)1, (int)1>>, (int)2, (bool)0, bool>, cutlass::MatrixShape<(int)0, (int)0>, cutlass::MatrixShape<(int)0, (int)0>, (int)2>, (int)3, bool>, cutlass::epilogue::threadblock::EpilogueWithVisitorCallbacks<cutlass::epilogue::threadblock::Epilogue<cutlass::gemm::GemmShape<(int)128, (int)128, (int)128>, cutlass::gemm::warp::MmaTensorOp<cutlass::gemm::GemmShape<(int)64, (int)64, (int)64>, signed char, cutlass::layout::RowMajorTensorOpMultiplicandCrosswise<(int)8, (int)128>, signed char, cutlass::layout::ColumnMajorTensorOpMultiplicandCrosswise<(int)8, (int)128>, int, cutlass::layout::RowMajor, cutlass::gemm::warp::MmaTensorOpPolicy<cutlass::arch::Mma<cutlass::gemm::GemmShape<(int)16, (int)8, (int)32>, (int)32, signed char, cutlass::layout::RowMajor, signed char, cutlass::layout::ColumnMajor, int, cutlass::layout::RowMajor, cutlass::arch::OpMultiplyAddSaturate>, cutlass::MatrixShape<(int)1, (int)1>>, (int)2, (bool)0, bool>, (int)2, cutlass::epilogue::threadblock::PredicatedTileIteratorConv<cutlass::epilogue::threadblock::OutputTileOptimalThreadMap<cutlass::epilogue::threadblock::OutputTileShape<(int)128, (int)8, (int)2, (int)1, (int)1>, cutlass::epilogue::threadblock::OutputTileShape<(int)1, (int)8, (int)1, (int)1, (int)8>, (int)256, (int)8, (int)16>, cutlass::half_t, (bool)0, cutlass::layout::NoPermute, (bool)0, (int)4>, cutlass::epilogue::warp::FragmentIteratorTensorOp<cutlass::gemm::GemmShape<(int)64, (int)64, (int)64>, cutlass::gemm::GemmShape<(int)16, (int)8, (int)32>, int, cutlass::Array<int, (int)4, (bool)1>, cutlass::layout::RowMajor>, cutlass::epilogue::warp::TileIteratorTensorOpMixed<cutlass::gemm::GemmShape<(int)64, (int)64, (int)64>, cutlass::gemm::GemmShape<(int)16, (int)8, (int)32>, int, (int)32, (int)16, (int)8, (int)8, (bool)0>, cutlass::epilogue::threadblock::SharedLoadIteratorMixed<cutlass::epilogue::threadblock::OutputTileOptimalThreadMap<cutlass::epilogue::threadblock::OutputTileShape<(int)128, (int)8, (int)2, (int)1, (int)1>, cutlass::epilogue::threadblock::OutputTileShape<(int)1, (int)8, (int)1, (int)1, (int)8>, (int)256, (int)8, (int)16>::CompactedThreadMap, int, (int)32, (int)16, (int)8, (int)8, (bool)0>, cutlass::epilogue::thread::LinearCombination<cutlass::half_t, (int)8, int, float, (cutlass::epilogue::thread::ScaleType::Kind)0, (cutlass::FloatRoundStyle)2, cutlass::half_t>, cutlass::MatrixShape<(int)0, (int)8>, (int)1, (int)1>, cutlass::epilogue::threadblock::TreeVisitor2x<cutlass::epilogue::threadblock::VisitorAuxStore<cutlass::epilogue::threadblock::OutputTileThreadLayout<cutlass::gemm::GemmShape<(int)128, (int)128, (int)128>, cutlass::gemm::GemmShape<(int)64, (int)64, (int)64>, cutlass::half_t, (int)8, (int)1>, cutlass::half_t, (cutlass::FloatRoundStyle)2, cute::tuple<long, cute::C<(int)1>, long>>, cutlass::epilogue::threadblock::TreeVisitor2x<cutlass::epilogue::threadblock::VisitorCompute<cutlass::plus, float, float, (cutlass::FloatRoundStyle)2, void>, cutlass::epilogue::threadblock::TreeVisitor2x<cutlass::epilogue::threadblock::VisitorCompute<cutlass::multiplies, float, float, (cutlass::FloatRoundStyle)2, void>, cutlass::epilogue::threadblock::TreeVisitor2x<cutlass::epilogue::threadblock::VisitorCompute<cutlass::multiplies, float, float, (cutlass::FloatRoundStyle)2, void>, cutlass::epilogue::threadblock::VisitorAccFetch, cutlass::epilogue::threadblock::VisitorScalarBroadcast<float, cute::tuple<cute::C<(int)0>, cute::C<(int)0>, cute::C<(int)0>>, (int)1, cutlass::multiplies>>, cutlass::epilogue::threadblock::VisitorRowBroadcast<cutlass::epilogue::threadblock::OutputTileThreadLayout<cutlass::gemm::GemmShape<(int)128, (int)128, (int)128>, cutlass::gemm::GemmShape<(int)64, (int)64, (int)64>, cutlass::half_t, (int)8, (int)1>, float, cute::tuple<cute::C<(int)0>, cute::C<(int)1>, int>, (bool)1>>, cutlass::epilogue::threadblock::VisitorRowBroadcast<cutlass::epilogue::threadblock::OutputTileThreadLayout<cutlass::gemm::GemmShape<(int)128, (int)128, (int)128>, cutlass::gemm::GemmShape<(int)64, (int)64, (int)64>, cutlass::half_t, (int)8, (int)1>, float, cute::tuple<cute::C<(int)0>, cute::C<(int)1>, int>, (bool)1>>>, (int)1, (int)1>, cutlass::gemm::threadblock::GemmIdentityThreadblockSwizzle<(int)1>, (cutlass::conv::Operator)0, cutlass::conv::Conv2dProblemSize>>(T1::Params)",39228328.0
,"cat2_channels_last_fp16_kernel(const __half *, const __half *, __half *, long, int, int)",38277838.0
L|resblock_plain|C192|T1024,"void group_norm_silu_quantize_nhwc_vec2_kernel<__half, (bool)0>(const T1 *, signed char *, const T1 *, const T1 *, const T1 *, const T1 *, const float *, const float *, int, long, int, float, bool)",38120620.0
L|attention|C192|T1024,"gemm_w8a8_kernel_awq(const signed char *, const signed char *, const float *, float, __half *, int, int, int, int, const __half *, const __half *)",33807523.0
L|resblock_updown|C384|T256,"void cutlass::Kernel<modiff::ImplicitGemmConvolutionEVT<cutlass::conv::threadblock::ImplicitGemmMultistage<cutlass::gemm::GemmShape<(int)128, (int)128, (int)128>, cutlass::conv::threadblock::Conv2dFpropActivationTileAccessIteratorOptimized<cutlass::MatrixShape<(int)128, (int)128>, signed char, cutlass::layout::TensorNHWC, cutlass::transform::PitchLinearWarpRakedThreadMap<cutlass::PitchLinearShape<(int)128, (int)128>, (int)256, cutlass::PitchLinearShape<(int)8, (int)4>, (int)16>, cutlass::AlignedArray<signed char, (int)16, (int)16>>, cutlass::transform::threadblock::RegularTileAccessIterator<cutlass::MatrixShape<(int)128, (int)128>, signed char, cutlass::layout::RowMajorTensorOpMultiplicandCrosswise<(int)8, (int)128>, (int)0, cutlass::transform::PitchLinearWarpRakedThreadMap<cutlass::PitchLinearShape<(int)128, (int)128>, (int)256, cutlass::PitchLinearShape<(int)8, (int)4>, (int)16>, (int)16>, (cutlass::arch::CacheOperation::Kind)0, cutlass::conv::threadblock::Conv2dFpropFilterTileAccessIteratorOptimized<cutlass::MatrixShape<(int)128, (int)128>, signed char, cutlass::layout::TensorNHWC, cutlass::transform::PitchLinearWarpRakedThreadMap<cutlass::PitchLinearShape<(int)128, (int)128>, (int)256, cutlass::PitchLinearShape<(int)8, (int)4>, (int)16>, cutlass::AlignedArray<signed char, (int)16, (int)16>, (bool)0>, cutlass::transform::threadblock::RegularTileAccessIterator<cutlass::MatrixShape<(int)128, (int)128>, signed char, cutlass::layout::ColumnMajorTensorOpMultiplicandCrosswise<(int)8, (int)128>, (int)1, cutlass::transform::PitchLinearWarpRakedThreadMap<cutlass::PitchLinearShape<(int)128, (int)128>, (int)256, cutlass::PitchLinearShape<(int)8, (int)4>, (int)16>, (int)16>, (cutlass::arch::CacheOperation::Kind)1, cutlass::gemm::threadblock::MmaPolicy<cutlass::gemm::warp::MmaTensorOp<cutlass::gemm::GemmShape<(int)64, (int)64, (int)64>, signed char, cutlass::layout::RowMajorTensorOpMultiplicandCrosswise<(int)8, (int)128>, signed char, cutlass::layout::ColumnMajorTensorOpMultiplicandCrosswise<(int)8, (int)128>, int, cutlass::layout::RowMajor, cutlass::gemm::warp::MmaTensorOpPolicy<cutlass::arch::Mma<cutlass::gemm::GemmShape<(int)16, (int)8, (int)32>, (int)32, signed char, cutlass::layout::RowMajor, signed char, cutlass::layout::ColumnMajor, int, cutlass::layout::RowMajor, cutlass::arch::OpMultiplyAddSaturate>, cutlass::MatrixShape<(int)1, (int)1>>, (int)2, (bool)0, bool>, cutlass::MatrixShape<(int)0, (int)0>, cutlass::MatrixShape<(int)0, (int)0>, (int)2>, (int)3, bool>, cutlass::epilogue::threadblock::EpilogueWithVisitorCallbacks<cutlass::epilogue::threadblock::Epilogue<cutlass::gemm::GemmShape<(int)128, (int)128, (int)128>, cutlass::gemm::warp::MmaTensorOp<cutlass::gemm::GemmShape<(int)64, (int)64, (int)64>, signed char, cutlass::layout::RowMajorTensorOpMultiplicandCrosswise<(int)8, (int)128>, signed char, cutlass::layout::ColumnMajorTensorOpMultiplicandCrosswise<(int)8, (int)128>, int, cutlass::layout::RowMajor, cutlass::gemm::warp::MmaTensorOpPolicy<cutlass::arch::Mma<cutlass::gemm::GemmShape<(int)16, (int)8, (int)32>, (int)32, signed char, cutlass::layout::RowMajor, signed char, cutlass::layout::ColumnMajor, int, cutlass::layout::RowMajor, cutlass::arch::OpMultiplyAddSaturate>, cutlass::MatrixShape<(int)1, (int)1>>, (int)2, (bool)0, bool>, (int)2, cutlass::epilogue::threadblock::PredicatedTileIteratorConv<cutlass::epilogue::threadblock::OutputTileOptimalThreadMap<cutlass::epilogue::threadblock::OutputTileShape<(int)128, (int)8, (int)2, (int)1, (int)1>, cutlass::epilogue::threadblock::OutputTileShape<(int)1, (int)8, (int)1, (int)1, (int)8>, (int)256, (int)8, (int)16>, cutlass::half_t, (bool)0, cutlass::layout::NoPermute, (bool)0, (int)4>, cutlass::epilogue::warp::FragmentIteratorTensorOp<cutlass::gemm::GemmShape<(int)64, (int)64, (int)64>, cutlass::gemm::GemmShape<(int)16, (int)8, (int)32>, int, cutlass::Array<int, (int)4, (bool)1>, cutlass::layout::RowMajor>, cutlass::epilogue::warp::TileIteratorTensorOpMixed<cutlass::gemm::GemmShape<(int)64, (int)64, (int)64>, cutlass::gemm::GemmShape<(int)16, (int)8, (int)32>, int, (int)32, (int)16, (int)8, (int)8, (bool)0>, cutlass::epilogue::threadblock::SharedLoadIteratorMixed<cutlass::epilogue::threadblock::OutputTileOptimalThreadMap<cutlass::epilogue::threadblock::OutputTileShape<(int)128, (int)8, (int)2, (int)1, (int)1>, cutlass::epilogue::threadblock::OutputTileShape<(int)1, (int)8, (int)1, (int)1, (int)8>, (int)256, (int)8, (int)16>::CompactedThreadMap, int, (int)32, (int)16, (int)8, (int)8, (bool)0>, cutlass::epilogue::thread::LinearCombination<cutlass::half_t, (int)8, int, float, (cutlass::epilogue::thread::ScaleType::Kind)0, (cutlass::FloatRoundStyle)2, cutlass::half_t>, cutlass::MatrixShape<(int)0, (int)8>, (int)1, (int)1>, cutlass::epilogue::threadblock::TreeVisitor2x<cutlass::epilogue::threadblock::VisitorAuxStore<cutlass::epilogue::threadblock::OutputTileThreadLayout<cutlass::gemm::GemmShape<(int)128, (int)128, (int)128>, cutlass::gemm::GemmShape<(int)64, (int)64, (int)64>, cutlass::half_t, (int)8, (int)1>, cutlass::half_t, (cutlass::FloatRoundStyle)2, cute::tuple<long, cute::C<(int)1>, long>>, cutlass::epilogue::threadblock::TreeVisitor2x<cutlass::epilogue::threadblock::VisitorCompute<cutlass::plus, float, float, (cutlass::FloatRoundStyle)2, void>, cutlass::epilogue::threadblock::TreeVisitor2x<cutlass::epilogue::threadblock::VisitorCompute<cutlass::plus, float, float, (cutlass::FloatRoundStyle)2, void>, cutlass::epilogue::threadblock::TreeVisitor2x<cutlass::epilogue::threadblock::VisitorCompute<cutlass::multiplies, float, float, (cutlass::FloatRoundStyle)2, void>, cutlass::epilogue::threadblock::TreeVisitor2x<cutlass::epilogue::threadblock::VisitorCompute<cutlass::multiplies, float, float, (cutlass::FloatRoundStyle)2, void>, cutlass::epilogue::threadblock::VisitorAccFetch, cutlass::epilogue::threadblock::VisitorScalarBroadcast<float, cute::tuple<cute::C<(int)0>, cute::C<(int)0>, cute::C<(int)0>>, (int)1, cutlass::multiplies>>, cutlass::epilogue::threadblock::VisitorRowBroadcast<cutlass::epilogue::threadblock::OutputTileThreadLayout<cutlass::gemm::GemmShape<(int)128, (int)128, (int)128>, cutlass::gemm::GemmShape<(int)64, (int)64, (int)64>, cutlass::half_t, (int)8, (int)1>, float, cute::tuple<cute::C<(int)0>, cute::C<(int)1>, int>, (bool)1>>, cutlass::epilogue::threadblock::VisitorRowBroadcast<cutlass::epilogue::threadblock::OutputTileThreadLayout<cutlass::gemm::GemmShape<(int)128, (int)128, (int)128>, cutlass::gemm::GemmShape<(int)64, (int)64, (int)64>, cutlass::half_t, (int)8, (int)1>, float, cute::tuple<cute::C<(int)0>, cute::C<(int)1>, int>, (bool)1>>, cutlass::epilogue::threadblock::VisitorAuxLoad<cutlass::epilogue::threadblock::OutputTileThreadLayout<cutlass::gemm::GemmShape<(int)128, (int)128, (int)128>, cutlass::gemm::GemmShape<(int)64, (int)64, (int)64>, cutlass::half_t, (int)8, (int)1>, cutlass::half_t, cute::tuple<long, cute::C<(int)1>, long>>>>, (int)1, (int)1>, cutlass::gemm::threadblock::GemmIdentityThreadblockSwizzle<(int)1>, (cutlass::conv::Operator)0, cutlass::conv::Conv2dProblemSize>>(T1::Params)",32374681.0
L|resblock_updown|C384|T256,"void cutlass::Kernel<modiff::ImplicitGemmConvolutionEVT<cutlass::conv::threadblock::ImplicitGemmMultistage<cutlass::gemm::GemmShape<(int)128, (int)128, (int)128>, cutlass::conv::threadblock::Conv2dFpropActivationTileAccessIteratorOptimized<cutlass::MatrixShape<(int)128, (int)128>, signed char, cutlass::layout::TensorNHWC, cutlass::transform::PitchLinearWarpRakedThreadMap<cutlass::PitchLinearShape<(int)128, (int)128>, (int)256, cutlass::PitchLinearShape<(int)8, (int)4>, (int)16>, cutlass::AlignedArray<signed char, (int)16, (int)16>>, cutlass::transform::threadblock::RegularTileAccessIterator<cutlass::MatrixShape<(int)128, (int)128>, signed char, cutlass::layout::RowMajorTensorOpMultiplicandCrosswise<(int)8, (int)128>, (int)0, cutlass::transform::PitchLinearWarpRakedThreadMap<cutlass::PitchLinearShape<(int)128, (int)128>, (int)256, cutlass::PitchLinearShape<(int)8, (int)4>, (int)16>, (int)16>, (cutlass::arch::CacheOperation::Kind)0, cutlass::conv::threadblock::Conv2dFpropFilterTileAccessIteratorOptimized<cutlass::MatrixShape<(int)128, (int)128>, signed char, cutlass::layout::TensorNHWC, cutlass::transform::PitchLinearWarpRakedThreadMap<cutlass::PitchLinearShape<(int)128, (int)128>, (int)256, cutlass::PitchLinearShape<(int)8, (int)4>, (int)16>, cutlass::AlignedArray<signed char, (int)16, (int)16>, (bool)0>, cutlass::transform::threadblock::RegularTileAccessIterator<cutlass::MatrixShape<(int)128, (int)128>, signed char, cutlass::layout::ColumnMajorTensorOpMultiplicandCrosswise<(int)8, (int)128>, (int)1, cutlass::transform::PitchLinearWarpRakedThreadMap<cutlass::PitchLinearShape<(int)128, (int)128>, (int)256, cutlass::PitchLinearShape<(int)8, (int)4>, (int)16>, (int)16>, (cutlass::arch::CacheOperation::Kind)1, cutlass::gemm::threadblock::MmaPolicy<cutlass::gemm::warp::MmaTensorOp<cutlass::gemm::GemmShape<(int)64, (int)64, (int)64>, signed char, cutlass::layout::RowMajorTensorOpMultiplicandCrosswise<(int)8, (int)128>, signed char, cutlass::layout::ColumnMajorTensorOpMultiplicandCrosswise<(int)8, (int)128>, int, cutlass::layout::RowMajor, cutlass::gemm::warp::MmaTensorOpPolicy<cutlass::arch::Mma<cutlass::gemm::GemmShape<(int)16, (int)8, (int)32>, (int)32, signed char, cutlass::layout::RowMajor, signed char, cutlass::layout::ColumnMajor, int, cutlass::layout::RowMajor, cutlass::arch::OpMultiplyAddSaturate>, cutlass::MatrixShape<(int)1, (int)1>>, (int)2, (bool)0, bool>, cutlass::MatrixShape<(int)0, (int)0>, cutlass::MatrixShape<(int)0, (int)0>, (int)2>, (int)3, bool>, cutlass::epilogue::threadblock::EpilogueWithVisitorCallbacks<cutlass::epilogue::threadblock::Epilogue<cutlass::gemm::GemmShape<(int)128, (int)128, (int)128>, cutlass::gemm::warp::MmaTensorOp<cutlass::gemm::GemmShape<(int)64, (int)64, (int)64>, signed char, cutlass::layout::RowMajorTensorOpMultiplicandCrosswise<(int)8, (int)128>, signed char, cutlass::layout::ColumnMajorTensorOpMultiplicandCrosswise<(int)8, (int)128>, int, cutlass::layout::RowMajor, cutlass::gemm::warp::MmaTensorOpPolicy<cutlass::arch::Mma<cutlass::gemm::GemmShape<(int)16, (int)8, (int)32>, (int)32, signed char, cutlass::layout::RowMajor, signed char, cutlass::layout::ColumnMajor, int, cutlass::layout::RowMajor, cutlass::arch::OpMultiplyAddSaturate>, cutlass::MatrixShape<(int)1, (int)1>>, (int)2, (bool)0, bool>, (int)2, cutlass::epilogue::threadblock::PredicatedTileIteratorConv<cutlass::epilogue::threadblock::OutputTileOptimalThreadMap<cutlass::epilogue::threadblock::OutputTileShape<(int)128, (int)8, (int)2, (int)1, (int)1>, cutlass::epilogue::threadblock::OutputTileShape<(int)1, (int)8, (int)1, (int)1, (int)8>, (int)256, (int)8, (int)16>, cutlass::half_t, (bool)0, cutlass::layout::NoPermute, (bool)0, (int)4>, cutlass::epilogue::warp::FragmentIteratorTensorOp<cutlass::gemm::GemmShape<(int)64, (int)64, (int)64>, cutlass::gemm::GemmShape<(int)16, (int)8, (int)32>, int, cutlass::Array<int, (int)4, (bool)1>, cutlass::layout::RowMajor>, cutlass::epilogue::warp::TileIteratorTensorOpMixed<cutlass::gemm::GemmShape<(int)64, (int)64, (int)64>, cutlass::gemm::GemmShape<(int)16, (int)8, (int)32>, int, (int)32, (int)16, (int)8, (int)8, (bool)0>, cutlass::epilogue::threadblock::SharedLoadIteratorMixed<cutlass::epilogue::threadblock::OutputTileOptimalThreadMap<cutlass::epilogue::threadblock::OutputTileShape<(int)128, (int)8, (int)2, (int)1, (int)1>, cutlass::epilogue::threadblock::OutputTileShape<(int)1, (int)8, (int)1, (int)1, (int)8>, (int)256, (int)8, (int)16>::CompactedThreadMap, int, (int)32, (int)16, (int)8, (int)8, (bool)0>, cutlass::epilogue::thread::LinearCombination<cutlass::half_t, (int)8, int, float, (cutlass::epilogue::thread::ScaleType::Kind)0, (cutlass::FloatRoundStyle)2, cutlass::half_t>, cutlass::MatrixShape<(int)0, (int)8>, (int)1, (int)1>, cutlass::epilogue::threadblock::TreeVisitor2x<cutlass::epilogue::threadblock::VisitorAuxStore<cutlass::epilogue::threadblock::OutputTileThreadLayout<cutlass::gemm::GemmShape<(int)128, (int)128, (int)128>, cutlass::gemm::GemmShape<(int)64, (int)64, (int)64>, cutlass::half_t, (int)8, (int)1>, cutlass::half_t, (cutlass::FloatRoundStyle)2, cute::tuple<long, cute::C<(int)1>, long>>, cutlass::epilogue::threadblock::TreeVisitor2x<cutlass::epilogue::threadblock::VisitorCompute<cutlass::plus, float, float, (cutlass::FloatRoundStyle)2, void>, cutlass::epilogue::threadblock::TreeVisitor2x<cutlass::epilogue::threadblock::VisitorCompute<cutlass::multiplies, float, float, (cutlass::FloatRoundStyle)2, void>, cutlass::epilogue::threadblock::TreeVisitor2x<cutlass::epilogue::threadblock::VisitorCompute<cutlass::multiplies, float, float, (cutlass::FloatRoundStyle)2, void>, cutlass::epilogue::threadblock::VisitorAccFetch, cutlass::epilogue::threadblock::VisitorScalarBroadcast<float, cute::tuple<cute::C<(int)0>, cute::C<(int)0>, cute::C<(int)0>>, (int)1, cutlass::multiplies>>, cutlass::epilogue::threadblock::VisitorRowBroadcast<cutlass::epilogue::threadblock::OutputTileThreadLayout<cutlass::gemm::GemmShape<(int)128, (int)128, (int)128>, cutlass::gemm::GemmShape<(int)64, (int)64, (int)64>, cutlass::half_t, (int)8, (int)1>, float, cute::tuple<cute::C<(int)0>, cute::C<(int)1>, int>, (bool)1>>, cutlass::epilogue::threadblock::VisitorRowBroadcast<cutlass::epilogue::threadblock::OutputTileThreadLayout<cutlass::gemm::GemmShape<(int)128, (int)128, (int)128>, cutlass::gemm::GemmShape<(int)64, (int)64, (int)64>, cutlass::half_t, (int)8, (int)1>, float, cute::tuple<cute::C<(int)0>, cute::C<(int)1>, int>, (bool)1>>>, (int)1, (int)1>, cutlass::gemm::threadblock::GemmIdentityThreadblockSwizzle<(int)1>, (cutlass::conv::Operator)0, cutlass::conv::Conv2dProblemSize>>(T1::Params)",32148217.0
L|attention|C384|T256,"void gemm_w8a8_kernel_awq_out_i8<(int)2>(const signed char *, const signed char *, const float *, float, const float *, const __half *, signed char *, int, int, int, int, signed char *, signed char *, signed char *, int, int, int, int)",31054130.0
L|resblock_plain|C576|T1024,"void cutlass::Kernel<modiff::ImplicitGemmConvolutionEVT<cutlass::conv::threadblock::ImplicitGemmMultistage<cutlass::gemm::GemmShape<(int)128, (int)128, (int)128>, cutlass::conv::threadblock::Conv2dFpropActivationTileAccessIteratorOptimized<cutlass::MatrixShape<(int)128, (int)128>, signed char, cutlass::layout::TensorNHWC, cutlass::transform::PitchLinearWarpRakedThreadMap<cutlass::PitchLinearShape<(int)128, (int)128>, (int)256, cutlass::PitchLinearShape<(int)8, (int)4>, (int)16>, cutlass::AlignedArray<signed char, (int)16, (int)16>>, cutlass::transform::threadblock::RegularTileAccessIterator<cutlass::MatrixShape<(int)128, (int)128>, signed char, cutlass::layout::RowMajorTensorOpMultiplicandCrosswise<(int)8, (int)128>, (int)0, cutlass::transform::PitchLinearWarpRakedThreadMap<cutlass::PitchLinearShape<(int)128, (int)128>, (int)256, cutlass::PitchLinearShape<(int)8, (int)4>, (int)16>, (int)16>, (cutlass::arch::CacheOperation::Kind)0, cutlass::conv::threadblock::Conv2dFpropFilterTileAccessIteratorOptimized<cutlass::MatrixShape<(int)128, (int)128>, signed char, cutlass::layout::TensorNHWC, cutlass::transform::PitchLinearWarpRakedThreadMap<cutlass::PitchLinearShape<(int)128, (int)128>, (int)256, cutlass::PitchLinearShape<(int)8, (int)4>, (int)16>, cutlass::AlignedArray<signed char, (int)16, (int)16>, (bool)0>, cutlass::transform::threadblock::RegularTileAccessIterator<cutlass::MatrixShape<(int)128, (int)128>, signed char, cutlass::layout::ColumnMajorTensorOpMultiplicandCrosswise<(int)8, (int)128>, (int)1, cutlass::transform::PitchLinearWarpRakedThreadMap<cutlass::PitchLinearShape<(int)128, (int)128>, (int)256, cutlass::PitchLinearShape<(int)8, (int)4>, (int)16>, (int)16>, (cutlass::arch::CacheOperation::Kind)1, cutlass::gemm::threadblock::MmaPolicy<cutlass::gemm::warp::MmaTensorOp<cutlass::gemm::GemmShape<(int)64, (int)64, (int)64>, signed char, cutlass::layout::RowMajorTensorOpMultiplicandCrosswise<(int)8, (int)128>, signed char, cutlass::layout::ColumnMajorTensorOpMultiplicandCrosswise<(int)8, (int)128>, int, cutlass::layout::RowMajor, cutlass::gemm::warp::MmaTensorOpPolicy<cutlass::arch::Mma<cutlass::gemm::GemmShape<(int)16, (int)8, (int)32>, (int)32, signed char, cutlass::layout::RowMajor, signed char, cutlass::layout::ColumnMajor, int, cutlass::layout::RowMajor, cutlass::arch::OpMultiplyAddSaturate>, cutlass::MatrixShape<(int)1, (int)1>>, (int)2, (bool)0, bool>, cutlass::MatrixShape<(int)0, (int)0>, cutlass::MatrixShape<(int)0, (int)0>, (int)2>, (int)3, bool>, cutlass::epilogue::threadblock::EpilogueWithVisitorCallbacks<cutlass::epilogue::threadblock::Epilogue<cutlass::gemm::GemmShape<(int)128, (int)128, (int)128>, cutlass::gemm::warp::MmaTensorOp<cutlass::gemm::GemmShape<(int)64, (int)64, (int)64>, signed char, cutlass::layout::RowMajorTensorOpMultiplicandCrosswise<(int)8, (int)128>, signed char, cutlass::layout::ColumnMajorTensorOpMultiplicandCrosswise<(int)8, (int)128>, int, cutlass::layout::RowMajor, cutlass::gemm::warp::MmaTensorOpPolicy<cutlass::arch::Mma<cutlass::gemm::GemmShape<(int)16, (int)8, (int)32>, (int)32, signed char, cutlass::layout::RowMajor, signed char, cutlass::layout::ColumnMajor, int, cutlass::layout::RowMajor, cutlass::arch::OpMultiplyAddSaturate>, cutlass::MatrixShape<(int)1, (int)1>>, (int)2, (bool)0, bool>, (int)2, cutlass::epilogue::threadblock::PredicatedTileIteratorConv<cutlass::epilogue::threadblock::OutputTileOptimalThreadMap<cutlass::epilogue::threadblock::OutputTileShape<(int)128, (int)8, (int)2, (int)1, (int)1>, cutlass::epilogue::threadblock::OutputTileShape<(int)1, (int)8, (int)1, (int)1, (int)8>, (int)256, (int)8, (int)16>, cutlass::half_t, (bool)0, cutlass::layout::NoPermute, (bool)0, (int)4>, cutlass::epilogue::warp::FragmentIteratorTensorOp<cutlass::gemm::GemmShape<(int)64, (int)64, (int)64>, cutlass::gemm::GemmShape<(int)16, (int)8, (int)32>, int, cutlass::Array<int, (int)4, (bool)1>, cutlass::layout::RowMajor>, cutlass::epilogue::warp::TileIteratorTensorOpMixed<cutlass::gemm::GemmShape<(int)64, (int)64, (int)64>, cutlass::gemm::GemmShape<(int)16, (int)8, (int)32>, int, (int)32, (int)16, (int)8, (int)8, (bool)0>, cutlass::epilogue::threadblock::SharedLoadIteratorMixed<cutlass::epilogue::threadblock::OutputTileOptimalThreadMap<cutlass::epilogue::threadblock::OutputTileShape<(int)128, (int)8, (int)2, (int)1, (int)1>, cutlass::epilogue::threadblock::OutputTileShape<(int)1, (int)8, (int)1, (int)1, (int)8>, (int)256, (int)8, (int)16>::CompactedThreadMap, int, (int)32, (int)16, (int)8, (int)8, (bool)0>, cutlass::epilogue::thread::LinearCombination<cutlass::half_t, (int)8, int, float, (cutlass::epilogue::thread::ScaleType::Kind)0, (cutlass::FloatRoundStyle)2, cutlass::half_t>, cutlass::MatrixShape<(int)0, (int)8>, (int)1, (int)1>, cutlass::epilogue::threadblock::TreeVisitor2x<cutlass::epilogue::threadblock::VisitorAuxStore<cutlass::epilogue::threadblock::OutputTileThreadLayout<cutlass::gemm::GemmShape<(int)128, (int)128, (int)128>, cutlass::gemm::GemmShape<(int)64, (int)64, (int)64>, cutlass::half_t, (int)8, (int)1>, cutlass::half_t, (cutlass::FloatRoundStyle)2, cute::tuple<long, cute::C<(int)1>, long>>, cutlass::epilogue::threadblock::TreeVisitor2x<cutlass::epilogue::threadblock::VisitorCompute<cutlass::plus, float, float, (cutlass::FloatRoundStyle)2, void>, cutlass::epilogue::threadblock::TreeVisitor2x<cutlass::epilogue::threadblock::VisitorCompute<cutlass::multiplies, float, float, (cutlass::FloatRoundStyle)2, void>, cutlass::epilogue::threadblock::TreeVisitor2x<cutlass::epilogue::threadblock::VisitorCompute<cutlass::multiplies, float, float, (cutlass::FloatRoundStyle)2, void>, cutlass::epilogue::threadblock::VisitorAccFetch, cutlass::epilogue::threadblock::VisitorScalarBroadcast<float, cute::tuple<cute::C<(int)0>, cute::C<(int)0>, cute::C<(int)0>>, (int)1, cutlass::multiplies>>, cutlass::epilogue::threadblock::VisitorRowBroadcast<cutlass::epilogue::threadblock::OutputTileThreadLayout<cutlass::gemm::GemmShape<(int)128, (int)128, (int)128>, cutlass::gemm::GemmShape<(int)64, (int)64, (int)64>, cutlass::half_t, (int)8, (int)1>, float, cute::tuple<cute::C<(int)0>, cute::C<(int)1>, int>, (bool)1>>, cutlass::epilogue::threadblock::VisitorRowBroadcast<cutlass::epilogue::threadblock::OutputTileThreadLayout<cutlass::gemm::GemmShape<(int)128, (int)128, (int)128>, cutlass::gemm::GemmShape<(int)64, (int)64, (int)64>, cutlass::half_t, (int)8, (int)1>, float, cute::tuple<cute::C<(int)0>, cute::C<(int)1>, int>, (bool)1>>>, (int)1, (int)1>, cutlass::gemm::threadblock::GemmIdentityThreadblockSwizzle<(int)1>, (cutlass::conv::Operator)0, cutlass::conv::Conv2dProblemSize>>(T1::Params)",30804428.0
L|resblock_plain|C576|T1024,"void group_norm_silu_quantize_nhwc_vec2_kernel<__half, (bool)0>(const T1 *, signed char *, const T1 *, const T1 *, const T1 *, const T1 *, const float *, const float *, int, long, int, float, bool)",30087972.0
L|resblock_plain|C768|T256,"void cutlass::Kernel<modiff::ImplicitGemmConvolutionEVT<cutlass::conv::threadblock::ImplicitGemmMultistage<cutlass::gemm::GemmShape<(int)128, (int)128, (int)128>, cutlass::conv::threadblock::Conv2dFpropActivationTileAccessIteratorOptimized<cutlass::MatrixShape<(int)128, (int)128>, signed char, cutlass::layout::TensorNHWC, cutlass::transform::PitchLinearWarpRakedThreadMap<cutlass::PitchLinearShape<(int)128, (int)128>, (int)256, cutlass::PitchLinearShape<(int)8, (int)4>, (int)16>, cutlass::AlignedArray<signed char, (int)16, (int)16>>, cutlass::transform::threadblock::RegularTileAccessIterator<cutlass::MatrixShape<(int)128, (int)128>, signed char, cutlass::layout::RowMajorTensorOpMultiplicandCrosswise<(int)8, (int)128>, (int)0, cutlass::transform::PitchLinearWarpRakedThreadMap<cutlass::PitchLinearShape<(int)128, (int)128>, (int)256, cutlass::PitchLinearShape<(int)8, (int)4>, (int)16>, (int)16>, (cutlass::arch::CacheOperation::Kind)0, cutlass::conv::threadblock::Conv2dFpropFilterTileAccessIteratorOptimized<cutlass::MatrixShape<(int)128, (int)128>, signed char, cutlass::layout::TensorNHWC, cutlass::transform::PitchLinearWarpRakedThreadMap<cutlass::PitchLinearShape<(int)128, (int)128>, (int)256, cutlass::PitchLinearShape<(int)8, (int)4>, (int)16>, cutlass::AlignedArray<signed char, (int)16, (int)16>, (bool)0>, cutlass::transform::threadblock::RegularTileAccessIterator<cutlass::MatrixShape<(int)128, (int)128>, signed char, cutlass::layout::ColumnMajorTensorOpMultiplicandCrosswise<(int)8, (int)128>, (int)1, cutlass::transform::PitchLinearWarpRakedThreadMap<cutlass::PitchLinearShape<(int)128, (int)128>, (int)256, cutlass::PitchLinearShape<(int)8, (int)4>, (int)16>, (int)16>, (cutlass::arch::CacheOperation::Kind)1, cutlass::gemm::threadblock::MmaPolicy<cutlass::gemm::warp::MmaTensorOp<cutlass::gemm::GemmShape<(int)64, (int)64, (int)64>, signed char, cutlass::layout::RowMajorTensorOpMultiplicandCrosswise<(int)8, (int)128>, signed char, cutlass::layout::ColumnMajorTensorOpMultiplicandCrosswise<(int)8, (int)128>, int, cutlass::layout::RowMajor, cutlass::gemm::warp::MmaTensorOpPolicy<cutlass::arch::Mma<cutlass::gemm::GemmShape<(int)16, (int)8, (int)32>, (int)32, signed char, cutlass::layout::RowMajor, signed char, cutlass::layout::ColumnMajor, int, cutlass::layout::RowMajor, cutlass::arch::OpMultiplyAddSaturate>, cutlass::MatrixShape<(int)1, (int)1>>, (int)2, (bool)0, bool>, cutlass::MatrixShape<(int)0, (int)0>, cutlass::MatrixShape<(int)0, (int)0>, (int)2>, (int)3, bool>, cutlass::epilogue::threadblock::EpilogueWithVisitorCallbacks<cutlass::epilogue::threadblock::Epilogue<cutlass::gemm::GemmShape<(int)128, (int)128, (int)128>, cutlass::gemm::warp::MmaTensorOp<cutlass::gemm::GemmShape<(int)64, (int)64, (int)64>, signed char, cutlass::layout::RowMajorTensorOpMultiplicandCrosswise<(int)8, (int)128>, signed char, cutlass::layout::ColumnMajorTensorOpMultiplicandCrosswise<(int)8, (int)128>, int, cutlass::layout::RowMajor, cutlass::gemm::warp::MmaTensorOpPolicy<cutlass::arch::Mma<cutlass::gemm::GemmShape<(int)16, (int)8, (int)32>, (int)32, signed char, cutlass::layout::RowMajor, signed char, cutlass::layout::ColumnMajor, int, cutlass::layout::RowMajor, cutlass::arch::OpMultiplyAddSaturate>, cutlass::MatrixShape<(int)1, (int)1>>, (int)2, (bool)0, bool>, (int)2, cutlass::epilogue::threadblock::PredicatedTileIteratorConv<cutlass::epilogue::threadblock::OutputTileOptimalThreadMap<cutlass::epilogue::threadblock::OutputTileShape<(int)128, (int)8, (int)2, (int)1, (int)1>, cutlass::epilogue::threadblock::OutputTileShape<(int)1, (int)8, (int)1, (int)1, (int)8>, (int)256, (int)8, (int)16>, cutlass::half_t, (bool)0, cutlass::layout::NoPermute, (bool)0, (int)4>, cutlass::epilogue::warp::FragmentIteratorTensorOp<cutlass::gemm::GemmShape<(int)64, (int)64, (int)64>, cutlass::gemm::GemmShape<(int)16, (int)8, (int)32>, int, cutlass::Array<int, (int)4, (bool)1>, cutlass::layout::RowMajor>, cutlass::epilogue::warp::TileIteratorTensorOpMixed<cutlass::gemm::GemmShape<(int)64, (int)64, (int)64>, cutlass::gemm::GemmShape<(int)16, (int)8, (int)32>, int, (int)32, (int)16, (int)8, (int)8, (bool)0>, cutlass::epilogue::threadblock::SharedLoadIteratorMixed<cutlass::epilogue::threadblock::OutputTileOptimalThreadMap<cutlass::epilogue::threadblock::OutputTileShape<(int)128, (int)8, (int)2, (int)1, (int)1>, cutlass::epilogue::threadblock::OutputTileShape<(int)1, (int)8, (int)1, (int)1, (int)8>, (int)256, (int)8, (int)16>::CompactedThreadMap, int, (int)32, (int)16, (int)8, (int)8, (bool)0>, cutlass::epilogue::thread::LinearCombination<cutlass::half_t, (int)8, int, float, (cutlass::epilogue::thread::ScaleType::Kind)0, (cutlass::FloatRoundStyle)2, cutlass::half_t>, cutlass::MatrixShape<(int)0, (int)8>, (int)1, (int)1>, cutlass::epilogue::threadblock::TreeVisitor2x<cutlass::epilogue::threadblock::VisitorAuxStore<cutlass::epilogue::threadblock::OutputTileThreadLayout<cutlass::gemm::GemmShape<(int)128, (int)128, (int)128>, cutlass::gemm::GemmShape<(int)64, (int)64, (int)64>, cutlass::half_t, (int)8, (int)1>, cutlass::half_t, (cutlass::FloatRoundStyle)2, cute::tuple<long, cute::C<(int)1>, long>>, cutlass::epilogue::threadblock::TreeVisitor2x<cutlass::epilogue::threadblock::VisitorCompute<cutlass::plus, float, float, (cutlass::FloatRoundStyle)2, void>, cutlass::epilogue::threadblock::TreeVisitor2x<cutlass::epilogue::threadblock::VisitorCompute<cutlass::multiplies, float, float, (cutlass::FloatRoundStyle)2, void>, cutlass::epilogue::threadblock::TreeVisitor2x<cutlass::epilogue::threadblock::VisitorCompute<cutlass::multiplies, float, float, (cutlass::FloatRoundStyle)2, void>, cutlass::epilogue::threadblock::VisitorAccFetch, cutlass::epilogue::threadblock::VisitorScalarBroadcast<float, cute::tuple<cute::C<(int)0>, cute::C<(int)0>, cute::C<(int)0>>, (int)1, cutlass::multiplies>>, cutlass::epilogue::threadblock::VisitorRowBroadcast<cutlass::epilogue::threadblock::OutputTileThreadLayout<cutlass::gemm::GemmShape<(int)128, (int)128, (int)128>, cutlass::gemm::GemmShape<(int)64, (int)64, (int)64>, cutlass::half_t, (int)8, (int)1>, float, cute::tuple<cute::C<(int)0>, cute::C<(int)1>, int>, (bool)1>>, cutlass::epilogue::threadblock::VisitorRowBroadcast<cutlass::epilogue::threadblock::OutputTileThreadLayout<cutlass::gemm::GemmShape<(int)128, (int)128, (int)128>, cutlass::gemm::GemmShape<(int)64, (int)64, (int)64>, cutlass::half_t, (int)8, (int)1>, float, cute::tuple<cute::C<(int)0>, cute::C<(int)1>, int>, (bool)1>>>, (int)1, (int)1>, cutlass::gemm::threadblock::GemmIdentityThreadblockSwizzle<(int)1>, (cutlass::conv::Operator)0, cutlass::conv::Conv2dProblemSize>>(T1::Params)",29963301.0
L|resblock_plain|C192|T1024,"void cutlass::Kernel<modiff::ImplicitGemmConvolutionEVT<cutlass::conv::threadblock::ImplicitGemmMultistage<cutlass::gemm::GemmShape<(int)128, (int)128, (int)128>, cutlass::conv::threadblock::Conv2dFpropActivationTileAccessIteratorOptimized<cutlass::MatrixShape<(int)128, (int)128>, signed char, cutlass::layout::TensorNHWC, cutlass::transform::PitchLinearWarpRakedThreadMap<cutlass::PitchLinearShape<(int)128, (int)128>, (int)256, cutlass::PitchLinearShape<(int)8, (int)4>, (int)16>, cutlass::AlignedArray<signed char, (int)16, (int)16>>, cutlass::transform::threadblock::RegularTileAccessIterator<cutlass::MatrixShape<(int)128, (int)128>, signed char, cutlass::layout::RowMajorTensorOpMultiplicandCrosswise<(int)8, (int)128>, (int)0, cutlass::transform::PitchLinearWarpRakedThreadMap<cutlass::PitchLinearShape<(int)128, (int)128>, (int)256, cutlass::PitchLinearShape<(int)8, (int)4>, (int)16>, (int)16>, (cutlass::arch::CacheOperation::Kind)0, cutlass::conv::threadblock::Conv2dFpropFilterTileAccessIteratorOptimized<cutlass::MatrixShape<(int)128, (int)128>, signed char, cutlass::layout::TensorNHWC, cutlass::transform::PitchLinearWarpRakedThreadMap<cutlass::PitchLinearShape<(int)128, (int)128>, (int)256, cutlass::PitchLinearShape<(int)8, (int)4>, (int)16>, cutlass::AlignedArray<signed char, (int)16, (int)16>, (bool)0>, cutlass::transform::threadblock::RegularTileAccessIterator<cutlass::MatrixShape<(int)128, (int)128>, signed char, cutlass::layout::ColumnMajorTensorOpMultiplicandCrosswise<(int)8, (int)128>, (int)1, cutlass::transform::PitchLinearWarpRakedThreadMap<cutlass::PitchLinearShape<(int)128, (int)128>, (int)256, cutlass::PitchLinearShape<(int)8, (int)4>, (int)16>, (int)16>, (cutlass::arch::CacheOperation::Kind)1, cutlass::gemm::threadblock::MmaPolicy<cutlass::gemm::warp::MmaTensorOp<cutlass::gemm::GemmShape<(int)64, (int)64, (int)64>, signed char, cutlass::layout::RowMajorTensorOpMultiplicandCrosswise<(int)8, (int)128>, signed char, cutlass::layout::ColumnMajorTensorOpMultiplicandCrosswise<(int)8, (int)128>, int, cutlass::layout::RowMajor, cutlass::gemm::warp::MmaTensorOpPolicy<cutlass::arch::Mma<cutlass::gemm::GemmShape<(int)16, (int)8, (int)32>, (int)32, signed char, cutlass::layout::RowMajor, signed char, cutlass::layout::ColumnMajor, int, cutlass::layout::RowMajor, cutlass::arch::OpMultiplyAddSaturate>, cutlass::MatrixShape<(int)1, (int)1>>, (int)2, (bool)0, bool>, cutlass::MatrixShape<(int)0, (int)0>, cutlass::MatrixShape<(int)0, (int)0>, (int)2>, (int)3, bool>, cutlass::epilogue::threadblock::EpilogueWithVisitorCallbacks<cutlass::epilogue::threadblock::Epilogue<cutlass::gemm::GemmShape<(int)128, (int)128, (int)128>, cutlass::gemm::warp::MmaTensorOp<cutlass::gemm::GemmShape<(int)64, (int)64, (int)64>, signed char, cutlass::layout::RowMajorTensorOpMultiplicandCrosswise<(int)8, (int)128>, signed char, cutlass::layout::ColumnMajorTensorOpMultiplicandCrosswise<(int)8, (int)128>, int, cutlass::layout::RowMajor, cutlass::gemm::warp::MmaTensorOpPolicy<cutlass::arch::Mma<cutlass::gemm::GemmShape<(int)16, (int)8, (int)32>, (int)32, signed char, cutlass::layout::RowMajor, signed char, cutlass::layout::ColumnMajor, int, cutlass::layout::RowMajor, cutlass::arch::OpMultiplyAddSaturate>, cutlass::MatrixShape<(int)1, (int)1>>, (int)2, (bool)0, bool>, (int)2, cutlass::epilogue::threadblock::PredicatedTileIteratorConv<cutlass::epilogue::threadblock::OutputTileOptimalThreadMap<cutlass::epilogue::threadblock::OutputTileShape<(int)128, (int)8, (int)2, (int)1, (int)1>, cutlass::epilogue::threadblock::OutputTileShape<(int)1, (int)8, (int)1, (int)1, (int)8>, (int)256, (int)8, (int)16>, cutlass::half_t, (bool)0, cutlass::layout::NoPermute, (bool)0, (int)4>, cutlass::epilogue::warp::FragmentIteratorTensorOp<cutlass::gemm::GemmShape<(int)64, (int)64, (int)64>, cutlass::gemm::GemmShape<(int)16, (int)8, (int)32>, int, cutlass::Array<int, (int)4, (bool)1>, cutlass::layout::RowMajor>, cutlass::epilogue::warp::TileIteratorTensorOpMixed<cutlass::gemm::GemmShape<(int)64, (int)64, (int)64>, cutlass::gemm::GemmShape<(int)16, (int)8, (int)32>, int, (int)32, (int)16, (int)8, (int)8, (bool)0>, cutlass::epilogue::threadblock::SharedLoadIteratorMixed<cutlass::epilogue::threadblock::OutputTileOptimalThreadMap<cutlass::epilogue::threadblock::OutputTileShape<(int)128, (int)8, (int)2, (int)1, (int)1>, cutlass::epilogue::threadblock::OutputTileShape<(int)1, (int)8, (int)1, (int)1, (int)8>, (int)256, (int)8, (int)16>::CompactedThreadMap, int, (int)32, (int)16, (int)8, (int)8, (bool)0>, cutlass::epilogue::thread::LinearCombination<cutlass::half_t, (int)8, int, float, (cutlass::epilogue::thread::ScaleType::Kind)0, (cutlass::FloatRoundStyle)2, cutlass::half_t>, cutlass::MatrixShape<(int)0, (int)8>, (int)1, (int)1>, cutlass::epilogue::threadblock::TreeVisitor2x<cutlass::epilogue::threadblock::VisitorAuxStore<cutlass::epilogue::threadblock::OutputTileThreadLayout<cutlass::gemm::GemmShape<(int)128, (int)128, (int)128>, cutlass::gemm::GemmShape<(int)64, (int)64, (int)64>, cutlass::half_t, (int)8, (int)1>, cutlass::half_t, (cutlass::FloatRoundStyle)2, cute::tuple<long, cute::C<(int)1>, long>>, cutlass::epilogue::threadblock::TreeVisitor2x<cutlass::epilogue::threadblock::VisitorCompute<cutlass::plus, float, float, (cutlass::FloatRoundStyle)2, void>, cutlass::epilogue::threadblock::TreeVisitor2x<cutlass::epilogue::threadblock::VisitorCompute<cutlass::plus, float, float, (cutlass::FloatRoundStyle)2, void>, cutlass::epilogue::threadblock::TreeVisitor2x<cutlass::epilogue::threadblock::VisitorCompute<cutlass::multiplies, float, float, (cutlass::FloatRoundStyle)2, void>, cutlass::epilogue::threadblock::TreeVisitor2x<cutlass::epilogue::threadblock::VisitorCompute<cutlass::multiplies, float, float, (cutlass::FloatRoundStyle)2, void>, cutlass::epilogue::threadblock::VisitorAccFetch, cutlass::epilogue::threadblock::VisitorScalarBroadcast<float, cute::tuple<cute::C<(int)0>, cute::C<(int)0>, cute::C<(int)0>>, (int)1, cutlass::multiplies>>, cutlass::epilogue::threadblock::VisitorRowBroadcast<cutlass::epilogue::threadblock::OutputTileThreadLayout<cutlass::gemm::GemmShape<(int)128, (int)128, (int)128>, cutlass::gemm::GemmShape<(int)64, (int)64, (int)64>, cutlass::half_t, (int)8, (int)1>, float, cute::tuple<cute::C<(int)0>, cute::C<(int)1>, int>, (bool)1>>, cutlass::epilogue::threadblock::VisitorRowBroadcast<cutlass::epilogue::threadblock::OutputTileThreadLayout<cutlass::gemm::GemmShape<(int)128, (int)128, (int)128>, cutlass::gemm::GemmShape<(int)64, (int)64, (int)64>, cutlass::half_t, (int)8, (int)1>, float, cute::tuple<cute::C<(int)0>, cute::C<(int)1>, int>, (bool)1>>, cutlass::epilogue::threadblock::VisitorAuxLoad<cutlass::epilogue::threadblock::OutputTileThreadLayout<cutlass::gemm::GemmShape<(int)128, (int)128, (int)128>, cutlass::gemm::GemmShape<(int)64, (int)64, (int)64>, cutlass::half_t, (int)8, (int)1>, cutlass::half_t, cute::tuple<long, cute::C<(int)1>, long>>>>, (int)1, (int)1>, cutlass::gemm::threadblock::GemmIdentityThreadblockSwizzle<(int)1>, (cutlass::conv::Operator)0, cutlass::conv::Conv2dProblemSize>>(T1::Params)",29622148.0
L|resblock_plain|C384|T1024,"void cutlass::Kernel<modiff::ImplicitGemmConvolutionEVT<cutlass::conv::threadblock::ImplicitGemmMultistage<cutlass::gemm::GemmShape<(int)128, (int)128, (int)128>, cutlass::conv::threadblock::Conv2dFpropActivationTileAccessIteratorOptimized<cutlass::MatrixShape<(int)128, (int)128>, signed char, cutlass::layout::TensorNHWC, cutlass::transform::PitchLinearWarpRakedThreadMap<cutlass::PitchLinearShape<(int)128, (int)128>, (int)256, cutlass::PitchLinearShape<(int)8, (int)4>, (int)16>, cutlass::AlignedArray<signed char, (int)16, (int)16>>, cutlass::transform::threadblock::RegularTileAccessIterator<cutlass::MatrixShape<(int)128, (int)128>, signed char, cutlass::layout::RowMajorTensorOpMultiplicandCrosswise<(int)8, (int)128>, (int)0, cutlass::transform::PitchLinearWarpRakedThreadMap<cutlass::PitchLinearShape<(int)128, (int)128>, (int)256, cutlass::PitchLinearShape<(int)8, (int)4>, (int)16>, (int)16>, (cutlass::arch::CacheOperation::Kind)0, cutlass::conv::threadblock::Conv2dFpropFilterTileAccessIteratorOptimized<cutlass::MatrixShape<(int)128, (int)128>, signed char, cutlass::layout::TensorNHWC, cutlass::transform::PitchLinearWarpRakedThreadMap<cutlass::PitchLinearShape<(int)128, (int)128>, (int)256, cutlass::PitchLinearShape<(int)8, (int)4>, (int)16>, cutlass::AlignedArray<signed char, (int)16, (int)16>, (bool)0>, cutlass::transform::threadblock::RegularTileAccessIterator<cutlass::MatrixShape<(int)128, (int)128>, signed char, cutlass::layout::ColumnMajorTensorOpMultiplicandCrosswise<(int)8, (int)128>, (int)1, cutlass::transform::PitchLinearWarpRakedThreadMap<cutlass::PitchLinearShape<(int)128, (int)128>, (int)256, cutlass::PitchLinearShape<(int)8, (int)4>, (int)16>, (int)16>, (cutlass::arch::CacheOperation::Kind)1, cutlass::gemm::threadblock::MmaPolicy<cutlass::gemm::warp::MmaTensorOp<cutlass::gemm::GemmShape<(int)64, (int)64, (int)64>, signed char, cutlass::layout::RowMajorTensorOpMultiplicandCrosswise<(int)8, (int)128>, signed char, cutlass::layout::ColumnMajorTensorOpMultiplicandCrosswise<(int)8, (int)128>, int, cutlass::layout::RowMajor, cutlass::gemm::warp::MmaTensorOpPolicy<cutlass::arch::Mma<cutlass::gemm::GemmShape<(int)16, (int)8, (int)32>, (int)32, signed char, cutlass::layout::RowMajor, signed char, cutlass::layout::ColumnMajor, int, cutlass::layout::RowMajor, cutlass::arch::OpMultiplyAddSaturate>, cutlass::MatrixShape<(int)1, (int)1>>, (int)2, (bool)0, bool>, cutlass::MatrixShape<(int)0, (int)0>, cutlass::MatrixShape<(int)0, (int)0>, (int)2>, (int)3, bool>, cutlass::epilogue::threadblock::EpilogueWithVisitorCallbacks<cutlass::epilogue::threadblock::Epilogue<cutlass::gemm::GemmShape<(int)128, (int)128, (int)128>, cutlass::gemm::warp::MmaTensorOp<cutlass::gemm::GemmShape<(int)64, (int)64, (int)64>, signed char, cutlass::layout::RowMajorTensorOpMultiplicandCrosswise<(int)8, (int)128>, signed char, cutlass::layout::ColumnMajorTensorOpMultiplicandCrosswise<(int)8, (int)128>, int, cutlass::layout::RowMajor, cutlass::gemm::warp::MmaTensorOpPolicy<cutlass::arch::Mma<cutlass::gemm::GemmShape<(int)16, (int)8, (int)32>, (int)32, signed char, cutlass::layout::RowMajor, signed char, cutlass::layout::ColumnMajor, int, cutlass::layout::RowMajor, cutlass::arch::OpMultiplyAddSaturate>, cutlass::MatrixShape<(int)1, (int)1>>, (int)2, (bool)0, bool>, (int)2, cutlass::epilogue::threadblock::PredicatedTileIteratorConv<cutlass::epilogue::threadblock::OutputTileOptimalThreadMap<cutlass::epilogue::threadblock::OutputTileShape<(int)128, (int)8, (int)2, (int)1, (int)1>, cutlass::epilogue::threadblock::OutputTileShape<(int)1, (int)8, (int)1, (int)1, (int)8>, (int)256, (int)8, (int)16>, cutlass::half_t, (bool)0, cutlass::layout::NoPermute, (bool)0, (int)4>, cutlass::epilogue::warp::FragmentIteratorTensorOp<cutlass::gemm::GemmShape<(int)64, (int)64, (int)64>, cutlass::gemm::GemmShape<(int)16, (int)8, (int)32>, int, cutlass::Array<int, (int)4, (bool)1>, cutlass::layout::RowMajor>, cutlass::epilogue::warp::TileIteratorTensorOpMixed<cutlass::gemm::GemmShape<(int)64, (int)64, (int)64>, cutlass::gemm::GemmShape<(int)16, (int)8, (int)32>, int, (int)32, (int)16, (int)8, (int)8, (bool)0>, cutlass::epilogue::threadblock::SharedLoadIteratorMixed<cutlass::epilogue::threadblock::OutputTileOptimalThreadMap<cutlass::epilogue::threadblock::OutputTileShape<(int)128, (int)8, (int)2, (int)1, (int)1>, cutlass::epilogue::threadblock::OutputTileShape<(int)1, (int)8, (int)1, (int)1, (int)8>, (int)256, (int)8, (int)16>::CompactedThreadMap, int, (int)32, (int)16, (int)8, (int)8, (bool)0>, cutlass::epilogue::thread::LinearCombination<cutlass::half_t, (int)8, int, float, (cutlass::epilogue::thread::ScaleType::Kind)0, (cutlass::FloatRoundStyle)2, cutlass::half_t>, cutlass::MatrixShape<(int)0, (int)8>, (int)1, (int)1>, cutlass::epilogue::threadblock::TreeVisitor2x<cutlass::epilogue::threadblock::VisitorAuxStore<cutlass::epilogue::threadblock::OutputTileThreadLayout<cutlass::gemm::GemmShape<(int)128, (int)128, (int)128>, cutlass::gemm::GemmShape<(int)64, (int)64, (int)64>, cutlass::half_t, (int)8, (int)1>, cutlass::half_t, (cutlass::FloatRoundStyle)2, cute::tuple<long, cute::C<(int)1>, long>>, cutlass::epilogue::threadblock::TreeVisitor2x<cutlass::epilogue::threadblock::VisitorCompute<cutlass::plus, float, float, (cutlass::FloatRoundStyle)2, void>, cutlass::epilogue::threadblock::TreeVisitor2x<cutlass::epilogue::threadblock::VisitorCompute<cutlass::plus, float, float, (cutlass::FloatRoundStyle)2, void>, cutlass::epilogue::threadblock::TreeVisitor2x<cutlass::epilogue::threadblock::VisitorCompute<cutlass::multiplies, float, float, (cutlass::FloatRoundStyle)2, void>, cutlass::epilogue::threadblock::TreeVisitor2x<cutlass::epilogue::threadblock::VisitorCompute<cutlass::multiplies, float, float, (cutlass::FloatRoundStyle)2, void>, cutlass::epilogue::threadblock::VisitorAccFetch, cutlass::epilogue::threadblock::VisitorScalarBroadcast<float, cute::tuple<cute::C<(int)0>, cute::C<(int)0>, cute::C<(int)0>>, (int)1, cutlass::multiplies>>, cutlass::epilogue::threadblock::VisitorRowBroadcast<cutlass::epilogue::threadblock::OutputTileThreadLayout<cutlass::gemm::GemmShape<(int)128, (int)128, (int)128>, cutlass::gemm::GemmShape<(int)64, (int)64, (int)64>, cutlass::half_t, (int)8, (int)1>, float, cute::tuple<cute::C<(int)0>, cute::C<(int)1>, int>, (bool)1>>, cutlass::epilogue::threadblock::VisitorRowBroadcast<cutlass::epilogue::threadblock::OutputTileThreadLayout<cutlass::gemm::GemmShape<(int)128, (int)128, (int)128>, cutlass::gemm::GemmShape<(int)64, (int)64, (int)64>, cutlass::half_t, (int)8, (int)1>, float, cute::tuple<cute::C<(int)0>, cute::C<(int)1>, int>, (bool)1>>, cutlass::epilogue::threadblock::VisitorAuxLoad<cutlass::epilogue::threadblock::OutputTileThreadLayout<cutlass::gemm::GemmShape<(int)128, (int)128, (int)128>, cutlass::gemm::GemmShape<(int)64, (int)64, (int)64>, cutlass::half_t, (int)8, (int)1>, cutlass::half_t, cute::tuple<long, cute::C<(int)1>, long>>>>, (int)1, (int)1>, cutlass::gemm::threadblock::GemmIdentityThreadblockSwizzle<(int)1>, (cutlass::conv::Operator)0, cutlass::conv::Conv2dProblemSize>>(T1::Params)",29202877.0
L|resblock_plain|C192|T1024,"void cutlass::Kernel<modiff::ImplicitGemmConvolutionEVT<cutlass::conv::threadblock::ImplicitGemmMultistage<cutlass::gemm::GemmShape<(int)128, (int)128, (int)128>, cutlass::conv::threadblock::Conv2dFpropActivationTileAccessIteratorOptimized<cutlass::MatrixShape<(int)128, (int)128>, signed char, cutlass::layout::TensorNHWC, cutlass::transform::PitchLinearWarpRakedThreadMap<cutlass::PitchLinearShape<(int)128, (int)128>, (int)256, cutlass::PitchLinearShape<(int)8, (int)4>, (int)16>, cutlass::AlignedArray<signed char, (int)16, (int)16>>, cutlass::transform::threadblock::RegularTileAccessIterator<cutlass::MatrixShape<(int)128, (int)128>, signed char, cutlass::layout::RowMajorTensorOpMultiplicandCrosswise<(int)8, (int)128>, (int)0, cutlass::transform::PitchLinearWarpRakedThreadMap<cutlass::PitchLinearShape<(int)128, (int)128>, (int)256, cutlass::PitchLinearShape<(int)8, (int)4>, (int)16>, (int)16>, (cutlass::arch::CacheOperation::Kind)0, cutlass::conv::threadblock::Conv2dFpropFilterTileAccessIteratorOptimized<cutlass::MatrixShape<(int)128, (int)128>, signed char, cutlass::layout::TensorNHWC, cutlass::transform::PitchLinearWarpRakedThreadMap<cutlass::PitchLinearShape<(int)128, (int)128>, (int)256, cutlass::PitchLinearShape<(int)8, (int)4>, (int)16>, cutlass::AlignedArray<signed char, (int)16, (int)16>, (bool)0>, cutlass::transform::threadblock::RegularTileAccessIterator<cutlass::MatrixShape<(int)128, (int)128>, signed char, cutlass::layout::ColumnMajorTensorOpMultiplicandCrosswise<(int)8, (int)128>, (int)1, cutlass::transform::PitchLinearWarpRakedThreadMap<cutlass::PitchLinearShape<(int)128, (int)128>, (int)256, cutlass::PitchLinearShape<(int)8, (int)4>, (int)16>, (int)16>, (cutlass::arch::CacheOperation::Kind)1, cutlass::gemm::threadblock::MmaPolicy<cutlass::gemm::warp::MmaTensorOp<cutlass::gemm::GemmShape<(int)64, (int)64, (int)64>, signed char, cutlass::layout::RowMajorTensorOpMultiplicandCrosswise<(int)8, (int)128>, signed char, cutlass::layout::ColumnMajorTensorOpMultiplicandCrosswise<(int)8, (int)128>, int, cutlass::layout::RowMajor, cutlass::gemm::warp::MmaTensorOpPolicy<cutlass::arch::Mma<cutlass::gemm::GemmShape<(int)16, (int)8, (int)32>, (int)32, signed char, cutlass::layout::RowMajor, signed char, cutlass::layout::ColumnMajor, int, cutlass::layout::RowMajor, cutlass::arch::OpMultiplyAddSaturate>, cutlass::MatrixShape<(int)1, (int)1>>, (int)2, (bool)0, bool>, cutlass::MatrixShape<(int)0, (int)0>, cutlass::MatrixShape<(int)0, (int)0>, (int)2>, (int)3, bool>, cutlass::epilogue::threadblock::EpilogueWithVisitorCallbacks<cutlass::epilogue::threadblock::Epilogue<cutlass::gemm::GemmShape<(int)128, (int)128, (int)128>, cutlass::gemm::warp::MmaTensorOp<cutlass::gemm::GemmShape<(int)64, (int)64, (int)64>, signed char, cutlass::layout::RowMajorTensorOpMultiplicandCrosswise<(int)8, (int)128>, signed char, cutlass::layout::ColumnMajorTensorOpMultiplicandCrosswise<(int)8, (int)128>, int, cutlass::layout::RowMajor, cutlass::gemm::warp::MmaTensorOpPolicy<cutlass::arch::Mma<cutlass::gemm::GemmShape<(int)16, (int)8, (int)32>, (int)32, signed char, cutlass::layout::RowMajor, signed char, cutlass::layout::ColumnMajor, int, cutlass::layout::RowMajor, cutlass::arch::OpMultiplyAddSaturate>, cutlass::MatrixShape<(int)1, (int)1>>, (int)2, (bool)0, bool>, (int)2, cutlass::epilogue::threadblock::PredicatedTileIteratorConv<cutlass::epilogue::threadblock::OutputTileOptimalThreadMap<cutlass::epilogue::threadblock::OutputTileShape<(int)128, (int)8, (int)2, (int)1, (int)1>, cutlass::epilogue::threadblock::OutputTileShape<(int)1, (int)8, (int)1, (int)1, (int)8>, (int)256, (int)8, (int)16>, cutlass::half_t, (bool)0, cutlass::layout::NoPermute, (bool)0, (int)4>, cutlass::epilogue::warp::FragmentIteratorTensorOp<cutlass::gemm::GemmShape<(int)64, (int)64, (int)64>, cutlass::gemm::GemmShape<(int)16, (int)8, (int)32>, int, cutlass::Array<int, (int)4, (bool)1>, cutlass::layout::RowMajor>, cutlass::epilogue::warp::TileIteratorTensorOpMixed<cutlass::gemm::GemmShape<(int)64, (int)64, (int)64>, cutlass::gemm::GemmShape<(int)16, (int)8, (int)32>, int, (int)32, (int)16, (int)8, (int)8, (bool)0>, cutlass::epilogue::threadblock::SharedLoadIteratorMixed<cutlass::epilogue::threadblock::OutputTileOptimalThreadMap<cutlass::epilogue::threadblock::OutputTileShape<(int)128, (int)8, (int)2, (int)1, (int)1>, cutlass::epilogue::threadblock::OutputTileShape<(int)1, (int)8, (int)1, (int)1, (int)8>, (int)256, (int)8, (int)16>::CompactedThreadMap, int, (int)32, (int)16, (int)8, (int)8, (bool)0>, cutlass::epilogue::thread::LinearCombination<cutlass::half_t, (int)8, int, float, (cutlass::epilogue::thread::ScaleType::Kind)0, (cutlass::FloatRoundStyle)2, cutlass::half_t>, cutlass::MatrixShape<(int)0, (int)8>, (int)1, (int)1>, cutlass::epilogue::threadblock::TreeVisitor2x<cutlass::epilogue::threadblock::VisitorAuxStore<cutlass::epilogue::threadblock::OutputTileThreadLayout<cutlass::gemm::GemmShape<(int)128, (int)128, (int)128>, cutlass::gemm::GemmShape<(int)64, (int)64, (int)64>, cutlass::half_t, (int)8, (int)1>, cutlass::half_t, (cutlass::FloatRoundStyle)2, cute::tuple<long, cute::C<(int)1>, long>>, cutlass::epilogue::threadblock::TreeVisitor2x<cutlass::epilogue::threadblock::VisitorCompute<cutlass::plus, float, float, (cutlass::FloatRoundStyle)2, void>, cutlass::epilogue::threadblock::TreeVisitor2x<cutlass::epilogue::threadblock::VisitorCompute<cutlass::multiplies, float, float, (cutlass::FloatRoundStyle)2, void>, cutlass::epilogue::threadblock::TreeVisitor2x<cutlass::epilogue::threadblock::VisitorCompute<cutlass::multiplies, float, float, (cutlass::FloatRoundStyle)2, void>, cutlass::epilogue::threadblock::VisitorAccFetch, cutlass::epilogue::threadblock::VisitorScalarBroadcast<float, cute::tuple<cute::C<(int)0>, cute::C<(int)0>, cute::C<(int)0>>, (int)1, cutlass::multiplies>>, cutlass::epilogue::threadblock::VisitorRowBroadcast<cutlass::epilogue::threadblock::OutputTileThreadLayout<cutlass::gemm::GemmShape<(int)128, (int)128, (int)128>, cutlass::gemm::GemmShape<(int)64, (int)64, (int)64>, cutlass::half_t, (int)8, (int)1>, float, cute::tuple<cute::C<(int)0>, cute::C<(int)1>, int>, (bool)1>>, cutlass::epilogue::threadblock::VisitorRowBroadcast<cutlass::epilogue::threadblock::OutputTileThreadLayout<cutlass::gemm::GemmShape<(int)128, (int)128, (int)128>, cutlass::gemm::GemmShape<(int)64, (int)64, (int)64>, cutlass::half_t, (int)8, (int)1>, float, cute::tuple<cute::C<(int)0>, cute::C<(int)1>, int>, (bool)1>>>, (int)1, (int)1>, cutlass::gemm::threadblock::GemmIdentityThreadblockSwizzle<(int)1>, (cutlass::conv::Operator)0, cutlass::conv::Conv2dProblemSize>>(T1::Params)",29040825.0
L|resblock_plain|C768|T256,"void group_norm_silu_quantize_nhwc_vec2_kernel<__half, (bool)0>(const T1 *, signed char *, const T1 *, const T1 *, const T1 *, const T1 *, const float *, const float *, int, long, int, float, bool)",28944925.0
L|attention|C384|T256,"void flash_attn_int8_mma_kernel_t<(int)64, (int)8, (int)64, (bool)1, (bool)0, (bool)0, (bool)0, (int)0, (int)0>(const signed char *, const signed char *, const signed char *, const float *, const float *, const float *, __half *, int, int, int, int, int, float, signed char *, float, int, float, const __half *, int, float, const signed char *, int)",25163330.0
L|attention|C192|T1024,"void group_norm_silu_quantize_nhwc_vec2_kernel<__half, (bool)1>(const T1 *, signed char *, const T1 *, const T1 *, const T1 *, const T1 *, const float *, const float *, int, long, int, float, bool)",24937250.0
L|resblock_updown|C384|T256,"void group_norm_silu_quantize_nhwc_vec2_kernel<__half, (bool)0>(const T1 *, signed char *, const T1 *, const T1 *, const T1 *, const T1 *, const float *, const float *, int, long, int, float, bool)",18960912.0
L|attention|C384|T256,"gemm_w8a8_kernel_awq(const signed char *, const signed char *, const float *, float, __half *, int, int, int, int, const __half *, const __half *)",18400848.0
L|resblock_updown|C384|T256,"void at::native::<unnamed>::upsample_nearest2d_nhwc_out_frame<float, &at::native::nearest_neighbor_compute_source_index>(const T1 *, T1 *, unsigned long, unsigned long, unsigned long, unsigned long, unsigned long, float, float, unsigned long)",16905536.0
L|resblock_plain|C768|T256,"void cutlass::Kernel<modiff::ImplicitGemmConvolutionEVT<cutlass::conv::threadblock::ImplicitGemmMultistage<cutlass::gemm::GemmShape<(int)128, (int)128, (int)128>, cutlass::conv::threadblock::Conv2dFpropActivationTileAccessIteratorOptimized<cutlass::MatrixShape<(int)128, (int)128>, signed char, cutlass::layout::TensorNHWC, cutlass::transform::PitchLinearWarpRakedThreadMap<cutlass::PitchLinearShape<(int)128, (int)128>, (int)256, cutlass::PitchLinearShape<(int)8, (int)4>, (int)16>, cutlass::AlignedArray<signed char, (int)16, (int)16>>, cutlass::transform::threadblock::RegularTileAccessIterator<cutlass::MatrixShape<(int)128, (int)128>, signed char, cutlass::layout::RowMajorTensorOpMultiplicandCrosswise<(int)8, (int)128>, (int)0, cutlass::transform::PitchLinearWarpRakedThreadMap<cutlass::PitchLinearShape<(int)128, (int)128>, (int)256, cutlass::PitchLinearShape<(int)8, (int)4>, (int)16>, (int)16>, (cutlass::arch::CacheOperation::Kind)0, cutlass::conv::threadblock::Conv2dFpropFilterTileAccessIteratorOptimized<cutlass::MatrixShape<(int)128, (int)128>, signed char, cutlass::layout::TensorNHWC, cutlass::transform::PitchLinearWarpRakedThreadMap<cutlass::PitchLinearShape<(int)128, (int)128>, (int)256, cutlass::PitchLinearShape<(int)8, (int)4>, (int)16>, cutlass::AlignedArray<signed char, (int)16, (int)16>, (bool)0>, cutlass::transform::threadblock::RegularTileAccessIterator<cutlass::MatrixShape<(int)128, (int)128>, signed char, cutlass::layout::ColumnMajorTensorOpMultiplicandCrosswise<(int)8, (int)128>, (int)1, cutlass::transform::PitchLinearWarpRakedThreadMap<cutlass::PitchLinearShape<(int)128, (int)128>, (int)256, cutlass::PitchLinearShape<(int)8, (int)4>, (int)16>, (int)16>, (cutlass::arch::CacheOperation::Kind)1, cutlass::gemm::threadblock::MmaPolicy<cutlass::gemm::warp::MmaTensorOp<cutlass::gemm::GemmShape<(int)64, (int)64, (int)64>, signed char, cutlass::layout::RowMajorTensorOpMultiplicandCrosswise<(int)8, (int)128>, signed char, cutlass::layout::ColumnMajorTensorOpMultiplicandCrosswise<(int)8, (int)128>, int, cutlass::layout::RowMajor, cutlass::gemm::warp::MmaTensorOpPolicy<cutlass::arch::Mma<cutlass::gemm::GemmShape<(int)16, (int)8, (int)32>, (int)32, signed char, cutlass::layout::RowMajor, signed char, cutlass::layout::ColumnMajor, int, cutlass::layout::RowMajor, cutlass::arch::OpMultiplyAddSaturate>, cutlass::MatrixShape<(int)1, (int)1>>, (int)2, (bool)0, bool>, cutlass::MatrixShape<(int)0, (int)0>, cutlass::MatrixShape<(int)0, (int)0>, (int)2>, (int)3, bool>, cutlass::epilogue::threadblock::EpilogueWithVisitorCallbacks<cutlass::epilogue::threadblock::Epilogue<cutlass::gemm::GemmShape<(int)128, (int)128, (int)128>, cutlass::gemm::warp::MmaTensorOp<cutlass::gemm::GemmShape<(int)64, (int)64, (int)64>, signed char, cutlass::layout::RowMajorTensorOpMultiplicandCrosswise<(int)8, (int)128>, signed char, cutlass::layout::ColumnMajorTensorOpMultiplicandCrosswise<(int)8, (int)128>, int, cutlass::layout::RowMajor, cutlass::gemm::warp::MmaTensorOpPolicy<cutlass::arch::Mma<cutlass::gemm::GemmShape<(int)16, (int)8, (int)32>, (int)32, signed char, cutlass::layout::RowMajor, signed char, cutlass::layout::ColumnMajor, int, cutlass::layout::RowMajor, cutlass::arch::OpMultiplyAddSaturate>, cutlass::MatrixShape<(int)1, (int)1>>, (int)2, (bool)0, bool>, (int)2, cutlass::epilogue::threadblock::PredicatedTileIteratorConv<cutlass::epilogue::threadblock::OutputTileOptimalThreadMap<cutlass::epilogue::threadblock::OutputTileShape<(int)128, (int)8, (int)2, (int)1, (int)1>, cutlass::epilogue::threadblock::OutputTileShape<(int)1, (int)8, (int)1, (int)1, (int)8>, (int)256, (int)8, (int)16>, cutlass::half_t, (bool)0, cutlass::layout::NoPermute, (bool)0, (int)4>, cutlass::epilogue::warp::FragmentIteratorTensorOp<cutlass::gemm::GemmShape<(int)64, (int)64, (int)64>, cutlass::gemm::GemmShape<(int)16, (int)8, (int)32>, int, cutlass::Array<int, (int)4, (bool)1>, cutlass::layout::RowMajor>, cutlass::epilogue::warp::TileIteratorTensorOpMixed<cutlass::gemm::GemmShape<(int)64, (int)64, (int)64>, cutlass::gemm::GemmShape<(int)16, (int)8, (int)32>, int, (int)32, (int)16, (int)8, (int)8, (bool)0>, cutlass::epilogue::threadblock::SharedLoadIteratorMixed<cutlass::epilogue::threadblock::OutputTileOptimalThreadMap<cutlass::epilogue::threadblock::OutputTileShape<(int)128, (int)8, (int)2, (int)1, (int)1>, cutlass::epilogue::threadblock::OutputTileShape<(int)1, (int)8, (int)1, (int)1, (int)8>, (int)256, (int)8, (int)16>::CompactedThreadMap, int, (int)32, (int)16, (int)8, (int)8, (bool)0>, cutlass::epilogue::thread::LinearCombination<cutlass::half_t, (int)8, int, float, (cutlass::epilogue::thread::ScaleType::Kind)0, (cutlass::FloatRoundStyle)2, cutlass::half_t>, cutlass::MatrixShape<(int)0, (int)8>, (int)1, (int)1>, cutlass::epilogue::threadblock::TreeVisitor2x<cutlass::epilogue::threadblock::VisitorAuxStore<cutlass::epilogue::threadblock::OutputTileThreadLayout<cutlass::gemm::GemmShape<(int)128, (int)128, (int)128>, cutlass::gemm::GemmShape<(int)64, (int)64, (int)64>, cutlass::half_t, (int)8, (int)1>, cutlass::half_t, (cutlass::FloatRoundStyle)2, cute::tuple<long, cute::C<(int)1>, long>>, cutlass::epilogue::threadblock::TreeVisitor2x<cutlass::epilogue::threadblock::VisitorCompute<cutlass::plus, float, float, (cutlass::FloatRoundStyle)2, void>, cutlass::epilogue::threadblock::TreeVisitor2x<cutlass::epilogue::threadblock::VisitorCompute<cutlass::plus, float, float, (cutlass::FloatRoundStyle)2, void>, cutlass::epilogue::threadblock::TreeVisitor2x<cutlass::epilogue::threadblock::VisitorCompute<cutlass::multiplies, float, float, (cutlass::FloatRoundStyle)2, void>, cutlass::epilogue::threadblock::TreeVisitor2x<cutlass::epilogue::threadblock::VisitorCompute<cutlass::multiplies, float, float, (cutlass::FloatRoundStyle)2, void>, cutlass::epilogue::threadblock::VisitorAccFetch, cutlass::epilogue::threadblock::VisitorScalarBroadcast<float, cute::tuple<cute::C<(int)0>, cute::C<(int)0>, cute::C<(int)0>>, (int)1, cutlass::multiplies>>, cutlass::epilogue::threadblock::VisitorRowBroadcast<cutlass::epilogue::threadblock::OutputTileThreadLayout<cutlass::gemm::GemmShape<(int)128, (int)128, (int)128>, cutlass::gemm::GemmShape<(int)64, (int)64, (int)64>, cutlass::half_t, (int)8, (int)1>, float, cute::tuple<cute::C<(int)0>, cute::C<(int)1>, int>, (bool)1>>, cutlass::epilogue::threadblock::VisitorRowBroadcast<cutlass::epilogue::threadblock::OutputTileThreadLayout<cutlass::gemm::GemmShape<(int)128, (int)128, (int)128>, cutlass::gemm::GemmShape<(int)64, (int)64, (int)64>, cutlass::half_t, (int)8, (int)1>, float, cute::tuple<cute::C<(int)0>, cute::C<(int)1>, int>, (bool)1>>, cutlass::epilogue::threadblock::VisitorAuxLoad<cutlass::epilogue::threadblock::OutputTileThreadLayout<cutlass::gemm::GemmShape<(int)128, (int)128, (int)128>, cutlass::gemm::GemmShape<(int)64, (int)64, (int)64>, cutlass::half_t, (int)8, (int)1>, cutlass::half_t, cute::tuple<long, cute::C<(int)1>, long>>>>, (int)1, (int)1>, cutlass::gemm::threadblock::GemmIdentityThreadblockSwizzle<(int)1>, (cutlass::conv::Operator)0, cutlass::conv::Conv2dProblemSize>>(T1::Params)",16470465.0
L|resblock_plain|C768|T64,"void group_norm_silu_quantize_nhwc_vec2_kernel<__half, (bool)0>(const T1 *, signed char *, const T1 *, const T1 *, const T1 *, const T1 *, const float *, const float *, int, long, int, float, bool)",15924926.0
L|resblock_plain|C576|T1024,"void cutlass::Kernel<modiff::ImplicitGemmConvolutionEVT<cutlass::conv::threadblock::ImplicitGemmMultistage<cutlass::gemm::GemmShape<(int)128, (int)128, (int)128>, cutlass::conv::threadblock::Conv2dFpropActivationTileAccessIteratorOptimized<cutlass::MatrixShape<(int)128, (int)128>, signed char, cutlass::layout::TensorNHWC, cutlass::transform::PitchLinearWarpRakedThreadMap<cutlass::PitchLinearShape<(int)128, (int)128>, (int)256, cutlass::PitchLinearShape<(int)8, (int)4>, (int)16>, cutlass::AlignedArray<signed char, (int)16, (int)16>>, cutlass::transform::threadblock::RegularTileAccessIterator<cutlass::MatrixShape<(int)128, (int)128>, signed char, cutlass::layout::RowMajorTensorOpMultiplicandCrosswise<(int)8, (int)128>, (int)0, cutlass::transform::PitchLinearWarpRakedThreadMap<cutlass::PitchLinearShape<(int)128, (int)128>, (int)256, cutlass::PitchLinearShape<(int)8, (int)4>, (int)16>, (int)16>, (cutlass::arch::CacheOperation::Kind)0, cutlass::conv::threadblock::Conv2dFpropFilterTileAccessIteratorOptimized<cutlass::MatrixShape<(int)128, (int)128>, signed char, cutlass::layout::TensorNHWC, cutlass::transform::PitchLinearWarpRakedThreadMap<cutlass::PitchLinearShape<(int)128, (int)128>, (int)256, cutlass::PitchLinearShape<(int)8, (int)4>, (int)16>, cutlass::AlignedArray<signed char, (int)16, (int)16>, (bool)0>, cutlass::transform::threadblock::RegularTileAccessIterator<cutlass::MatrixShape<(int)128, (int)128>, signed char, cutlass::layout::ColumnMajorTensorOpMultiplicandCrosswise<(int)8, (int)128>, (int)1, cutlass::transform::PitchLinearWarpRakedThreadMap<cutlass::PitchLinearShape<(int)128, (int)128>, (int)256, cutlass::PitchLinearShape<(int)8, (int)4>, (int)16>, (int)16>, (cutlass::arch::CacheOperation::Kind)1, cutlass::gemm::threadblock::MmaPolicy<cutlass::gemm::warp::MmaTensorOp<cutlass::gemm::GemmShape<(int)64, (int)64, (int)64>, signed char, cutlass::layout::RowMajorTensorOpMultiplicandCrosswise<(int)8, (int)128>, signed char, cutlass::layout::ColumnMajorTensorOpMultiplicandCrosswise<(int)8, (int)128>, int, cutlass::layout::RowMajor, cutlass::gemm::warp::MmaTensorOpPolicy<cutlass::arch::Mma<cutlass::gemm::GemmShape<(int)16, (int)8, (int)32>, (int)32, signed char, cutlass::layout::RowMajor, signed char, cutlass::layout::ColumnMajor, int, cutlass::layout::RowMajor, cutlass::arch::OpMultiplyAddSaturate>, cutlass::MatrixShape<(int)1, (int)1>>, (int)2, (bool)0, bool>, cutlass::MatrixShape<(int)0, (int)0>, cutlass::MatrixShape<(int)0, (int)0>, (int)2>, (int)3, bool>, cutlass::epilogue::threadblock::EpilogueWithVisitorCallbacks<cutlass::epilogue::threadblock::Epilogue<cutlass::gemm::GemmShape<(int)128, (int)128, (int)128>, cutlass::gemm::warp::MmaTensorOp<cutlass::gemm::GemmShape<(int)64, (int)64, (int)64>, signed char, cutlass::layout::RowMajorTensorOpMultiplicandCrosswise<(int)8, (int)128>, signed char, cutlass::layout::ColumnMajorTensorOpMultiplicandCrosswise<(int)8, (int)128>, int, cutlass::layout::RowMajor, cutlass::gemm::warp::MmaTensorOpPolicy<cutlass::arch::Mma<cutlass::gemm::GemmShape<(int)16, (int)8, (int)32>, (int)32, signed char, cutlass::layout::RowMajor, signed char, cutlass::layout::ColumnMajor, int, cutlass::layout::RowMajor, cutlass::arch::OpMultiplyAddSaturate>, cutlass::MatrixShape<(int)1, (int)1>>, (int)2, (bool)0, bool>, (int)2, cutlass::epilogue::threadblock::PredicatedTileIteratorConv<cutlass::epilogue::threadblock::OutputTileOptimalThreadMap<cutlass::epilogue::threadblock::OutputTileShape<(int)128, (int)8, (int)2, (int)1, (int)1>, cutlass::epilogue::threadblock::OutputTileShape<(int)1, (int)8, (int)1, (int)1, (int)8>, (int)256, (int)8, (int)16>, cutlass::half_t, (bool)0, cutlass::layout::NoPermute, (bool)0, (int)4>, cutlass::epilogue::warp::FragmentIteratorTensorOp<cutlass::gemm::GemmShape<(int)64, (int)64, (int)64>, cutlass::gemm::GemmShape<(int)16, (int)8, (int)32>, int, cutlass::Array<int, (int)4, (bool)1>, cutlass::layout::RowMajor>, cutlass::epilogue::warp::TileIteratorTensorOpMixed<cutlass::gemm::GemmShape<(int)64, (int)64, (int)64>, cutlass::gemm::GemmShape<(int)16, (int)8, (int)32>, int, (int)32, (int)16, (int)8, (int)8, (bool)0>, cutlass::epilogue::threadblock::SharedLoadIteratorMixed<cutlass::epilogue::threadblock::OutputTileOptimalThreadMap<cutlass::epilogue::threadblock::OutputTileShape<(int)128, (int)8, (int)2, (int)1, (int)1>, cutlass::epilogue::threadblock::OutputTileShape<(int)1, (int)8, (int)1, (int)1, (int)8>, (int)256, (int)8, (int)16>::CompactedThreadMap, int, (int)32, (int)16, (int)8, (int)8, (bool)0>, cutlass::epilogue::thread::LinearCombination<cutlass::half_t, (int)8, int, float, (cutlass::epilogue::thread::ScaleType::Kind)0, (cutlass::FloatRoundStyle)2, cutlass::half_t>, cutlass::MatrixShape<(int)0, (int)8>, (int)1, (int)1>, cutlass::epilogue::threadblock::TreeVisitor2x<cutlass::epilogue::threadblock::VisitorAuxStore<cutlass::epilogue::threadblock::OutputTileThreadLayout<cutlass::gemm::GemmShape<(int)128, (int)128, (int)128>, cutlass::gemm::GemmShape<(int)64, (int)64, (int)64>, cutlass::half_t, (int)8, (int)1>, cutlass::half_t, (cutlass::FloatRoundStyle)2, cute::tuple<long, cute::C<(int)1>, long>>, cutlass::epilogue::threadblock::TreeVisitor2x<cutlass::epilogue::threadblock::VisitorCompute<cutlass::plus, float, float, (cutlass::FloatRoundStyle)2, void>, cutlass::epilogue::threadblock::TreeVisitor2x<cutlass::epilogue::threadblock::VisitorCompute<cutlass::plus, float, float, (cutlass::FloatRoundStyle)2, void>, cutlass::epilogue::threadblock::TreeVisitor2x<cutlass::epilogue::threadblock::VisitorCompute<cutlass::multiplies, float, float, (cutlass::FloatRoundStyle)2, void>, cutlass::epilogue::threadblock::TreeVisitor2x<cutlass::epilogue::threadblock::VisitorCompute<cutlass::multiplies, float, float, (cutlass::FloatRoundStyle)2, void>, cutlass::epilogue::threadblock::VisitorAccFetch, cutlass::epilogue::threadblock::VisitorScalarBroadcast<float, cute::tuple<cute::C<(int)0>, cute::C<(int)0>, cute::C<(int)0>>, (int)1, cutlass::multiplies>>, cutlass::epilogue::threadblock::VisitorRowBroadcast<cutlass::epilogue::threadblock::OutputTileThreadLayout<cutlass::gemm::GemmShape<(int)128, (int)128, (int)128>, cutlass::gemm::GemmShape<(int)64, (int)64, (int)64>, cutlass::half_t, (int)8, (int)1>, float, cute::tuple<cute::C<(int)0>, cute::C<(int)1>, int>, (bool)1>>, cutlass::epilogue::threadblock::VisitorRowBroadcast<cutlass::epilogue::threadblock::OutputTileThreadLayout<cutlass::gemm::GemmShape<(int)128, (int)128, (int)128>, cutlass::gemm::GemmShape<(int)64, (int)64, (int)64>, cutlass::half_t, (int)8, (int)1>, float, cute::tuple<cute::C<(int)0>, cute::C<(int)1>, int>, (bool)1>>, cutlass::epilogue::threadblock::VisitorAuxLoad<cutlass::epilogue::threadblock::OutputTileThreadLayout<cutlass::gemm::GemmShape<(int)128, (int)128, (int)128>, cutlass::gemm::GemmShape<(int)64, (int)64, (int)64>, cutlass::half_t, (int)8, (int)1>, cutlass::half_t, cute::tuple<long, cute::C<(int)1>, long>>>>, (int)1, (int)1>, cutlass::gemm::threadblock::GemmIdentityThreadblockSwizzle<(int)1>, (cutlass::conv::Operator)0, cutlass::conv::Conv2dProblemSize>>(T1::Params)",14606994.0
L|resblock_plain|C384|T64,"void group_norm_silu_quantize_nhwc_vec2_kernel<__half, (bool)0>(const T1 *, signed char *, const T1 *, const T1 *, const T1 *, const T1 *, const float *, const float *, int, long, int, float, bool)",14551535.0
L|resblock_plain|C576|T256,"void group_norm_silu_quantize_nhwc_vec2_kernel<__half, (bool)0>(const T1 *, signed char *, const T1 *, const T1 *, const T1 *, const T1 *, const float *, const float *, int, long, int, float, bool)",13548455.0
L|resblock_plain|C576|T256,"void cutlass::Kernel<modiff::ImplicitGemmConvolutionEVT<cutlass::conv::threadblock::ImplicitGemmMultistage<cutlass::gemm::GemmShape<(int)128, (int)128, (int)128>, cutlass::conv::threadblock::Conv2dFpropActivationTileAccessIteratorOptimized<cutlass::MatrixShape<(int)128, (int)128>, signed char, cutlass::layout::TensorNHWC, cutlass::transform::PitchLinearWarpRakedThreadMap<cutlass::PitchLinearShape<(int)128, (int)128>, (int)256, cutlass::PitchLinearShape<(int)8, (int)4>, (int)16>, cutlass::AlignedArray<signed char, (int)16, (int)16>>, cutlass::transform::threadblock::RegularTileAccessIterator<cutlass::MatrixShape<(int)128, (int)128>, signed char, cutlass::layout::RowMajorTensorOpMultiplicandCrosswise<(int)8, (int)128>, (int)0, cutlass::transform::PitchLinearWarpRakedThreadMap<cutlass::PitchLinearShape<(int)128, (int)128>, (int)256, cutlass::PitchLinearShape<(int)8, (int)4>, (int)16>, (int)16>, (cutlass::arch::CacheOperation::Kind)0, cutlass::conv::threadblock::Conv2dFpropFilterTileAccessIteratorOptimized<cutlass::MatrixShape<(int)128, (int)128>, signed char, cutlass::layout::TensorNHWC, cutlass::transform::PitchLinearWarpRakedThreadMap<cutlass::PitchLinearShape<(int)128, (int)128>, (int)256, cutlass::PitchLinearShape<(int)8, (int)4>, (int)16>, cutlass::AlignedArray<signed char, (int)16, (int)16>, (bool)0>, cutlass::transform::threadblock::RegularTileAccessIterator<cutlass::MatrixShape<(int)128, (int)128>, signed char, cutlass::layout::ColumnMajorTensorOpMultiplicandCrosswise<(int)8, (int)128>, (int)1, cutlass::transform::PitchLinearWarpRakedThreadMap<cutlass::PitchLinearShape<(int)128, (int)128>, (int)256, cutlass::PitchLinearShape<(int)8, (int)4>, (int)16>, (int)16>, (cutlass::arch::CacheOperation::Kind)1, cutlass::gemm::threadblock::MmaPolicy<cutlass::gemm::warp::MmaTensorOp<cutlass::gemm::GemmShape<(int)64, (int)64, (int)64>, signed char, cutlass::layout::RowMajorTensorOpMultiplicandCrosswise<(int)8, (int)128>, signed char, cutlass::layout::ColumnMajorTensorOpMultiplicandCrosswise<(int)8, (int)128>, int, cutlass::layout::RowMajor, cutlass::gemm::warp::MmaTensorOpPolicy<cutlass::arch::Mma<cutlass::gemm::GemmShape<(int)16, (int)8, (int)32>, (int)32, signed char, cutlass::layout::RowMajor, signed char, cutlass::layout::ColumnMajor, int, cutlass::layout::RowMajor, cutlass::arch::OpMultiplyAddSaturate>, cutlass::MatrixShape<(int)1, (int)1>>, (int)2, (bool)0, bool>, cutlass::MatrixShape<(int)0, (int)0>, cutlass::MatrixShape<(int)0, (int)0>, (int)2>, (int)3, bool>, cutlass::epilogue::threadblock::EpilogueWithVisitorCallbacks<cutlass::epilogue::threadblock::Epilogue<cutlass::gemm::GemmShape<(int)128, (int)128, (int)128>, cutlass::gemm::warp::MmaTensorOp<cutlass::gemm::GemmShape<(int)64, (int)64, (int)64>, signed char, cutlass::layout::RowMajorTensorOpMultiplicandCrosswise<(int)8, (int)128>, signed char, cutlass::layout::ColumnMajorTensorOpMultiplicandCrosswise<(int)8, (int)128>, int, cutlass::layout::RowMajor, cutlass::gemm::warp::MmaTensorOpPolicy<cutlass::arch::Mma<cutlass::gemm::GemmShape<(int)16, (int)8, (int)32>, (int)32, signed char, cutlass::layout::RowMajor, signed char, cutlass::layout::ColumnMajor, int, cutlass::layout::RowMajor, cutlass::arch::OpMultiplyAddSaturate>, cutlass::MatrixShape<(int)1, (int)1>>, (int)2, (bool)0, bool>, (int)2, cutlass::epilogue::threadblock::PredicatedTileIteratorConv<cutlass::epilogue::threadblock::OutputTileOptimalThreadMap<cutlass::epilogue::threadblock::OutputTileShape<(int)128, (int)8, (int)2, (int)1, (int)1>, cutlass::epilogue::threadblock::OutputTileShape<(int)1, (int)8, (int)1, (int)1, (int)8>, (int)256, (int)8, (int)16>, cutlass::half_t, (bool)0, cutlass::layout::NoPermute, (bool)0, (int)4>, cutlass::epilogue::warp::FragmentIteratorTensorOp<cutlass::gemm::GemmShape<(int)64, (int)64, (int)64>, cutlass::gemm::GemmShape<(int)16, (int)8, (int)32>, int, cutlass::Array<int, (int)4, (bool)1>, cutlass::layout::RowMajor>, cutlass::epilogue::warp::TileIteratorTensorOpMixed<cutlass::gemm::GemmShape<(int)64, (int)64, (int)64>, cutlass::gemm::GemmShape<(int)16, (int)8, (int)32>, int, (int)32, (int)16, (int)8, (int)8, (bool)0>, cutlass::epilogue::threadblock::SharedLoadIteratorMixed<cutlass::epilogue::threadblock::OutputTileOptimalThreadMap<cutlass::epilogue::threadblock::OutputTileShape<(int)128, (int)8, (int)2, (int)1, (int)1>, cutlass::epilogue::threadblock::OutputTileShape<(int)1, (int)8, (int)1, (int)1, (int)8>, (int)256, (int)8, (int)16>::CompactedThreadMap, int, (int)32, (int)16, (int)8, (int)8, (bool)0>, cutlass::epilogue::thread::LinearCombination<cutlass::half_t, (int)8, int, float, (cutlass::epilogue::thread::ScaleType::Kind)0, (cutlass::FloatRoundStyle)2, cutlass::half_t>, cutlass::MatrixShape<(int)0, (int)8>, (int)1, (int)1>, cutlass::epilogue::threadblock::TreeVisitor2x<cutlass::epilogue::threadblock::VisitorAuxStore<cutlass::epilogue::threadblock::OutputTileThreadLayout<cutlass::gemm::GemmShape<(int)128, (int)128, (int)128>, cutlass::gemm::GemmShape<(int)64, (int)64, (int)64>, cutlass::half_t, (int)8, (int)1>, cutlass::half_t, (cutlass::FloatRoundStyle)2, cute::tuple<long, cute::C<(int)1>, long>>, cutlass::epilogue::threadblock::TreeVisitor2x<cutlass::epilogue::threadblock::VisitorCompute<cutlass::plus, float, float, (cutlass::FloatRoundStyle)2, void>, cutlass::epilogue::threadblock::TreeVisitor2x<cutlass::epilogue::threadblock::VisitorCompute<cutlass::multiplies, float, float, (cutlass::FloatRoundStyle)2, void>, cutlass::epilogue::threadblock::TreeVisitor2x<cutlass::epilogue::threadblock::VisitorCompute<cutlass::multiplies, float, float, (cutlass::FloatRoundStyle)2, void>, cutlass::epilogue::threadblock::VisitorAccFetch, cutlass::epilogue::threadblock::VisitorScalarBroadcast<float, cute::tuple<cute::C<(int)0>, cute::C<(int)0>, cute::C<(int)0>>, (int)1, cutlass::multiplies>>, cutlass::epilogue::threadblock::VisitorRowBroadcast<cutlass::epilogue::threadblock::OutputTileThreadLayout<cutlass::gemm::GemmShape<(int)128, (int)128, (int)128>, cutlass::gemm::GemmShape<(int)64, (int)64, (int)64>, cutlass::half_t, (int)8, (int)1>, float, cute::tuple<cute::C<(int)0>, cute::C<(int)1>, int>, (bool)1>>, cutlass::epilogue::threadblock::VisitorRowBroadcast<cutlass::epilogue::threadblock::OutputTileThreadLayout<cutlass::gemm::GemmShape<(int)128, (int)128, (int)128>, cutlass::gemm::GemmShape<(int)64, (int)64, (int)64>, cutlass::half_t, (int)8, (int)1>, float, cute::tuple<cute::C<(int)0>, cute::C<(int)1>, int>, (bool)1>>>, (int)1, (int)1>, cutlass::gemm::threadblock::GemmIdentityThreadblockSwizzle<(int)1>, (cutlass::conv::Operator)0, cutlass::conv::Conv2dProblemSize>>(T1::Params)",12672929.0
L|resblock_plain|C384|T256,"void group_norm_silu_quantize_nhwc_vec2_kernel<__half, (bool)0>(const T1 *, signed char *, const T1 *, const T1 *, const T1 *, const T1 *, const float *, const float *, int, long, int, float, bool)",11996502.0
L|resblock_plain|C384|T1024,sm80_xmma_fprop_implicit_gemm_f16f16_f16f32_f32_nhwckrsc_nhwc_tilesize128x64x32_stage5_warpsize2x2x1_g1_tensor16x8x16_execute_kernel__5x_cudnn,11372058.0
L|resblock_plain|C1536|T16,"void cutlass::Kernel<modiff::ImplicitGemmConvolutionEVT<cutlass::conv::threadblock::ImplicitGemmMultistage<cutlass::gemm::GemmShape<(int)128, (int)128, (int)128>, cutlass::conv::threadblock::Conv2dFpropActivationTileAccessIteratorOptimized<cutlass::MatrixShape<(int)128, (int)128>, signed char, cutlass::layout::TensorNHWC, cutlass::transform::PitchLinearWarpRakedThreadMap<cutlass::PitchLinearShape<(int)128, (int)128>, (int)256, cutlass::PitchLinearShape<(int)8, (int)4>, (int)16>, cutlass::AlignedArray<signed char, (int)16, (int)16>>, cutlass::transform::threadblock::RegularTileAccessIterator<cutlass::MatrixShape<(int)128, (int)128>, signed char, cutlass::layout::RowMajorTensorOpMultiplicandCrosswise<(int)8, (int)128>, (int)0, cutlass::transform::PitchLinearWarpRakedThreadMap<cutlass::PitchLinearShape<(int)128, (int)128>, (int)256, cutlass::PitchLinearShape<(int)8, (int)4>, (int)16>, (int)16>, (cutlass::arch::CacheOperation::Kind)0, cutlass::conv::threadblock::Conv2dFpropFilterTileAccessIteratorOptimized<cutlass::MatrixShape<(int)128, (int)128>, signed char, cutlass::layout::TensorNHWC, cutlass::transform::PitchLinearWarpRakedThreadMap<cutlass::PitchLinearShape<(int)128, (int)128>, (int)256, cutlass::PitchLinearShape<(int)8, (int)4>, (int)16>, cutlass::AlignedArray<signed char, (int)16, (int)16>, (bool)0>, cutlass::transform::threadblock::RegularTileAccessIterator<cutlass::MatrixShape<(int)128, (int)128>, signed char, cutlass::layout::ColumnMajorTensorOpMultiplicandCrosswise<(int)8, (int)128>, (int)1, cutlass::transform::PitchLinearWarpRakedThreadMap<cutlass::PitchLinearShape<(int)128, (int)128>, (int)256, cutlass::PitchLinearShape<(int)8, (int)4>, (int)16>, (int)16>, (cutlass::arch::CacheOperation::Kind)1, cutlass::gemm::threadblock::MmaPolicy<cutlass::gemm::warp::MmaTensorOp<cutlass::gemm::GemmShape<(int)64, (int)64, (int)64>, signed char, cutlass::layout::RowMajorTensorOpMultiplicandCrosswise<(int)8, (int)128>, signed char, cutlass::layout::ColumnMajorTensorOpMultiplicandCrosswise<(int)8, (int)128>, int, cutlass::layout::RowMajor, cutlass::gemm::warp::MmaTensorOpPolicy<cutlass::arch::Mma<cutlass::gemm::GemmShape<(int)16, (int)8, (int)32>, (int)32, signed char, cutlass::layout::RowMajor, signed char, cutlass::layout::ColumnMajor, int, cutlass::layout::RowMajor, cutlass::arch::OpMultiplyAddSaturate>, cutlass::MatrixShape<(int)1, (int)1>>, (int)2, (bool)0, bool>, cutlass::MatrixShape<(int)0, (int)0>, cutlass::MatrixShape<(int)0, (int)0>, (int)2>, (int)3, bool>, cutlass::epilogue::threadblock::EpilogueWithVisitorCallbacks<cutlass::epilogue::threadblock::Epilogue<cutlass::gemm::GemmShape<(int)128, (int)128, (int)128>, cutlass::gemm::warp::MmaTensorOp<cutlass::gemm::GemmShape<(int)64, (int)64, (int)64>, signed char, cutlass::layout::RowMajorTensorOpMultiplicandCrosswise<(int)8, (int)128>, signed char, cutlass::layout::ColumnMajorTensorOpMultiplicandCrosswise<(int)8, (int)128>, int, cutlass::layout::RowMajor, cutlass::gemm::warp::MmaTensorOpPolicy<cutlass::arch::Mma<cutlass::gemm::GemmShape<(int)16, (int)8, (int)32>, (int)32, signed char, cutlass::layout::RowMajor, signed char, cutlass::layout::ColumnMajor, int, cutlass::layout::RowMajor, cutlass::arch::OpMultiplyAddSaturate>, cutlass::MatrixShape<(int)1, (int)1>>, (int)2, (bool)0, bool>, (int)2, cutlass::epilogue::threadblock::PredicatedTileIteratorConv<cutlass::epilogue::threadblock::OutputTileOptimalThreadMap<cutlass::epilogue::threadblock::OutputTileShape<(int)128, (int)8, (int)2, (int)1, (int)1>, cutlass::epilogue::threadblock::OutputTileShape<(int)1, (int)8, (int)1, (int)1, (int)8>, (int)256, (int)8, (int)16>, cutlass::half_t, (bool)0, cutlass::layout::NoPermute, (bool)0, (int)4>, cutlass::epilogue::warp::FragmentIteratorTensorOp<cutlass::gemm::GemmShape<(int)64, (int)64, (int)64>, cutlass::gemm::GemmShape<(int)16, (int)8, (int)32>, int, cutlass::Array<int, (int)4, (bool)1>, cutlass::layout::RowMajor>, cutlass::epilogue::warp::TileIteratorTensorOpMixed<cutlass::gemm::GemmShape<(int)64, (int)64, (int)64>, cutlass::gemm::GemmShape<(int)16, (int)8, (int)32>, int, (int)32, (int)16, (int)8, (int)8, (bool)0>, cutlass::epilogue::threadblock::SharedLoadIteratorMixed<cutlass::epilogue::threadblock::OutputTileOptimalThreadMap<cutlass::epilogue::threadblock::OutputTileShape<(int)128, (int)8, (int)2, (int)1, (int)1>, cutlass::epilogue::threadblock::OutputTileShape<(int)1, (int)8, (int)1, (int)1, (int)8>, (int)256, (int)8, (int)16>::CompactedThreadMap, int, (int)32, (int)16, (int)8, (int)8, (bool)0>, cutlass::epilogue::thread::LinearCombination<cutlass::half_t, (int)8, int, float, (cutlass::epilogue::thread::ScaleType::Kind)0, (cutlass::FloatRoundStyle)2, cutlass::half_t>, cutlass::MatrixShape<(int)0, (int)8>, (int)1, (int)1>, cutlass::epilogue::threadblock::TreeVisitor2x<cutlass::epilogue::threadblock::VisitorAuxStore<cutlass::epilogue::threadblock::OutputTileThreadLayout<cutlass::gemm::GemmShape<(int)128, (int)128, (int)128>, cutlass::gemm::GemmShape<(int)64, (int)64, (int)64>, cutlass::half_t, (int)8, (int)1>, cutlass::half_t, (cutlass::FloatRoundStyle)2, cute::tuple<long, cute::C<(int)1>, long>>, cutlass::epilogue::threadblock::TreeVisitor2x<cutlass::epilogue::threadblock::VisitorCompute<cutlass::plus, float, float, (cutlass::FloatRoundStyle)2, void>, cutlass::epilogue::threadblock::TreeVisitor2x<cutlass::epilogue::threadblock::VisitorCompute<cutlass::multiplies, float, float, (cutlass::FloatRoundStyle)2, void>, cutlass::epilogue::threadblock::TreeVisitor2x<cutlass::epilogue::threadblock::VisitorCompute<cutlass::multiplies, float, float, (cutlass::FloatRoundStyle)2, void>, cutlass::epilogue::threadblock::VisitorAccFetch, cutlass::epilogue::threadblock::VisitorScalarBroadcast<float, cute::tuple<cute::C<(int)0>, cute::C<(int)0>, cute::C<(int)0>>, (int)1, cutlass::multiplies>>, cutlass::epilogue::threadblock::VisitorRowBroadcast<cutlass::epilogue::threadblock::OutputTileThreadLayout<cutlass::gemm::GemmShape<(int)128, (int)128, (int)128>, cutlass::gemm::GemmShape<(int)64, (int)64, (int)64>, cutlass::half_t, (int)8, (int)1>, float, cute::tuple<cute::C<(int)0>, cute::C<(int)1>, int>, (bool)1>>, cutlass::epilogue::threadblock::VisitorRowBroadcast<cutlass::epilogue::threadblock::OutputTileThreadLayout<cutlass::gemm::GemmShape<(int)128, (int)128, (int)128>, cutlass::gemm::GemmShape<(int)64, (int)64, (int)64>, cutlass::half_t, (int)8, (int)1>, float, cute::tuple<cute::C<(int)0>, cute::C<(int)1>, int>, (bool)1>>>, (int)1, (int)1>, cutlass::gemm::threadblock::GemmIdentityThreadblockSwizzle<(int)1>, (cutlass::conv::Operator)0, cutlass::conv::Conv2dProblemSize>>(T1::Params)",11351098.0
L|resblock_updown|C384|T256,"void at::native::unrolled_elementwise_kernel<at::native::direct_copy_kernel_cuda(at::TensorIteratorBase &)::[lambda() (instance 3)]::operator ()() const::[lambda() (instance 10)]::operator ()() const::[lambda(c10::Half) (instance 1)], at::detail::Array<char *, (int)2>, TrivialOffsetCalculator<(int)1, unsigned int>, TrivialOffsetCalculator<(int)1, unsigned int>, at::native::memory::LoadWithCast<(int)1>, at::native::memory::StoreWithCast<(int)1>>(int, T1, T2, T3, T4, T5, T6)",10710932.0
L|resblock_plain|C192|T256,"void group_norm_silu_quantize_nhwc_vec2_kernel<__half, (bool)0>(const T1 *, signed char *, const T1 *, const T1 *, const T1 *, const T1 *, const float *, const float *, int, long, int, float, bool)",10708820.0
L|attention|C384|T256,"void group_norm_silu_quantize_nhwc_vec2_kernel<__half, (bool)1>(const T1 *, signed char *, const T1 *, const T1 *, const T1 *, const T1 *, const float *, const float *, int, long, int, float, bool)",9835718.0
L|resblock_plain|C1536|T16,"void group_norm_silu_quantize_nhwc_vec2_kernel<__half, (bool)0>(const T1 *, signed char *, const T1 *, const T1 *, const T1 *, const T1 *, const float *, const float *, int, long, int, float, bool)",9311906.0
L|resblock_updown|C384|T64,"void cutlass::Kernel<modiff::ImplicitGemmConvolutionEVT<cutlass::conv::threadblock::ImplicitGemmMultistage<cutlass::gemm::GemmShape<(int)128, (int)128, (int)128>, cutlass::conv::threadblock::Conv2dFpropActivationTileAccessIteratorOptimized<cutlass::MatrixShape<(int)128, (int)128>, signed char, cutlass::layout::TensorNHWC, cutlass::transform::PitchLinearWarpRakedThreadMap<cutlass::PitchLinearShape<(int)128, (int)128>, (int)256, cutlass::PitchLinearShape<(int)8, (int)4>, (int)16>, cutlass::AlignedArray<signed char, (int)16, (int)16>>, cutlass::transform::threadblock::RegularTileAccessIterator<cutlass::MatrixShape<(int)128, (int)128>, signed char, cutlass::layout::RowMajorTensorOpMultiplicandCrosswise<(int)8, (int)128>, (int)0, cutlass::transform::PitchLinearWarpRakedThreadMap<cutlass::PitchLinearShape<(int)128, (int)128>, (int)256, cutlass::PitchLinearShape<(int)8, (int)4>, (int)16>, (int)16>, (cutlass::arch::CacheOperation::Kind)0, cutlass::conv::threadblock::Conv2dFpropFilterTileAccessIteratorOptimized<cutlass::MatrixShape<(int)128, (int)128>, signed char, cutlass::layout::TensorNHWC, cutlass::transform::PitchLinearWarpRakedThreadMap<cutlass::PitchLinearShape<(int)128, (int)128>, (int)256, cutlass::PitchLinearShape<(int)8, (int)4>, (int)16>, cutlass::AlignedArray<signed char, (int)16, (int)16>, (bool)0>, cutlass::transform::threadblock::RegularTileAccessIterator<cutlass::MatrixShape<(int)128, (int)128>, signed char, cutlass::layout::ColumnMajorTensorOpMultiplicandCrosswise<(int)8, (int)128>, (int)1, cutlass::transform::PitchLinearWarpRakedThreadMap<cutlass::PitchLinearShape<(int)128, (int)128>, (int)256, cutlass::PitchLinearShape<(int)8, (int)4>, (int)16>, (int)16>, (cutlass::arch::CacheOperation::Kind)1, cutlass::gemm::threadblock::MmaPolicy<cutlass::gemm::warp::MmaTensorOp<cutlass::gemm::GemmShape<(int)64, (int)64, (int)64>, signed char, cutlass::layout::RowMajorTensorOpMultiplicandCrosswise<(int)8, (int)128>, signed char, cutlass::layout::ColumnMajorTensorOpMultiplicandCrosswise<(int)8, (int)128>, int, cutlass::layout::RowMajor, cutlass::gemm::warp::MmaTensorOpPolicy<cutlass::arch::Mma<cutlass::gemm::GemmShape<(int)16, (int)8, (int)32>, (int)32, signed char, cutlass::layout::RowMajor, signed char, cutlass::layout::ColumnMajor, int, cutlass::layout::RowMajor, cutlass::arch::OpMultiplyAddSaturate>, cutlass::MatrixShape<(int)1, (int)1>>, (int)2, (bool)0, bool>, cutlass::MatrixShape<(int)0, (int)0>, cutlass::MatrixShape<(int)0, (int)0>, (int)2>, (int)3, bool>, cutlass::epilogue::threadblock::EpilogueWithVisitorCallbacks<cutlass::epilogue::threadblock::Epilogue<cutlass::gemm::GemmShape<(int)128, (int)128, (int)128>, cutlass::gemm::warp::MmaTensorOp<cutlass::gemm::GemmShape<(int)64, (int)64, (int)64>, signed char, cutlass::layout::RowMajorTensorOpMultiplicandCrosswise<(int)8, (int)128>, signed char, cutlass::layout::ColumnMajorTensorOpMultiplicandCrosswise<(int)8, (int)128>, int, cutlass::layout::RowMajor, cutlass::gemm::warp::MmaTensorOpPolicy<cutlass::arch::Mma<cutlass::gemm::GemmShape<(int)16, (int)8, (int)32>, (int)32, signed char, cutlass::layout::RowMajor, signed char, cutlass::layout::ColumnMajor, int, cutlass::layout::RowMajor, cutlass::arch::OpMultiplyAddSaturate>, cutlass::MatrixShape<(int)1, (int)1>>, (int)2, (bool)0, bool>, (int)2, cutlass::epilogue::threadblock::PredicatedTileIteratorConv<cutlass::epilogue::threadblock::OutputTileOptimalThreadMap<cutlass::epilogue::threadblock::OutputTileShape<(int)128, (int)8, (int)2, (int)1, (int)1>, cutlass::epilogue::threadblock::OutputTileShape<(int)1, (int)8, (int)1, (int)1, (int)8>, (int)256, (int)8, (int)16>, cutlass::half_t, (bool)0, cutlass::layout::NoPermute, (bool)0, (int)4>, cutlass::epilogue::warp::FragmentIteratorTensorOp<cutlass::gemm::GemmShape<(int)64, (int)64, (int)64>, cutlass::gemm::GemmShape<(int)16, (int)8, (int)32>, int, cutlass::Array<int, (int)4, (bool)1>, cutlass::layout::RowMajor>, cutlass::epilogue::warp::TileIteratorTensorOpMixed<cutlass::gemm::GemmShape<(int)64, (int)64, (int)64>, cutlass::gemm::GemmShape<(int)16, (int)8, (int)32>, int, (int)32, (int)16, (int)8, (int)8, (bool)0>, cutlass::epilogue::threadblock::SharedLoadIteratorMixed<cutlass::epilogue::threadblock::OutputTileOptimalThreadMap<cutlass::epilogue::threadblock::OutputTileShape<(int)128, (int)8, (int)2, (int)1, (int)1>, cutlass::epilogue::threadblock::OutputTileShape<(int)1, (int)8, (int)1, (int)1, (int)8>, (int)256, (int)8, (int)16>::CompactedThreadMap, int, (int)32, (int)16, (int)8, (int)8, (bool)0>, cutlass::epilogue::thread::LinearCombination<cutlass::half_t, (int)8, int, float, (cutlass::epilogue::thread::ScaleType::Kind)0, (cutlass::FloatRoundStyle)2, cutlass::half_t>, cutlass::MatrixShape<(int)0, (int)8>, (int)1, (int)1>, cutlass::epilogue::threadblock::TreeVisitor2x<cutlass::epilogue::threadblock::VisitorAuxStore<cutlass::epilogue::threadblock::OutputTileThreadLayout<cutlass::gemm::GemmShape<(int)128, (int)128, (int)128>, cutlass::gemm::GemmShape<(int)64, (int)64, (int)64>, cutlass::half_t, (int)8, (int)1>, cutlass::half_t, (cutlass::FloatRoundStyle)2, cute::tuple<long, cute::C<(int)1>, long>>, cutlass::epilogue::threadblock::TreeVisitor2x<cutlass::epilogue::threadblock::VisitorCompute<cutlass::plus, float, float, (cutlass::FloatRoundStyle)2, void>, cutlass::epilogue::threadblock::TreeVisitor2x<cutlass::epilogue::threadblock::VisitorCompute<cutlass::plus, float, float, (cutlass::FloatRoundStyle)2, void>, cutlass::epilogue::threadblock::TreeVisitor2x<cutlass::epilogue::threadblock::VisitorCompute<cutlass::multiplies, float, float, (cutlass::FloatRoundStyle)2, void>, cutlass::epilogue::threadblock::TreeVisitor2x<cutlass::epilogue::threadblock::VisitorCompute<cutlass::multiplies, float, float, (cutlass::FloatRoundStyle)2, void>, cutlass::epilogue::threadblock::VisitorAccFetch, cutlass::epilogue::threadblock::VisitorScalarBroadcast<float, cute::tuple<cute::C<(int)0>, cute::C<(int)0>, cute::C<(int)0>>, (int)1, cutlass::multiplies>>, cutlass::epilogue::threadblock::VisitorRowBroadcast<cutlass::epilogue::threadblock::OutputTileThreadLayout<cutlass::gemm::GemmShape<(int)128, (int)128, (int)128>, cutlass::gemm::GemmShape<(int)64, (int)64, (int)64>, cutlass::half_t, (int)8, (int)1>, float, cute::tuple<cute::C<(int)0>, cute::C<(int)1>, int>, (bool)1>>, cutlass::epilogue::threadblock::VisitorRowBroadcast<cutlass::epilogue::threadblock::OutputTileThreadLayout<cutlass::gemm::GemmShape<(int)128, (int)128, (int)128>, cutlass::gemm::GemmShape<(int)64, (int)64, (int)64>, cutlass::half_t, (int)8, (int)1>, float, cute::tuple<cute::C<(int)0>, cute::C<(int)1>, int>, (bool)1>>, cutlass::epilogue::threadblock::VisitorAuxLoad<cutlass::epilogue::threadblock::OutputTileThreadLayout<cutlass::gemm::GemmShape<(int)128, (int)128, (int)128>, cutlass::gemm::GemmShape<(int)64, (int)64, (int)64>, cutlass::half_t, (int)8, (int)1>, cutlass::half_t, cute::tuple<long, cute::C<(int)1>, long>>>>, (int)1, (int)1>, cutlass::gemm::threadblock::GemmIdentityThreadblockSwizzle<(int)1>, (cutlass::conv::Operator)0, cutlass::conv::Conv2dProblemSize>>(T1::Params)",9132198.0
L|resblock_updown|C768|T16,"void cutlass::Kernel<modiff::ImplicitGemmConvolutionEVT<cutlass::conv::threadblock::ImplicitGemmMultistage<cutlass::gemm::GemmShape<(int)128, (int)128, (int)128>, cutlass::conv::threadblock::Conv2dFpropActivationTileAccessIteratorOptimized<cutlass::MatrixShape<(int)128, (int)128>, signed char, cutlass::layout::TensorNHWC, cutlass::transform::PitchLinearWarpRakedThreadMap<cutlass::PitchLinearShape<(int)128, (int)128>, (int)256, cutlass::PitchLinearShape<(int)8, (int)4>, (int)16>, cutlass::AlignedArray<signed char, (int)16, (int)16>>, cutlass::transform::threadblock::RegularTileAccessIterator<cutlass::MatrixShape<(int)128, (int)128>, signed char, cutlass::layout::RowMajorTensorOpMultiplicandCrosswise<(int)8, (int)128>, (int)0, cutlass::transform::PitchLinearWarpRakedThreadMap<cutlass::PitchLinearShape<(int)128, (int)128>, (int)256, cutlass::PitchLinearShape<(int)8, (int)4>, (int)16>, (int)16>, (cutlass::arch::CacheOperation::Kind)0, cutlass::conv::threadblock::Conv2dFpropFilterTileAccessIteratorOptimized<cutlass::MatrixShape<(int)128, (int)128>, signed char, cutlass::layout::TensorNHWC, cutlass::transform::PitchLinearWarpRakedThreadMap<cutlass::PitchLinearShape<(int)128, (int)128>, (int)256, cutlass::PitchLinearShape<(int)8, (int)4>, (int)16>, cutlass::AlignedArray<signed char, (int)16, (int)16>, (bool)0>, cutlass::transform::threadblock::RegularTileAccessIterator<cutlass::MatrixShape<(int)128, (int)128>, signed char, cutlass::layout::ColumnMajorTensorOpMultiplicandCrosswise<(int)8, (int)128>, (int)1, cutlass::transform::PitchLinearWarpRakedThreadMap<cutlass::PitchLinearShape<(int)128, (int)128>, (int)256, cutlass::PitchLinearShape<(int)8, (int)4>, (int)16>, (int)16>, (cutlass::arch::CacheOperation::Kind)1, cutlass::gemm::threadblock::MmaPolicy<cutlass::gemm::warp::MmaTensorOp<cutlass::gemm::GemmShape<(int)64, (int)64, (int)64>, signed char, cutlass::layout::RowMajorTensorOpMultiplicandCrosswise<(int)8, (int)128>, signed char, cutlass::layout::ColumnMajorTensorOpMultiplicandCrosswise<(int)8, (int)128>, int, cutlass::layout::RowMajor, cutlass::gemm::warp::MmaTensorOpPolicy<cutlass::arch::Mma<cutlass::gemm::GemmShape<(int)16, (int)8, (int)32>, (int)32, signed char, cutlass::layout::RowMajor, signed char, cutlass::layout::ColumnMajor, int, cutlass::layout::RowMajor, cutlass::arch::OpMultiplyAddSaturate>, cutlass::MatrixShape<(int)1, (int)1>>, (int)2, (bool)0, bool>, cutlass::MatrixShape<(int)0, (int)0>, cutlass::MatrixShape<(int)0, (int)0>, (int)2>, (int)3, bool>, cutlass::epilogue::threadblock::EpilogueWithVisitorCallbacks<cutlass::epilogue::threadblock::Epilogue<cutlass::gemm::GemmShape<(int)128, (int)128, (int)128>, cutlass::gemm::warp::MmaTensorOp<cutlass::gemm::GemmShape<(int)64, (int)64, (int)64>, signed char, cutlass::layout::RowMajorTensorOpMultiplicandCrosswise<(int)8, (int)128>, signed char, cutlass::layout::ColumnMajorTensorOpMultiplicandCrosswise<(int)8, (int)128>, int, cutlass::layout::RowMajor, cutlass::gemm::warp::MmaTensorOpPolicy<cutlass::arch::Mma<cutlass::gemm::GemmShape<(int)16, (int)8, (int)32>, (int)32, signed char, cutlass::layout::RowMajor, signed char, cutlass::layout::ColumnMajor, int, cutlass::layout::RowMajor, cutlass::arch::OpMultiplyAddSaturate>, cutlass::MatrixShape<(int)1, (int)1>>, (int)2, (bool)0, bool>, (int)2, cutlass::epilogue::threadblock::PredicatedTileIteratorConv<cutlass::epilogue::threadblock::OutputTileOptimalThreadMap<cutlass::epilogue::threadblock::OutputTileShape<(int)128, (int)8, (int)2, (int)1, (int)1>, cutlass::epilogue::threadblock::OutputTileShape<(int)1, (int)8, (int)1, (int)1, (int)8>, (int)256, (int)8, (int)16>, cutlass::half_t, (bool)0, cutlass::layout::NoPermute, (bool)0, (int)4>, cutlass::epilogue::warp::FragmentIteratorTensorOp<cutlass::gemm::GemmShape<(int)64, (int)64, (int)64>, cutlass::gemm::GemmShape<(int)16, (int)8, (int)32>, int, cutlass::Array<int, (int)4, (bool)1>, cutlass::layout::RowMajor>, cutlass::epilogue::warp::TileIteratorTensorOpMixed<cutlass::gemm::GemmShape<(int)64, (int)64, (int)64>, cutlass::gemm::GemmShape<(int)16, (int)8, (int)32>, int, (int)32, (int)16, (int)8, (int)8, (bool)0>, cutlass::epilogue::threadblock::SharedLoadIteratorMixed<cutlass::epilogue::threadblock::OutputTileOptimalThreadMap<cutlass::epilogue::threadblock::OutputTileShape<(int)128, (int)8, (int)2, (int)1, (int)1>, cutlass::epilogue::threadblock::OutputTileShape<(int)1, (int)8, (int)1, (int)1, (int)8>, (int)256, (int)8, (int)16>::CompactedThreadMap, int, (int)32, (int)16, (int)8, (int)8, (bool)0>, cutlass::epilogue::thread::LinearCombination<cutlass::half_t, (int)8, int, float, (cutlass::epilogue::thread::ScaleType::Kind)0, (cutlass::FloatRoundStyle)2, cutlass::half_t>, cutlass::MatrixShape<(int)0, (int)8>, (int)1, (int)1>, cutlass::epilogue::threadblock::TreeVisitor2x<cutlass::epilogue::threadblock::VisitorAuxStore<cutlass::epilogue::threadblock::OutputTileThreadLayout<cutlass::gemm::GemmShape<(int)128, (int)128, (int)128>, cutlass::gemm::GemmShape<(int)64, (int)64, (int)64>, cutlass::half_t, (int)8, (int)1>, cutlass::half_t, (cutlass::FloatRoundStyle)2, cute::tuple<long, cute::C<(int)1>, long>>, cutlass::epilogue::threadblock::TreeVisitor2x<cutlass::epilogue::threadblock::VisitorCompute<cutlass::plus, float, float, (cutlass::FloatRoundStyle)2, void>, cutlass::epilogue::threadblock::TreeVisitor2x<cutlass::epilogue::threadblock::VisitorCompute<cutlass::plus, float, float, (cutlass::FloatRoundStyle)2, void>, cutlass::epilogue::threadblock::TreeVisitor2x<cutlass::epilogue::threadblock::VisitorCompute<cutlass::multiplies, float, float, (cutlass::FloatRoundStyle)2, void>, cutlass::epilogue::threadblock::TreeVisitor2x<cutlass::epilogue::threadblock::VisitorCompute<cutlass::multiplies, float, float, (cutlass::FloatRoundStyle)2, void>, cutlass::epilogue::threadblock::VisitorAccFetch, cutlass::epilogue::threadblock::VisitorScalarBroadcast<float, cute::tuple<cute::C<(int)0>, cute::C<(int)0>, cute::C<(int)0>>, (int)1, cutlass::multiplies>>, cutlass::epilogue::threadblock::VisitorRowBroadcast<cutlass::epilogue::threadblock::OutputTileThreadLayout<cutlass::gemm::GemmShape<(int)128, (int)128, (int)128>, cutlass::gemm::GemmShape<(int)64, (int)64, (int)64>, cutlass::half_t, (int)8, (int)1>, float, cute::tuple<cute::C<(int)0>, cute::C<(int)1>, int>, (bool)1>>, cutlass::epilogue::threadblock::VisitorRowBroadcast<cutlass::epilogue::threadblock::OutputTileThreadLayout<cutlass::gemm::GemmShape<(int)128, (int)128, (int)128>, cutlass::gemm::GemmShape<(int)64, (int)64, (int)64>, cutlass::half_t, (int)8, (int)1>, float, cute::tuple<cute::C<(int)0>, cute::C<(int)1>, int>, (bool)1>>, cutlass::epilogue::threadblock::VisitorAuxLoad<cutlass::epilogue::threadblock::OutputTileThreadLayout<cutlass::gemm::GemmShape<(int)128, (int)128, (int)128>, cutlass::gemm::GemmShape<(int)64, (int)64, (int)64>, cutlass::half_t, (int)8, (int)1>, cutlass::half_t, cute::tuple<long, cute::C<(int)1>, long>>>>, (int)1, (int)1>, cutlass::gemm::threadblock::GemmIdentityThreadblockSwizzle<(int)1>, (cutlass::conv::Operator)0, cutlass::conv::Conv2dProblemSize>>(T1::Params)",9067497.0
L|resblock_plain|C768|T64,"void cutlass::Kernel<modiff::ImplicitGemmConvolutionEVT<cutlass::conv::threadblock::ImplicitGemmMultistage<cutlass::gemm::GemmShape<(int)128, (int)128, (int)128>, cutlass::conv::threadblock::Conv2dFpropActivationTileAccessIteratorOptimized<cutlass::MatrixShape<(int)128, (int)128>, signed char, cutlass::layout::TensorNHWC, cutlass::transform::PitchLinearWarpRakedThreadMap<cutlass::PitchLinearShape<(int)128, (int)128>, (int)256, cutlass::PitchLinearShape<(int)8, (int)4>, (int)16>, cutlass::AlignedArray<signed char, (int)16, (int)16>>, cutlass::transform::threadblock::RegularTileAccessIterator<cutlass::MatrixShape<(int)128, (int)128>, signed char, cutlass::layout::RowMajorTensorOpMultiplicandCrosswise<(int)8, (int)128>, (int)0, cutlass::transform::PitchLinearWarpRakedThreadMap<cutlass::PitchLinearShape<(int)128, (int)128>, (int)256, cutlass::PitchLinearShape<(int)8, (int)4>, (int)16>, (int)16>, (cutlass::arch::CacheOperation::Kind)0, cutlass::conv::threadblock::Conv2dFpropFilterTileAccessIteratorOptimized<cutlass::MatrixShape<(int)128, (int)128>, signed char, cutlass::layout::TensorNHWC, cutlass::transform::PitchLinearWarpRakedThreadMap<cutlass::PitchLinearShape<(int)128, (int)128>, (int)256, cutlass::PitchLinearShape<(int)8, (int)4>, (int)16>, cutlass::AlignedArray<signed char, (int)16, (int)16>, (bool)0>, cutlass::transform::threadblock::RegularTileAccessIterator<cutlass::MatrixShape<(int)128, (int)128>, signed char, cutlass::layout::ColumnMajorTensorOpMultiplicandCrosswise<(int)8, (int)128>, (int)1, cutlass::transform::PitchLinearWarpRakedThreadMap<cutlass::PitchLinearShape<(int)128, (int)128>, (int)256, cutlass::PitchLinearShape<(int)8, (int)4>, (int)16>, (int)16>, (cutlass::arch::CacheOperation::Kind)1, cutlass::gemm::threadblock::MmaPolicy<cutlass::gemm::warp::MmaTensorOp<cutlass::gemm::GemmShape<(int)64, (int)64, (int)64>, signed char, cutlass::layout::RowMajorTensorOpMultiplicandCrosswise<(int)8, (int)128>, signed char, cutlass::layout::ColumnMajorTensorOpMultiplicandCrosswise<(int)8, (int)128>, int, cutlass::layout::RowMajor, cutlass::gemm::warp::MmaTensorOpPolicy<cutlass::arch::Mma<cutlass::gemm::GemmShape<(int)16, (int)8, (int)32>, (int)32, signed char, cutlass::layout::RowMajor, signed char, cutlass::layout::ColumnMajor, int, cutlass::layout::RowMajor, cutlass::arch::OpMultiplyAddSaturate>, cutlass::MatrixShape<(int)1, (int)1>>, (int)2, (bool)0, bool>, cutlass::MatrixShape<(int)0, (int)0>, cutlass::MatrixShape<(int)0, (int)0>, (int)2>, (int)3, bool>, cutlass::epilogue::threadblock::EpilogueWithVisitorCallbacks<cutlass::epilogue::threadblock::Epilogue<cutlass::gemm::GemmShape<(int)128, (int)128, (int)128>, cutlass::gemm::warp::MmaTensorOp<cutlass::gemm::GemmShape<(int)64, (int)64, (int)64>, signed char, cutlass::layout::RowMajorTensorOpMultiplicandCrosswise<(int)8, (int)128>, signed char, cutlass::layout::ColumnMajorTensorOpMultiplicandCrosswise<(int)8, (int)128>, int, cutlass::layout::RowMajor, cutlass::gemm::warp::MmaTensorOpPolicy<cutlass::arch::Mma<cutlass::gemm::GemmShape<(int)16, (int)8, (int)32>, (int)32, signed char, cutlass::layout::RowMajor, signed char, cutlass::layout::ColumnMajor, int, cutlass::layout::RowMajor, cutlass::arch::OpMultiplyAddSaturate>, cutlass::MatrixShape<(int)1, (int)1>>, (int)2, (bool)0, bool>, (int)2, cutlass::epilogue::threadblock::PredicatedTileIteratorConv<cutlass::epilogue::threadblock::OutputTileOptimalThreadMap<cutlass::epilogue::threadblock::OutputTileShape<(int)128, (int)8, (int)2, (int)1, (int)1>, cutlass::epilogue::threadblock::OutputTileShape<(int)1, (int)8, (int)1, (int)1, (int)8>, (int)256, (int)8, (int)16>, cutlass::half_t, (bool)0, cutlass::layout::NoPermute, (bool)0, (int)4>, cutlass::epilogue::warp::FragmentIteratorTensorOp<cutlass::gemm::GemmShape<(int)64, (int)64, (int)64>, cutlass::gemm::GemmShape<(int)16, (int)8, (int)32>, int, cutlass::Array<int, (int)4, (bool)1>, cutlass::layout::RowMajor>, cutlass::epilogue::warp::TileIteratorTensorOpMixed<cutlass::gemm::GemmShape<(int)64, (int)64, (int)64>, cutlass::gemm::GemmShape<(int)16, (int)8, (int)32>, int, (int)32, (int)16, (int)8, (int)8, (bool)0>, cutlass::epilogue::threadblock::SharedLoadIteratorMixed<cutlass::epilogue::threadblock::OutputTileOptimalThreadMap<cutlass::epilogue::threadblock::OutputTileShape<(int)128, (int)8, (int)2, (int)1, (int)1>, cutlass::epilogue::threadblock::OutputTileShape<(int)1, (int)8, (int)1, (int)1, (int)8>, (int)256, (int)8, (int)16>::CompactedThreadMap, int, (int)32, (int)16, (int)8, (int)8, (bool)0>, cutlass::epilogue::thread::LinearCombination<cutlass::half_t, (int)8, int, float, (cutlass::epilogue::thread::ScaleType::Kind)0, (cutlass::FloatRoundStyle)2, cutlass::half_t>, cutlass::MatrixShape<(int)0, (int)8>, (int)1, (int)1>, cutlass::epilogue::threadblock::TreeVisitor2x<cutlass::epilogue::threadblock::VisitorAuxStore<cutlass::epilogue::threadblock::OutputTileThreadLayout<cutlass::gemm::GemmShape<(int)128, (int)128, (int)128>, cutlass::gemm::GemmShape<(int)64, (int)64, (int)64>, cutlass::half_t, (int)8, (int)1>, cutlass::half_t, (cutlass::FloatRoundStyle)2, cute::tuple<long, cute::C<(int)1>, long>>, cutlass::epilogue::threadblock::TreeVisitor2x<cutlass::epilogue::threadblock::VisitorCompute<cutlass::plus, float, float, (cutlass::FloatRoundStyle)2, void>, cutlass::epilogue::threadblock::TreeVisitor2x<cutlass::epilogue::threadblock::VisitorCompute<cutlass::multiplies, float, float, (cutlass::FloatRoundStyle)2, void>, cutlass::epilogue::threadblock::TreeVisitor2x<cutlass::epilogue::threadblock::VisitorCompute<cutlass::multiplies, float, float, (cutlass::FloatRoundStyle)2, void>, cutlass::epilogue::threadblock::VisitorAccFetch, cutlass::epilogue::threadblock::VisitorScalarBroadcast<float, cute::tuple<cute::C<(int)0>, cute::C<(int)0>, cute::C<(int)0>>, (int)1, cutlass::multiplies>>, cutlass::epilogue::threadblock::VisitorRowBroadcast<cutlass::epilogue::threadblock::OutputTileThreadLayout<cutlass::gemm::GemmShape<(int)128, (int)128, (int)128>, cutlass::gemm::GemmShape<(int)64, (int)64, (int)64>, cutlass::half_t, (int)8, (int)1>, float, cute::tuple<cute::C<(int)0>, cute::C<(int)1>, int>, (bool)1>>, cutlass::epilogue::threadblock::VisitorRowBroadcast<cutlass::epilogue::threadblock::OutputTileThreadLayout<cutlass::gemm::GemmShape<(int)128, (int)128, (int)128>, cutlass::gemm::GemmShape<(int)64, (int)64, (int)64>, cutlass::half_t, (int)8, (int)1>, float, cute::tuple<cute::C<(int)0>, cute::C<(int)1>, int>, (bool)1>>>, (int)1, (int)1>, cutlass::gemm::threadblock::GemmIdentityThreadblockSwizzle<(int)1>, (cutlass::conv::Operator)0, cutlass::conv::Conv2dProblemSize>>(T1::Params)",9015458.0
L|resblock_plain|C1152|T64,"void group_norm_silu_quantize_nhwc_vec2_kernel<__half, (bool)0>(const T1 *, signed char *, const T1 *, const T1 *, const T1 *, const T1 *, const float *, const float *, int, long, int, float, bool)",8987974.0
L|attention|C384|T64,"void gemm_w8a8_kernel_awq_out_i8<(int)2>(const signed char *, const signed char *, const float *, float, const float *, const __half *, signed char *, int, int, int, int, signed char *, signed char *, signed char *, int, int, int, int)",8982818.0
L|resblock_updown|C768|T16,"void cutlass::Kernel<modiff::ImplicitGemmConvolutionEVT<cutlass::conv::threadblock::ImplicitGemmMultistage<cutlass::gemm::GemmShape<(int)128, (int)128, (int)128>, cutlass::conv::threadblock::Conv2dFpropActivationTileAccessIteratorOptimized<cutlass::MatrixShape<(int)128, (int)128>, signed char, cutlass::layout::TensorNHWC, cutlass::transform::PitchLinearWarpRakedThreadMap<cutlass::PitchLinearShape<(int)128, (int)128>, (int)256, cutlass::PitchLinearShape<(int)8, (int)4>, (int)16>, cutlass::AlignedArray<signed char, (int)16, (int)16>>, cutlass::transform::threadblock::RegularTileAccessIterator<cutlass::MatrixShape<(int)128, (int)128>, signed char, cutlass::layout::RowMajorTensorOpMultiplicandCrosswise<(int)8, (int)128>, (int)0, cutlass::transform::PitchLinearWarpRakedThreadMap<cutlass::PitchLinearShape<(int)128, (int)128>, (int)256, cutlass::PitchLinearShape<(int)8, (int)4>, (int)16>, (int)16>, (cutlass::arch::CacheOperation::Kind)0, cutlass::conv::threadblock::Conv2dFpropFilterTileAccessIteratorOptimized<cutlass::MatrixShape<(int)128, (int)128>, signed char, cutlass::layout::TensorNHWC, cutlass::transform::PitchLinearWarpRakedThreadMap<cutlass::PitchLinearShape<(int)128, (int)128>, (int)256, cutlass::PitchLinearShape<(int)8, (int)4>, (int)16>, cutlass::AlignedArray<signed char, (int)16, (int)16>, (bool)0>, cutlass::transform::threadblock::RegularTileAccessIterator<cutlass::MatrixShape<(int)128, (int)128>, signed char, cutlass::layout::ColumnMajorTensorOpMultiplicandCrosswise<(int)8, (int)128>, (int)1, cutlass::transform::PitchLinearWarpRakedThreadMap<cutlass::PitchLinearShape<(int)128, (int)128>, (int)256, cutlass::PitchLinearShape<(int)8, (int)4>, (int)16>, (int)16>, (cutlass::arch::CacheOperation::Kind)1, cutlass::gemm::threadblock::MmaPolicy<cutlass::gemm::warp::MmaTensorOp<cutlass::gemm::GemmShape<(int)64, (int)64, (int)64>, signed char, cutlass::layout::RowMajorTensorOpMultiplicandCrosswise<(int)8, (int)128>, signed char, cutlass::layout::ColumnMajorTensorOpMultiplicandCrosswise<(int)8, (int)128>, int, cutlass::layout::RowMajor, cutlass::gemm::warp::MmaTensorOpPolicy<cutlass::arch::Mma<cutlass::gemm::GemmShape<(int)16, (int)8, (int)32>, (int)32, signed char, cutlass::layout::RowMajor, signed char, cutlass::layout::ColumnMajor, int, cutlass::layout::RowMajor, cutlass::arch::OpMultiplyAddSaturate>, cutlass::MatrixShape<(int)1, (int)1>>, (int)2, (bool)0, bool>, cutlass::MatrixShape<(int)0, (int)0>, cutlass::MatrixShape<(int)0, (int)0>, (int)2>, (int)3, bool>, cutlass::epilogue::threadblock::EpilogueWithVisitorCallbacks<cutlass::epilogue::threadblock::Epilogue<cutlass::gemm::GemmShape<(int)128, (int)128, (int)128>, cutlass::gemm::warp::MmaTensorOp<cutlass::gemm::GemmShape<(int)64, (int)64, (int)64>, signed char, cutlass::layout::RowMajorTensorOpMultiplicandCrosswise<(int)8, (int)128>, signed char, cutlass::layout::ColumnMajorTensorOpMultiplicandCrosswise<(int)8, (int)128>, int, cutlass::layout::RowMajor, cutlass::gemm::warp::MmaTensorOpPolicy<cutlass::arch::Mma<cutlass::gemm::GemmShape<(int)16, (int)8, (int)32>, (int)32, signed char, cutlass::layout::RowMajor, signed char, cutlass::layout::ColumnMajor, int, cutlass::layout::RowMajor, cutlass::arch::OpMultiplyAddSaturate>, cutlass::MatrixShape<(int)1, (int)1>>, (int)2, (bool)0, bool>, (int)2, cutlass::epilogue::threadblock::PredicatedTileIteratorConv<cutlass::epilogue::threadblock::OutputTileOptimalThreadMap<cutlass::epilogue::threadblock::OutputTileShape<(int)128, (int)8, (int)2, (int)1, (int)1>, cutlass::epilogue::threadblock::OutputTileShape<(int)1, (int)8, (int)1, (int)1, (int)8>, (int)256, (int)8, (int)16>, cutlass::half_t, (bool)0, cutlass::layout::NoPermute, (bool)0, (int)4>, cutlass::epilogue::warp::FragmentIteratorTensorOp<cutlass::gemm::GemmShape<(int)64, (int)64, (int)64>, cutlass::gemm::GemmShape<(int)16, (int)8, (int)32>, int, cutlass::Array<int, (int)4, (bool)1>, cutlass::layout::RowMajor>, cutlass::epilogue::warp::TileIteratorTensorOpMixed<cutlass::gemm::GemmShape<(int)64, (int)64, (int)64>, cutlass::gemm::GemmShape<(int)16, (int)8, (int)32>, int, (int)32, (int)16, (int)8, (int)8, (bool)0>, cutlass::epilogue::threadblock::SharedLoadIteratorMixed<cutlass::epilogue::threadblock::OutputTileOptimalThreadMap<cutlass::epilogue::threadblock::OutputTileShape<(int)128, (int)8, (int)2, (int)1, (int)1>, cutlass::epilogue::threadblock::OutputTileShape<(int)1, (int)8, (int)1, (int)1, (int)8>, (int)256, (int)8, (int)16>::CompactedThreadMap, int, (int)32, (int)16, (int)8, (int)8, (bool)0>, cutlass::epilogue::thread::LinearCombination<cutlass::half_t, (int)8, int, float, (cutlass::epilogue::thread::ScaleType::Kind)0, (cutlass::FloatRoundStyle)2, cutlass::half_t>, cutlass::MatrixShape<(int)0, (int)8>, (int)1, (int)1>, cutlass::epilogue::threadblock::TreeVisitor2x<cutlass::epilogue::threadblock::VisitorAuxStore<cutlass::epilogue::threadblock::OutputTileThreadLayout<cutlass::gemm::GemmShape<(int)128, (int)128, (int)128>, cutlass::gemm::GemmShape<(int)64, (int)64, (int)64>, cutlass::half_t, (int)8, (int)1>, cutlass::half_t, (cutlass::FloatRoundStyle)2, cute::tuple<long, cute::C<(int)1>, long>>, cutlass::epilogue::threadblock::TreeVisitor2x<cutlass::epilogue::threadblock::VisitorCompute<cutlass::plus, float, float, (cutlass::FloatRoundStyle)2, void>, cutlass::epilogue::threadblock::TreeVisitor2x<cutlass::epilogue::threadblock::VisitorCompute<cutlass::multiplies, float, float, (cutlass::FloatRoundStyle)2, void>, cutlass::epilogue::threadblock::TreeVisitor2x<cutlass::epilogue::threadblock::VisitorCompute<cutlass::multiplies, float, float, (cutlass::FloatRoundStyle)2, void>, cutlass::epilogue::threadblock::VisitorAccFetch, cutlass::epilogue::threadblock::VisitorScalarBroadcast<float, cute::tuple<cute::C<(int)0>, cute::C<(int)0>, cute::C<(int)0>>, (int)1, cutlass::multiplies>>, cutlass::epilogue::threadblock::VisitorRowBroadcast<cutlass::epilogue::threadblock::OutputTileThreadLayout<cutlass::gemm::GemmShape<(int)128, (int)128, (int)128>, cutlass::gemm::GemmShape<(int)64, (int)64, (int)64>, cutlass::half_t, (int)8, (int)1>, float, cute::tuple<cute::C<(int)0>, cute::C<(int)1>, int>, (bool)1>>, cutlass::epilogue::threadblock::VisitorRowBroadcast<cutlass::epilogue::threadblock::OutputTileThreadLayout<cutlass::gemm::GemmShape<(int)128, (int)128, (int)128>, cutlass::gemm::GemmShape<(int)64, (int)64, (int)64>, cutlass::half_t, (int)8, (int)1>, float, cute::tuple<cute::C<(int)0>, cute::C<(int)1>, int>, (bool)1>>>, (int)1, (int)1>, cutlass::gemm::threadblock::GemmIdentityThreadblockSwizzle<(int)1>, (cutlass::conv::Operator)0, cutlass::conv::Conv2dProblemSize>>(T1::Params)",8965130.0
L|resblock_updown|C384|T64,"void cutlass::Kernel<modiff::ImplicitGemmConvolutionEVT<cutlass::conv::threadblock::ImplicitGemmMultistage<cutlass::gemm::GemmShape<(int)128, (int)128, (int)128>, cutlass::conv::threadblock::Conv2dFpropActivationTileAccessIteratorOptimized<cutlass::MatrixShape<(int)128, (int)128>, signed char, cutlass::layout::TensorNHWC, cutlass::transform::PitchLinearWarpRakedThreadMap<cutlass::PitchLinearShape<(int)128, (int)128>, (int)256, cutlass::PitchLinearShape<(int)8, (int)4>, (int)16>, cutlass::AlignedArray<signed char, (int)16, (int)16>>, cutlass::transform::threadblock::RegularTileAccessIterator<cutlass::MatrixShape<(int)128, (int)128>, signed char, cutlass::layout::RowMajorTensorOpMultiplicandCrosswise<(int)8, (int)128>, (int)0, cutlass::transform::PitchLinearWarpRakedThreadMap<cutlass::PitchLinearShape<(int)128, (int)128>, (int)256, cutlass::PitchLinearShape<(int)8, (int)4>, (int)16>, (int)16>, (cutlass::arch::CacheOperation::Kind)0, cutlass::conv::threadblock::Conv2dFpropFilterTileAccessIteratorOptimized<cutlass::MatrixShape<(int)128, (int)128>, signed char, cutlass::layout::TensorNHWC, cutlass::transform::PitchLinearWarpRakedThreadMap<cutlass::PitchLinearShape<(int)128, (int)128>, (int)256, cutlass::PitchLinearShape<(int)8, (int)4>, (int)16>, cutlass::AlignedArray<signed char, (int)16, (int)16>, (bool)0>, cutlass::transform::threadblock::RegularTileAccessIterator<cutlass::MatrixShape<(int)128, (int)128>, signed char, cutlass::layout::ColumnMajorTensorOpMultiplicandCrosswise<(int)8, (int)128>, (int)1, cutlass::transform::PitchLinearWarpRakedThreadMap<cutlass::PitchLinearShape<(int)128, (int)128>, (int)256, cutlass::PitchLinearShape<(int)8, (int)4>, (int)16>, (int)16>, (cutlass::arch::CacheOperation::Kind)1, cutlass::gemm::threadblock::MmaPolicy<cutlass::gemm::warp::MmaTensorOp<cutlass::gemm::GemmShape<(int)64, (int)64, (int)64>, signed char, cutlass::layout::RowMajorTensorOpMultiplicandCrosswise<(int)8, (int)128>, signed char, cutlass::layout::ColumnMajorTensorOpMultiplicandCrosswise<(int)8, (int)128>, int, cutlass::layout::RowMajor, cutlass::gemm::warp::MmaTensorOpPolicy<cutlass::arch::Mma<cutlass::gemm::GemmShape<(int)16, (int)8, (int)32>, (int)32, signed char, cutlass::layout::RowMajor, signed char, cutlass::layout::ColumnMajor, int, cutlass::layout::RowMajor, cutlass::arch::OpMultiplyAddSaturate>, cutlass::MatrixShape<(int)1, (int)1>>, (int)2, (bool)0, bool>, cutlass::MatrixShape<(int)0, (int)0>, cutlass::MatrixShape<(int)0, (int)0>, (int)2>, (int)3, bool>, cutlass::epilogue::threadblock::EpilogueWithVisitorCallbacks<cutlass::epilogue::threadblock::Epilogue<cutlass::gemm::GemmShape<(int)128, (int)128, (int)128>, cutlass::gemm::warp::MmaTensorOp<cutlass::gemm::GemmShape<(int)64, (int)64, (int)64>, signed char, cutlass::layout::RowMajorTensorOpMultiplicandCrosswise<(int)8, (int)128>, signed char, cutlass::layout::ColumnMajorTensorOpMultiplicandCrosswise<(int)8, (int)128>, int, cutlass::layout::RowMajor, cutlass::gemm::warp::MmaTensorOpPolicy<cutlass::arch::Mma<cutlass::gemm::GemmShape<(int)16, (int)8, (int)32>, (int)32, signed char, cutlass::layout::RowMajor, signed char, cutlass::layout::ColumnMajor, int, cutlass::layout::RowMajor, cutlass::arch::OpMultiplyAddSaturate>, cutlass::MatrixShape<(int)1, (int)1>>, (int)2, (bool)0, bool>, (int)2, cutlass::epilogue::threadblock::PredicatedTileIteratorConv<cutlass::epilogue::threadblock::OutputTileOptimalThreadMap<cutlass::epilogue::threadblock::OutputTileShape<(int)128, (int)8, (int)2, (int)1, (int)1>, cutlass::epilogue::threadblock::OutputTileShape<(int)1, (int)8, (int)1, (int)1, (int)8>, (int)256, (int)8, (int)16>, cutlass::half_t, (bool)0, cutlass::layout::NoPermute, (bool)0, (int)4>, cutlass::epilogue::warp::FragmentIteratorTensorOp<cutlass::gemm::GemmShape<(int)64, (int)64, (int)64>, cutlass::gemm::GemmShape<(int)16, (int)8, (int)32>, int, cutlass::Array<int, (int)4, (bool)1>, cutlass::layout::RowMajor>, cutlass::epilogue::warp::TileIteratorTensorOpMixed<cutlass::gemm::GemmShape<(int)64, (int)64, (int)64>, cutlass::gemm::GemmShape<(int)16, (int)8, (int)32>, int, (int)32, (int)16, (int)8, (int)8, (bool)0>, cutlass::epilogue::threadblock::SharedLoadIteratorMixed<cutlass::epilogue::threadblock::OutputTileOptimalThreadMap<cutlass::epilogue::threadblock::OutputTileShape<(int)128, (int)8, (int)2, (int)1, (int)1>, cutlass::epilogue::threadblock::OutputTileShape<(int)1, (int)8, (int)1, (int)1, (int)8>, (int)256, (int)8, (int)16>::CompactedThreadMap, int, (int)32, (int)16, (int)8, (int)8, (bool)0>, cutlass::epilogue::thread::LinearCombination<cutlass::half_t, (int)8, int, float, (cutlass::epilogue::thread::ScaleType::Kind)0, (cutlass::FloatRoundStyle)2, cutlass::half_t>, cutlass::MatrixShape<(int)0, (int)8>, (int)1, (int)1>, cutlass::epilogue::threadblock::TreeVisitor2x<cutlass::epilogue::threadblock::VisitorAuxStore<cutlass::epilogue::threadblock::OutputTileThreadLayout<cutlass::gemm::GemmShape<(int)128, (int)128, (int)128>, cutlass::gemm::GemmShape<(int)64, (int)64, (int)64>, cutlass::half_t, (int)8, (int)1>, cutlass::half_t, (cutlass::FloatRoundStyle)2, cute::tuple<long, cute::C<(int)1>, long>>, cutlass::epilogue::threadblock::TreeVisitor2x<cutlass::epilogue::threadblock::VisitorCompute<cutlass::plus, float, float, (cutlass::FloatRoundStyle)2, void>, cutlass::epilogue::threadblock::TreeVisitor2x<cutlass::epilogue::threadblock::VisitorCompute<cutlass::multiplies, float, float, (cutlass::FloatRoundStyle)2, void>, cutlass::epilogue::threadblock::TreeVisitor2x<cutlass::epilogue::threadblock::VisitorCompute<cutlass::multiplies, float, float, (cutlass::FloatRoundStyle)2, void>, cutlass::epilogue::threadblock::VisitorAccFetch, cutlass::epilogue::threadblock::VisitorScalarBroadcast<float, cute::tuple<cute::C<(int)0>, cute::C<(int)0>, cute::C<(int)0>>, (int)1, cutlass::multiplies>>, cutlass::epilogue::threadblock::VisitorRowBroadcast<cutlass::epilogue::threadblock::OutputTileThreadLayout<cutlass::gemm::GemmShape<(int)128, (int)128, (int)128>, cutlass::gemm::GemmShape<(int)64, (int)64, (int)64>, cutlass::half_t, (int)8, (int)1>, float, cute::tuple<cute::C<(int)0>, cute::C<(int)1>, int>, (bool)1>>, cutlass::epilogue::threadblock::VisitorRowBroadcast<cutlass::epilogue::threadblock::OutputTileThreadLayout<cutlass::gemm::GemmShape<(int)128, (int)128, (int)128>, cutlass::gemm::GemmShape<(int)64, (int)64, (int)64>, cutlass::half_t, (int)8, (int)1>, float, cute::tuple<cute::C<(int)0>, cute::C<(int)1>, int>, (bool)1>>>, (int)1, (int)1>, cutlass::gemm::threadblock::GemmIdentityThreadblockSwizzle<(int)1>, (cutlass::conv::Operator)0, cutlass::conv::Conv2dProblemSize>>(T1::Params)",8958408.0
L|resblock_plain|C1536|T4,"void cutlass::Kernel<modiff::ImplicitGemmConvolutionEVT<cutlass::conv::threadblock::ImplicitGemmMultistage<cutlass::gemm::GemmShape<(int)128, (int)128, (int)128>, cutlass::conv::threadblock::Conv2dFpropActivationTileAccessIteratorOptimized<cutlass::MatrixShape<(int)128, (int)128>, signed char, cutlass::layout::TensorNHWC, cutlass::transform::PitchLinearWarpRakedThreadMap<cutlass::PitchLinearShape<(int)128, (int)128>, (int)256, cutlass::PitchLinearShape<(int)8, (int)4>, (int)16>, cutlass::AlignedArray<signed char, (int)16, (int)16>>, cutlass::transform::threadblock::RegularTileAccessIterator<cutlass::MatrixShape<(int)128, (int)128>, signed char, cutlass::layout::RowMajorTensorOpMultiplicandCrosswise<(int)8, (int)128>, (int)0, cutlass::transform::PitchLinearWarpRakedThreadMap<cutlass::PitchLinearShape<(int)128, (int)128>, (int)256, cutlass::PitchLinearShape<(int)8, (int)4>, (int)16>, (int)16>, (cutlass::arch::CacheOperation::Kind)0, cutlass::conv::threadblock::Conv2dFpropFilterTileAccessIteratorOptimized<cutlass::MatrixShape<(int)128, (int)128>, signed char, cutlass::layout::TensorNHWC, cutlass::transform::PitchLinearWarpRakedThreadMap<cutlass::PitchLinearShape<(int)128, (int)128>, (int)256, cutlass::PitchLinearShape<(int)8, (int)4>, (int)16>, cutlass::AlignedArray<signed char, (int)16, (int)16>, (bool)0>, cutlass::transform::threadblock::RegularTileAccessIterator<cutlass::MatrixShape<(int)128, (int)128>, signed char, cutlass::layout::ColumnMajorTensorOpMultiplicandCrosswise<(int)8, (int)128>, (int)1, cutlass::transform::PitchLinearWarpRakedThreadMap<cutlass::PitchLinearShape<(int)128, (int)128>, (int)256, cutlass::PitchLinearShape<(int)8, (int)4>, (int)16>, (int)16>, (cutlass::arch::CacheOperation::Kind)1, cutlass::gemm::threadblock::MmaPolicy<cutlass::gemm::warp::MmaTensorOp<cutlass::gemm::GemmShape<(int)64, (int)64, (int)64>, signed char, cutlass::layout::RowMajorTensorOpMultiplicandCrosswise<(int)8, (int)128>, signed char, cutlass::layout::ColumnMajorTensorOpMultiplicandCrosswise<(int)8, (int)128>, int, cutlass::layout::RowMajor, cutlass::gemm::warp::MmaTensorOpPolicy<cutlass::arch::Mma<cutlass::gemm::GemmShape<(int)16, (int)8, (int)32>, (int)32, signed char, cutlass::layout::RowMajor, signed char, cutlass::layout::ColumnMajor, int, cutlass::layout::RowMajor, cutlass::arch::OpMultiplyAddSaturate>, cutlass::MatrixShape<(int)1, (int)1>>, (int)2, (bool)0, bool>, cutlass::MatrixShape<(int)0, (int)0>, cutlass::MatrixShape<(int)0, (int)0>, (int)2>, (int)3, bool>, cutlass::epilogue::threadblock::EpilogueWithVisitorCallbacks<cutlass::epilogue::threadblock::Epilogue<cutlass::gemm::GemmShape<(int)128, (int)128, (int)128>, cutlass::gemm::warp::MmaTensorOp<cutlass::gemm::GemmShape<(int)64, (int)64, (int)64>, signed char, cutlass::layout::RowMajorTensorOpMultiplicandCrosswise<(int)8, (int)128>, signed char, cutlass::layout::ColumnMajorTensorOpMultiplicandCrosswise<(int)8, (int)128>, int, cutlass::layout::RowMajor, cutlass::gemm::warp::MmaTensorOpPolicy<cutlass::arch::Mma<cutlass::gemm::GemmShape<(int)16, (int)8, (int)32>, (int)32, signed char, cutlass::layout::RowMajor, signed char, cutlass::layout::ColumnMajor, int, cutlass::layout::RowMajor, cutlass::arch::OpMultiplyAddSaturate>, cutlass::MatrixShape<(int)1, (int)1>>, (int)2, (bool)0, bool>, (int)2, cutlass::epilogue::threadblock::PredicatedTileIteratorConv<cutlass::epilogue::threadblock::OutputTileOptimalThreadMap<cutlass::epilogue::threadblock::OutputTileShape<(int)128, (int)8, (int)2, (int)1, (int)1>, cutlass::epilogue::threadblock::OutputTileShape<(int)1, (int)8, (int)1, (int)1, (int)8>, (int)256, (int)8, (int)16>, cutlass::half_t, (bool)0, cutlass::layout::NoPermute, (bool)0, (int)4>, cutlass::epilogue::warp::FragmentIteratorTensorOp<cutlass::gemm::GemmShape<(int)64, (int)64, (int)64>, cutlass::gemm::GemmShape<(int)16, (int)8, (int)32>, int, cutlass::Array<int, (int)4, (bool)1>, cutlass::layout::RowMajor>, cutlass::epilogue::warp::TileIteratorTensorOpMixed<cutlass::gemm::GemmShape<(int)64, (int)64, (int)64>, cutlass::gemm::GemmShape<(int)16, (int)8, (int)32>, int, (int)32, (int)16, (int)8, (int)8, (bool)0>, cutlass::epilogue::threadblock::SharedLoadIteratorMixed<cutlass::epilogue::threadblock::OutputTileOptimalThreadMap<cutlass::epilogue::threadblock::OutputTileShape<(int)128, (int)8, (int)2, (int)1, (int)1>, cutlass::epilogue::threadblock::OutputTileShape<(int)1, (int)8, (int)1, (int)1, (int)8>, (int)256, (int)8, (int)16>::CompactedThreadMap, int, (int)32, (int)16, (int)8, (int)8, (bool)0>, cutlass::epilogue::thread::LinearCombination<cutlass::half_t, (int)8, int, float, (cutlass::epilogue::thread::ScaleType::Kind)0, (cutlass::FloatRoundStyle)2, cutlass::half_t>, cutlass::MatrixShape<(int)0, (int)8>, (int)1, (int)1>, cutlass::epilogue::threadblock::TreeVisitor2x<cutlass::epilogue::threadblock::VisitorAuxStore<cutlass::epilogue::threadblock::OutputTileThreadLayout<cutlass::gemm::GemmShape<(int)128, (int)128, (int)128>, cutlass::gemm::GemmShape<(int)64, (int)64, (int)64>, cutlass::half_t, (int)8, (int)1>, cutlass::half_t, (cutlass::FloatRoundStyle)2, cute::tuple<long, cute::C<(int)1>, long>>, cutlass::epilogue::threadblock::TreeVisitor2x<cutlass::epilogue::threadblock::VisitorCompute<cutlass::plus, float, float, (cutlass::FloatRoundStyle)2, void>, cutlass::epilogue::threadblock::TreeVisitor2x<cutlass::epilogue::threadblock::VisitorCompute<cutlass::multiplies, float, float, (cutlass::FloatRoundStyle)2, void>, cutlass::epilogue::threadblock::TreeVisitor2x<cutlass::epilogue::threadblock::VisitorCompute<cutlass::multiplies, float, float, (cutlass::FloatRoundStyle)2, void>, cutlass::epilogue::threadblock::VisitorAccFetch, cutlass::epilogue::threadblock::VisitorScalarBroadcast<float, cute::tuple<cute::C<(int)0>, cute::C<(int)0>, cute::C<(int)0>>, (int)1, cutlass::multiplies>>, cutlass::epilogue::threadblock::VisitorRowBroadcast<cutlass::epilogue::threadblock::OutputTileThreadLayout<cutlass::gemm::GemmShape<(int)128, (int)128, (int)128>, cutlass::gemm::GemmShape<(int)64, (int)64, (int)64>, cutlass::half_t, (int)8, (int)1>, float, cute::tuple<cute::C<(int)0>, cute::C<(int)1>, int>, (bool)1>>, cutlass::epilogue::threadblock::VisitorRowBroadcast<cutlass::epilogue::threadblock::OutputTileThreadLayout<cutlass::gemm::GemmShape<(int)128, (int)128, (int)128>, cutlass::gemm::GemmShape<(int)64, (int)64, (int)64>, cutlass::half_t, (int)8, (int)1>, float, cute::tuple<cute::C<(int)0>, cute::C<(int)1>, int>, (bool)1>>>, (int)1, (int)1>, cutlass::gemm::threadblock::GemmIdentityThreadblockSwizzle<(int)1>, (cutlass::conv::Operator)0, cutlass::conv::Conv2dProblemSize>>(T1::Params)",8448033.0
L|resblock_plain|C384|T256,"void cutlass::Kernel<modiff::ImplicitGemmConvolutionEVT<cutlass::conv::threadblock::ImplicitGemmMultistage<cutlass::gemm::GemmShape<(int)128, (int)128, (int)128>, cutlass::conv::threadblock::Conv2dFpropActivationTileAccessIteratorOptimized<cutlass::MatrixShape<(int)128, (int)128>, signed char, cutlass::layout::TensorNHWC, cutlass::transform::PitchLinearWarpRakedThreadMap<cutlass::PitchLinearShape<(int)128, (int)128>, (int)256, cutlass::PitchLinearShape<(int)8, (int)4>, (int)16>, cutlass::AlignedArray<signed char, (int)16, (int)16>>, cutlass::transform::threadblock::RegularTileAccessIterator<cutlass::MatrixShape<(int)128, (int)128>, signed char, cutlass::layout::RowMajorTensorOpMultiplicandCrosswise<(int)8, (int)128>, (int)0, cutlass::transform::PitchLinearWarpRakedThreadMap<cutlass::PitchLinearShape<(int)128, (int)128>, (int)256, cutlass::PitchLinearShape<(int)8, (int)4>, (int)16>, (int)16>, (cutlass::arch::CacheOperation::Kind)0, cutlass::conv::threadblock::Conv2dFpropFilterTileAccessIteratorOptimized<cutlass::MatrixShape<(int)128, (int)128>, signed char, cutlass::layout::TensorNHWC, cutlass::transform::PitchLinearWarpRakedThreadMap<cutlass::PitchLinearShape<(int)128, (int)128>, (int)256, cutlass::PitchLinearShape<(int)8, (int)4>, (int)16>, cutlass::AlignedArray<signed char, (int)16, (int)16>, (bool)0>, cutlass::transform::threadblock::RegularTileAccessIterator<cutlass::MatrixShape<(int)128, (int)128>, signed char, cutlass::layout::ColumnMajorTensorOpMultiplicandCrosswise<(int)8, (int)128>, (int)1, cutlass::transform::PitchLinearWarpRakedThreadMap<cutlass::PitchLinearShape<(int)128, (int)128>, (int)256, cutlass::PitchLinearShape<(int)8, (int)4>, (int)16>, (int)16>, (cutlass::arch::CacheOperation::Kind)1, cutlass::gemm::threadblock::MmaPolicy<cutlass::gemm::warp::MmaTensorOp<cutlass::gemm::GemmShape<(int)64, (int)64, (int)64>, signed char, cutlass::layout::RowMajorTensorOpMultiplicandCrosswise<(int)8, (int)128>, signed char, cutlass::layout::ColumnMajorTensorOpMultiplicandCrosswise<(int)8, (int)128>, int, cutlass::layout::RowMajor, cutlass::gemm::warp::MmaTensorOpPolicy<cutlass::arch::Mma<cutlass::gemm::GemmShape<(int)16, (int)8, (int)32>, (int)32, signed char, cutlass::layout::RowMajor, signed char, cutlass::layout::ColumnMajor, int, cutlass::layout::RowMajor, cutlass::arch::OpMultiplyAddSaturate>, cutlass::MatrixShape<(int)1, (int)1>>, (int)2, (bool)0, bool>, cutlass::MatrixShape<(int)0, (int)0>, cutlass::MatrixShape<(int)0, (int)0>, (int)2>, (int)3, bool>, cutlass::epilogue::threadblock::EpilogueWithVisitorCallbacks<cutlass::epilogue::threadblock::Epilogue<cutlass::gemm::GemmShape<(int)128, (int)128, (int)128>, cutlass::gemm::warp::MmaTensorOp<cutlass::gemm::GemmShape<(int)64, (int)64, (int)64>, signed char, cutlass::layout::RowMajorTensorOpMultiplicandCrosswise<(int)8, (int)128>, signed char, cutlass::layout::ColumnMajorTensorOpMultiplicandCrosswise<(int)8, (int)128>, int, cutlass::layout::RowMajor, cutlass::gemm::warp::MmaTensorOpPolicy<cutlass::arch::Mma<cutlass::gemm::GemmShape<(int)16, (int)8, (int)32>, (int)32, signed char, cutlass::layout::RowMajor, signed char, cutlass::layout::ColumnMajor, int, cutlass::layout::RowMajor, cutlass::arch::OpMultiplyAddSaturate>, cutlass::MatrixShape<(int)1, (int)1>>, (int)2, (bool)0, bool>, (int)2, cutlass::epilogue::threadblock::PredicatedTileIteratorConv<cutlass::epilogue::threadblock::OutputTileOptimalThreadMap<cutlass::epilogue::threadblock::OutputTileShape<(int)128, (int)8, (int)2, (int)1, (int)1>, cutlass::epilogue::threadblock::OutputTileShape<(int)1, (int)8, (int)1, (int)1, (int)8>, (int)256, (int)8, (int)16>, cutlass::half_t, (bool)0, cutlass::layout::NoPermute, (bool)0, (int)4>, cutlass::epilogue::warp::FragmentIteratorTensorOp<cutlass::gemm::GemmShape<(int)64, (int)64, (int)64>, cutlass::gemm::GemmShape<(int)16, (int)8, (int)32>, int, cutlass::Array<int, (int)4, (bool)1>, cutlass::layout::RowMajor>, cutlass::epilogue::warp::TileIteratorTensorOpMixed<cutlass::gemm::GemmShape<(int)64, (int)64, (int)64>, cutlass::gemm::GemmShape<(int)16, (int)8, (int)32>, int, (int)32, (int)16, (int)8, (int)8, (bool)0>, cutlass::epilogue::threadblock::SharedLoadIteratorMixed<cutlass::epilogue::threadblock::OutputTileOptimalThreadMap<cutlass::epilogue::threadblock::OutputTileShape<(int)128, (int)8, (int)2, (int)1, (int)1>, cutlass::epilogue::threadblock::OutputTileShape<(int)1, (int)8, (int)1, (int)1, (int)8>, (int)256, (int)8, (int)16>::CompactedThreadMap, int, (int)32, (int)16, (int)8, (int)8, (bool)0>, cutlass::epilogue::thread::LinearCombination<cutlass::half_t, (int)8, int, float, (cutlass::epilogue::thread::ScaleType::Kind)0, (cutlass::FloatRoundStyle)2, cutlass::half_t>, cutlass::MatrixShape<(int)0, (int)8>, (int)1, (int)1>, cutlass::epilogue::threadblock::TreeVisitor2x<cutlass::epilogue::threadblock::VisitorAuxStore<cutlass::epilogue::threadblock::OutputTileThreadLayout<cutlass::gemm::GemmShape<(int)128, (int)128, (int)128>, cutlass::gemm::GemmShape<(int)64, (int)64, (int)64>, cutlass::half_t, (int)8, (int)1>, cutlass::half_t, (cutlass::FloatRoundStyle)2, cute::tuple<long, cute::C<(int)1>, long>>, cutlass::epilogue::threadblock::TreeVisitor2x<cutlass::epilogue::threadblock::VisitorCompute<cutlass::plus, float, float, (cutlass::FloatRoundStyle)2, void>, cutlass::epilogue::threadblock::TreeVisitor2x<cutlass::epilogue::threadblock::VisitorCompute<cutlass::plus, float, float, (cutlass::FloatRoundStyle)2, void>, cutlass::epilogue::threadblock::TreeVisitor2x<cutlass::epilogue::threadblock::VisitorCompute<cutlass::multiplies, float, float, (cutlass::FloatRoundStyle)2, void>, cutlass::epilogue::threadblock::TreeVisitor2x<cutlass::epilogue::threadblock::VisitorCompute<cutlass::multiplies, float, float, (cutlass::FloatRoundStyle)2, void>, cutlass::epilogue::threadblock::VisitorAccFetch, cutlass::epilogue::threadblock::VisitorScalarBroadcast<float, cute::tuple<cute::C<(int)0>, cute::C<(int)0>, cute::C<(int)0>>, (int)1, cutlass::multiplies>>, cutlass::epilogue::threadblock::VisitorRowBroadcast<cutlass::epilogue::threadblock::OutputTileThreadLayout<cutlass::gemm::GemmShape<(int)128, (int)128, (int)128>, cutlass::gemm::GemmShape<(int)64, (int)64, (int)64>, cutlass::half_t, (int)8, (int)1>, float, cute::tuple<cute::C<(int)0>, cute::C<(int)1>, int>, (bool)1>>, cutlass::epilogue::threadblock::VisitorRowBroadcast<cutlass::epilogue::threadblock::OutputTileThreadLayout<cutlass::gemm::GemmShape<(int)128, (int)128, (int)128>, cutlass::gemm::GemmShape<(int)64, (int)64, (int)64>, cutlass::half_t, (int)8, (int)1>, float, cute::tuple<cute::C<(int)0>, cute::C<(int)1>, int>, (bool)1>>, cutlass::epilogue::threadblock::VisitorAuxLoad<cutlass::epilogue::threadblock::OutputTileThreadLayout<cutlass::gemm::GemmShape<(int)128, (int)128, (int)128>, cutlass::gemm::GemmShape<(int)64, (int)64, (int)64>, cutlass::half_t, (int)8, (int)1>, cutlass::half_t, cute::tuple<long, cute::C<(int)1>, long>>>>, (int)1, (int)1>, cutlass::gemm::threadblock::GemmIdentityThreadblockSwizzle<(int)1>, (cutlass::conv::Operator)0, cutlass::conv::Conv2dProblemSize>>(T1::Params)",8321921.0
L|resblock_plain|C192|T256,"void cutlass::Kernel<modiff::ImplicitGemmConvolutionEVT<cutlass::conv::threadblock::ImplicitGemmMultistage<cutlass::gemm::GemmShape<(int)128, (int)128, (int)128>, cutlass::conv::threadblock::Conv2dFpropActivationTileAccessIteratorOptimized<cutlass::MatrixShape<(int)128, (int)128>, signed char, cutlass::layout::TensorNHWC, cutlass::transform::PitchLinearWarpRakedThreadMap<cutlass::PitchLinearShape<(int)128, (int)128>, (int)256, cutlass::PitchLinearShape<(int)8, (int)4>, (int)16>, cutlass::AlignedArray<signed char, (int)16, (int)16>>, cutlass::transform::threadblock::RegularTileAccessIterator<cutlass::MatrixShape<(int)128, (int)128>, signed char, cutlass::layout::RowMajorTensorOpMultiplicandCrosswise<(int)8, (int)128>, (int)0, cutlass::transform::PitchLinearWarpRakedThreadMap<cutlass::PitchLinearShape<(int)128, (int)128>, (int)256, cutlass::PitchLinearShape<(int)8, (int)4>, (int)16>, (int)16>, (cutlass::arch::CacheOperation::Kind)0, cutlass::conv::threadblock::Conv2dFpropFilterTileAccessIteratorOptimized<cutlass::MatrixShape<(int)128, (int)128>, signed char, cutlass::layout::TensorNHWC, cutlass::transform::PitchLinearWarpRakedThreadMap<cutlass::PitchLinearShape<(int)128, (int)128>, (int)256, cutlass::PitchLinearShape<(int)8, (int)4>, (int)16>, cutlass::AlignedArray<signed char, (int)16, (int)16>, (bool)0>, cutlass::transform::threadblock::RegularTileAccessIterator<cutlass::MatrixShape<(int)128, (int)128>, signed char, cutlass::layout::ColumnMajorTensorOpMultiplicandCrosswise<(int)8, (int)128>, (int)1, cutlass::transform::PitchLinearWarpRakedThreadMap<cutlass::PitchLinearShape<(int)128, (int)128>, (int)256, cutlass::PitchLinearShape<(int)8, (int)4>, (int)16>, (int)16>, (cutlass::arch::CacheOperation::Kind)1, cutlass::gemm::threadblock::MmaPolicy<cutlass::gemm::warp::MmaTensorOp<cutlass::gemm::GemmShape<(int)64, (int)64, (int)64>, signed char, cutlass::layout::RowMajorTensorOpMultiplicandCrosswise<(int)8, (int)128>, signed char, cutlass::layout::ColumnMajorTensorOpMultiplicandCrosswise<(int)8, (int)128>, int, cutlass::layout::RowMajor, cutlass::gemm::warp::MmaTensorOpPolicy<cutlass::arch::Mma<cutlass::gemm::GemmShape<(int)16, (int)8, (int)32>, (int)32, signed char, cutlass::layout::RowMajor, signed char, cutlass::layout::ColumnMajor, int, cutlass::layout::RowMajor, cutlass::arch::OpMultiplyAddSaturate>, cutlass::MatrixShape<(int)1, (int)1>>, (int)2, (bool)0, bool>, cutlass::MatrixShape<(int)0, (int)0>, cutlass::MatrixShape<(int)0, (int)0>, (int)2>, (int)3, bool>, cutlass::epilogue::threadblock::EpilogueWithVisitorCallbacks<cutlass::epilogue::threadblock::Epilogue<cutlass::gemm::GemmShape<(int)128, (int)128, (int)128>, cutlass::gemm::warp::MmaTensorOp<cutlass::gemm::GemmShape<(int)64, (int)64, (int)64>, signed char, cutlass::layout::RowMajorTensorOpMultiplicandCrosswise<(int)8, (int)128>, signed char, cutlass::layout::ColumnMajorTensorOpMultiplicandCrosswise<(int)8, (int)128>, int, cutlass::layout::RowMajor, cutlass::gemm::warp::MmaTensorOpPolicy<cutlass::arch::Mma<cutlass::gemm::GemmShape<(int)16, (int)8, (int)32>, (int)32, signed char, cutlass::layout::RowMajor, signed char, cutlass::layout::ColumnMajor, int, cutlass::layout::RowMajor, cutlass::arch::OpMultiplyAddSaturate>, cutlass::MatrixShape<(int)1, (int)1>>, (int)2, (bool)0, bool>, (int)2, cutlass::epilogue::threadblock::PredicatedTileIteratorConv<cutlass::epilogue::threadblock::OutputTileOptimalThreadMap<cutlass::epilogue::threadblock::OutputTileShape<(int)128, (int)8, (int)2, (int)1, (int)1>, cutlass::epilogue::threadblock::OutputTileShape<(int)1, (int)8, (int)1, (int)1, (int)8>, (int)256, (int)8, (int)16>, cutlass::half_t, (bool)0, cutlass::layout::NoPermute, (bool)0, (int)4>, cutlass::epilogue::warp::FragmentIteratorTensorOp<cutlass::gemm::GemmShape<(int)64, (int)64, (int)64>, cutlass::gemm::GemmShape<(int)16, (int)8, (int)32>, int, cutlass::Array<int, (int)4, (bool)1>, cutlass::layout::RowMajor>, cutlass::epilogue::warp::TileIteratorTensorOpMixed<cutlass::gemm::GemmShape<(int)64, (int)64, (int)64>, cutlass::gemm::GemmShape<(int)16, (int)8, (int)32>, int, (int)32, (int)16, (int)8, (int)8, (bool)0>, cutlass::epilogue::threadblock::SharedLoadIteratorMixed<cutlass::epilogue::threadblock::OutputTileOptimalThreadMap<cutlass::epilogue::threadblock::OutputTileShape<(int)128, (int)8, (int)2, (int)1, (int)1>, cutlass::epilogue::threadblock::OutputTileShape<(int)1, (int)8, (int)1, (int)1, (int)8>, (int)256, (int)8, (int)16>::CompactedThreadMap, int, (int)32, (int)16, (int)8, (int)8, (bool)0>, cutlass::epilogue::thread::LinearCombination<cutlass::half_t, (int)8, int, float, (cutlass::epilogue::thread::ScaleType::Kind)0, (cutlass::FloatRoundStyle)2, cutlass::half_t>, cutlass::MatrixShape<(int)0, (int)8>, (int)1, (int)1>, cutlass::epilogue::threadblock::TreeVisitor2x<cutlass::epilogue::threadblock::VisitorAuxStore<cutlass::epilogue::threadblock::OutputTileThreadLayout<cutlass::gemm::GemmShape<(int)128, (int)128, (int)128>, cutlass::gemm::GemmShape<(int)64, (int)64, (int)64>, cutlass::half_t, (int)8, (int)1>, cutlass::half_t, (cutlass::FloatRoundStyle)2, cute::tuple<long, cute::C<(int)1>, long>>, cutlass::epilogue::threadblock::TreeVisitor2x<cutlass::epilogue::threadblock::VisitorCompute<cutlass::plus, float, float, (cutlass::FloatRoundStyle)2, void>, cutlass::epilogue::threadblock::TreeVisitor2x<cutlass::epilogue::threadblock::VisitorCompute<cutlass::plus, float, float, (cutlass::FloatRoundStyle)2, void>, cutlass::epilogue::threadblock::TreeVisitor2x<cutlass::epilogue::threadblock::VisitorCompute<cutlass::multiplies, float, float, (cutlass::FloatRoundStyle)2, void>, cutlass::epilogue::threadblock::TreeVisitor2x<cutlass::epilogue::threadblock::VisitorCompute<cutlass::multiplies, float, float, (cutlass::FloatRoundStyle)2, void>, cutlass::epilogue::threadblock::VisitorAccFetch, cutlass::epilogue::threadblock::VisitorScalarBroadcast<float, cute::tuple<cute::C<(int)0>, cute::C<(int)0>, cute::C<(int)0>>, (int)1, cutlass::multiplies>>, cutlass::epilogue::threadblock::VisitorRowBroadcast<cutlass::epilogue::threadblock::OutputTileThreadLayout<cutlass::gemm::GemmShape<(int)128, (int)128, (int)128>, cutlass::gemm::GemmShape<(int)64, (int)64, (int)64>, cutlass::half_t, (int)8, (int)1>, float, cute::tuple<cute::C<(int)0>, cute::C<(int)1>, int>, (bool)1>>, cutlass::epilogue::threadblock::VisitorRowBroadcast<cutlass::epilogue::threadblock::OutputTileThreadLayout<cutlass::gemm::GemmShape<(int)128, (int)128, (int)128>, cutlass::gemm::GemmShape<(int)64, (int)64, (int)64>, cutlass::half_t, (int)8, (int)1>, float, cute::tuple<cute::C<(int)0>, cute::C<(int)1>, int>, (bool)1>>, cutlass::epilogue::threadblock::VisitorAuxLoad<cutlass::epilogue::threadblock::OutputTileThreadLayout<cutlass::gemm::GemmShape<(int)128, (int)128, (int)128>, cutlass::gemm::GemmShape<(int)64, (int)64, (int)64>, cutlass::half_t, (int)8, (int)1>, cutlass::half_t, cute::tuple<long, cute::C<(int)1>, long>>>>, (int)1, (int)1>, cutlass::gemm::threadblock::GemmIdentityThreadblockSwizzle<(int)1>, (cutlass::conv::Operator)0, cutlass::conv::Conv2dProblemSize>>(T1::Params)",8320995.0
,"void at::native::elementwise_kernel<(int)128, (int)2, void at::native::gpu_kernel_impl_nocast<at::native::direct_copy_kernel_cuda(at::TensorIteratorBase &)::[lambda() (instance 3)]::operator ()() const::[lambda() (instance 7)]::operator ()() const::[lambda(float) (instance 1)]>(at::TensorIteratorBase &, const T1 &)::[lambda(int) (instance 1)]>(int, T3)",8241309.0
L|resblock_plain|C576|T256,"void cutlass::Kernel<modiff::ImplicitGemmConvolutionEVT<cutlass::conv::threadblock::ImplicitGemmMultistage<cutlass::gemm::GemmShape<(int)128, (int)128, (int)128>, cutlass::conv::threadblock::Conv2dFpropActivationTileAccessIteratorOptimized<cutlass::MatrixShape<(int)128, (int)128>, signed char, cutlass::layout::TensorNHWC, cutlass::transform::PitchLinearWarpRakedThreadMap<cutlass::PitchLinearShape<(int)128, (int)128>, (int)256, cutlass::PitchLinearShape<(int)8, (int)4>, (int)16>, cutlass::AlignedArray<signed char, (int)16, (int)16>>, cutlass::transform::threadblock::RegularTileAccessIterator<cutlass::MatrixShape<(int)128, (int)128>, signed char, cutlass::layout::RowMajorTensorOpMultiplicandCrosswise<(int)8, (int)128>, (int)0, cutlass::transform::PitchLinearWarpRakedThreadMap<cutlass::PitchLinearShape<(int)128, (int)128>, (int)256, cutlass::PitchLinearShape<(int)8, (int)4>, (int)16>, (int)16>, (cutlass::arch::CacheOperation::Kind)0, cutlass::conv::threadblock::Conv2dFpropFilterTileAccessIteratorOptimized<cutlass::MatrixShape<(int)128, (int)128>, signed char, cutlass::layout::TensorNHWC, cutlass::transform::PitchLinearWarpRakedThreadMap<cutlass::PitchLinearShape<(int)128, (int)128>, (int)256, cutlass::PitchLinearShape<(int)8, (int)4>, (int)16>, cutlass::AlignedArray<signed char, (int)16, (int)16>, (bool)0>, cutlass::transform::threadblock::RegularTileAccessIterator<cutlass::MatrixShape<(int)128, (int)128>, signed char, cutlass::layout::ColumnMajorTensorOpMultiplicandCrosswise<(int)8, (int)128>, (int)1, cutlass::transform::PitchLinearWarpRakedThreadMap<cutlass::PitchLinearShape<(int)128, (int)128>, (int)256, cutlass::PitchLinearShape<(int)8, (int)4>, (int)16>, (int)16>, (cutlass::arch::CacheOperation::Kind)1, cutlass::gemm::threadblock::MmaPolicy<cutlass::gemm::warp::MmaTensorOp<cutlass::gemm::GemmShape<(int)64, (int)64, (int)64>, signed char, cutlass::layout::RowMajorTensorOpMultiplicandCrosswise<(int)8, (int)128>, signed char, cutlass::layout::ColumnMajorTensorOpMultiplicandCrosswise<(int)8, (int)128>, int, cutlass::layout::RowMajor, cutlass::gemm::warp::MmaTensorOpPolicy<cutlass::arch::Mma<cutlass::gemm::GemmShape<(int)16, (int)8, (int)32>, (int)32, signed char, cutlass::layout::RowMajor, signed char, cutlass::layout::ColumnMajor, int, cutlass::layout::RowMajor, cutlass::arch::OpMultiplyAddSaturate>, cutlass::MatrixShape<(int)1, (int)1>>, (int)2, (bool)0, bool>, cutlass::MatrixShape<(int)0, (int)0>, cutlass::MatrixShape<(int)0, (int)0>, (int)2>, (int)3, bool>, cutlass::epilogue::threadblock::EpilogueWithVisitorCallbacks<cutlass::epilogue::threadblock::Epilogue<cutlass::gemm::GemmShape<(int)128, (int)128, (int)128>, cutlass::gemm::warp::MmaTensorOp<cutlass::gemm::GemmShape<(int)64, (int)64, (int)64>, signed char, cutlass::layout::RowMajorTensorOpMultiplicandCrosswise<(int)8, (int)128>, signed char, cutlass::layout::ColumnMajorTensorOpMultiplicandCrosswise<(int)8, (int)128>, int, cutlass::layout::RowMajor, cutlass::gemm::warp::MmaTensorOpPolicy<cutlass::arch::Mma<cutlass::gemm::GemmShape<(int)16, (int)8, (int)32>, (int)32, signed char, cutlass::layout::RowMajor, signed char, cutlass::layout::ColumnMajor, int, cutlass::layout::RowMajor, cutlass::arch::OpMultiplyAddSaturate>, cutlass::MatrixShape<(int)1, (int)1>>, (int)2, (bool)0, bool>, (int)2, cutlass::epilogue::threadblock::PredicatedTileIteratorConv<cutlass::epilogue::threadblock::OutputTileOptimalThreadMap<cutlass::epilogue::threadblock::OutputTileShape<(int)128, (int)8, (int)2, (int)1, (int)1>, cutlass::epilogue::threadblock::OutputTileShape<(int)1, (int)8, (int)1, (int)1, (int)8>, (int)256, (int)8, (int)16>, cutlass::half_t, (bool)0, cutlass::layout::NoPermute, (bool)0, (int)4>, cutlass::epilogue::warp::FragmentIteratorTensorOp<cutlass::gemm::GemmShape<(int)64, (int)64, (int)64>, cutlass::gemm::GemmShape<(int)16, (int)8, (int)32>, int, cutlass::Array<int, (int)4, (bool)1>, cutlass::layout::RowMajor>, cutlass::epilogue::warp::TileIteratorTensorOpMixed<cutlass::gemm::GemmShape<(int)64, (int)64, (int)64>, cutlass::gemm::GemmShape<(int)16, (int)8, (int)32>, int, (int)32, (int)16, (int)8, (int)8, (bool)0>, cutlass::epilogue::threadblock::SharedLoadIteratorMixed<cutlass::epilogue::threadblock::OutputTileOptimalThreadMap<cutlass::epilogue::threadblock::OutputTileShape<(int)128, (int)8, (int)2, (int)1, (int)1>, cutlass::epilogue::threadblock::OutputTileShape<(int)1, (int)8, (int)1, (int)1, (int)8>, (int)256, (int)8, (int)16>::CompactedThreadMap, int, (int)32, (int)16, (int)8, (int)8, (bool)0>, cutlass::epilogue::thread::LinearCombination<cutlass::half_t, (int)8, int, float, (cutlass::epilogue::thread::ScaleType::Kind)0, (cutlass::FloatRoundStyle)2, cutlass::half_t>, cutlass::MatrixShape<(int)0, (int)8>, (int)1, (int)1>, cutlass::epilogue::threadblock::TreeVisitor2x<cutlass::epilogue::threadblock::VisitorAuxStore<cutlass::epilogue::threadblock::OutputTileThreadLayout<cutlass::gemm::GemmShape<(int)128, (int)128, (int)128>, cutlass::gemm::GemmShape<(int)64, (int)64, (int)64>, cutlass::half_t, (int)8, (int)1>, cutlass::half_t, (cutlass::FloatRoundStyle)2, cute::tuple<long, cute::C<(int)1>, long>>, cutlass::epilogue::threadblock::TreeVisitor2x<cutlass::epilogue::threadblock::VisitorCompute<cutlass::plus, float, float, (cutlass::FloatRoundStyle)2, void>, cutlass::epilogue::threadblock::TreeVisitor2x<cutlass::epilogue::threadblock::VisitorCompute<cutlass::plus, float, float, (cutlass::FloatRoundStyle)2, void>, cutlass::epilogue::threadblock::TreeVisitor2x<cutlass::epilogue::threadblock::VisitorCompute<cutlass::multiplies, float, float, (cutlass::FloatRoundStyle)2, void>, cutlass::epilogue::threadblock::TreeVisitor2x<cutlass::epilogue::threadblock::VisitorCompute<cutlass::multiplies, float, float, (cutlass::FloatRoundStyle)2, void>, cutlass::epilogue::threadblock::VisitorAccFetch, cutlass::epilogue::threadblock::VisitorScalarBroadcast<float, cute::tuple<cute::C<(int)0>, cute::C<(int)0>, cute::C<(int)0>>, (int)1, cutlass::multiplies>>, cutlass::epilogue::threadblock::VisitorRowBroadcast<cutlass::epilogue::threadblock::OutputTileThreadLayout<cutlass::gemm::GemmShape<(int)128, (int)128, (int)128>, cutlass::gemm::GemmShape<(int)64, (int)64, (int)64>, cutlass::half_t, (int)8, (int)1>, float, cute::tuple<cute::C<(int)0>, cute::C<(int)1>, int>, (bool)1>>, cutlass::epilogue::threadblock::VisitorRowBroadcast<cutlass::epilogue::threadblock::OutputTileThreadLayout<cutlass::gemm::GemmShape<(int)128, (int)128, (int)128>, cutlass::gemm::GemmShape<(int)64, (int)64, (int)64>, cutlass::half_t, (int)8, (int)1>, float, cute::tuple<cute::C<(int)0>, cute::C<(int)1>, int>, (bool)1>>, cutlass::epilogue::threadblock::VisitorAuxLoad<cutlass::epilogue::threadblock::OutputTileThreadLayout<cutlass::gemm::GemmShape<(int)128, (int)128, (int)128>, cutlass::gemm::GemmShape<(int)64, (int)64, (int)64>, cutlass::half_t, (int)8, (int)1>, cutlass::half_t, cute::tuple<long, cute::C<(int)1>, long>>>>, (int)1, (int)1>, cutlass::gemm::threadblock::GemmIdentityThreadblockSwizzle<(int)1>, (cutlass::conv::Operator)0, cutlass::conv::Conv2dProblemSize>>(T1::Params)",8225917.0
L|resblock_plain|C384|T256,"void cutlass::Kernel<modiff::ImplicitGemmConvolutionEVT<cutlass::conv::threadblock::ImplicitGemmMultistage<cutlass::gemm::GemmShape<(int)128, (int)128, (int)128>, cutlass::conv::threadblock::Conv2dFpropActivationTileAccessIteratorOptimized<cutlass::MatrixShape<(int)128, (int)128>, signed char, cutlass::layout::TensorNHWC, cutlass::transform::PitchLinearWarpRakedThreadMap<cutlass::PitchLinearShape<(int)128, (int)128>, (int)256, cutlass::PitchLinearShape<(int)8, (int)4>, (int)16>, cutlass::AlignedArray<signed char, (int)16, (int)16>>, cutlass::transform::threadblock::RegularTileAccessIterator<cutlass::MatrixShape<(int)128, (int)128>, signed char, cutlass::layout::RowMajorTensorOpMultiplicandCrosswise<(int)8, (int)128>, (int)0, cutlass::transform::PitchLinearWarpRakedThreadMap<cutlass::PitchLinearShape<(int)128, (int)128>, (int)256, cutlass::PitchLinearShape<(int)8, (int)4>, (int)16>, (int)16>, (cutlass::arch::CacheOperation::Kind)0, cutlass::conv::threadblock::Conv2dFpropFilterTileAccessIteratorOptimized<cutlass::MatrixShape<(int)128, (int)128>, signed char, cutlass::layout::TensorNHWC, cutlass::transform::PitchLinearWarpRakedThreadMap<cutlass::PitchLinearShape<(int)128, (int)128>, (int)256, cutlass::PitchLinearShape<(int)8, (int)4>, (int)16>, cutlass::AlignedArray<signed char, (int)16, (int)16>, (bool)0>, cutlass::transform::threadblock::RegularTileAccessIterator<cutlass::MatrixShape<(int)128, (int)128>, signed char, cutlass::layout::ColumnMajorTensorOpMultiplicandCrosswise<(int)8, (int)128>, (int)1, cutlass::transform::PitchLinearWarpRakedThreadMap<cutlass::PitchLinearShape<(int)128, (int)128>, (int)256, cutlass::PitchLinearShape<(int)8, (int)4>, (int)16>, (int)16>, (cutlass::arch::CacheOperation::Kind)1, cutlass::gemm::threadblock::MmaPolicy<cutlass::gemm::warp::MmaTensorOp<cutlass::gemm::GemmShape<(int)64, (int)64, (int)64>, signed char, cutlass::layout::RowMajorTensorOpMultiplicandCrosswise<(int)8, (int)128>, signed char, cutlass::layout::ColumnMajorTensorOpMultiplicandCrosswise<(int)8, (int)128>, int, cutlass::layout::RowMajor, cutlass::gemm::warp::MmaTensorOpPolicy<cutlass::arch::Mma<cutlass::gemm::GemmShape<(int)16, (int)8, (int)32>, (int)32, signed char, cutlass::layout::RowMajor, signed char, cutlass::layout::ColumnMajor, int, cutlass::layout::RowMajor, cutlass::arch::OpMultiplyAddSaturate>, cutlass::MatrixShape<(int)1, (int)1>>, (int)2, (bool)0, bool>, cutlass::MatrixShape<(int)0, (int)0>, cutlass::MatrixShape<(int)0, (int)0>, (int)2>, (int)3, bool>, cutlass::epilogue::threadblock::EpilogueWithVisitorCallbacks<cutlass::epilogue::threadblock::Epilogue<cutlass::gemm::GemmShape<(int)128, (int)128, (int)128>, cutlass::gemm::warp::MmaTensorOp<cutlass::gemm::GemmShape<(int)64, (int)64, (int)64>, signed char, cutlass::layout::RowMajorTensorOpMultiplicandCrosswise<(int)8, (int)128>, signed char, cutlass::layout::ColumnMajorTensorOpMultiplicandCrosswise<(int)8, (int)128>, int, cutlass::layout::RowMajor, cutlass::gemm::warp::MmaTensorOpPolicy<cutlass::arch::Mma<cutlass::gemm::GemmShape<(int)16, (int)8, (int)32>, (int)32, signed char, cutlass::layout::RowMajor, signed char, cutlass::layout::ColumnMajor, int, cutlass::layout::RowMajor, cutlass::arch::OpMultiplyAddSaturate>, cutlass::MatrixShape<(int)1, (int)1>>, (int)2, (bool)0, bool>, (int)2, cutlass::epilogue::threadblock::PredicatedTileIteratorConv<cutlass::epilogue::threadblock::OutputTileOptimalThreadMap<cutlass::epilogue::threadblock::OutputTileShape<(int)128, (int)8, (int)2, (int)1, (int)1>, cutlass::epilogue::threadblock::OutputTileShape<(int)1, (int)8, (int)1, (int)1, (int)8>, (int)256, (int)8, (int)16>, cutlass::half_t, (bool)0, cutlass::layout::NoPermute, (bool)0, (int)4>, cutlass::epilogue::warp::FragmentIteratorTensorOp<cutlass::gemm::GemmShape<(int)64, (int)64, (int)64>, cutlass::gemm::GemmShape<(int)16, (int)8, (int)32>, int, cutlass::Array<int, (int)4, (bool)1>, cutlass::layout::RowMajor>, cutlass::epilogue::warp::TileIteratorTensorOpMixed<cutlass::gemm::GemmShape<(int)64, (int)64, (int)64>, cutlass::gemm::GemmShape<(int)16, (int)8, (int)32>, int, (int)32, (int)16, (int)8, (int)8, (bool)0>, cutlass::epilogue::threadblock::SharedLoadIteratorMixed<cutlass::epilogue::threadblock::OutputTileOptimalThreadMap<cutlass::epilogue::threadblock::OutputTileShape<(int)128, (int)8, (int)2, (int)1, (int)1>, cutlass::epilogue::threadblock::OutputTileShape<(int)1, (int)8, (int)1, (int)1, (int)8>, (int)256, (int)8, (int)16>::CompactedThreadMap, int, (int)32, (int)16, (int)8, (int)8, (bool)0>, cutlass::epilogue::thread::LinearCombination<cutlass::half_t, (int)8, int, float, (cutlass::epilogue::thread::ScaleType::Kind)0, (cutlass::FloatRoundStyle)2, cutlass::half_t>, cutlass::MatrixShape<(int)0, (int)8>, (int)1, (int)1>, cutlass::epilogue::threadblock::TreeVisitor2x<cutlass::epilogue::threadblock::VisitorAuxStore<cutlass::epilogue::threadblock::OutputTileThreadLayout<cutlass::gemm::GemmShape<(int)128, (int)128, (int)128>, cutlass::gemm::GemmShape<(int)64, (int)64, (int)64>, cutlass::half_t, (int)8, (int)1>, cutlass::half_t, (cutlass::FloatRoundStyle)2, cute::tuple<long, cute::C<(int)1>, long>>, cutlass::epilogue::threadblock::TreeVisitor2x<cutlass::epilogue::threadblock::VisitorCompute<cutlass::plus, float, float, (cutlass::FloatRoundStyle)2, void>, cutlass::epilogue::threadblock::TreeVisitor2x<cutlass::epilogue::threadblock::VisitorCompute<cutlass::multiplies, float, float, (cutlass::FloatRoundStyle)2, void>, cutlass::epilogue::threadblock::TreeVisitor2x<cutlass::epilogue::threadblock::VisitorCompute<cutlass::multiplies, float, float, (cutlass::FloatRoundStyle)2, void>, cutlass::epilogue::threadblock::VisitorAccFetch, cutlass::epilogue::threadblock::VisitorScalarBroadcast<float, cute::tuple<cute::C<(int)0>, cute::C<(int)0>, cute::C<(int)0>>, (int)1, cutlass::multiplies>>, cutlass::epilogue::threadblock::VisitorRowBroadcast<cutlass::epilogue::threadblock::OutputTileThreadLayout<cutlass::gemm::GemmShape<(int)128, (int)128, (int)128>, cutlass::gemm::GemmShape<(int)64, (int)64, (int)64>, cutlass::half_t, (int)8, (int)1>, float, cute::tuple<cute::C<(int)0>, cute::C<(int)1>, int>, (bool)1>>, cutlass::epilogue::threadblock::VisitorRowBroadcast<cutlass::epilogue::threadblock::OutputTileThreadLayout<cutlass::gemm::GemmShape<(int)128, (int)128, (int)128>, cutlass::gemm::GemmShape<(int)64, (int)64, (int)64>, cutlass::half_t, (int)8, (int)1>, float, cute::tuple<cute::C<(int)0>, cute::C<(int)1>, int>, (bool)1>>>, (int)1, (int)1>, cutlass::gemm::threadblock::GemmIdentityThreadblockSwizzle<(int)1>, (cutlass::conv::Operator)0, cutlass::conv::Conv2dProblemSize>>(T1::Params)",8156321.0
L|resblock_plain|C384|T1024,"void at::native::elementwise_kernel<(int)128, (int)4, void at::native::gpu_kernel_impl_nocast<at::native::CUDAFunctor_add<c10::Half>>(at::TensorIteratorBase &, const T1 &)::[lambda(int) (instance 1)]>(int, T3)",7622812.0
L|resblock_plain|C576|T1024,sm86_xmma_fprop_implicit_gemm_f16f16_f16f32_f32_nhwckrsc_nhwc_tilesize128x64x32_stage4_warpsize2x2x1_g1_tensor16x8x16_execute_kernel__5x_cudnn,7503097.0
,"void at::native::elementwise_kernel<(int)128, (int)2, void at::native::gpu_kernel_impl_nocast<void at::native::<unnamed>::GroupNormKernelImplInternal<float>(const at::Tensor &, const at::Tensor &, const at::Tensor &, long, long, long, long, T1, at::Tensor &, at::Tensor &, at::Tensor &)::[lambda(float, float, float) (instance 2)]>(at::TensorIteratorBase &, const T1 &)::[lambda(int) (instance 1)]>(int, T3)",7160819.0
L|resblock_plain|C768|T256,sm86_xmma_fprop_implicit_gemm_f16f16_f16f32_f32_nhwckrsc_nhwc_tilesize128x128x32_stage3_warpsize2x2x1_g1_tensor16x8x16_t1r1s1_execute_kernel__5x_cudnn,7149237.0
,"void at::native::vectorized_elementwise_kernel<(int)4, at::native::<unnamed>::silu_kernel(at::TensorIteratorBase &)::[lambda() (instance 1)]::operator ()() const::[lambda() (instance 2)]::operator ()() const::[lambda(float) (instance 1)], at::detail::Array<char *, (int)2>>(int, T2, T3)",7111896.0
L|attention|C384|T64,"gemm_w8a8_kernel_awq(const signed char *, const signed char *, const float *, float, __half *, int, int, int, int, const __half *, const __half *)",6788722.0
L|resblock_updown|C384|T64,"void group_norm_silu_quantize_nhwc_vec2_kernel<__half, (bool)0>(const T1 *, signed char *, const T1 *, const T1 *, const T1 *, const T1 *, const float *, const float *, int, long, int, float, bool)",6686229.0
L|resblock_updown|C384|T256,"void group_norm_silu_quantize_resize_nhwc_kernel<__half, (bool)1, (bool)1, (bool)0>(const T1 *, signed char *, const T1 *, const T1 *, const T1 *, const T1 *, const float *, const float *, int, long, int, float, bool, int, int)",6616720.0
L|attention|C768|T16,"void flash_attn_int8_qi8packed_small_qout_kernel<(int)16, (int)96, (int)4, (bool)0>(const signed char *, const float *, signed char *, int, int, float, float, float, int)",6554747.0
L|resblock_plain|C1152|T64,"void cutlass::Kernel<modiff::ImplicitGemmConvolutionEVT<cutlass::conv::threadblock::ImplicitGemmMultistage<cutlass::gemm::GemmShape<(int)128, (int)128, (int)128>, cutlass::conv::threadblock::Conv2dFpropActivationTileAccessIteratorOptimized<cutlass::MatrixShape<(int)128, (int)128>, signed char, cutlass::layout::TensorNHWC, cutlass::transform::PitchLinearWarpRakedThreadMap<cutlass::PitchLinearShape<(int)128, (int)128>, (int)256, cutlass::PitchLinearShape<(int)8, (int)4>, (int)16>, cutlass::AlignedArray<signed char, (int)16, (int)16>>, cutlass::transform::threadblock::RegularTileAccessIterator<cutlass::MatrixShape<(int)128, (int)128>, signed char, cutlass::layout::RowMajorTensorOpMultiplicandCrosswise<(int)8, (int)128>, (int)0, cutlass::transform::PitchLinearWarpRakedThreadMap<cutlass::PitchLinearShape<(int)128, (int)128>, (int)256, cutlass::PitchLinearShape<(int)8, (int)4>, (int)16>, (int)16>, (cutlass::arch::CacheOperation::Kind)0, cutlass::conv::threadblock::Conv2dFpropFilterTileAccessIteratorOptimized<cutlass::MatrixShape<(int)128, (int)128>, signed char, cutlass::layout::TensorNHWC, cutlass::transform::PitchLinearWarpRakedThreadMap<cutlass::PitchLinearShape<(int)128, (int)128>, (int)256, cutlass::PitchLinearShape<(int)8, (int)4>, (int)16>, cutlass::AlignedArray<signed char, (int)16, (int)16>, (bool)0>, cutlass::transform::threadblock::RegularTileAccessIterator<cutlass::MatrixShape<(int)128, (int)128>, signed char, cutlass::layout::ColumnMajorTensorOpMultiplicandCrosswise<(int)8, (int)128>, (int)1, cutlass::transform::PitchLinearWarpRakedThreadMap<cutlass::PitchLinearShape<(int)128, (int)128>, (int)256, cutlass::PitchLinearShape<(int)8, (int)4>, (int)16>, (int)16>, (cutlass::arch::CacheOperation::Kind)1, cutlass::gemm::threadblock::MmaPolicy<cutlass::gemm::warp::MmaTensorOp<cutlass::gemm::GemmShape<(int)64, (int)64, (int)64>, signed char, cutlass::layout::RowMajorTensorOpMultiplicandCrosswise<(int)8, (int)128>, signed char, cutlass::layout::ColumnMajorTensorOpMultiplicandCrosswise<(int)8, (int)128>, int, cutlass::layout::RowMajor, cutlass::gemm::warp::MmaTensorOpPolicy<cutlass::arch::Mma<cutlass::gemm::GemmShape<(int)16, (int)8, (int)32>, (int)32, signed char, cutlass::layout::RowMajor, signed char, cutlass::layout::ColumnMajor, int, cutlass::layout::RowMajor, cutlass::arch::OpMultiplyAddSaturate>, cutlass::MatrixShape<(int)1, (int)1>>, (int)2, (bool)0, bool>, cutlass::MatrixShape<(int)0, (int)0>, cutlass::MatrixShape<(int)0, (int)0>, (int)2>, (int)3, bool>, cutlass::epilogue::threadblock::EpilogueWithVisitorCallbacks<cutlass::epilogue::threadblock::Epilogue<cutlass::gemm::GemmShape<(int)128, (int)128, (int)128>, cutlass::gemm::warp::MmaTensorOp<cutlass::gemm::GemmShape<(int)64, (int)64, (int)64>, signed char, cutlass::layout::RowMajorTensorOpMultiplicandCrosswise<(int)8, (int)128>, signed char, cutlass::layout::ColumnMajorTensorOpMultiplicandCrosswise<(int)8, (int)128>, int, cutlass::layout::RowMajor, cutlass::gemm::warp::MmaTensorOpPolicy<cutlass::arch::Mma<cutlass::gemm::GemmShape<(int)16, (int)8, (int)32>, (int)32, signed char, cutlass::layout::RowMajor, signed char, cutlass::layout::ColumnMajor, int, cutlass::layout::RowMajor, cutlass::arch::OpMultiplyAddSaturate>, cutlass::MatrixShape<(int)1, (int)1>>, (int)2, (bool)0, bool>, (int)2, cutlass::epilogue::threadblock::PredicatedTileIteratorConv<cutlass::epilogue::threadblock::OutputTileOptimalThreadMap<cutlass::epilogue::threadblock::OutputTileShape<(int)128, (int)8, (int)2, (int)1, (int)1>, cutlass::epilogue::threadblock::OutputTileShape<(int)1, (int)8, (int)1, (int)1, (int)8>, (int)256, (int)8, (int)16>, cutlass::half_t, (bool)0, cutlass::layout::NoPermute, (bool)0, (int)4>, cutlass::epilogue::warp::FragmentIteratorTensorOp<cutlass::gemm::GemmShape<(int)64, (int)64, (int)64>, cutlass::gemm::GemmShape<(int)16, (int)8, (int)32>, int, cutlass::Array<int, (int)4, (bool)1>, cutlass::layout::RowMajor>, cutlass::epilogue::warp::TileIteratorTensorOpMixed<cutlass::gemm::GemmShape<(int)64, (int)64, (int)64>, cutlass::gemm::GemmShape<(int)16, (int)8, (int)32>, int, (int)32, (int)16, (int)8, (int)8, (bool)0>, cutlass::epilogue::threadblock::SharedLoadIteratorMixed<cutlass::epilogue::threadblock::OutputTileOptimalThreadMap<cutlass::epilogue::threadblock::OutputTileShape<(int)128, (int)8, (int)2, (int)1, (int)1>, cutlass::epilogue::threadblock::OutputTileShape<(int)1, (int)8, (int)1, (int)1, (int)8>, (int)256, (int)8, (int)16>::CompactedThreadMap, int, (int)32, (int)16, (int)8, (int)8, (bool)0>, cutlass::epilogue::thread::LinearCombination<cutlass::half_t, (int)8, int, float, (cutlass::epilogue::thread::ScaleType::Kind)0, (cutlass::FloatRoundStyle)2, cutlass::half_t>, cutlass::MatrixShape<(int)0, (int)8>, (int)1, (int)1>, cutlass::epilogue::threadblock::TreeVisitor2x<cutlass::epilogue::threadblock::VisitorAuxStore<cutlass::epilogue::threadblock::OutputTileThreadLayout<cutlass::gemm::GemmShape<(int)128, (int)128, (int)128>, cutlass::gemm::GemmShape<(int)64, (int)64, (int)64>, cutlass::half_t, (int)8, (int)1>, cutlass::half_t, (cutlass::FloatRoundStyle)2, cute::tuple<long, cute::C<(int)1>, long>>, cutlass::epilogue::threadblock::TreeVisitor2x<cutlass::epilogue::threadblock::VisitorCompute<cutlass::plus, float, float, (cutlass::FloatRoundStyle)2, void>, cutlass::epilogue::threadblock::TreeVisitor2x<cutlass::epilogue::threadblock::VisitorCompute<cutlass::multiplies, float, float, (cutlass::FloatRoundStyle)2, void>, cutlass::epilogue::threadblock::TreeVisitor2x<cutlass::epilogue::threadblock::VisitorCompute<cutlass::multiplies, float, float, (cutlass::FloatRoundStyle)2, void>, cutlass::epilogue::threadblock::VisitorAccFetch, cutlass::epilogue::threadblock::VisitorScalarBroadcast<float, cute::tuple<cute::C<(int)0>, cute::C<(int)0>, cute::C<(int)0>>, (int)1, cutlass::multiplies>>, cutlass::epilogue::threadblock::VisitorRowBroadcast<cutlass::epilogue::threadblock::OutputTileThreadLayout<cutlass::gemm::GemmShape<(int)128, (int)128, (int)128>, cutlass::gemm::GemmShape<(int)64, (int)64, (int)64>, cutlass::half_t, (int)8, (int)1>, float, cute::tuple<cute::C<(int)0>, cute::C<(int)1>, int>, (bool)1>>, cutlass::epilogue::threadblock::VisitorRowBroadcast<cutlass::epilogue::threadblock::OutputTileThreadLayout<cutlass::gemm::GemmShape<(int)128, (int)128, (int)128>, cutlass::gemm::GemmShape<(int)64, (int)64, (int)64>, cutlass::half_t, (int)8, (int)1>, float, cute::tuple<cute::C<(int)0>, cute::C<(int)1>, int>, (bool)1>>>, (int)1, (int)1>, cutlass::gemm::threadblock::GemmIdentityThreadblockSwizzle<(int)1>, (cutlass::conv::Operator)0, cutlass::conv::Conv2dProblemSize>>(T1::Params)",6552466.0
L|resblock_plain|C192|T256,"void cutlass::Kernel<modiff::ImplicitGemmConvolutionEVT<cutlass::conv::threadblock::ImplicitGemmMultistage<cutlass::gemm::GemmShape<(int)128, (int)128, (int)128>, cutlass::conv::threadblock::Conv2dFpropActivationTileAccessIteratorOptimized<cutlass::MatrixShape<(int)128, (int)128>, signed char, cutlass::layout::TensorNHWC, cutlass::transform::PitchLinearWarpRakedThreadMap<cutlass::PitchLinearShape<(int)128, (int)128>, (int)256, cutlass::PitchLinearShape<(int)8, (int)4>, (int)16>, cutlass::AlignedArray<signed char, (int)16, (int)16>>, cutlass::transform::threadblock::RegularTileAccessIterator<cutlass::MatrixShape<(int)128, (int)128>, signed char, cutlass::layout::RowMajorTensorOpMultiplicandCrosswise<(int)8, (int)128>, (int)0, cutlass::transform::PitchLinearWarpRakedThreadMap<cutlass::PitchLinearShape<(int)128, (int)128>, (int)256, cutlass::PitchLinearShape<(int)8, (int)4>, (int)16>, (int)16>, (cutlass::arch::CacheOperation::Kind)0, cutlass::conv::threadblock::Conv2dFpropFilterTileAccessIteratorOptimized<cutlass::MatrixShape<(int)128, (int)128>, signed char, cutlass::layout::TensorNHWC, cutlass::transform::PitchLinearWarpRakedThreadMap<cutlass::PitchLinearShape<(int)128, (int)128>, (int)256, cutlass::PitchLinearShape<(int)8, (int)4>, (int)16>, cutlass::AlignedArray<signed char, (int)16, (int)16>, (bool)0>, cutlass::transform::threadblock::RegularTileAccessIterator<cutlass::MatrixShape<(int)128, (int)128>, signed char, cutlass::layout::ColumnMajorTensorOpMultiplicandCrosswise<(int)8, (int)128>, (int)1, cutlass::transform::PitchLinearWarpRakedThreadMap<cutlass::PitchLinearShape<(int)128, (int)128>, (int)256, cutlass::PitchLinearShape<(int)8, (int)4>, (int)16>, (int)16>, (cutlass::arch::CacheOperation::Kind)1, cutlass::gemm::threadblock::MmaPolicy<cutlass::gemm::warp::MmaTensorOp<cutlass::gemm::GemmShape<(int)64, (int)64, (int)64>, signed char, cutlass::layout::RowMajorTensorOpMultiplicandCrosswise<(int)8, (int)128>, signed char, cutlass::layout::ColumnMajorTensorOpMultiplicandCrosswise<(int)8, (int)128>, int, cutlass::layout::RowMajor, cutlass::gemm::warp::MmaTensorOpPolicy<cutlass::arch::Mma<cutlass::gemm::GemmShape<(int)16, (int)8, (int)32>, (int)32, signed char, cutlass::layout::RowMajor, signed char, cutlass::layout::ColumnMajor, int, cutlass::layout::RowMajor, cutlass::arch::OpMultiplyAddSaturate>, cutlass::MatrixShape<(int)1, (int)1>>, (int)2, (bool)0, bool>, cutlass::MatrixShape<(int)0, (int)0>, cutlass::MatrixShape<(int)0, (int)0>, (int)2>, (int)3, bool>, cutlass::epilogue::threadblock::EpilogueWithVisitorCallbacks<cutlass::epilogue::threadblock::Epilogue<cutlass::gemm::GemmShape<(int)128, (int)128, (int)128>, cutlass::gemm::warp::MmaTensorOp<cutlass::gemm::GemmShape<(int)64, (int)64, (int)64>, signed char, cutlass::layout::RowMajorTensorOpMultiplicandCrosswise<(int)8, (int)128>, signed char, cutlass::layout::ColumnMajorTensorOpMultiplicandCrosswise<(int)8, (int)128>, int, cutlass::layout::RowMajor, cutlass::gemm::warp::MmaTensorOpPolicy<cutlass::arch::Mma<cutlass::gemm::GemmShape<(int)16, (int)8, (int)32>, (int)32, signed char, cutlass::layout::RowMajor, signed char, cutlass::layout::ColumnMajor, int, cutlass::layout::RowMajor, cutlass::arch::OpMultiplyAddSaturate>, cutlass::MatrixShape<(int)1, (int)1>>, (int)2, (bool)0, bool>, (int)2, cutlass::epilogue::threadblock::PredicatedTileIteratorConv<cutlass::epilogue::threadblock::OutputTileOptimalThreadMap<cutlass::epilogue::threadblock::OutputTileShape<(int)128, (int)8, (int)2, (int)1, (int)1>, cutlass::epilogue::threadblock::OutputTileShape<(int)1, (int)8, (int)1, (int)1, (int)8>, (int)256, (int)8, (int)16>, cutlass::half_t, (bool)0, cutlass::layout::NoPermute, (bool)0, (int)4>, cutlass::epilogue::warp::FragmentIteratorTensorOp<cutlass::gemm::GemmShape<(int)64, (int)64, (int)64>, cutlass::gemm::GemmShape<(int)16, (int)8, (int)32>, int, cutlass::Array<int, (int)4, (bool)1>, cutlass::layout::RowMajor>, cutlass::epilogue::warp::TileIteratorTensorOpMixed<cutlass::gemm::GemmShape<(int)64, (int)64, (int)64>, cutlass::gemm::GemmShape<(int)16, (int)8, (int)32>, int, (int)32, (int)16, (int)8, (int)8, (bool)0>, cutlass::epilogue::threadblock::SharedLoadIteratorMixed<cutlass::epilogue::threadblock::OutputTileOptimalThreadMap<cutlass::epilogue::threadblock::OutputTileShape<(int)128, (int)8, (int)2, (int)1, (int)1>, cutlass::epilogue::threadblock::OutputTileShape<(int)1, (int)8, (int)1, (int)1, (int)8>, (int)256, (int)8, (int)16>::CompactedThreadMap, int, (int)32, (int)16, (int)8, (int)8, (bool)0>, cutlass::epilogue::thread::LinearCombination<cutlass::half_t, (int)8, int, float, (cutlass::epilogue::thread::ScaleType::Kind)0, (cutlass::FloatRoundStyle)2, cutlass::half_t>, cutlass::MatrixShape<(int)0, (int)8>, (int)1, (int)1>, cutlass::epilogue::threadblock::TreeVisitor2x<cutlass::epilogue::threadblock::VisitorAuxStore<cutlass::epilogue::threadblock::OutputTileThreadLayout<cutlass::gemm::GemmShape<(int)128, (int)128, (int)128>, cutlass::gemm::GemmShape<(int)64, (int)64, (int)64>, cutlass::half_t, (int)8, (int)1>, cutlass::half_t, (cutlass::FloatRoundStyle)2, cute::tuple<long, cute::C<(int)1>, long>>, cutlass::epilogue::threadblock::TreeVisitor2x<cutlass::epilogue::threadblock::VisitorCompute<cutlass::plus, float, float, (cutlass::FloatRoundStyle)2, void>, cutlass::epilogue::threadblock::TreeVisitor2x<cutlass::epilogue::threadblock::VisitorCompute<cutlass::multiplies, float, float, (cutlass::FloatRoundStyle)2, void>, cutlass::epilogue::threadblock::TreeVisitor2x<cutlass::epilogue::threadblock::VisitorCompute<cutlass::multiplies, float, float, (cutlass::FloatRoundStyle)2, void>, cutlass::epilogue::threadblock::VisitorAccFetch, cutlass::epilogue::threadblock::VisitorScalarBroadcast<float, cute::tuple<cute::C<(int)0>, cute::C<(int)0>, cute::C<(int)0>>, (int)1, cutlass::multiplies>>, cutlass::epilogue::threadblock::VisitorRowBroadcast<cutlass::epilogue::threadblock::OutputTileThreadLayout<cutlass::gemm::GemmShape<(int)128, (int)128, (int)128>, cutlass::gemm::GemmShape<(int)64, (int)64, (int)64>, cutlass::half_t, (int)8, (int)1>, float, cute::tuple<cute::C<(int)0>, cute::C<(int)1>, int>, (bool)1>>, cutlass::epilogue::threadblock::VisitorRowBroadcast<cutlass::epilogue::threadblock::OutputTileThreadLayout<cutlass::gemm::GemmShape<(int)128, (int)128, (int)128>, cutlass::gemm::GemmShape<(int)64, (int)64, (int)64>, cutlass::half_t, (int)8, (int)1>, float, cute::tuple<cute::C<(int)0>, cute::C<(int)1>, int>, (bool)1>>>, (int)1, (int)1>, cutlass::gemm::threadblock::GemmIdentityThreadblockSwizzle<(int)1>, (cutlass::conv::Operator)0, cutlass::conv::Conv2dProblemSize>>(T1::Params)",6119790.0
L|resblock_plain|C1536|T16,"void cutlass::Kernel<modiff::ImplicitGemmConvolutionEVT<cutlass::conv::threadblock::ImplicitGemmMultistage<cutlass::gemm::GemmShape<(int)128, (int)128, (int)128>, cutlass::conv::threadblock::Conv2dFpropActivationTileAccessIteratorOptimized<cutlass::MatrixShape<(int)128, (int)128>, signed char, cutlass::layout::TensorNHWC, cutlass::transform::PitchLinearWarpRakedThreadMap<cutlass::PitchLinearShape<(int)128, (int)128>, (int)256, cutlass::PitchLinearShape<(int)8, (int)4>, (int)16>, cutlass::AlignedArray<signed char, (int)16, (int)16>>, cutlass::transform::threadblock::RegularTileAccessIterator<cutlass::MatrixShape<(int)128, (int)128>, signed char, cutlass::layout::RowMajorTensorOpMultiplicandCrosswise<(int)8, (int)128>, (int)0, cutlass::transform::PitchLinearWarpRakedThreadMap<cutlass::PitchLinearShape<(int)128, (int)128>, (int)256, cutlass::PitchLinearShape<(int)8, (int)4>, (int)16>, (int)16>, (cutlass::arch::CacheOperation::Kind)0, cutlass::conv::threadblock::Conv2dFpropFilterTileAccessIteratorOptimized<cutlass::MatrixShape<(int)128, (int)128>, signed char, cutlass::layout::TensorNHWC, cutlass::transform::PitchLinearWarpRakedThreadMap<cutlass::PitchLinearShape<(int)128, (int)128>, (int)256, cutlass::PitchLinearShape<(int)8, (int)4>, (int)16>, cutlass::AlignedArray<signed char, (int)16, (int)16>, (bool)0>, cutlass::transform::threadblock::RegularTileAccessIterator<cutlass::MatrixShape<(int)128, (int)128>, signed char, cutlass::layout::ColumnMajorTensorOpMultiplicandCrosswise<(int)8, (int)128>, (int)1, cutlass::transform::PitchLinearWarpRakedThreadMap<cutlass::PitchLinearShape<(int)128, (int)128>, (int)256, cutlass::PitchLinearShape<(int)8, (int)4>, (int)16>, (int)16>, (cutlass::arch::CacheOperation::Kind)1, cutlass::gemm::threadblock::MmaPolicy<cutlass::gemm::warp::MmaTensorOp<cutlass::gemm::GemmShape<(int)64, (int)64, (int)64>, signed char, cutlass::layout::RowMajorTensorOpMultiplicandCrosswise<(int)8, (int)128>, signed char, cutlass::layout::ColumnMajorTensorOpMultiplicandCrosswise<(int)8, (int)128>, int, cutlass::layout::RowMajor, cutlass::gemm::warp::MmaTensorOpPolicy<cutlass::arch::Mma<cutlass::gemm::GemmShape<(int)16, (int)8, (int)32>, (int)32, signed char, cutlass::layout::RowMajor, signed char, cutlass::layout::ColumnMajor, int, cutlass::layout::RowMajor, cutlass::arch::OpMultiplyAddSaturate>, cutlass::MatrixShape<(int)1, (int)1>>, (int)2, (bool)0, bool>, cutlass::MatrixShape<(int)0, (int)0>, cutlass::MatrixShape<(int)0, (int)0>, (int)2>, (int)3, bool>, cutlass::epilogue::threadblock::EpilogueWithVisitorCallbacks<cutlass::epilogue::threadblock::Epilogue<cutlass::gemm::GemmShape<(int)128, (int)128, (int)128>, cutlass::gemm::warp::MmaTensorOp<cutlass::gemm::GemmShape<(int)64, (int)64, (int)64>, signed char, cutlass::layout::RowMajorTensorOpMultiplicandCrosswise<(int)8, (int)128>, signed char, cutlass::layout::ColumnMajorTensorOpMultiplicandCrosswise<(int)8, (int)128>, int, cutlass::layout::RowMajor, cutlass::gemm::warp::MmaTensorOpPolicy<cutlass::arch::Mma<cutlass::gemm::GemmShape<(int)16, (int)8, (int)32>, (int)32, signed char, cutlass::layout::RowMajor, signed char, cutlass::layout::ColumnMajor, int, cutlass::layout::RowMajor, cutlass::arch::OpMultiplyAddSaturate>, cutlass::MatrixShape<(int)1, (int)1>>, (int)2, (bool)0, bool>, (int)2, cutlass::epilogue::threadblock::PredicatedTileIteratorConv<cutlass::epilogue::threadblock::OutputTileOptimalThreadMap<cutlass::epilogue::threadblock::OutputTileShape<(int)128, (int)8, (int)2, (int)1, (int)1>, cutlass::epilogue::threadblock::OutputTileShape<(int)1, (int)8, (int)1, (int)1, (int)8>, (int)256, (int)8, (int)16>, cutlass::half_t, (bool)0, cutlass::layout::NoPermute, (bool)0, (int)4>, cutlass::epilogue::warp::FragmentIteratorTensorOp<cutlass::gemm::GemmShape<(int)64, (int)64, (int)64>, cutlass::gemm::GemmShape<(int)16, (int)8, (int)32>, int, cutlass::Array<int, (int)4, (bool)1>, cutlass::layout::RowMajor>, cutlass::epilogue::warp::TileIteratorTensorOpMixed<cutlass::gemm::GemmShape<(int)64, (int)64, (int)64>, cutlass::gemm::GemmShape<(int)16, (int)8, (int)32>, int, (int)32, (int)16, (int)8, (int)8, (bool)0>, cutlass::epilogue::threadblock::SharedLoadIteratorMixed<cutlass::epilogue::threadblock::OutputTileOptimalThreadMap<cutlass::epilogue::threadblock::OutputTileShape<(int)128, (int)8, (int)2, (int)1, (int)1>, cutlass::epilogue::threadblock::OutputTileShape<(int)1, (int)8, (int)1, (int)1, (int)8>, (int)256, (int)8, (int)16>::CompactedThreadMap, int, (int)32, (int)16, (int)8, (int)8, (bool)0>, cutlass::epilogue::thread::LinearCombination<cutlass::half_t, (int)8, int, float, (cutlass::epilogue::thread::ScaleType::Kind)0, (cutlass::FloatRoundStyle)2, cutlass::half_t>, cutlass::MatrixShape<(int)0, (int)8>, (int)1, (int)1>, cutlass::epilogue::threadblock::TreeVisitor2x<cutlass::epilogue::threadblock::VisitorAuxStore<cutlass::epilogue::threadblock::OutputTileThreadLayout<cutlass::gemm::GemmShape<(int)128, (int)128, (int)128>, cutlass::gemm::GemmShape<(int)64, (int)64, (int)64>, cutlass::half_t, (int)8, (int)1>, cutlass::half_t, (cutlass::FloatRoundStyle)2, cute::tuple<long, cute::C<(int)1>, long>>, cutlass::epilogue::threadblock::TreeVisitor2x<cutlass::epilogue::threadblock::VisitorCompute<cutlass::plus, float, float, (cutlass::FloatRoundStyle)2, void>, cutlass::epilogue::threadblock::TreeVisitor2x<cutlass::epilogue::threadblock::VisitorCompute<cutlass::plus, float, float, (cutlass::FloatRoundStyle)2, void>, cutlass::epilogue::threadblock::TreeVisitor2x<cutlass::epilogue::threadblock::VisitorCompute<cutlass::multiplies, float, float, (cutlass::FloatRoundStyle)2, void>, cutlass::epilogue::threadblock::TreeVisitor2x<cutlass::epilogue::threadblock::VisitorCompute<cutlass::multiplies, float, float, (cutlass::FloatRoundStyle)2, void>, cutlass::epilogue::threadblock::VisitorAccFetch, cutlass::epilogue::threadblock::VisitorScalarBroadcast<float, cute::tuple<cute::C<(int)0>, cute::C<(int)0>, cute::C<(int)0>>, (int)1, cutlass::multiplies>>, cutlass::epilogue::threadblock::VisitorRowBroadcast<cutlass::epilogue::threadblock::OutputTileThreadLayout<cutlass::gemm::GemmShape<(int)128, (int)128, (int)128>, cutlass::gemm::GemmShape<(int)64, (int)64, (int)64>, cutlass::half_t, (int)8, (int)1>, float, cute::tuple<cute::C<(int)0>, cute::C<(int)1>, int>, (bool)1>>, cutlass::epilogue::threadblock::VisitorRowBroadcast<cutlass::epilogue::threadblock::OutputTileThreadLayout<cutlass::gemm::GemmShape<(int)128, (int)128, (int)128>, cutlass::gemm::GemmShape<(int)64, (int)64, (int)64>, cutlass::half_t, (int)8, (int)1>, float, cute::tuple<cute::C<(int)0>, cute::C<(int)1>, int>, (bool)1>>, cutlass::epilogue::threadblock::VisitorAuxLoad<cutlass::epilogue::threadblock::OutputTileThreadLayout<cutlass::gemm::GemmShape<(int)128, (int)128, (int)128>, cutlass::gemm::GemmShape<(int)64, (int)64, (int)64>, cutlass::half_t, (int)8, (int)1>, cutlass::half_t, cute::tuple<long, cute::C<(int)1>, long>>>>, (int)1, (int)1>, cutlass::gemm::threadblock::GemmIdentityThreadblockSwizzle<(int)1>, (cutlass::conv::Operator)0, cutlass::conv::Conv2dProblemSize>>(T1::Params)",6078318.0
L|resblock_plain|C768|T4,"void cutlass::Kernel<modiff::ImplicitGemmConvolutionEVT<cutlass::conv::threadblock::ImplicitGemmMultistage<cutlass::gemm::GemmShape<(int)128, (int)128, (int)128>, cutlass::conv::threadblock::Conv2dFpropActivationTileAccessIteratorOptimized<cutlass::MatrixShape<(int)128, (int)128>, signed char, cutlass::layout::TensorNHWC, cutlass::transform::PitchLinearWarpRakedThreadMap<cutlass::PitchLinearShape<(int)128, (int)128>, (int)256, cutlass::PitchLinearShape<(int)8, (int)4>, (int)16>, cutlass::AlignedArray<signed char, (int)16, (int)16>>, cutlass::transform::threadblock::RegularTileAccessIterator<cutlass::MatrixShape<(int)128, (int)128>, signed char, cutlass::layout::RowMajorTensorOpMultiplicandCrosswise<(int)8, (int)128>, (int)0, cutlass::transform::PitchLinearWarpRakedThreadMap<cutlass::PitchLinearShape<(int)128, (int)128>, (int)256, cutlass::PitchLinearShape<(int)8, (int)4>, (int)16>, (int)16>, (cutlass::arch::CacheOperation::Kind)0, cutlass::conv::threadblock::Conv2dFpropFilterTileAccessIteratorOptimized<cutlass::MatrixShape<(int)128, (int)128>, signed char, cutlass::layout::TensorNHWC, cutlass::transform::PitchLinearWarpRakedThreadMap<cutlass::PitchLinearShape<(int)128, (int)128>, (int)256, cutlass::PitchLinearShape<(int)8, (int)4>, (int)16>, cutlass::AlignedArray<signed char, (int)16, (int)16>, (bool)0>, cutlass::transform::threadblock::RegularTileAccessIterator<cutlass::MatrixShape<(int)128, (int)128>, signed char, cutlass::layout::ColumnMajorTensorOpMultiplicandCrosswise<(int)8, (int)128>, (int)1, cutlass::transform::PitchLinearWarpRakedThreadMap<cutlass::PitchLinearShape<(int)128, (int)128>, (int)256, cutlass::PitchLinearShape<(int)8, (int)4>, (int)16>, (int)16>, (cutlass::arch::CacheOperation::Kind)1, cutlass::gemm::threadblock::MmaPolicy<cutlass::gemm::warp::MmaTensorOp<cutlass::gemm::GemmShape<(int)64, (int)64, (int)64>, signed char, cutlass::layout::RowMajorTensorOpMultiplicandCrosswise<(int)8, (int)128>, signed char, cutlass::layout::ColumnMajorTensorOpMultiplicandCrosswise<(int)8, (int)128>, int, cutlass::layout::RowMajor, cutlass::gemm::warp::MmaTensorOpPolicy<cutlass::arch::Mma<cutlass::gemm::GemmShape<(int)16, (int)8, (int)32>, (int)32, signed char, cutlass::layout::RowMajor, signed char, cutlass::layout::ColumnMajor, int, cutlass::layout::RowMajor, cutlass::arch::OpMultiplyAddSaturate>, cutlass::MatrixShape<(int)1, (int)1>>, (int)2, (bool)0, bool>, cutlass::MatrixShape<(int)0, (int)0>, cutlass::MatrixShape<(int)0, (int)0>, (int)2>, (int)3, bool>, cutlass::epilogue::threadblock::EpilogueWithVisitorCallbacks<cutlass::epilogue::threadblock::Epilogue<cutlass::gemm::GemmShape<(int)128, (int)128, (int)128>, cutlass::gemm::warp::MmaTensorOp<cutlass::gemm::GemmShape<(int)64, (int)64, (int)64>, signed char, cutlass::layout::RowMajorTensorOpMultiplicandCrosswise<(int)8, (int)128>, signed char, cutlass::layout::ColumnMajorTensorOpMultiplicandCrosswise<(int)8, (int)128>, int, cutlass::layout::RowMajor, cutlass::gemm::warp::MmaTensorOpPolicy<cutlass::arch::Mma<cutlass::gemm::GemmShape<(int)16, (int)8, (int)32>, (int)32, signed char, cutlass::layout::RowMajor, signed char, cutlass::layout::ColumnMajor, int, cutlass::layout::RowMajor, cutlass::arch::OpMultiplyAddSaturate>, cutlass::MatrixShape<(int)1, (int)1>>, (int)2, (bool)0, bool>, (int)2, cutlass::epilogue::threadblock::PredicatedTileIteratorConv<cutlass::epilogue::threadblock::OutputTileOptimalThreadMap<cutlass::epilogue::threadblock::OutputTileShape<(int)128, (int)8, (int)2, (int)1, (int)1>, cutlass::epilogue::threadblock::OutputTileShape<(int)1, (int)8, (int)1, (int)1, (int)8>, (int)256, (int)8, (int)16>, cutlass::half_t, (bool)0, cutlass::layout::NoPermute, (bool)0, (int)4>, cutlass::epilogue::warp::FragmentIteratorTensorOp<cutlass::gemm::GemmShape<(int)64, (int)64, (int)64>, cutlass::gemm::GemmShape<(int)16, (int)8, (int)32>, int, cutlass::Array<int, (int)4, (bool)1>, cutlass::layout::RowMajor>, cutlass::epilogue::warp::TileIteratorTensorOpMixed<cutlass::gemm::GemmShape<(int)64, (int)64, (int)64>, cutlass::gemm::GemmShape<(int)16, (int)8, (int)32>, int, (int)32, (int)16, (int)8, (int)8, (bool)0>, cutlass::epilogue::threadblock::SharedLoadIteratorMixed<cutlass::epilogue::threadblock::OutputTileOptimalThreadMap<cutlass::epilogue::threadblock::OutputTileShape<(int)128, (int)8, (int)2, (int)1, (int)1>, cutlass::epilogue::threadblock::OutputTileShape<(int)1, (int)8, (int)1, (int)1, (int)8>, (int)256, (int)8, (int)16>::CompactedThreadMap, int, (int)32, (int)16, (int)8, (int)8, (bool)0>, cutlass::epilogue::thread::LinearCombination<cutlass::half_t, (int)8, int, float, (cutlass::epilogue::thread::ScaleType::Kind)0, (cutlass::FloatRoundStyle)2, cutlass::half_t>, cutlass::MatrixShape<(int)0, (int)8>, (int)1, (int)1>, cutlass::epilogue::threadblock::TreeVisitor2x<cutlass::epilogue::threadblock::VisitorAuxStore<cutlass::epilogue::threadblock::OutputTileThreadLayout<cutlass::gemm::GemmShape<(int)128, (int)128, (int)128>, cutlass::gemm::GemmShape<(int)64, (int)64, (int)64>, cutlass::half_t, (int)8, (int)1>, cutlass::half_t, (cutlass::FloatRoundStyle)2, cute::tuple<long, cute::C<(int)1>, long>>, cutlass::epilogue::threadblock::TreeVisitor2x<cutlass::epilogue::threadblock::VisitorCompute<cutlass::plus, float, float, (cutlass::FloatRoundStyle)2, void>, cutlass::epilogue::threadblock::TreeVisitor2x<cutlass::epilogue::threadblock::VisitorCompute<cutlass::plus, float, float, (cutlass::FloatRoundStyle)2, void>, cutlass::epilogue::threadblock::TreeVisitor2x<cutlass::epilogue::threadblock::VisitorCompute<cutlass::multiplies, float, float, (cutlass::FloatRoundStyle)2, void>, cutlass::epilogue::threadblock::TreeVisitor2x<cutlass::epilogue::threadblock::VisitorCompute<cutlass::multiplies, float, float, (cutlass::FloatRoundStyle)2, void>, cutlass::epilogue::threadblock::VisitorAccFetch, cutlass::epilogue::threadblock::VisitorScalarBroadcast<float, cute::tuple<cute::C<(int)0>, cute::C<(int)0>, cute::C<(int)0>>, (int)1, cutlass::multiplies>>, cutlass::epilogue::threadblock::VisitorRowBroadcast<cutlass::epilogue::threadblock::OutputTileThreadLayout<cutlass::gemm::GemmShape<(int)128, (int)128, (int)128>, cutlass::gemm::GemmShape<(int)64, (int)64, (int)64>, cutlass::half_t, (int)8, (int)1>, float, cute::tuple<cute::C<(int)0>, cute::C<(int)1>, int>, (bool)1>>, cutlass::epilogue::threadblock::VisitorRowBroadcast<cutlass::epilogue::threadblock::OutputTileThreadLayout<cutlass::gemm::GemmShape<(int)128, (int)128, (int)128>, cutlass::gemm::GemmShape<(int)64, (int)64, (int)64>, cutlass::half_t, (int)8, (int)1>, float, cute::tuple<cute::C<(int)0>, cute::C<(int)1>, int>, (bool)1>>, cutlass::epilogue::threadblock::VisitorAuxLoad<cutlass::epilogue::threadblock::OutputTileThreadLayout<cutlass::gemm::GemmShape<(int)128, (int)128, (int)128>, cutlass::gemm::GemmShape<(int)64, (int)64, (int)64>, cutlass::half_t, (int)8, (int)1>, cutlass::half_t, cute::tuple<long, cute::C<(int)1>, long>>>>, (int)1, (int)1>, cutlass::gemm::threadblock::GemmIdentityThreadblockSwizzle<(int)1>, (cutlass::conv::Operator)0, cutlass::conv::Conv2dProblemSize>>(T1::Params)",6013452.0
L|resblock_plain|C768|T4,"void cutlass::Kernel<modiff::ImplicitGemmConvolutionEVT<cutlass::conv::threadblock::ImplicitGemmMultistage<cutlass::gemm::GemmShape<(int)128, (int)128, (int)128>, cutlass::conv::threadblock::Conv2dFpropActivationTileAccessIteratorOptimized<cutlass::MatrixShape<(int)128, (int)128>, signed char, cutlass::layout::TensorNHWC, cutlass::transform::PitchLinearWarpRakedThreadMap<cutlass::PitchLinearShape<(int)128, (int)128>, (int)256, cutlass::PitchLinearShape<(int)8, (int)4>, (int)16>, cutlass::AlignedArray<signed char, (int)16, (int)16>>, cutlass::transform::threadblock::RegularTileAccessIterator<cutlass::MatrixShape<(int)128, (int)128>, signed char, cutlass::layout::RowMajorTensorOpMultiplicandCrosswise<(int)8, (int)128>, (int)0, cutlass::transform::PitchLinearWarpRakedThreadMap<cutlass::PitchLinearShape<(int)128, (int)128>, (int)256, cutlass::PitchLinearShape<(int)8, (int)4>, (int)16>, (int)16>, (cutlass::arch::CacheOperation::Kind)0, cutlass::conv::threadblock::Conv2dFpropFilterTileAccessIteratorOptimized<cutlass::MatrixShape<(int)128, (int)128>, signed char, cutlass::layout::TensorNHWC, cutlass::transform::PitchLinearWarpRakedThreadMap<cutlass::PitchLinearShape<(int)128, (int)128>, (int)256, cutlass::PitchLinearShape<(int)8, (int)4>, (int)16>, cutlass::AlignedArray<signed char, (int)16, (int)16>, (bool)0>, cutlass::transform::threadblock::RegularTileAccessIterator<cutlass::MatrixShape<(int)128, (int)128>, signed char, cutlass::layout::ColumnMajorTensorOpMultiplicandCrosswise<(int)8, (int)128>, (int)1, cutlass::transform::PitchLinearWarpRakedThreadMap<cutlass::PitchLinearShape<(int)128, (int)128>, (int)256, cutlass::PitchLinearShape<(int)8, (int)4>, (int)16>, (int)16>, (cutlass::arch::CacheOperation::Kind)1, cutlass::gemm::threadblock::MmaPolicy<cutlass::gemm::warp::MmaTensorOp<cutlass::gemm::GemmShape<(int)64, (int)64, (int)64>, signed char, cutlass::layout::RowMajorTensorOpMultiplicandCrosswise<(int)8, (int)128>, signed char, cutlass::layout::ColumnMajorTensorOpMultiplicandCrosswise<(int)8, (int)128>, int, cutlass::layout::RowMajor, cutlass::gemm::warp::MmaTensorOpPolicy<cutlass::arch::Mma<cutlass::gemm::GemmShape<(int)16, (int)8, (int)32>, (int)32, signed char, cutlass::layout::RowMajor, signed char, cutlass::layout::ColumnMajor, int, cutlass::layout::RowMajor, cutlass::arch::OpMultiplyAddSaturate>, cutlass::MatrixShape<(int)1, (int)1>>, (int)2, (bool)0, bool>, cutlass::MatrixShape<(int)0, (int)0>, cutlass::MatrixShape<(int)0, (int)0>, (int)2>, (int)3, bool>, cutlass::epilogue::threadblock::EpilogueWithVisitorCallbacks<cutlass::epilogue::threadblock::Epilogue<cutlass::gemm::GemmShape<(int)128, (int)128, (int)128>, cutlass::gemm::warp::MmaTensorOp<cutlass::gemm::GemmShape<(int)64, (int)64, (int)64>, signed char, cutlass::layout::RowMajorTensorOpMultiplicandCrosswise<(int)8, (int)128>, signed char, cutlass::layout::ColumnMajorTensorOpMultiplicandCrosswise<(int)8, (int)128>, int, cutlass::layout::RowMajor, cutlass::gemm::warp::MmaTensorOpPolicy<cutlass::arch::Mma<cutlass::gemm::GemmShape<(int)16, (int)8, (int)32>, (int)32, signed char, cutlass::layout::RowMajor, signed char, cutlass::layout::ColumnMajor, int, cutlass::layout::RowMajor, cutlass::arch::OpMultiplyAddSaturate>, cutlass::MatrixShape<(int)1, (int)1>>, (int)2, (bool)0, bool>, (int)2, cutlass::epilogue::threadblock::PredicatedTileIteratorConv<cutlass::epilogue::threadblock::OutputTileOptimalThreadMap<cutlass::epilogue::threadblock::OutputTileShape<(int)128, (int)8, (int)2, (int)1, (int)1>, cutlass::epilogue::threadblock::OutputTileShape<(int)1, (int)8, (int)1, (int)1, (int)8>, (int)256, (int)8, (int)16>, cutlass::half_t, (bool)0, cutlass::layout::NoPermute, (bool)0, (int)4>, cutlass::epilogue::warp::FragmentIteratorTensorOp<cutlass::gemm::GemmShape<(int)64, (int)64, (int)64>, cutlass::gemm::GemmShape<(int)16, (int)8, (int)32>, int, cutlass::Array<int, (int)4, (bool)1>, cutlass::layout::RowMajor>, cutlass::epilogue::warp::TileIteratorTensorOpMixed<cutlass::gemm::GemmShape<(int)64, (int)64, (int)64>, cutlass::gemm::GemmShape<(int)16, (int)8, (int)32>, int, (int)32, (int)16, (int)8, (int)8, (bool)0>, cutlass::epilogue::threadblock::SharedLoadIteratorMixed<cutlass::epilogue::threadblock::OutputTileOptimalThreadMap<cutlass::epilogue::threadblock::OutputTileShape<(int)128, (int)8, (int)2, (int)1, (int)1>, cutlass::epilogue::threadblock::OutputTileShape<(int)1, (int)8, (int)1, (int)1, (int)8>, (int)256, (int)8, (int)16>::CompactedThreadMap, int, (int)32, (int)16, (int)8, (int)8, (bool)0>, cutlass::epilogue::thread::LinearCombination<cutlass::half_t, (int)8, int, float, (cutlass::epilogue::thread::ScaleType::Kind)0, (cutlass::FloatRoundStyle)2, cutlass::half_t>, cutlass::MatrixShape<(int)0, (int)8>, (int)1, (int)1>, cutlass::epilogue::threadblock::TreeVisitor2x<cutlass::epilogue::threadblock::VisitorAuxStore<cutlass::epilogue::threadblock::OutputTileThreadLayout<cutlass::gemm::GemmShape<(int)128, (int)128, (int)128>, cutlass::gemm::GemmShape<(int)64, (int)64, (int)64>, cutlass::half_t, (int)8, (int)1>, cutlass::half_t, (cutlass::FloatRoundStyle)2, cute::tuple<long, cute::C<(int)1>, long>>, cutlass::epilogue::threadblock::TreeVisitor2x<cutlass::epilogue::threadblock::VisitorCompute<cutlass::plus, float, float, (cutlass::FloatRoundStyle)2, void>, cutlass::epilogue::threadblock::TreeVisitor2x<cutlass::epilogue::threadblock::VisitorCompute<cutlass::multiplies, float, float, (cutlass::FloatRoundStyle)2, void>, cutlass::epilogue::threadblock::TreeVisitor2x<cutlass::epilogue::threadblock::VisitorCompute<cutlass::multiplies, float, float, (cutlass::FloatRoundStyle)2, void>, cutlass::epilogue::threadblock::VisitorAccFetch, cutlass::epilogue::threadblock::VisitorScalarBroadcast<float, cute::tuple<cute::C<(int)0>, cute::C<(int)0>, cute::C<(int)0>>, (int)1, cutlass::multiplies>>, cutlass::epilogue::threadblock::VisitorRowBroadcast<cutlass::epilogue::threadblock::OutputTileThreadLayout<cutlass::gemm::GemmShape<(int)128, (int)128, (int)128>, cutlass::gemm::GemmShape<(int)64, (int)64, (int)64>, cutlass::half_t, (int)8, (int)1>, float, cute::tuple<cute::C<(int)0>, cute::C<(int)1>, int>, (bool)1>>, cutlass::epilogue::threadblock::VisitorRowBroadcast<cutlass::epilogue::threadblock::OutputTileThreadLayout<cutlass::gemm::GemmShape<(int)128, (int)128, (int)128>, cutlass::gemm::GemmShape<(int)64, (int)64, (int)64>, cutlass::half_t, (int)8, (int)1>, float, cute::tuple<cute::C<(int)0>, cute::C<(int)1>, int>, (bool)1>>>, (int)1, (int)1>, cutlass::gemm::threadblock::GemmIdentityThreadblockSwizzle<(int)1>, (cutlass::conv::Operator)0, cutlass::conv::Conv2dProblemSize>>(T1::Params)",5909393.0
,"void at::native::elementwise_kernel<(int)128, (int)4, void at::native::gpu_kernel_impl_nocast<at::native::direct_copy_kernel_cuda(at::TensorIteratorBase &)::[lambda() (instance 3)]::operator ()() const::[lambda() (instance 10)]::operator ()() const::[lambda(c10::Half) (instance 1)]>(at::TensorIteratorBase &, const T1 &)::[lambda(int) (instance 1)]>(int, T3)",5896973.0
,"void at::native::unrolled_elementwise_kernel<at::native::direct_copy_kernel_cuda(at::TensorIteratorBase &)::[lambda() (instance 3)]::operator ()() const::[lambda() (instance 10)]::operator ()() const::[lambda(c10::Half) (instance 1)], at::detail::Array<char *, (int)2>, TrivialOffsetCalculator<(int)1, unsigned int>, TrivialOffsetCalculator<(int)1, unsigned int>, at::native::memory::LoadWithCast<(int)1>, at::native::memory::StoreWithCast<(int)1>>(int, T1, T2, T3, T4, T5, T6)",5552969.0
L|attention|C768|T16,"void gemm_w8a8_kernel_awq_out_i8<(int)0>(const signed char *, const signed char *, const float *, float, const float *, const __half *, signed char *, int, int, int, int, signed char *, signed char *, signed char *, int, int, int, int)",5545503.0
,"void at::native::unrolled_elementwise_kernel<at::native::direct_copy_kernel_cuda(at::TensorIteratorBase &)::[lambda() (instance 3)]::operator ()() const::[lambda() (instance 7)]::operator ()() const::[lambda(float) (instance 1)], at::detail::Array<char *, (int)2>, TrivialOffsetCalculator<(int)1, unsigned int>, TrivialOffsetCalculator<(int)1, unsigned int>, at::native::memory::LoadWithCast<(int)1>, at::native::memory::StoreWithCast<(int)1>>(int, T1, T2, T3, T4, T5, T6)",5302248.0
L|resblock_updown|C192|T1024,"void group_norm_silu_quantize_resize_nhwc_kernel<__half, (bool)1, (bool)0, (bool)0>(const T1 *, signed char *, const T1 *, const T1 *, const T1 *, const T1 *, const float *, const float *, int, long, int, float, bool, int, int)",5216392.0
L|resblock_plain|C384|T64,"void cutlass::Kernel<modiff::ImplicitGemmConvolutionEVT<cutlass::conv::threadblock::ImplicitGemmMultistage<cutlass::gemm::GemmShape<(int)128, (int)128, (int)128>, cutlass::conv::threadblock::Conv2dFpropActivationTileAccessIteratorOptimized<cutlass::MatrixShape<(int)128, (int)128>, signed char, cutlass::layout::TensorNHWC, cutlass::transform::PitchLinearWarpRakedThreadMap<cutlass::PitchLinearShape<(int)128, (int)128>, (int)256, cutlass::PitchLinearShape<(int)8, (int)4>, (int)16>, cutlass::AlignedArray<signed char, (int)16, (int)16>>, cutlass::transform::threadblock::RegularTileAccessIterator<cutlass::MatrixShape<(int)128, (int)128>, signed char, cutlass::layout::RowMajorTensorOpMultiplicandCrosswise<(int)8, (int)128>, (int)0, cutlass::transform::PitchLinearWarpRakedThreadMap<cutlass::PitchLinearShape<(int)128, (int)128>, (int)256, cutlass::PitchLinearShape<(int)8, (int)4>, (int)16>, (int)16>, (cutlass::arch::CacheOperation::Kind)0, cutlass::conv::threadblock::Conv2dFpropFilterTileAccessIteratorOptimized<cutlass::MatrixShape<(int)128, (int)128>, signed char, cutlass::layout::TensorNHWC, cutlass::transform::PitchLinearWarpRakedThreadMap<cutlass::PitchLinearShape<(int)128, (int)128>, (int)256, cutlass::PitchLinearShape<(int)8, (int)4>, (int)16>, cutlass::AlignedArray<signed char, (int)16, (int)16>, (bool)0>, cutlass::transform::threadblock::RegularTileAccessIterator<cutlass::MatrixShape<(int)128, (int)128>, signed char, cutlass::layout::ColumnMajorTensorOpMultiplicandCrosswise<(int)8, (int)128>, (int)1, cutlass::transform::PitchLinearWarpRakedThreadMap<cutlass::PitchLinearShape<(int)128, (int)128>, (int)256, cutlass::PitchLinearShape<(int)8, (int)4>, (int)16>, (int)16>, (cutlass::arch::CacheOperation::Kind)1, cutlass::gemm::threadblock::MmaPolicy<cutlass::gemm::warp::MmaTensorOp<cutlass::gemm::GemmShape<(int)64, (int)64, (int)64>, signed char, cutlass::layout::RowMajorTensorOpMultiplicandCrosswise<(int)8, (int)128>, signed char, cutlass::layout::ColumnMajorTensorOpMultiplicandCrosswise<(int)8, (int)128>, int, cutlass::layout::RowMajor, cutlass::gemm::warp::MmaTensorOpPolicy<cutlass::arch::Mma<cutlass::gemm::GemmShape<(int)16, (int)8, (int)32>, (int)32, signed char, cutlass::layout::RowMajor, signed char, cutlass::layout::ColumnMajor, int, cutlass::layout::RowMajor, cutlass::arch::OpMultiplyAddSaturate>, cutlass::MatrixShape<(int)1, (int)1>>, (int)2, (bool)0, bool>, cutlass::MatrixShape<(int)0, (int)0>, cutlass::MatrixShape<(int)0, (int)0>, (int)2>, (int)3, bool>, cutlass::epilogue::threadblock::EpilogueWithVisitorCallbacks<cutlass::epilogue::threadblock::Epilogue<cutlass::gemm::GemmShape<(int)128, (int)128, (int)128>, cutlass::gemm::warp::MmaTensorOp<cutlass::gemm::GemmShape<(int)64, (int)64, (int)64>, signed char, cutlass::layout::RowMajorTensorOpMultiplicandCrosswise<(int)8, (int)128>, signed char, cutlass::layout::ColumnMajorTensorOpMultiplicandCrosswise<(int)8, (int)128>, int, cutlass::layout::RowMajor, cutlass::gemm::warp::MmaTensorOpPolicy<cutlass::arch::Mma<cutlass::gemm::GemmShape<(int)16, (int)8, (int)32>, (int)32, signed char, cutlass::layout::RowMajor, signed char, cutlass::layout::ColumnMajor, int, cutlass::layout::RowMajor, cutlass::arch::OpMultiplyAddSaturate>, cutlass::MatrixShape<(int)1, (int)1>>, (int)2, (bool)0, bool>, (int)2, cutlass::epilogue::threadblock::PredicatedTileIteratorConv<cutlass::epilogue::threadblock::OutputTileOptimalThreadMap<cutlass::epilogue::threadblock::OutputTileShape<(int)128, (int)8, (int)2, (int)1, (int)1>, cutlass::epilogue::threadblock::OutputTileShape<(int)1, (int)8, (int)1, (int)1, (int)8>, (int)256, (int)8, (int)16>, cutlass::half_t, (bool)0, cutlass::layout::NoPermute, (bool)0, (int)4>, cutlass::epilogue::warp::FragmentIteratorTensorOp<cutlass::gemm::GemmShape<(int)64, (int)64, (int)64>, cutlass::gemm::GemmShape<(int)16, (int)8, (int)32>, int, cutlass::Array<int, (int)4, (bool)1>, cutlass::layout::RowMajor>, cutlass::epilogue::warp::TileIteratorTensorOpMixed<cutlass::gemm::GemmShape<(int)64, (int)64, (int)64>, cutlass::gemm::GemmShape<(int)16, (int)8, (int)32>, int, (int)32, (int)16, (int)8, (int)8, (bool)0>, cutlass::epilogue::threadblock::SharedLoadIteratorMixed<cutlass::epilogue::threadblock::OutputTileOptimalThreadMap<cutlass::epilogue::threadblock::OutputTileShape<(int)128, (int)8, (int)2, (int)1, (int)1>, cutlass::epilogue::threadblock::OutputTileShape<(int)1, (int)8, (int)1, (int)1, (int)8>, (int)256, (int)8, (int)16>::CompactedThreadMap, int, (int)32, (int)16, (int)8, (int)8, (bool)0>, cutlass::epilogue::thread::LinearCombination<cutlass::half_t, (int)8, int, float, (cutlass::epilogue::thread::ScaleType::Kind)0, (cutlass::FloatRoundStyle)2, cutlass::half_t>, cutlass::MatrixShape<(int)0, (int)8>, (int)1, (int)1>, cutlass::epilogue::threadblock::TreeVisitor2x<cutlass::epilogue::threadblock::VisitorAuxStore<cutlass::epilogue::threadblock::OutputTileThreadLayout<cutlass::gemm::GemmShape<(int)128, (int)128, (int)128>, cutlass::gemm::GemmShape<(int)64, (int)64, (int)64>, cutlass::half_t, (int)8, (int)1>, cutlass::half_t, (cutlass::FloatRoundStyle)2, cute::tuple<long, cute::C<(int)1>, long>>, cutlass::epilogue::threadblock::TreeVisitor2x<cutlass::epilogue::threadblock::VisitorCompute<cutlass::plus, float, float, (cutlass::FloatRoundStyle)2, void>, cutlass::epilogue::threadblock::TreeVisitor2x<cutlass::epilogue::threadblock::VisitorCompute<cutlass::plus, float, float, (cutlass::FloatRoundStyle)2, void>, cutlass::epilogue::threadblock::TreeVisitor2x<cutlass::epilogue::threadblock::VisitorCompute<cutlass::multiplies, float, float, (cutlass::FloatRoundStyle)2, void>, cutlass::epilogue::threadblock::TreeVisitor2x<cutlass::epilogue::threadblock::VisitorCompute<cutlass::multiplies, float, float, (cutlass::FloatRoundStyle)2, void>, cutlass::epilogue::threadblock::VisitorAccFetch, cutlass::epilogue::threadblock::VisitorScalarBroadcast<float, cute::tuple<cute::C<(int)0>, cute::C<(int)0>, cute::C<(int)0>>, (int)1, cutlass::multiplies>>, cutlass::epilogue::threadblock::VisitorRowBroadcast<cutlass::epilogue::threadblock::OutputTileThreadLayout<cutlass::gemm::GemmShape<(int)128, (int)128, (int)128>, cutlass::gemm::GemmShape<(int)64, (int)64, (int)64>, cutlass::half_t, (int)8, (int)1>, float, cute::tuple<cute::C<(int)0>, cute::C<(int)1>, int>, (bool)1>>, cutlass::epilogue::threadblock::VisitorRowBroadcast<cutlass::epilogue::threadblock::OutputTileThreadLayout<cutlass::gemm::GemmShape<(int)128, (int)128, (int)128>, cutlass::gemm::GemmShape<(int)64, (int)64, (int)64>, cutlass::half_t, (int)8, (int)1>, float, cute::tuple<cute::C<(int)0>, cute::C<(int)1>, int>, (bool)1>>, cutlass::epilogue::threadblock::VisitorAuxLoad<cutlass::epilogue::threadblock::OutputTileThreadLayout<cutlass::gemm::GemmShape<(int)128, (int)128, (int)128>, cutlass::gemm::GemmShape<(int)64, (int)64, (int)64>, cutlass::half_t, (int)8, (int)1>, cutlass::half_t, cute::tuple<long, cute::C<(int)1>, long>>>>, (int)1, (int)1>, cutlass::gemm::threadblock::GemmIdentityThreadblockSwizzle<(int)1>, (cutlass::conv::Operator)0, cutlass::conv::Conv2dProblemSize>>(T1::Params)",5215080.0
L|resblock_plain|C768|T64,"void cutlass::Kernel<modiff::ImplicitGemmConvolutionEVT<cutlass::conv::threadblock::ImplicitGemmMultistage<cutlass::gemm::GemmShape<(int)128, (int)128, (int)128>, cutlass::conv::threadblock::Conv2dFpropActivationTileAccessIteratorOptimized<cutlass::MatrixShape<(int)128, (int)128>, signed char, cutlass::layout::TensorNHWC, cutlass::transform::PitchLinearWarpRakedThreadMap<cutlass::PitchLinearShape<(int)128, (int)128>, (int)256, cutlass::PitchLinearShape<(int)8, (int)4>, (int)16>, cutlass::AlignedArray<signed char, (int)16, (int)16>>, cutlass::transform::threadblock::RegularTileAccessIterator<cutlass::MatrixShape<(int)128, (int)128>, signed char, cutlass::layout::RowMajorTensorOpMultiplicandCrosswise<(int)8, (int)128>, (int)0, cutlass::transform::PitchLinearWarpRakedThreadMap<cutlass::PitchLinearShape<(int)128, (int)128>, (int)256, cutlass::PitchLinearShape<(int)8, (int)4>, (int)16>, (int)16>, (cutlass::arch::CacheOperation::Kind)0, cutlass::conv::threadblock::Conv2dFpropFilterTileAccessIteratorOptimized<cutlass::MatrixShape<(int)128, (int)128>, signed char, cutlass::layout::TensorNHWC, cutlass::transform::PitchLinearWarpRakedThreadMap<cutlass::PitchLinearShape<(int)128, (int)128>, (int)256, cutlass::PitchLinearShape<(int)8, (int)4>, (int)16>, cutlass::AlignedArray<signed char, (int)16, (int)16>, (bool)0>, cutlass::transform::threadblock::RegularTileAccessIterator<cutlass::MatrixShape<(int)128, (int)128>, signed char, cutlass::layout::ColumnMajorTensorOpMultiplicandCrosswise<(int)8, (int)128>, (int)1, cutlass::transform::PitchLinearWarpRakedThreadMap<cutlass::PitchLinearShape<(int)128, (int)128>, (int)256, cutlass::PitchLinearShape<(int)8, (int)4>, (int)16>, (int)16>, (cutlass::arch::CacheOperation::Kind)1, cutlass::gemm::threadblock::MmaPolicy<cutlass::gemm::warp::MmaTensorOp<cutlass::gemm::GemmShape<(int)64, (int)64, (int)64>, signed char, cutlass::layout::RowMajorTensorOpMultiplicandCrosswise<(int)8, (int)128>, signed char, cutlass::layout::ColumnMajorTensorOpMultiplicandCrosswise<(int)8, (int)128>, int, cutlass::layout::RowMajor, cutlass::gemm::warp::MmaTensorOpPolicy<cutlass::arch::Mma<cutlass::gemm::GemmShape<(int)16, (int)8, (int)32>, (int)32, signed char, cutlass::layout::RowMajor, signed char, cutlass::layout::ColumnMajor, int, cutlass::layout::RowMajor, cutlass::arch::OpMultiplyAddSaturate>, cutlass::MatrixShape<(int)1, (int)1>>, (int)2, (bool)0, bool>, cutlass::MatrixShape<(int)0, (int)0>, cutlass::MatrixShape<(int)0, (int)0>, (int)2>, (int)3, bool>, cutlass::epilogue::threadblock::EpilogueWithVisitorCallbacks<cutlass::epilogue::threadblock::Epilogue<cutlass::gemm::GemmShape<(int)128, (int)128, (int)128>, cutlass::gemm::warp::MmaTensorOp<cutlass::gemm::GemmShape<(int)64, (int)64, (int)64>, signed char, cutlass::layout::RowMajorTensorOpMultiplicandCrosswise<(int)8, (int)128>, signed char, cutlass::layout::ColumnMajorTensorOpMultiplicandCrosswise<(int)8, (int)128>, int, cutlass::layout::RowMajor, cutlass::gemm::warp::MmaTensorOpPolicy<cutlass::arch::Mma<cutlass::gemm::GemmShape<(int)16, (int)8, (int)32>, (int)32, signed char, cutlass::layout::RowMajor, signed char, cutlass::layout::ColumnMajor, int, cutlass::layout::RowMajor, cutlass::arch::OpMultiplyAddSaturate>, cutlass::MatrixShape<(int)1, (int)1>>, (int)2, (bool)0, bool>, (int)2, cutlass::epilogue::threadblock::PredicatedTileIteratorConv<cutlass::epilogue::threadblock::OutputTileOptimalThreadMap<cutlass::epilogue::threadblock::OutputTileShape<(int)128, (int)8, (int)2, (int)1, (int)1>, cutlass::epilogue::threadblock::OutputTileShape<(int)1, (int)8, (int)1, (int)1, (int)8>, (int)256, (int)8, (int)16>, cutlass::half_t, (bool)0, cutlass::layout::NoPermute, (bool)0, (int)4>, cutlass::epilogue::warp::FragmentIteratorTensorOp<cutlass::gemm::GemmShape<(int)64, (int)64, (int)64>, cutlass::gemm::GemmShape<(int)16, (int)8, (int)32>, int, cutlass::Array<int, (int)4, (bool)1>, cutlass::layout::RowMajor>, cutlass::epilogue::warp::TileIteratorTensorOpMixed<cutlass::gemm::GemmShape<(int)64, (int)64, (int)64>, cutlass::gemm::GemmShape<(int)16, (int)8, (int)32>, int, (int)32, (int)16, (int)8, (int)8, (bool)0>, cutlass::epilogue::threadblock::SharedLoadIteratorMixed<cutlass::epilogue::threadblock::OutputTileOptimalThreadMap<cutlass::epilogue::threadblock::OutputTileShape<(int)128, (int)8, (int)2, (int)1, (int)1>, cutlass::epilogue::threadblock::OutputTileShape<(int)1, (int)8, (int)1, (int)1, (int)8>, (int)256, (int)8, (int)16>::CompactedThreadMap, int, (int)32, (int)16, (int)8, (int)8, (bool)0>, cutlass::epilogue::thread::LinearCombination<cutlass::half_t, (int)8, int, float, (cutlass::epilogue::thread::ScaleType::Kind)0, (cutlass::FloatRoundStyle)2, cutlass::half_t>, cutlass::MatrixShape<(int)0, (int)8>, (int)1, (int)1>, cutlass::epilogue::threadblock::TreeVisitor2x<cutlass::epilogue::threadblock::VisitorAuxStore<cutlass::epilogue::threadblock::OutputTileThreadLayout<cutlass::gemm::GemmShape<(int)128, (int)128, (int)128>, cutlass::gemm::GemmShape<(int)64, (int)64, (int)64>, cutlass::half_t, (int)8, (int)1>, cutlass::half_t, (cutlass::FloatRoundStyle)2, cute::tuple<long, cute::C<(int)1>, long>>, cutlass::epilogue::threadblock::TreeVisitor2x<cutlass::epilogue::threadblock::VisitorCompute<cutlass::plus, float, float, (cutlass::FloatRoundStyle)2, void>, cutlass::epilogue::threadblock::TreeVisitor2x<cutlass::epilogue::threadblock::VisitorCompute<cutlass::plus, float, float, (cutlass::FloatRoundStyle)2, void>, cutlass::epilogue::threadblock::TreeVisitor2x<cutlass::epilogue::threadblock::VisitorCompute<cutlass::multiplies, float, float, (cutlass::FloatRoundStyle)2, void>, cutlass::epilogue::threadblock::TreeVisitor2x<cutlass::epilogue::threadblock::VisitorCompute<cutlass::multiplies, float, float, (cutlass::FloatRoundStyle)2, void>, cutlass::epilogue::threadblock::VisitorAccFetch, cutlass::epilogue::threadblock::VisitorScalarBroadcast<float, cute::tuple<cute::C<(int)0>, cute::C<(int)0>, cute::C<(int)0>>, (int)1, cutlass::multiplies>>, cutlass::epilogue::threadblock::VisitorRowBroadcast<cutlass::epilogue::threadblock::OutputTileThreadLayout<cutlass::gemm::GemmShape<(int)128, (int)128, (int)128>, cutlass::gemm::GemmShape<(int)64, (int)64, (int)64>, cutlass::half_t, (int)8, (int)1>, float, cute::tuple<cute::C<(int)0>, cute::C<(int)1>, int>, (bool)1>>, cutlass::epilogue::threadblock::VisitorRowBroadcast<cutlass::epilogue::threadblock::OutputTileThreadLayout<cutlass::gemm::GemmShape<(int)128, (int)128, (int)128>, cutlass::gemm::GemmShape<(int)64, (int)64, (int)64>, cutlass::half_t, (int)8, (int)1>, float, cute::tuple<cute::C<(int)0>, cute::C<(int)1>, int>, (bool)1>>, cutlass::epilogue::threadblock::VisitorAuxLoad<cutlass::epilogue::threadblock::OutputTileThreadLayout<cutlass::gemm::GemmShape<(int)128, (int)128, (int)128>, cutlass::gemm::GemmShape<(int)64, (int)64, (int)64>, cutlass::half_t, (int)8, (int)1>, cutlass::half_t, cute::tuple<long, cute::C<(int)1>, long>>>>, (int)1, (int)1>, cutlass::gemm::threadblock::GemmIdentityThreadblockSwizzle<(int)1>, (cutlass::conv::Operator)0, cutlass::conv::Conv2dProblemSize>>(T1::Params)",5195496.0
L|resblock_updown|C192|T1024,"void at::native::<unnamed>::avg_pool2d_out_cuda_frame_nhwc<c10::Half, float>(int, const T1 *, long, long, long, int, int, int, int, int, int, int, int, T1 *, int, bool, bool)",5141959.0
L|resblock_plain|C384|T64,"void cutlass::Kernel<modiff::ImplicitGemmConvolutionEVT<cutlass::conv::threadblock::ImplicitGemmMultistage<cutlass::gemm::GemmShape<(int)128, (int)128, (int)128>, cutlass::conv::threadblock::Conv2dFpropActivationTileAccessIteratorOptimized<cutlass::MatrixShape<(int)128, (int)128>, signed char, cutlass::layout::TensorNHWC, cutlass::transform::PitchLinearWarpRakedThreadMap<cutlass::PitchLinearShape<(int)128, (int)128>, (int)256, cutlass::PitchLinearShape<(int)8, (int)4>, (int)16>, cutlass::AlignedArray<signed char, (int)16, (int)16>>, cutlass::transform::threadblock::RegularTileAccessIterator<cutlass::MatrixShape<(int)128, (int)128>, signed char, cutlass::layout::RowMajorTensorOpMultiplicandCrosswise<(int)8, (int)128>, (int)0, cutlass::transform::PitchLinearWarpRakedThreadMap<cutlass::PitchLinearShape<(int)128, (int)128>, (int)256, cutlass::PitchLinearShape<(int)8, (int)4>, (int)16>, (int)16>, (cutlass::arch::CacheOperation::Kind)0, cutlass::conv::threadblock::Conv2dFpropFilterTileAccessIteratorOptimized<cutlass::MatrixShape<(int)128, (int)128>, signed char, cutlass::layout::TensorNHWC, cutlass::transform::PitchLinearWarpRakedThreadMap<cutlass::PitchLinearShape<(int)128, (int)128>, (int)256, cutlass::PitchLinearShape<(int)8, (int)4>, (int)16>, cutlass::AlignedArray<signed char, (int)16, (int)16>, (bool)0>, cutlass::transform::threadblock::RegularTileAccessIterator<cutlass::MatrixShape<(int)128, (int)128>, signed char, cutlass::layout::ColumnMajorTensorOpMultiplicandCrosswise<(int)8, (int)128>, (int)1, cutlass::transform::PitchLinearWarpRakedThreadMap<cutlass::PitchLinearShape<(int)128, (int)128>, (int)256, cutlass::PitchLinearShape<(int)8, (int)4>, (int)16>, (int)16>, (cutlass::arch::CacheOperation::Kind)1, cutlass::gemm::threadblock::MmaPolicy<cutlass::gemm::warp::MmaTensorOp<cutlass::gemm::GemmShape<(int)64, (int)64, (int)64>, signed char, cutlass::layout::RowMajorTensorOpMultiplicandCrosswise<(int)8, (int)128>, signed char, cutlass::layout::ColumnMajorTensorOpMultiplicandCrosswise<(int)8, (int)128>, int, cutlass::layout::RowMajor, cutlass::gemm::warp::MmaTensorOpPolicy<cutlass::arch::Mma<cutlass::gemm::GemmShape<(int)16, (int)8, (int)32>, (int)32, signed char, cutlass::layout::RowMajor, signed char, cutlass::layout::ColumnMajor, int, cutlass::layout::RowMajor, cutlass::arch::OpMultiplyAddSaturate>, cutlass::MatrixShape<(int)1, (int)1>>, (int)2, (bool)0, bool>, cutlass::MatrixShape<(int)0, (int)0>, cutlass::MatrixShape<(int)0, (int)0>, (int)2>, (int)3, bool>, cutlass::epilogue::threadblock::EpilogueWithVisitorCallbacks<cutlass::epilogue::threadblock::Epilogue<cutlass::gemm::GemmShape<(int)128, (int)128, (int)128>, cutlass::gemm::warp::MmaTensorOp<cutlass::gemm::GemmShape<(int)64, (int)64, (int)64>, signed char, cutlass::layout::RowMajorTensorOpMultiplicandCrosswise<(int)8, (int)128>, signed char, cutlass::layout::ColumnMajorTensorOpMultiplicandCrosswise<(int)8, (int)128>, int, cutlass::layout::RowMajor, cutlass::gemm::warp::MmaTensorOpPolicy<cutlass::arch::Mma<cutlass::gemm::GemmShape<(int)16, (int)8, (int)32>, (int)32, signed char, cutlass::layout::RowMajor, signed char, cutlass::layout::ColumnMajor, int, cutlass::layout::RowMajor, cutlass::arch::OpMultiplyAddSaturate>, cutlass::MatrixShape<(int)1, (int)1>>, (int)2, (bool)0, bool>, (int)2, cutlass::epilogue::threadblock::PredicatedTileIteratorConv<cutlass::epilogue::threadblock::OutputTileOptimalThreadMap<cutlass::epilogue::threadblock::OutputTileShape<(int)128, (int)8, (int)2, (int)1, (int)1>, cutlass::epilogue::threadblock::OutputTileShape<(int)1, (int)8, (int)1, (int)1, (int)8>, (int)256, (int)8, (int)16>, cutlass::half_t, (bool)0, cutlass::layout::NoPermute, (bool)0, (int)4>, cutlass::epilogue::warp::FragmentIteratorTensorOp<cutlass::gemm::GemmShape<(int)64, (int)64, (int)64>, cutlass::gemm::GemmShape<(int)16, (int)8, (int)32>, int, cutlass::Array<int, (int)4, (bool)1>, cutlass::layout::RowMajor>, cutlass::epilogue::warp::TileIteratorTensorOpMixed<cutlass::gemm::GemmShape<(int)64, (int)64, (int)64>, cutlass::gemm::GemmShape<(int)16, (int)8, (int)32>, int, (int)32, (int)16, (int)8, (int)8, (bool)0>, cutlass::epilogue::threadblock::SharedLoadIteratorMixed<cutlass::epilogue::threadblock::OutputTileOptimalThreadMap<cutlass::epilogue::threadblock::OutputTileShape<(int)128, (int)8, (int)2, (int)1, (int)1>, cutlass::epilogue::threadblock::OutputTileShape<(int)1, (int)8, (int)1, (int)1, (int)8>, (int)256, (int)8, (int)16>::CompactedThreadMap, int, (int)32, (int)16, (int)8, (int)8, (bool)0>, cutlass::epilogue::thread::LinearCombination<cutlass::half_t, (int)8, int, float, (cutlass::epilogue::thread::ScaleType::Kind)0, (cutlass::FloatRoundStyle)2, cutlass::half_t>, cutlass::MatrixShape<(int)0, (int)8>, (int)1, (int)1>, cutlass::epilogue::threadblock::TreeVisitor2x<cutlass::epilogue::threadblock::VisitorAuxStore<cutlass::epilogue::threadblock::OutputTileThreadLayout<cutlass::gemm::GemmShape<(int)128, (int)128, (int)128>, cutlass::gemm::GemmShape<(int)64, (int)64, (int)64>, cutlass::half_t, (int)8, (int)1>, cutlass::half_t, (cutlass::FloatRoundStyle)2, cute::tuple<long, cute::C<(int)1>, long>>, cutlass::epilogue::threadblock::TreeVisitor2x<cutlass::epilogue::threadblock::VisitorCompute<cutlass::plus, float, float, (cutlass::FloatRoundStyle)2, void>, cutlass::epilogue::threadblock::TreeVisitor2x<cutlass::epilogue::threadblock::VisitorCompute<cutlass::multiplies, float, float, (cutlass::FloatRoundStyle)2, void>, cutlass::epilogue::threadblock::TreeVisitor2x<cutlass::epilogue::threadblock::VisitorCompute<cutlass::multiplies, float, float, (cutlass::FloatRoundStyle)2, void>, cutlass::epilogue::threadblock::VisitorAccFetch, cutlass::epilogue::threadblock::VisitorScalarBroadcast<float, cute::tuple<cute::C<(int)0>, cute::C<(int)0>, cute::C<(int)0>>, (int)1, cutlass::multiplies>>, cutlass::epilogue::threadblock::VisitorRowBroadcast<cutlass::epilogue::threadblock::OutputTileThreadLayout<cutlass::gemm::GemmShape<(int)128, (int)128, (int)128>, cutlass::gemm::GemmShape<(int)64, (int)64, (int)64>, cutlass::half_t, (int)8, (int)1>, float, cute::tuple<cute::C<(int)0>, cute::C<(int)1>, int>, (bool)1>>, cutlass::epilogue::threadblock::VisitorRowBroadcast<cutlass::epilogue::threadblock::OutputTileThreadLayout<cutlass::gemm::GemmShape<(int)128, (int)128, (int)128>, cutlass::gemm::GemmShape<(int)64, (int)64, (int)64>, cutlass::half_t, (int)8, (int)1>, float, cute::tuple<cute::C<(int)0>, cute::C<(int)1>, int>, (bool)1>>>, (int)1, (int)1>, cutlass::gemm::threadblock::GemmIdentityThreadblockSwizzle<(int)1>, (cutlass::conv::Operator)0, cutlass::conv::Conv2dProblemSize>>(T1::Params)",4936805.0
L|resblock_updown|C768|T16,"void group_norm_silu_quantize_nhwc_vec2_kernel<__half, (bool)0>(const T1 *, signed char *, const T1 *, const T1 *, const T1 *, const T1 *, const float *, const float *, int, long, int, float, bool)",4800132.0
L|resblock_updown|C192|T1024,"void group_norm_silu_quantize_nhwc_vec2_kernel<__half, (bool)0>(const T1 *, signed char *, const T1 *, const T1 *, const T1 *, const T1 *, const float *, const float *, int, long, int, float, bool)",4752261.0
,"void at::native::<unnamed>::RowwiseMomentsCUDAKernel<float>(long, T1, const T1 *, T1 *, T1 *)",4650375.0
L|resblock_plain|C1152|T16,"void group_norm_silu_quantize_nhwc_vec2_kernel<__half, (bool)0>(const T1 *, signed char *, const T1 *, const T1 *, const T1 *, const T1 *, const float *, const float *, int, long, int, float, bool)",4592099.0
L|resblock_plain|C1536|T4,"void cutlass::Kernel<modiff::ImplicitGemmConvolutionEVT<cutlass::conv::threadblock::ImplicitGemmMultistage<cutlass::gemm::GemmShape<(int)128, (int)128, (int)128>, cutlass::conv::threadblock::Conv2dFpropActivationTileAccessIteratorOptimized<cutlass::MatrixShape<(int)128, (int)128>, signed char, cutlass::layout::TensorNHWC, cutlass::transform::PitchLinearWarpRakedThreadMap<cutlass::PitchLinearShape<(int)128, (int)128>, (int)256, cutlass::PitchLinearShape<(int)8, (int)4>, (int)16>, cutlass::AlignedArray<signed char, (int)16, (int)16>>, cutlass::transform::threadblock::RegularTileAccessIterator<cutlass::MatrixShape<(int)128, (int)128>, signed char, cutlass::layout::RowMajorTensorOpMultiplicandCrosswise<(int)8, (int)128>, (int)0, cutlass::transform::PitchLinearWarpRakedThreadMap<cutlass::PitchLinearShape<(int)128, (int)128>, (int)256, cutlass::PitchLinearShape<(int)8, (int)4>, (int)16>, (int)16>, (cutlass::arch::CacheOperation::Kind)0, cutlass::conv::threadblock::Conv2dFpropFilterTileAccessIteratorOptimized<cutlass::MatrixShape<(int)128, (int)128>, signed char, cutlass::layout::TensorNHWC, cutlass::transform::PitchLinearWarpRakedThreadMap<cutlass::PitchLinearShape<(int)128, (int)128>, (int)256, cutlass::PitchLinearShape<(int)8, (int)4>, (int)16>, cutlass::AlignedArray<signed char, (int)16, (int)16>, (bool)0>, cutlass::transform::threadblock::RegularTileAccessIterator<cutlass::MatrixShape<(int)128, (int)128>, signed char, cutlass::layout::ColumnMajorTensorOpMultiplicandCrosswise<(int)8, (int)128>, (int)1, cutlass::transform::PitchLinearWarpRakedThreadMap<cutlass::PitchLinearShape<(int)128, (int)128>, (int)256, cutlass::PitchLinearShape<(int)8, (int)4>, (int)16>, (int)16>, (cutlass::arch::CacheOperation::Kind)1, cutlass::gemm::threadblock::MmaPolicy<cutlass::gemm::warp::MmaTensorOp<cutlass::gemm::GemmShape<(int)64, (int)64, (int)64>, signed char, cutlass::layout::RowMajorTensorOpMultiplicandCrosswise<(int)8, (int)128>, signed char, cutlass::layout::ColumnMajorTensorOpMultiplicandCrosswise<(int)8, (int)128>, int, cutlass::layout::RowMajor, cutlass::gemm::warp::MmaTensorOpPolicy<cutlass::arch::Mma<cutlass::gemm::GemmShape<(int)16, (int)8, (int)32>, (int)32, signed char, cutlass::layout::RowMajor, signed char, cutlass::layout::ColumnMajor, int, cutlass::layout::RowMajor, cutlass::arch::OpMultiplyAddSaturate>, cutlass::MatrixShape<(int)1, (int)1>>, (int)2, (bool)0, bool>, cutlass::MatrixShape<(int)0, (int)0>, cutlass::MatrixShape<(int)0, (int)0>, (int)2>, (int)3, bool>, cutlass::epilogue::threadblock::EpilogueWithVisitorCallbacks<cutlass::epilogue::threadblock::Epilogue<cutlass::gemm::GemmShape<(int)128, (int)128, (int)128>, cutlass::gemm::warp::MmaTensorOp<cutlass::gemm::GemmShape<(int)64, (int)64, (int)64>, signed char, cutlass::layout::RowMajorTensorOpMultiplicandCrosswise<(int)8, (int)128>, signed char, cutlass::layout::ColumnMajorTensorOpMultiplicandCrosswise<(int)8, (int)128>, int, cutlass::layout::RowMajor, cutlass::gemm::warp::MmaTensorOpPolicy<cutlass::arch::Mma<cutlass::gemm::GemmShape<(int)16, (int)8, (int)32>, (int)32, signed char, cutlass::layout::RowMajor, signed char, cutlass::layout::ColumnMajor, int, cutlass::layout::RowMajor, cutlass::arch::OpMultiplyAddSaturate>, cutlass::MatrixShape<(int)1, (int)1>>, (int)2, (bool)0, bool>, (int)2, cutlass::epilogue::threadblock::PredicatedTileIteratorConv<cutlass::epilogue::threadblock::OutputTileOptimalThreadMap<cutlass::epilogue::threadblock::OutputTileShape<(int)128, (int)8, (int)2, (int)1, (int)1>, cutlass::epilogue::threadblock::OutputTileShape<(int)1, (int)8, (int)1, (int)1, (int)8>, (int)256, (int)8, (int)16>, cutlass::half_t, (bool)0, cutlass::layout::NoPermute, (bool)0, (int)4>, cutlass::epilogue::warp::FragmentIteratorTensorOp<cutlass::gemm::GemmShape<(int)64, (int)64, (int)64>, cutlass::gemm::GemmShape<(int)16, (int)8, (int)32>, int, cutlass::Array<int, (int)4, (bool)1>, cutlass::layout::RowMajor>, cutlass::epilogue::warp::TileIteratorTensorOpMixed<cutlass::gemm::GemmShape<(int)64, (int)64, (int)64>, cutlass::gemm::GemmShape<(int)16, (int)8, (int)32>, int, (int)32, (int)16, (int)8, (int)8, (bool)0>, cutlass::epilogue::threadblock::SharedLoadIteratorMixed<cutlass::epilogue::threadblock::OutputTileOptimalThreadMap<cutlass::epilogue::threadblock::OutputTileShape<(int)128, (int)8, (int)2, (int)1, (int)1>, cutlass::epilogue::threadblock::OutputTileShape<(int)1, (int)8, (int)1, (int)1, (int)8>, (int)256, (int)8, (int)16>::CompactedThreadMap, int, (int)32, (int)16, (int)8, (int)8, (bool)0>, cutlass::epilogue::thread::LinearCombination<cutlass::half_t, (int)8, int, float, (cutlass::epilogue::thread::ScaleType::Kind)0, (cutlass::FloatRoundStyle)2, cutlass::half_t>, cutlass::MatrixShape<(int)0, (int)8>, (int)1, (int)1>, cutlass::epilogue::threadblock::TreeVisitor2x<cutlass::epilogue::threadblock::VisitorAuxStore<cutlass::epilogue::threadblock::OutputTileThreadLayout<cutlass::gemm::GemmShape<(int)128, (int)128, (int)128>, cutlass::gemm::GemmShape<(int)64, (int)64, (int)64>, cutlass::half_t, (int)8, (int)1>, cutlass::half_t, (cutlass::FloatRoundStyle)2, cute::tuple<long, cute::C<(int)1>, long>>, cutlass::epilogue::threadblock::TreeVisitor2x<cutlass::epilogue::threadblock::VisitorCompute<cutlass::plus, float, float, (cutlass::FloatRoundStyle)2, void>, cutlass::epilogue::threadblock::TreeVisitor2x<cutlass::epilogue::threadblock::VisitorCompute<cutlass::plus, float, float, (cutlass::FloatRoundStyle)2, void>, cutlass::epilogue::threadblock::TreeVisitor2x<cutlass::epilogue::threadblock::VisitorCompute<cutlass::multiplies, float, float, (cutlass::FloatRoundStyle)2, void>, cutlass::epilogue::threadblock::TreeVisitor2x<cutlass::epilogue::threadblock::VisitorCompute<cutlass::multiplies, float, float, (cutlass::FloatRoundStyle)2, void>, cutlass::epilogue::threadblock::VisitorAccFetch, cutlass::epilogue::threadblock::VisitorScalarBroadcast<float, cute::tuple<cute::C<(int)0>, cute::C<(int)0>, cute::C<(int)0>>, (int)1, cutlass::multiplies>>, cutlass::epilogue::threadblock::VisitorRowBroadcast<cutlass::epilogue::threadblock::OutputTileThreadLayout<cutlass::gemm::GemmShape<(int)128, (int)128, (int)128>, cutlass::gemm::GemmShape<(int)64, (int)64, (int)64>, cutlass::half_t, (int)8, (int)1>, float, cute::tuple<cute::C<(int)0>, cute::C<(int)1>, int>, (bool)1>>, cutlass::epilogue::threadblock::VisitorRowBroadcast<cutlass::epilogue::threadblock::OutputTileThreadLayout<cutlass::gemm::GemmShape<(int)128, (int)128, (int)128>, cutlass::gemm::GemmShape<(int)64, (int)64, (int)64>, cutlass::half_t, (int)8, (int)1>, float, cute::tuple<cute::C<(int)0>, cute::C<(int)1>, int>, (bool)1>>, cutlass::epilogue::threadblock::VisitorAuxLoad<cutlass::epilogue::threadblock::OutputTileThreadLayout<cutlass::gemm::GemmShape<(int)128, (int)128, (int)128>, cutlass::gemm::GemmShape<(int)64, (int)64, (int)64>, cutlass::half_t, (int)8, (int)1>, cutlass::half_t, cute::tuple<long, cute::C<(int)1>, long>>>>, (int)1, (int)1>, cutlass::gemm::threadblock::GemmIdentityThreadblockSwizzle<(int)1>, (cutlass::conv::Operator)0, cutlass::conv::Conv2dProblemSize>>(T1::Params)",4509892.0
L|attention|C768|T16,"gemm_w8a8_kernel_awq(const signed char *, const signed char *, const float *, float, __half *, int, int, int, int, const __half *, const __half *)",4504155.0
L|resblock_updown|C384|T64,"void at::native::<unnamed>::upsample_nearest2d_nhwc_out_frame<float, &at::native::nearest_neighbor_compute_source_index>(const T1 *, T1 *, unsigned long, unsigned long, unsigned long, unsigned long, unsigned long, float, float, unsigned long)",4502597.0
,sm80_xmma_fprop_implicit_gemm_f16f16_f16f32_f32_nhwckrsc_nhwc_tilesize128x32x32_stage4_warpsize4x1x1_g1_tensor16x8x16_t1r3s3_execute_kernel__5x_cudnn,4481504.0
L|resblock_plain|C1152|T16,"void cutlass::Kernel<modiff::ImplicitGemmConvolutionEVT<cutlass::conv::threadblock::ImplicitGemmMultistage<cutlass::gemm::GemmShape<(int)128, (int)128, (int)128>, cutlass::conv::threadblock::Conv2dFpropActivationTileAccessIteratorOptimized<cutlass::MatrixShape<(int)128, (int)128>, signed char, cutlass::layout::TensorNHWC, cutlass::transform::PitchLinearWarpRakedThreadMap<cutlass::PitchLinearShape<(int)128, (int)128>, (int)256, cutlass::PitchLinearShape<(int)8, (int)4>, (int)16>, cutlass::AlignedArray<signed char, (int)16, (int)16>>, cutlass::transform::threadblock::RegularTileAccessIterator<cutlass::MatrixShape<(int)128, (int)128>, signed char, cutlass::layout::RowMajorTensorOpMultiplicandCrosswise<(int)8, (int)128>, (int)0, cutlass::transform::PitchLinearWarpRakedThreadMap<cutlass::PitchLinearShape<(int)128, (int)128>, (int)256, cutlass::PitchLinearShape<(int)8, (int)4>, (int)16>, (int)16>, (cutlass::arch::CacheOperation::Kind)0, cutlass::conv::threadblock::Conv2dFpropFilterTileAccessIteratorOptimized<cutlass::MatrixShape<(int)128, (int)128>, signed char, cutlass::layout::TensorNHWC, cutlass::transform::PitchLinearWarpRakedThreadMap<cutlass::PitchLinearShape<(int)128, (int)128>, (int)256, cutlass::PitchLinearShape<(int)8, (int)4>, (int)16>, cutlass::AlignedArray<signed char, (int)16, (int)16>, (bool)0>, cutlass::transform::threadblock::RegularTileAccessIterator<cutlass::MatrixShape<(int)128, (int)128>, signed char, cutlass::layout::ColumnMajorTensorOpMultiplicandCrosswise<(int)8, (int)128>, (int)1, cutlass::transform::PitchLinearWarpRakedThreadMap<cutlass::PitchLinearShape<(int)128, (int)128>, (int)256, cutlass::PitchLinearShape<(int)8, (int)4>, (int)16>, (int)16>, (cutlass::arch::CacheOperation::Kind)1, cutlass::gemm::threadblock::MmaPolicy<cutlass::gemm::warp::MmaTensorOp<cutlass::gemm::GemmShape<(int)64, (int)64, (int)64>, signed char, cutlass::layout::RowMajorTensorOpMultiplicandCrosswise<(int)8, (int)128>, signed char, cutlass::layout::ColumnMajorTensorOpMultiplicandCrosswise<(int)8, (int)128>, int, cutlass::layout::RowMajor, cutlass::gemm::warp::MmaTensorOpPolicy<cutlass::arch::Mma<cutlass::gemm::GemmShape<(int)16, (int)8, (int)32>, (int)32, signed char, cutlass::layout::RowMajor, signed char, cutlass::layout::ColumnMajor, int, cutlass::layout::RowMajor, cutlass::arch::OpMultiplyAddSaturate>, cutlass::MatrixShape<(int)1, (int)1>>, (int)2, (bool)0, bool>, cutlass::MatrixShape<(int)0, (int)0>, cutlass::MatrixShape<(int)0, (int)0>, (int)2>, (int)3, bool>, cutlass::epilogue::threadblock::EpilogueWithVisitorCallbacks<cutlass::epilogue::threadblock::Epilogue<cutlass::gemm::GemmShape<(int)128, (int)128, (int)128>, cutlass::gemm::warp::MmaTensorOp<cutlass::gemm::GemmShape<(int)64, (int)64, (int)64>, signed char, cutlass::layout::RowMajorTensorOpMultiplicandCrosswise<(int)8, (int)128>, signed char, cutlass::layout::ColumnMajorTensorOpMultiplicandCrosswise<(int)8, (int)128>, int, cutlass::layout::RowMajor, cutlass::gemm::warp::MmaTensorOpPolicy<cutlass::arch::Mma<cutlass::gemm::GemmShape<(int)16, (int)8, (int)32>, (int)32, signed char, cutlass::layout::RowMajor, signed char, cutlass::layout::ColumnMajor, int, cutlass::layout::RowMajor, cutlass::arch::OpMultiplyAddSaturate>, cutlass::MatrixShape<(int)1, (int)1>>, (int)2, (bool)0, bool>, (int)2, cutlass::epilogue::threadblock::PredicatedTileIteratorConv<cutlass::epilogue::threadblock::OutputTileOptimalThreadMap<cutlass::epilogue::threadblock::OutputTileShape<(int)128, (int)8, (int)2, (int)1, (int)1>, cutlass::epilogue::threadblock::OutputTileShape<(int)1, (int)8, (int)1, (int)1, (int)8>, (int)256, (int)8, (int)16>, cutlass::half_t, (bool)0, cutlass::layout::NoPermute, (bool)0, (int)4>, cutlass::epilogue::warp::FragmentIteratorTensorOp<cutlass::gemm::GemmShape<(int)64, (int)64, (int)64>, cutlass::gemm::GemmShape<(int)16, (int)8, (int)32>, int, cutlass::Array<int, (int)4, (bool)1>, cutlass::layout::RowMajor>, cutlass::epilogue::warp::TileIteratorTensorOpMixed<cutlass::gemm::GemmShape<(int)64, (int)64, (int)64>, cutlass::gemm::GemmShape<(int)16, (int)8, (int)32>, int, (int)32, (int)16, (int)8, (int)8, (bool)0>, cutlass::epilogue::threadblock::SharedLoadIteratorMixed<cutlass::epilogue::threadblock::OutputTileOptimalThreadMap<cutlass::epilogue::threadblock::OutputTileShape<(int)128, (int)8, (int)2, (int)1, (int)1>, cutlass::epilogue::threadblock::OutputTileShape<(int)1, (int)8, (int)1, (int)1, (int)8>, (int)256, (int)8, (int)16>::CompactedThreadMap, int, (int)32, (int)16, (int)8, (int)8, (bool)0>, cutlass::epilogue::thread::LinearCombination<cutlass::half_t, (int)8, int, float, (cutlass::epilogue::thread::ScaleType::Kind)0, (cutlass::FloatRoundStyle)2, cutlass::half_t>, cutlass::MatrixShape<(int)0, (int)8>, (int)1, (int)1>, cutlass::epilogue::threadblock::TreeVisitor2x<cutlass::epilogue::threadblock::VisitorAuxStore<cutlass::epilogue::threadblock::OutputTileThreadLayout<cutlass::gemm::GemmShape<(int)128, (int)128, (int)128>, cutlass::gemm::GemmShape<(int)64, (int)64, (int)64>, cutlass::half_t, (int)8, (int)1>, cutlass::half_t, (cutlass::FloatRoundStyle)2, cute::tuple<long, cute::C<(int)1>, long>>, cutlass::epilogue::threadblock::TreeVisitor2x<cutlass::epilogue::threadblock::VisitorCompute<cutlass::plus, float, float, (cutlass::FloatRoundStyle)2, void>, cutlass::epilogue::threadblock::TreeVisitor2x<cutlass::epilogue::threadblock::VisitorCompute<cutlass::multiplies, float, float, (cutlass::FloatRoundStyle)2, void>, cutlass::epilogue::threadblock::TreeVisitor2x<cutlass::epilogue::threadblock::VisitorCompute<cutlass::multiplies, float, float, (cutlass::FloatRoundStyle)2, void>, cutlass::epilogue::threadblock::VisitorAccFetch, cutlass::epilogue::threadblock::VisitorScalarBroadcast<float, cute::tuple<cute::C<(int)0>, cute::C<(int)0>, cute::C<(int)0>>, (int)1, cutlass::multiplies>>, cutlass::epilogue::threadblock::VisitorRowBroadcast<cutlass::epilogue::threadblock::OutputTileThreadLayout<cutlass::gemm::GemmShape<(int)128, (int)128, (int)128>, cutlass::gemm::GemmShape<(int)64, (int)64, (int)64>, cutlass::half_t, (int)8, (int)1>, float, cute::tuple<cute::C<(int)0>, cute::C<(int)1>, int>, (bool)1>>, cutlass::epilogue::threadblock::VisitorRowBroadcast<cutlass::epilogue::threadblock::OutputTileThreadLayout<cutlass::gemm::GemmShape<(int)128, (int)128, (int)128>, cutlass::gemm::GemmShape<(int)64, (int)64, (int)64>, cutlass::half_t, (int)8, (int)1>, float, cute::tuple<cute::C<(int)0>, cute::C<(int)1>, int>, (bool)1>>>, (int)1, (int)1>, cutlass::gemm::threadblock::GemmIdentityThreadblockSwizzle<(int)1>, (cutlass::conv::Operator)0, cutlass::conv::Conv2dProblemSize>>(T1::Params)",4335906.0
L|resblock_updown|C192|T1024,"void cutlass::Kernel<modiff::ImplicitGemmConvolutionEVT<cutlass::conv::threadblock::ImplicitGemmMultistage<cutlass::gemm::GemmShape<(int)128, (int)128, (int)128>, cutlass::conv::threadblock::Conv2dFpropActivationTileAccessIteratorOptimized<cutlass::MatrixShape<(int)128, (int)128>, signed char, cutlass::layout::TensorNHWC, cutlass::transform::PitchLinearWarpRakedThreadMap<cutlass::PitchLinearShape<(int)128, (int)128>, (int)256, cutlass::PitchLinearShape<(int)8, (int)4>, (int)16>, cutlass::AlignedArray<signed char, (int)16, (int)16>>, cutlass::transform::threadblock::RegularTileAccessIterator<cutlass::MatrixShape<(int)128, (int)128>, signed char, cutlass::layout::RowMajorTensorOpMultiplicandCrosswise<(int)8, (int)128>, (int)0, cutlass::transform::PitchLinearWarpRakedThreadMap<cutlass::PitchLinearShape<(int)128, (int)128>, (int)256, cutlass::PitchLinearShape<(int)8, (int)4>, (int)16>, (int)16>, (cutlass::arch::CacheOperation::Kind)0, cutlass::conv::threadblock::Conv2dFpropFilterTileAccessIteratorOptimized<cutlass::MatrixShape<(int)128, (int)128>, signed char, cutlass::layout::TensorNHWC, cutlass::transform::PitchLinearWarpRakedThreadMap<cutlass::PitchLinearShape<(int)128, (int)128>, (int)256, cutlass::PitchLinearShape<(int)8, (int)4>, (int)16>, cutlass::AlignedArray<signed char, (int)16, (int)16>, (bool)0>, cutlass::transform::threadblock::RegularTileAccessIterator<cutlass::MatrixShape<(int)128, (int)128>, signed char, cutlass::layout::ColumnMajorTensorOpMultiplicandCrosswise<(int)8, (int)128>, (int)1, cutlass::transform::PitchLinearWarpRakedThreadMap<cutlass::PitchLinearShape<(int)128, (int)128>, (int)256, cutlass::PitchLinearShape<(int)8, (int)4>, (int)16>, (int)16>, (cutlass::arch::CacheOperation::Kind)1, cutlass::gemm::threadblock::MmaPolicy<cutlass::gemm::warp::MmaTensorOp<cutlass::gemm::GemmShape<(int)64, (int)64, (int)64>, signed char, cutlass::layout::RowMajorTensorOpMultiplicandCrosswise<(int)8, (int)128>, signed char, cutlass::layout::ColumnMajorTensorOpMultiplicandCrosswise<(int)8, (int)128>, int, cutlass::layout::RowMajor, cutlass::gemm::warp::MmaTensorOpPolicy<cutlass::arch::Mma<cutlass::gemm::GemmShape<(int)16, (int)8, (int)32>, (int)32, signed char, cutlass::layout::RowMajor, signed char, cutlass::layout::ColumnMajor, int, cutlass::layout::RowMajor, cutlass::arch::OpMultiplyAddSaturate>, cutlass::MatrixShape<(int)1, (int)1>>, (int)2, (bool)0, bool>, cutlass::MatrixShape<(int)0, (int)0>, cutlass::MatrixShape<(int)0, (int)0>, (int)2>, (int)3, bool>, cutlass::epilogue::threadblock::EpilogueWithVisitorCallbacks<cutlass::epilogue::threadblock::Epilogue<cutlass::gemm::GemmShape<(int)128, (int)128, (int)128>, cutlass::gemm::warp::MmaTensorOp<cutlass::gemm::GemmShape<(int)64, (int)64, (int)64>, signed char, cutlass::layout::RowMajorTensorOpMultiplicandCrosswise<(int)8, (int)128>, signed char, cutlass::layout::ColumnMajorTensorOpMultiplicandCrosswise<(int)8, (int)128>, int, cutlass::layout::RowMajor, cutlass::gemm::warp::MmaTensorOpPolicy<cutlass::arch::Mma<cutlass::gemm::GemmShape<(int)16, (int)8, (int)32>, (int)32, signed char, cutlass::layout::RowMajor, signed char, cutlass::layout::ColumnMajor, int, cutlass::layout::RowMajor, cutlass::arch::OpMultiplyAddSaturate>, cutlass::MatrixShape<(int)1, (int)1>>, (int)2, (bool)0, bool>, (int)2, cutlass::epilogue::threadblock::PredicatedTileIteratorConv<cutlass::epilogue::threadblock::OutputTileOptimalThreadMap<cutlass::epilogue::threadblock::OutputTileShape<(int)128, (int)8, (int)2, (int)1, (int)1>, cutlass::epilogue::threadblock::OutputTileShape<(int)1, (int)8, (int)1, (int)1, (int)8>, (int)256, (int)8, (int)16>, cutlass::half_t, (bool)0, cutlass::layout::NoPermute, (bool)0, (int)4>, cutlass::epilogue::warp::FragmentIteratorTensorOp<cutlass::gemm::GemmShape<(int)64, (int)64, (int)64>, cutlass::gemm::GemmShape<(int)16, (int)8, (int)32>, int, cutlass::Array<int, (int)4, (bool)1>, cutlass::layout::RowMajor>, cutlass::epilogue::warp::TileIteratorTensorOpMixed<cutlass::gemm::GemmShape<(int)64, (int)64, (int)64>, cutlass::gemm::GemmShape<(int)16, (int)8, (int)32>, int, (int)32, (int)16, (int)8, (int)8, (bool)0>, cutlass::epilogue::threadblock::SharedLoadIteratorMixed<cutlass::epilogue::threadblock::OutputTileOptimalThreadMap<cutlass::epilogue::threadblock::OutputTileShape<(int)128, (int)8, (int)2, (int)1, (int)1>, cutlass::epilogue::threadblock::OutputTileShape<(int)1, (int)8, (int)1, (int)1, (int)8>, (int)256, (int)8, (int)16>::CompactedThreadMap, int, (int)32, (int)16, (int)8, (int)8, (bool)0>, cutlass::epilogue::thread::LinearCombination<cutlass::half_t, (int)8, int, float, (cutlass::epilogue::thread::ScaleType::Kind)0, (cutlass::FloatRoundStyle)2, cutlass::half_t>, cutlass::MatrixShape<(int)0, (int)8>, (int)1, (int)1>, cutlass::epilogue::threadblock::TreeVisitor2x<cutlass::epilogue::threadblock::VisitorAuxStore<cutlass::epilogue::threadblock::OutputTileThreadLayout<cutlass::gemm::GemmShape<(int)128, (int)128, (int)128>, cutlass::gemm::GemmShape<(int)64, (int)64, (int)64>, cutlass::half_t, (int)8, (int)1>, cutlass::half_t, (cutlass::FloatRoundStyle)2, cute::tuple<long, cute::C<(int)1>, long>>, cutlass::epilogue::threadblock::TreeVisitor2x<cutlass::epilogue::threadblock::VisitorCompute<cutlass::plus, float, float, (cutlass::FloatRoundStyle)2, void>, cutlass::epilogue::threadblock::TreeVisitor2x<cutlass::epilogue::threadblock::VisitorCompute<cutlass::plus, float, float, (cutlass::FloatRoundStyle)2, void>, cutlass::epilogue::threadblock::TreeVisitor2x<cutlass::epilogue::threadblock::VisitorCompute<cutlass::multiplies, float, float, (cutlass::FloatRoundStyle)2, void>, cutlass::epilogue::threadblock::TreeVisitor2x<cutlass::epilogue::threadblock::VisitorCompute<cutlass::multiplies, float, float, (cutlass::FloatRoundStyle)2, void>, cutlass::epilogue::threadblock::VisitorAccFetch, cutlass::epilogue::threadblock::VisitorScalarBroadcast<float, cute::tuple<cute::C<(int)0>, cute::C<(int)0>, cute::C<(int)0>>, (int)1, cutlass::multiplies>>, cutlass::epilogue::threadblock::VisitorRowBroadcast<cutlass::epilogue::threadblock::OutputTileThreadLayout<cutlass::gemm::GemmShape<(int)128, (int)128, (int)128>, cutlass::gemm::GemmShape<(int)64, (int)64, (int)64>, cutlass::half_t, (int)8, (int)1>, float, cute::tuple<cute::C<(int)0>, cute::C<(int)1>, int>, (bool)1>>, cutlass::epilogue::threadblock::VisitorRowBroadcast<cutlass::epilogue::threadblock::OutputTileThreadLayout<cutlass::gemm::GemmShape<(int)128, (int)128, (int)128>, cutlass::gemm::GemmShape<(int)64, (int)64, (int)64>, cutlass::half_t, (int)8, (int)1>, float, cute::tuple<cute::C<(int)0>, cute::C<(int)1>, int>, (bool)1>>, cutlass::epilogue::threadblock::VisitorAuxLoad<cutlass::epilogue::threadblock::OutputTileThreadLayout<cutlass::gemm::GemmShape<(int)128, (int)128, (int)128>, cutlass::gemm::GemmShape<(int)64, (int)64, (int)64>, cutlass::half_t, (int)8, (int)1>, cutlass::half_t, cute::tuple<long, cute::C<(int)1>, long>>>>, (int)1, (int)1>, cutlass::gemm::threadblock::GemmIdentityThreadblockSwizzle<(int)1>, (cutlass::conv::Operator)0, cutlass::conv::Conv2dProblemSize>>(T1::Params)",4330718.0
L|resblock_updown|C192|T1024,"void cutlass::Kernel<modiff::ImplicitGemmConvolutionEVT<cutlass::conv::threadblock::ImplicitGemmMultistage<cutlass::gemm::GemmShape<(int)128, (int)128, (int)128>, cutlass::conv::threadblock::Conv2dFpropActivationTileAccessIteratorOptimized<cutlass::MatrixShape<(int)128, (int)128>, signed char, cutlass::layout::TensorNHWC, cutlass::transform::PitchLinearWarpRakedThreadMap<cutlass::PitchLinearShape<(int)128, (int)128>, (int)256, cutlass::PitchLinearShape<(int)8, (int)4>, (int)16>, cutlass::AlignedArray<signed char, (int)16, (int)16>>, cutlass::transform::threadblock::RegularTileAccessIterator<cutlass::MatrixShape<(int)128, (int)128>, signed char, cutlass::layout::RowMajorTensorOpMultiplicandCrosswise<(int)8, (int)128>, (int)0, cutlass::transform::PitchLinearWarpRakedThreadMap<cutlass::PitchLinearShape<(int)128, (int)128>, (int)256, cutlass::PitchLinearShape<(int)8, (int)4>, (int)16>, (int)16>, (cutlass::arch::CacheOperation::Kind)0, cutlass::conv::threadblock::Conv2dFpropFilterTileAccessIteratorOptimized<cutlass::MatrixShape<(int)128, (int)128>, signed char, cutlass::layout::TensorNHWC, cutlass::transform::PitchLinearWarpRakedThreadMap<cutlass::PitchLinearShape<(int)128, (int)128>, (int)256, cutlass::PitchLinearShape<(int)8, (int)4>, (int)16>, cutlass::AlignedArray<signed char, (int)16, (int)16>, (bool)0>, cutlass::transform::threadblock::RegularTileAccessIterator<cutlass::MatrixShape<(int)128, (int)128>, signed char, cutlass::layout::ColumnMajorTensorOpMultiplicandCrosswise<(int)8, (int)128>, (int)1, cutlass::transform::PitchLinearWarpRakedThreadMap<cutlass::PitchLinearShape<(int)128, (int)128>, (int)256, cutlass::PitchLinearShape<(int)8, (int)4>, (int)16>, (int)16>, (cutlass::arch::CacheOperation::Kind)1, cutlass::gemm::threadblock::MmaPolicy<cutlass::gemm::warp::MmaTensorOp<cutlass::gemm::GemmShape<(int)64, (int)64, (int)64>, signed char, cutlass::layout::RowMajorTensorOpMultiplicandCrosswise<(int)8, (int)128>, signed char, cutlass::layout::ColumnMajorTensorOpMultiplicandCrosswise<(int)8, (int)128>, int, cutlass::layout::RowMajor, cutlass::gemm::warp::MmaTensorOpPolicy<cutlass::arch::Mma<cutlass::gemm::GemmShape<(int)16, (int)8, (int)32>, (int)32, signed char, cutlass::layout::RowMajor, signed char, cutlass::layout::ColumnMajor, int, cutlass::layout::RowMajor, cutlass::arch::OpMultiplyAddSaturate>, cutlass::MatrixShape<(int)1, (int)1>>, (int)2, (bool)0, bool>, cutlass::MatrixShape<(int)0, (int)0>, cutlass::MatrixShape<(int)0, (int)0>, (int)2>, (int)3, bool>, cutlass::epilogue::threadblock::EpilogueWithVisitorCallbacks<cutlass::epilogue::threadblock::Epilogue<cutlass::gemm::GemmShape<(int)128, (int)128, (int)128>, cutlass::gemm::warp::MmaTensorOp<cutlass::gemm::GemmShape<(int)64, (int)64, (int)64>, signed char, cutlass::layout::RowMajorTensorOpMultiplicandCrosswise<(int)8, (int)128>, signed char, cutlass::layout::ColumnMajorTensorOpMultiplicandCrosswise<(int)8, (int)128>, int, cutlass::layout::RowMajor, cutlass::gemm::warp::MmaTensorOpPolicy<cutlass::arch::Mma<cutlass::gemm::GemmShape<(int)16, (int)8, (int)32>, (int)32, signed char, cutlass::layout::RowMajor, signed char, cutlass::layout::ColumnMajor, int, cutlass::layout::RowMajor, cutlass::arch::OpMultiplyAddSaturate>, cutlass::MatrixShape<(int)1, (int)1>>, (int)2, (bool)0, bool>, (int)2, cutlass::epilogue::threadblock::PredicatedTileIteratorConv<cutlass::epilogue::threadblock::OutputTileOptimalThreadMap<cutlass::epilogue::threadblock::OutputTileShape<(int)128, (int)8, (int)2, (int)1, (int)1>, cutlass::epilogue::threadblock::OutputTileShape<(int)1, (int)8, (int)1, (int)1, (int)8>, (int)256, (int)8, (int)16>, cutlass::half_t, (bool)0, cutlass::layout::NoPermute, (bool)0, (int)4>, cutlass::epilogue::warp::FragmentIteratorTensorOp<cutlass::gemm::GemmShape<(int)64, (int)64, (int)64>, cutlass::gemm::GemmShape<(int)16, (int)8, (int)32>, int, cutlass::Array<int, (int)4, (bool)1>, cutlass::layout::RowMajor>, cutlass::epilogue::warp::TileIteratorTensorOpMixed<cutlass::gemm::GemmShape<(int)64, (int)64, (int)64>, cutlass::gemm::GemmShape<(int)16, (int)8, (int)32>, int, (int)32, (int)16, (int)8, (int)8, (bool)0>, cutlass::epilogue::threadblock::SharedLoadIteratorMixed<cutlass::epilogue::threadblock::OutputTileOptimalThreadMap<cutlass::epilogue::threadblock::OutputTileShape<(int)128, (int)8, (int)2, (int)1, (int)1>, cutlass::epilogue::threadblock::OutputTileShape<(int)1, (int)8, (int)1, (int)1, (int)8>, (int)256, (int)8, (int)16>::CompactedThreadMap, int, (int)32, (int)16, (int)8, (int)8, (bool)0>, cutlass::epilogue::thread::LinearCombination<cutlass::half_t, (int)8, int, float, (cutlass::epilogue::thread::ScaleType::Kind)0, (cutlass::FloatRoundStyle)2, cutlass::half_t>, cutlass::MatrixShape<(int)0, (int)8>, (int)1, (int)1>, cutlass::epilogue::threadblock::TreeVisitor2x<cutlass::epilogue::threadblock::VisitorAuxStore<cutlass::epilogue::threadblock::OutputTileThreadLayout<cutlass::gemm::GemmShape<(int)128, (int)128, (int)128>, cutlass::gemm::GemmShape<(int)64, (int)64, (int)64>, cutlass::half_t, (int)8, (int)1>, cutlass::half_t, (cutlass::FloatRoundStyle)2, cute::tuple<long, cute::C<(int)1>, long>>, cutlass::epilogue::threadblock::TreeVisitor2x<cutlass::epilogue::threadblock::VisitorCompute<cutlass::plus, float, float, (cutlass::FloatRoundStyle)2, void>, cutlass::epilogue::threadblock::TreeVisitor2x<cutlass::epilogue::threadblock::VisitorCompute<cutlass::multiplies, float, float, (cutlass::FloatRoundStyle)2, void>, cutlass::epilogue::threadblock::TreeVisitor2x<cutlass::epilogue::threadblock::VisitorCompute<cutlass::multiplies, float, float, (cutlass::FloatRoundStyle)2, void>, cutlass::epilogue::threadblock::VisitorAccFetch, cutlass::epilogue::threadblock::VisitorScalarBroadcast<float, cute::tuple<cute::C<(int)0>, cute::C<(int)0>, cute::C<(int)0>>, (int)1, cutlass::multiplies>>, cutlass::epilogue::threadblock::VisitorRowBroadcast<cutlass::epilogue::threadblock::OutputTileThreadLayout<cutlass::gemm::GemmShape<(int)128, (int)128, (int)128>, cutlass::gemm::GemmShape<(int)64, (int)64, (int)64>, cutlass::half_t, (int)8, (int)1>, float, cute::tuple<cute::C<(int)0>, cute::C<(int)1>, int>, (bool)1>>, cutlass::epilogue::threadblock::VisitorRowBroadcast<cutlass::epilogue::threadblock::OutputTileThreadLayout<cutlass::gemm::GemmShape<(int)128, (int)128, (int)128>, cutlass::gemm::GemmShape<(int)64, (int)64, (int)64>, cutlass::half_t, (int)8, (int)1>, float, cute::tuple<cute::C<(int)0>, cute::C<(int)1>, int>, (bool)1>>>, (int)1, (int)1>, cutlass::gemm::threadblock::GemmIdentityThreadblockSwizzle<(int)1>, (cutlass::conv::Operator)0, cutlass::conv::Conv2dProblemSize>>(T1::Params)",4187874.0
L|attention|C384|T64,"void flash_attn_int8_mma_kernel_t<(int)64, (int)4, (int)32, (bool)1, (bool)0, (bool)0, (bool)0, (int)0, (int)0>(const signed char *, const signed char *, const signed char *, const float *, const float *, const float *, __half *, int, int, int, int, int, float, signed char *, float, int, float, const __half *, int, float, const signed char *, int)",4130626.0
,"void at::native::elementwise_kernel<(int)128, (int)4, void at::native::gpu_kernel_impl_nocast<at::native::CUDAFunctor_add<c10::Half>>(at::TensorIteratorBase &, const T1 &)::[lambda(int) (instance 1)]>(int, T3)",3906844.0
L|resblock_plain|C768|T256,"void at::native::elementwise_kernel<(int)128, (int)4, void at::native::gpu_kernel_impl_nocast<at::native::CUDAFunctor_add<c10::Half>>(at::TensorIteratorBase &, const T1 &)::[lambda(int) (instance 1)]>(int, T3)",3906720.0
L|resblock_plain|C576|T1024,"void at::native::elementwise_kernel<(int)128, (int)4, void at::native::gpu_kernel_impl_nocast<at::native::CUDAFunctor_add<c10::Half>>(at::TensorIteratorBase &, const T1 &)::[lambda(int) (instance 1)]>(int, T3)",3815394.0
L|resblock_plain|C768|T16,"void cutlass::Kernel<modiff::ImplicitGemmConvolutionEVT<cutlass::conv::threadblock::ImplicitGemmMultistage<cutlass::gemm::GemmShape<(int)128, (int)128, (int)128>, cutlass::conv::threadblock::Conv2dFpropActivationTileAccessIteratorOptimized<cutlass::MatrixShape<(int)128, (int)128>, signed char, cutlass::layout::TensorNHWC, cutlass::transform::PitchLinearWarpRakedThreadMap<cutlass::PitchLinearShape<(int)128, (int)128>, (int)256, cutlass::PitchLinearShape<(int)8, (int)4>, (int)16>, cutlass::AlignedArray<signed char, (int)16, (int)16>>, cutlass::transform::threadblock::RegularTileAccessIterator<cutlass::MatrixShape<(int)128, (int)128>, signed char, cutlass::layout::RowMajorTensorOpMultiplicandCrosswise<(int)8, (int)128>, (int)0, cutlass::transform::PitchLinearWarpRakedThreadMap<cutlass::PitchLinearShape<(int)128, (int)128>, (int)256, cutlass::PitchLinearShape<(int)8, (int)4>, (int)16>, (int)16>, (cutlass::arch::CacheOperation::Kind)0, cutlass::conv::threadblock::Conv2dFpropFilterTileAccessIteratorOptimized<cutlass::MatrixShape<(int)128, (int)128>, signed char, cutlass::layout::TensorNHWC, cutlass::transform::PitchLinearWarpRakedThreadMap<cutlass::PitchLinearShape<(int)128, (int)128>, (int)256, cutlass::PitchLinearShape<(int)8, (int)4>, (int)16>, cutlass::AlignedArray<signed char, (int)16, (int)16>, (bool)0>, cutlass::transform::threadblock::RegularTileAccessIterator<cutlass::MatrixShape<(int)128, (int)128>, signed char, cutlass::layout::ColumnMajorTensorOpMultiplicandCrosswise<(int)8, (int)128>, (int)1, cutlass::transform::PitchLinearWarpRakedThreadMap<cutlass::PitchLinearShape<(int)128, (int)128>, (int)256, cutlass::PitchLinearShape<(int)8, (int)4>, (int)16>, (int)16>, (cutlass::arch::CacheOperation::Kind)1, cutlass::gemm::threadblock::MmaPolicy<cutlass::gemm::warp::MmaTensorOp<cutlass::gemm::GemmShape<(int)64, (int)64, (int)64>, signed char, cutlass::layout::RowMajorTensorOpMultiplicandCrosswise<(int)8, (int)128>, signed char, cutlass::layout::ColumnMajorTensorOpMultiplicandCrosswise<(int)8, (int)128>, int, cutlass::layout::RowMajor, cutlass::gemm::warp::MmaTensorOpPolicy<cutlass::arch::Mma<cutlass::gemm::GemmShape<(int)16, (int)8, (int)32>, (int)32, signed char, cutlass::layout::RowMajor, signed char, cutlass::layout::ColumnMajor, int, cutlass::layout::RowMajor, cutlass::arch::OpMultiplyAddSaturate>, cutlass::MatrixShape<(int)1, (int)1>>, (int)2, (bool)0, bool>, cutlass::MatrixShape<(int)0, (int)0>, cutlass::MatrixShape<(int)0, (int)0>, (int)2>, (int)3, bool>, cutlass::epilogue::threadblock::EpilogueWithVisitorCallbacks<cutlass::epilogue::threadblock::Epilogue<cutlass::gemm::GemmShape<(int)128, (int)128, (int)128>, cutlass::gemm::warp::MmaTensorOp<cutlass::gemm::GemmShape<(int)64, (int)64, (int)64>, signed char, cutlass::layout::RowMajorTensorOpMultiplicandCrosswise<(int)8, (int)128>, signed char, cutlass::layout::ColumnMajorTensorOpMultiplicandCrosswise<(int)8, (int)128>, int, cutlass::layout::RowMajor, cutlass::gemm::warp::MmaTensorOpPolicy<cutlass::arch::Mma<cutlass::gemm::GemmShape<(int)16, (int)8, (int)32>, (int)32, signed char, cutlass::layout::RowMajor, signed char, cutlass::layout::ColumnMajor, int, cutlass::layout::RowMajor, cutlass::arch::OpMultiplyAddSaturate>, cutlass::MatrixShape<(int)1, (int)1>>, (int)2, (bool)0, bool>, (int)2, cutlass::epilogue::threadblock::PredicatedTileIteratorConv<cutlass::epilogue::threadblock::OutputTileOptimalThreadMap<cutlass::epilogue::threadblock::OutputTileShape<(int)128, (int)8, (int)2, (int)1, (int)1>, cutlass::epilogue::threadblock::OutputTileShape<(int)1, (int)8, (int)1, (int)1, (int)8>, (int)256, (int)8, (int)16>, cutlass::half_t, (bool)0, cutlass::layout::NoPermute, (bool)0, (int)4>, cutlass::epilogue::warp::FragmentIteratorTensorOp<cutlass::gemm::GemmShape<(int)64, (int)64, (int)64>, cutlass::gemm::GemmShape<(int)16, (int)8, (int)32>, int, cutlass::Array<int, (int)4, (bool)1>, cutlass::layout::RowMajor>, cutlass::epilogue::warp::TileIteratorTensorOpMixed<cutlass::gemm::GemmShape<(int)64, (int)64, (int)64>, cutlass::gemm::GemmShape<(int)16, (int)8, (int)32>, int, (int)32, (int)16, (int)8, (int)8, (bool)0>, cutlass::epilogue::threadblock::SharedLoadIteratorMixed<cutlass::epilogue::threadblock::OutputTileOptimalThreadMap<cutlass::epilogue::threadblock::OutputTileShape<(int)128, (int)8, (int)2, (int)1, (int)1>, cutlass::epilogue::threadblock::OutputTileShape<(int)1, (int)8, (int)1, (int)1, (int)8>, (int)256, (int)8, (int)16>::CompactedThreadMap, int, (int)32, (int)16, (int)8, (int)8, (bool)0>, cutlass::epilogue::thread::LinearCombination<cutlass::half_t, (int)8, int, float, (cutlass::epilogue::thread::ScaleType::Kind)0, (cutlass::FloatRoundStyle)2, cutlass::half_t>, cutlass::MatrixShape<(int)0, (int)8>, (int)1, (int)1>, cutlass::epilogue::threadblock::TreeVisitor2x<cutlass::epilogue::threadblock::VisitorAuxStore<cutlass::epilogue::threadblock::OutputTileThreadLayout<cutlass::gemm::GemmShape<(int)128, (int)128, (int)128>, cutlass::gemm::GemmShape<(int)64, (int)64, (int)64>, cutlass::half_t, (int)8, (int)1>, cutlass::half_t, (cutlass::FloatRoundStyle)2, cute::tuple<long, cute::C<(int)1>, long>>, cutlass::epilogue::threadblock::TreeVisitor2x<cutlass::epilogue::threadblock::VisitorCompute<cutlass::plus, float, float, (cutlass::FloatRoundStyle)2, void>, cutlass::epilogue::threadblock::TreeVisitor2x<cutlass::epilogue::threadblock::VisitorCompute<cutlass::plus, float, float, (cutlass::FloatRoundStyle)2, void>, cutlass::epilogue::threadblock::TreeVisitor2x<cutlass::epilogue::threadblock::VisitorCompute<cutlass::multiplies, float, float, (cutlass::FloatRoundStyle)2, void>, cutlass::epilogue::threadblock::TreeVisitor2x<cutlass::epilogue::threadblock::VisitorCompute<cutlass::multiplies, float, float, (cutlass::FloatRoundStyle)2, void>, cutlass::epilogue::threadblock::VisitorAccFetch, cutlass::epilogue::threadblock::VisitorScalarBroadcast<float, cute::tuple<cute::C<(int)0>, cute::C<(int)0>, cute::C<(int)0>>, (int)1, cutlass::multiplies>>, cutlass::epilogue::threadblock::VisitorRowBroadcast<cutlass::epilogue::threadblock::OutputTileThreadLayout<cutlass::gemm::GemmShape<(int)128, (int)128, (int)128>, cutlass::gemm::GemmShape<(int)64, (int)64, (int)64>, cutlass::half_t, (int)8, (int)1>, float, cute::tuple<cute::C<(int)0>, cute::C<(int)1>, int>, (bool)1>>, cutlass::epilogue::threadblock::VisitorRowBroadcast<cutlass::epilogue::threadblock::OutputTileThreadLayout<cutlass::gemm::GemmShape<(int)128, (int)128, (int)128>, cutlass::gemm::GemmShape<(int)64, (int)64, (int)64>, cutlass::half_t, (int)8, (int)1>, float, cute::tuple<cute::C<(int)0>, cute::C<(int)1>, int>, (bool)1>>, cutlass::epilogue::threadblock::VisitorAuxLoad<cutlass::epilogue::threadblock::OutputTileThreadLayout<cutlass::gemm::GemmShape<(int)128, (int)128, (int)128>, cutlass::gemm::GemmShape<(int)64, (int)64, (int)64>, cutlass::half_t, (int)8, (int)1>, cutlass::half_t, cute::tuple<long, cute::C<(int)1>, long>>>>, (int)1, (int)1>, cutlass::gemm::threadblock::GemmIdentityThreadblockSwizzle<(int)1>, (cutlass::conv::Operator)0, cutlass::conv::Conv2dProblemSize>>(T1::Params)",3048280.0
L|resblock_updown|C768|T4,"void cutlass::Kernel<modiff::ImplicitGemmConvolutionEVT<cutlass::conv::threadblock::ImplicitGemmMultistage<cutlass::gemm::GemmShape<(int)128, (int)128, (int)128>, cutlass::conv::threadblock::Conv2dFpropActivationTileAccessIteratorOptimized<cutlass::MatrixShape<(int)128, (int)128>, signed char, cutlass::layout::TensorNHWC, cutlass::transform::PitchLinearWarpRakedThreadMap<cutlass::PitchLinearShape<(int)128, (int)128>, (int)256, cutlass::PitchLinearShape<(int)8, (int)4>, (int)16>, cutlass::AlignedArray<signed char, (int)16, (int)16>>, cutlass::transform::threadblock::RegularTileAccessIterator<cutlass::MatrixShape<(int)128, (int)128>, signed char, cutlass::layout::RowMajorTensorOpMultiplicandCrosswise<(int)8, (int)128>, (int)0, cutlass::transform::PitchLinearWarpRakedThreadMap<cutlass::PitchLinearShape<(int)128, (int)128>, (int)256, cutlass::PitchLinearShape<(int)8, (int)4>, (int)16>, (int)16>, (cutlass::arch::CacheOperation::Kind)0, cutlass::conv::threadblock::Conv2dFpropFilterTileAccessIteratorOptimized<cutlass::MatrixShape<(int)128, (int)128>, signed char, cutlass::layout::TensorNHWC, cutlass::transform::PitchLinearWarpRakedThreadMap<cutlass::PitchLinearShape<(int)128, (int)128>, (int)256, cutlass::PitchLinearShape<(int)8, (int)4>, (int)16>, cutlass::AlignedArray<signed char, (int)16, (int)16>, (bool)0>, cutlass::transform::threadblock::RegularTileAccessIterator<cutlass::MatrixShape<(int)128, (int)128>, signed char, cutlass::layout::ColumnMajorTensorOpMultiplicandCrosswise<(int)8, (int)128>, (int)1, cutlass::transform::PitchLinearWarpRakedThreadMap<cutlass::PitchLinearShape<(int)128, (int)128>, (int)256, cutlass::PitchLinearShape<(int)8, (int)4>, (int)16>, (int)16>, (cutlass::arch::CacheOperation::Kind)1, cutlass::gemm::threadblock::MmaPolicy<cutlass::gemm::warp::MmaTensorOp<cutlass::gemm::GemmShape<(int)64, (int)64, (int)64>, signed char, cutlass::layout::RowMajorTensorOpMultiplicandCrosswise<(int)8, (int)128>, signed char, cutlass::layout::ColumnMajorTensorOpMultiplicandCrosswise<(int)8, (int)128>, int, cutlass::layout::RowMajor, cutlass::gemm::warp::MmaTensorOpPolicy<cutlass::arch::Mma<cutlass::gemm::GemmShape<(int)16, (int)8, (int)32>, (int)32, signed char, cutlass::layout::RowMajor, signed char, cutlass::layout::ColumnMajor, int, cutlass::layout::RowMajor, cutlass::arch::OpMultiplyAddSaturate>, cutlass::MatrixShape<(int)1, (int)1>>, (int)2, (bool)0, bool>, cutlass::MatrixShape<(int)0, (int)0>, cutlass::MatrixShape<(int)0, (int)0>, (int)2>, (int)3, bool>, cutlass::epilogue::threadblock::EpilogueWithVisitorCallbacks<cutlass::epilogue::threadblock::Epilogue<cutlass::gemm::GemmShape<(int)128, (int)128, (int)128>, cutlass::gemm::warp::MmaTensorOp<cutlass::gemm::GemmShape<(int)64, (int)64, (int)64>, signed char, cutlass::layout::RowMajorTensorOpMultiplicandCrosswise<(int)8, (int)128>, signed char, cutlass::layout::ColumnMajorTensorOpMultiplicandCrosswise<(int)8, (int)128>, int, cutlass::layout::RowMajor, cutlass::gemm::warp::MmaTensorOpPolicy<cutlass::arch::Mma<cutlass::gemm::GemmShape<(int)16, (int)8, (int)32>, (int)32, signed char, cutlass::layout::RowMajor, signed char, cutlass::layout::ColumnMajor, int, cutlass::layout::RowMajor, cutlass::arch::OpMultiplyAddSaturate>, cutlass::MatrixShape<(int)1, (int)1>>, (int)2, (bool)0, bool>, (int)2, cutlass::epilogue::threadblock::PredicatedTileIteratorConv<cutlass::epilogue::threadblock::OutputTileOptimalThreadMap<cutlass::epilogue::threadblock::OutputTileShape<(int)128, (int)8, (int)2, (int)1, (int)1>, cutlass::epilogue::threadblock::OutputTileShape<(int)1, (int)8, (int)1, (int)1, (int)8>, (int)256, (int)8, (int)16>, cutlass::half_t, (bool)0, cutlass::layout::NoPermute, (bool)0, (int)4>, cutlass::epilogue::warp::FragmentIteratorTensorOp<cutlass::gemm::GemmShape<(int)64, (int)64, (int)64>, cutlass::gemm::GemmShape<(int)16, (int)8, (int)32>, int, cutlass::Array<int, (int)4, (bool)1>, cutlass::layout::RowMajor>, cutlass::epilogue::warp::TileIteratorTensorOpMixed<cutlass::gemm::GemmShape<(int)64, (int)64, (int)64>, cutlass::gemm::GemmShape<(int)16, (int)8, (int)32>, int, (int)32, (int)16, (int)8, (int)8, (bool)0>, cutlass::epilogue::threadblock::SharedLoadIteratorMixed<cutlass::epilogue::threadblock::OutputTileOptimalThreadMap<cutlass::epilogue::threadblock::OutputTileShape<(int)128, (int)8, (int)2, (int)1, (int)1>, cutlass::epilogue::threadblock::OutputTileShape<(int)1, (int)8, (int)1, (int)1, (int)8>, (int)256, (int)8, (int)16>::CompactedThreadMap, int, (int)32, (int)16, (int)8, (int)8, (bool)0>, cutlass::epilogue::thread::LinearCombination<cutlass::half_t, (int)8, int, float, (cutlass::epilogue::thread::ScaleType::Kind)0, (cutlass::FloatRoundStyle)2, cutlass::half_t>, cutlass::MatrixShape<(int)0, (int)8>, (int)1, (int)1>, cutlass::epilogue::threadblock::TreeVisitor2x<cutlass::epilogue::threadblock::VisitorAuxStore<cutlass::epilogue::threadblock::OutputTileThreadLayout<cutlass::gemm::GemmShape<(int)128, (int)128, (int)128>, cutlass::gemm::GemmShape<(int)64, (int)64, (int)64>, cutlass::half_t, (int)8, (int)1>, cutlass::half_t, (cutlass::FloatRoundStyle)2, cute::tuple<long, cute::C<(int)1>, long>>, cutlass::epilogue::threadblock::TreeVisitor2x<cutlass::epilogue::threadblock::VisitorCompute<cutlass::plus, float, float, (cutlass::FloatRoundStyle)2, void>, cutlass::epilogue::threadblock::TreeVisitor2x<cutlass::epilogue::threadblock::VisitorCompute<cutlass::plus, float, float, (cutlass::FloatRoundStyle)2, void>, cutlass::epilogue::threadblock::TreeVisitor2x<cutlass::epilogue::threadblock::VisitorCompute<cutlass::multiplies, float, float, (cutlass::FloatRoundStyle)2, void>, cutlass::epilogue::threadblock::TreeVisitor2x<cutlass::epilogue::threadblock::VisitorCompute<cutlass::multiplies, float, float, (cutlass::FloatRoundStyle)2, void>, cutlass::epilogue::threadblock::VisitorAccFetch, cutlass::epilogue::threadblock::VisitorScalarBroadcast<float, cute::tuple<cute::C<(int)0>, cute::C<(int)0>, cute::C<(int)0>>, (int)1, cutlass::multiplies>>, cutlass::epilogue::threadblock::VisitorRowBroadcast<cutlass::epilogue::threadblock::OutputTileThreadLayout<cutlass::gemm::GemmShape<(int)128, (int)128, (int)128>, cutlass::gemm::GemmShape<(int)64, (int)64, (int)64>, cutlass::half_t, (int)8, (int)1>, float, cute::tuple<cute::C<(int)0>, cute::C<(int)1>, int>, (bool)1>>, cutlass::epilogue::threadblock::VisitorRowBroadcast<cutlass::epilogue::threadblock::OutputTileThreadLayout<cutlass::gemm::GemmShape<(int)128, (int)128, (int)128>, cutlass::gemm::GemmShape<(int)64, (int)64, (int)64>, cutlass::half_t, (int)8, (int)1>, float, cute::tuple<cute::C<(int)0>, cute::C<(int)1>, int>, (bool)1>>, cutlass::epilogue::threadblock::VisitorAuxLoad<cutlass::epilogue::threadblock::OutputTileThreadLayout<cutlass::gemm::GemmShape<(int)128, (int)128, (int)128>, cutlass::gemm::GemmShape<(int)64, (int)64, (int)64>, cutlass::half_t, (int)8, (int)1>, cutlass::half_t, cute::tuple<long, cute::C<(int)1>, long>>>>, (int)1, (int)1>, cutlass::gemm::threadblock::GemmIdentityThreadblockSwizzle<(int)1>, (cutlass::conv::Operator)0, cutlass::conv::Conv2dProblemSize>>(T1::Params)",3040342.0
L|resblock_plain|C384|T16,"void cutlass::Kernel<modiff::ImplicitGemmConvolutionEVT<cutlass::conv::threadblock::ImplicitGemmMultistage<cutlass::gemm::GemmShape<(int)128, (int)128, (int)128>, cutlass::conv::threadblock::Conv2dFpropActivationTileAccessIteratorOptimized<cutlass::MatrixShape<(int)128, (int)128>, signed char, cutlass::layout::TensorNHWC, cutlass::transform::PitchLinearWarpRakedThreadMap<cutlass::PitchLinearShape<(int)128, (int)128>, (int)256, cutlass::PitchLinearShape<(int)8, (int)4>, (int)16>, cutlass::AlignedArray<signed char, (int)16, (int)16>>, cutlass::transform::threadblock::RegularTileAccessIterator<cutlass::MatrixShape<(int)128, (int)128>, signed char, cutlass::layout::RowMajorTensorOpMultiplicandCrosswise<(int)8, (int)128>, (int)0, cutlass::transform::PitchLinearWarpRakedThreadMap<cutlass::PitchLinearShape<(int)128, (int)128>, (int)256, cutlass::PitchLinearShape<(int)8, (int)4>, (int)16>, (int)16>, (cutlass::arch::CacheOperation::Kind)0, cutlass::conv::threadblock::Conv2dFpropFilterTileAccessIteratorOptimized<cutlass::MatrixShape<(int)128, (int)128>, signed char, cutlass::layout::TensorNHWC, cutlass::transform::PitchLinearWarpRakedThreadMap<cutlass::PitchLinearShape<(int)128, (int)128>, (int)256, cutlass::PitchLinearShape<(int)8, (int)4>, (int)16>, cutlass::AlignedArray<signed char, (int)16, (int)16>, (bool)0>, cutlass::transform::threadblock::RegularTileAccessIterator<cutlass::MatrixShape<(int)128, (int)128>, signed char, cutlass::layout::ColumnMajorTensorOpMultiplicandCrosswise<(int)8, (int)128>, (int)1, cutlass::transform::PitchLinearWarpRakedThreadMap<cutlass::PitchLinearShape<(int)128, (int)128>, (int)256, cutlass::PitchLinearShape<(int)8, (int)4>, (int)16>, (int)16>, (cutlass::arch::CacheOperation::Kind)1, cutlass::gemm::threadblock::MmaPolicy<cutlass::gemm::warp::MmaTensorOp<cutlass::gemm::GemmShape<(int)64, (int)64, (int)64>, signed char, cutlass::layout::RowMajorTensorOpMultiplicandCrosswise<(int)8, (int)128>, signed char, cutlass::layout::ColumnMajorTensorOpMultiplicandCrosswise<(int)8, (int)128>, int, cutlass::layout::RowMajor, cutlass::gemm::warp::MmaTensorOpPolicy<cutlass::arch::Mma<cutlass::gemm::GemmShape<(int)16, (int)8, (int)32>, (int)32, signed char, cutlass::layout::RowMajor, signed char, cutlass::layout::ColumnMajor, int, cutlass::layout::RowMajor, cutlass::arch::OpMultiplyAddSaturate>, cutlass::MatrixShape<(int)1, (int)1>>, (int)2, (bool)0, bool>, cutlass::MatrixShape<(int)0, (int)0>, cutlass::MatrixShape<(int)0, (int)0>, (int)2>, (int)3, bool>, cutlass::epilogue::threadblock::EpilogueWithVisitorCallbacks<cutlass::epilogue::threadblock::Epilogue<cutlass::gemm::GemmShape<(int)128, (int)128, (int)128>, cutlass::gemm::warp::MmaTensorOp<cutlass::gemm::GemmShape<(int)64, (int)64, (int)64>, signed char, cutlass::layout::RowMajorTensorOpMultiplicandCrosswise<(int)8, (int)128>, signed char, cutlass::layout::ColumnMajorTensorOpMultiplicandCrosswise<(int)8, (int)128>, int, cutlass::layout::RowMajor, cutlass::gemm::warp::MmaTensorOpPolicy<cutlass::arch::Mma<cutlass::gemm::GemmShape<(int)16, (int)8, (int)32>, (int)32, signed char, cutlass::layout::RowMajor, signed char, cutlass::layout::ColumnMajor, int, cutlass::layout::RowMajor, cutlass::arch::OpMultiplyAddSaturate>, cutlass::MatrixShape<(int)1, (int)1>>, (int)2, (bool)0, bool>, (int)2, cutlass::epilogue::threadblock::PredicatedTileIteratorConv<cutlass::epilogue::threadblock::OutputTileOptimalThreadMap<cutlass::epilogue::threadblock::OutputTileShape<(int)128, (int)8, (int)2, (int)1, (int)1>, cutlass::epilogue::threadblock::OutputTileShape<(int)1, (int)8, (int)1, (int)1, (int)8>, (int)256, (int)8, (int)16>, cutlass::half_t, (bool)0, cutlass::layout::NoPermute, (bool)0, (int)4>, cutlass::epilogue::warp::FragmentIteratorTensorOp<cutlass::gemm::GemmShape<(int)64, (int)64, (int)64>, cutlass::gemm::GemmShape<(int)16, (int)8, (int)32>, int, cutlass::Array<int, (int)4, (bool)1>, cutlass::layout::RowMajor>, cutlass::epilogue::warp::TileIteratorTensorOpMixed<cutlass::gemm::GemmShape<(int)64, (int)64, (int)64>, cutlass::gemm::GemmShape<(int)16, (int)8, (int)32>, int, (int)32, (int)16, (int)8, (int)8, (bool)0>, cutlass::epilogue::threadblock::SharedLoadIteratorMixed<cutlass::epilogue::threadblock::OutputTileOptimalThreadMap<cutlass::epilogue::threadblock::OutputTileShape<(int)128, (int)8, (int)2, (int)1, (int)1>, cutlass::epilogue::threadblock::OutputTileShape<(int)1, (int)8, (int)1, (int)1, (int)8>, (int)256, (int)8, (int)16>::CompactedThreadMap, int, (int)32, (int)16, (int)8, (int)8, (bool)0>, cutlass::epilogue::thread::LinearCombination<cutlass::half_t, (int)8, int, float, (cutlass::epilogue::thread::ScaleType::Kind)0, (cutlass::FloatRoundStyle)2, cutlass::half_t>, cutlass::MatrixShape<(int)0, (int)8>, (int)1, (int)1>, cutlass::epilogue::threadblock::TreeVisitor2x<cutlass::epilogue::threadblock::VisitorAuxStore<cutlass::epilogue::threadblock::OutputTileThreadLayout<cutlass::gemm::GemmShape<(int)128, (int)128, (int)128>, cutlass::gemm::GemmShape<(int)64, (int)64, (int)64>, cutlass::half_t, (int)8, (int)1>, cutlass::half_t, (cutlass::FloatRoundStyle)2, cute::tuple<long, cute::C<(int)1>, long>>, cutlass::epilogue::threadblock::TreeVisitor2x<cutlass::epilogue::threadblock::VisitorCompute<cutlass::plus, float, float, (cutlass::FloatRoundStyle)2, void>, cutlass::epilogue::threadblock::TreeVisitor2x<cutlass::epilogue::threadblock::VisitorCompute<cutlass::plus, float, float, (cutlass::FloatRoundStyle)2, void>, cutlass::epilogue::threadblock::TreeVisitor2x<cutlass::epilogue::threadblock::VisitorCompute<cutlass::multiplies, float, float, (cutlass::FloatRoundStyle)2, void>, cutlass::epilogue::threadblock::TreeVisitor2x<cutlass::epilogue::threadblock::VisitorCompute<cutlass::multiplies, float, float, (cutlass::FloatRoundStyle)2, void>, cutlass::epilogue::threadblock::VisitorAccFetch, cutlass::epilogue::threadblock::VisitorScalarBroadcast<float, cute::tuple<cute::C<(int)0>, cute::C<(int)0>, cute::C<(int)0>>, (int)1, cutlass::multiplies>>, cutlass::epilogue::threadblock::VisitorRowBroadcast<cutlass::epilogue::threadblock::OutputTileThreadLayout<cutlass::gemm::GemmShape<(int)128, (int)128, (int)128>, cutlass::gemm::GemmShape<(int)64, (int)64, (int)64>, cutlass::half_t, (int)8, (int)1>, float, cute::tuple<cute::C<(int)0>, cute::C<(int)1>, int>, (bool)1>>, cutlass::epilogue::threadblock::VisitorRowBroadcast<cutlass::epilogue::threadblock::OutputTileThreadLayout<cutlass::gemm::GemmShape<(int)128, (int)128, (int)128>, cutlass::gemm::GemmShape<(int)64, (int)64, (int)64>, cutlass::half_t, (int)8, (int)1>, float, cute::tuple<cute::C<(int)0>, cute::C<(int)1>, int>, (bool)1>>, cutlass::epilogue::threadblock::VisitorAuxLoad<cutlass::epilogue::threadblock::OutputTileThreadLayout<cutlass::gemm::GemmShape<(int)128, (int)128, (int)128>, cutlass::gemm::GemmShape<(int)64, (int)64, (int)64>, cutlass::half_t, (int)8, (int)1>, cutlass::half_t, cute::tuple<long, cute::C<(int)1>, long>>>>, (int)1, (int)1>, cutlass::gemm::threadblock::GemmIdentityThreadblockSwizzle<(int)1>, (cutlass::conv::Operator)0, cutlass::conv::Conv2dProblemSize>>(T1::Params)",3039353.0
L|resblock_plain|C1152|T16,"void cutlass::Kernel<modiff::ImplicitGemmConvolutionEVT<cutlass::conv::threadblock::ImplicitGemmMultistage<cutlass::gemm::GemmShape<(int)128, (int)128, (int)128>, cutlass::conv::threadblock::Conv2dFpropActivationTileAccessIteratorOptimized<cutlass::MatrixShape<(int)128, (int)128>, signed char, cutlass::layout::TensorNHWC, cutlass::transform::PitchLinearWarpRakedThreadMap<cutlass::PitchLinearShape<(int)128, (int)128>, (int)256, cutlass::PitchLinearShape<(int)8, (int)4>, (int)16>, cutlass::AlignedArray<signed char, (int)16, (int)16>>, cutlass::transform::threadblock::RegularTileAccessIterator<cutlass::MatrixShape<(int)128, (int)128>, signed char, cutlass::layout::RowMajorTensorOpMultiplicandCrosswise<(int)8, (int)128>, (int)0, cutlass::transform::PitchLinearWarpRakedThreadMap<cutlass::PitchLinearShape<(int)128, (int)128>, (int)256, cutlass::PitchLinearShape<(int)8, (int)4>, (int)16>, (int)16>, (cutlass::arch::CacheOperation::Kind)0, cutlass::conv::threadblock::Conv2dFpropFilterTileAccessIteratorOptimized<cutlass::MatrixShape<(int)128, (int)128>, signed char, cutlass::layout::TensorNHWC, cutlass::transform::PitchLinearWarpRakedThreadMap<cutlass::PitchLinearShape<(int)128, (int)128>, (int)256, cutlass::PitchLinearShape<(int)8, (int)4>, (int)16>, cutlass::AlignedArray<signed char, (int)16, (int)16>, (bool)0>, cutlass::transform::threadblock::RegularTileAccessIterator<cutlass::MatrixShape<(int)128, (int)128>, signed char, cutlass::layout::ColumnMajorTensorOpMultiplicandCrosswise<(int)8, (int)128>, (int)1, cutlass::transform::PitchLinearWarpRakedThreadMap<cutlass::PitchLinearShape<(int)128, (int)128>, (int)256, cutlass::PitchLinearShape<(int)8, (int)4>, (int)16>, (int)16>, (cutlass::arch::CacheOperation::Kind)1, cutlass::gemm::threadblock::MmaPolicy<cutlass::gemm::warp::MmaTensorOp<cutlass::gemm::GemmShape<(int)64, (int)64, (int)64>, signed char, cutlass::layout::RowMajorTensorOpMultiplicandCrosswise<(int)8, (int)128>, signed char, cutlass::layout::ColumnMajorTensorOpMultiplicandCrosswise<(int)8, (int)128>, int, cutlass::layout::RowMajor, cutlass::gemm::warp::MmaTensorOpPolicy<cutlass::arch::Mma<cutlass::gemm::GemmShape<(int)16, (int)8, (int)32>, (int)32, signed char, cutlass::layout::RowMajor, signed char, cutlass::layout::ColumnMajor, int, cutlass::layout::RowMajor, cutlass::arch::OpMultiplyAddSaturate>, cutlass::MatrixShape<(int)1, (int)1>>, (int)2, (bool)0, bool>, cutlass::MatrixShape<(int)0, (int)0>, cutlass::MatrixShape<(int)0, (int)0>, (int)2>, (int)3, bool>, cutlass::epilogue::threadblock::EpilogueWithVisitorCallbacks<cutlass::epilogue::threadblock::Epilogue<cutlass::gemm::GemmShape<(int)128, (int)128, (int)128>, cutlass::gemm::warp::MmaTensorOp<cutlass::gemm::GemmShape<(int)64, (int)64, (int)64>, signed char, cutlass::layout::RowMajorTensorOpMultiplicandCrosswise<(int)8, (int)128>, signed char, cutlass::layout::ColumnMajorTensorOpMultiplicandCrosswise<(int)8, (int)128>, int, cutlass::layout::RowMajor, cutlass::gemm::warp::MmaTensorOpPolicy<cutlass::arch::Mma<cutlass::gemm::GemmShape<(int)16, (int)8, (int)32>, (int)32, signed char, cutlass::layout::RowMajor, signed char, cutlass::layout::ColumnMajor, int, cutlass::layout::RowMajor, cutlass::arch::OpMultiplyAddSaturate>, cutlass::MatrixShape<(int)1, (int)1>>, (int)2, (bool)0, bool>, (int)2, cutlass::epilogue::threadblock::PredicatedTileIteratorConv<cutlass::epilogue::threadblock::OutputTileOptimalThreadMap<cutlass::epilogue::threadblock::OutputTileShape<(int)128, (int)8, (int)2, (int)1, (int)1>, cutlass::epilogue::threadblock::OutputTileShape<(int)1, (int)8, (int)1, (int)1, (int)8>, (int)256, (int)8, (int)16>, cutlass::half_t, (bool)0, cutlass::layout::NoPermute, (bool)0, (int)4>, cutlass::epilogue::warp::FragmentIteratorTensorOp<cutlass::gemm::GemmShape<(int)64, (int)64, (int)64>, cutlass::gemm::GemmShape<(int)16, (int)8, (int)32>, int, cutlass::Array<int, (int)4, (bool)1>, cutlass::layout::RowMajor>, cutlass::epilogue::warp::TileIteratorTensorOpMixed<cutlass::gemm::GemmShape<(int)64, (int)64, (int)64>, cutlass::gemm::GemmShape<(int)16, (int)8, (int)32>, int, (int)32, (int)16, (int)8, (int)8, (bool)0>, cutlass::epilogue::threadblock::SharedLoadIteratorMixed<cutlass::epilogue::threadblock::OutputTileOptimalThreadMap<cutlass::epilogue::threadblock::OutputTileShape<(int)128, (int)8, (int)2, (int)1, (int)1>, cutlass::epilogue::threadblock::OutputTileShape<(int)1, (int)8, (int)1, (int)1, (int)8>, (int)256, (int)8, (int)16>::CompactedThreadMap, int, (int)32, (int)16, (int)8, (int)8, (bool)0>, cutlass::epilogue::thread::LinearCombination<cutlass::half_t, (int)8, int, float, (cutlass::epilogue::thread::ScaleType::Kind)0, (cutlass::FloatRoundStyle)2, cutlass::half_t>, cutlass::MatrixShape<(int)0, (int)8>, (int)1, (int)1>, cutlass::epilogue::threadblock::TreeVisitor2x<cutlass::epilogue::threadblock::VisitorAuxStore<cutlass::epilogue::threadblock::OutputTileThreadLayout<cutlass::gemm::GemmShape<(int)128, (int)128, (int)128>, cutlass::gemm::GemmShape<(int)64, (int)64, (int)64>, cutlass::half_t, (int)8, (int)1>, cutlass::half_t, (cutlass::FloatRoundStyle)2, cute::tuple<long, cute::C<(int)1>, long>>, cutlass::epilogue::threadblock::TreeVisitor2x<cutlass::epilogue::threadblock::VisitorCompute<cutlass::plus, float, float, (cutlass::FloatRoundStyle)2, void>, cutlass::epilogue::threadblock::TreeVisitor2x<cutlass::epilogue::threadblock::VisitorCompute<cutlass::plus, float, float, (cutlass::FloatRoundStyle)2, void>, cutlass::epilogue::threadblock::TreeVisitor2x<cutlass::epilogue::threadblock::VisitorCompute<cutlass::multiplies, float, float, (cutlass::FloatRoundStyle)2, void>, cutlass::epilogue::threadblock::TreeVisitor2x<cutlass::epilogue::threadblock::VisitorCompute<cutlass::multiplies, float, float, (cutlass::FloatRoundStyle)2, void>, cutlass::epilogue::threadblock::VisitorAccFetch, cutlass::epilogue::threadblock::VisitorScalarBroadcast<float, cute::tuple<cute::C<(int)0>, cute::C<(int)0>, cute::C<(int)0>>, (int)1, cutlass::multiplies>>, cutlass::epilogue::threadblock::VisitorRowBroadcast<cutlass::epilogue::threadblock::OutputTileThreadLayout<cutlass::gemm::GemmShape<(int)128, (int)128, (int)128>, cutlass::gemm::GemmShape<(int)64, (int)64, (int)64>, cutlass::half_t, (int)8, (int)1>, float, cute::tuple<cute::C<(int)0>, cute::C<(int)1>, int>, (bool)1>>, cutlass::epilogue::threadblock::VisitorRowBroadcast<cutlass::epilogue::threadblock::OutputTileThreadLayout<cutlass::gemm::GemmShape<(int)128, (int)128, (int)128>, cutlass::gemm::GemmShape<(int)64, (int)64, (int)64>, cutlass::half_t, (int)8, (int)1>, float, cute::tuple<cute::C<(int)0>, cute::C<(int)1>, int>, (bool)1>>, cutlass::epilogue::threadblock::VisitorAuxLoad<cutlass::epilogue::threadblock::OutputTileThreadLayout<cutlass::gemm::GemmShape<(int)128, (int)128, (int)128>, cutlass::gemm::GemmShape<(int)64, (int)64, (int)64>, cutlass::half_t, (int)8, (int)1>, cutlass::half_t, cute::tuple<long, cute::C<(int)1>, long>>>>, (int)1, (int)1>, cutlass::gemm::threadblock::GemmIdentityThreadblockSwizzle<(int)1>, (cutlass::conv::Operator)0, cutlass::conv::Conv2dProblemSize>>(T1::Params)",3032566.0
L|resblock_plain|C768|T16,"void cutlass::Kernel<modiff::ImplicitGemmConvolutionEVT<cutlass::conv::threadblock::ImplicitGemmMultistage<cutlass::gemm::GemmShape<(int)128, (int)128, (int)128>, cutlass::conv::threadblock::Conv2dFpropActivationTileAccessIteratorOptimized<cutlass::MatrixShape<(int)128, (int)128>, signed char, cutlass::layout::TensorNHWC, cutlass::transform::PitchLinearWarpRakedThreadMap<cutlass::PitchLinearShape<(int)128, (int)128>, (int)256, cutlass::PitchLinearShape<(int)8, (int)4>, (int)16>, cutlass::AlignedArray<signed char, (int)16, (int)16>>, cutlass::transform::threadblock::RegularTileAccessIterator<cutlass::MatrixShape<(int)128, (int)128>, signed char, cutlass::layout::RowMajorTensorOpMultiplicandCrosswise<(int)8, (int)128>, (int)0, cutlass::transform::PitchLinearWarpRakedThreadMap<cutlass::PitchLinearShape<(int)128, (int)128>, (int)256, cutlass::PitchLinearShape<(int)8, (int)4>, (int)16>, (int)16>, (cutlass::arch::CacheOperation::Kind)0, cutlass::conv::threadblock::Conv2dFpropFilterTileAccessIteratorOptimized<cutlass::MatrixShape<(int)128, (int)128>, signed char, cutlass::layout::TensorNHWC, cutlass::transform::PitchLinearWarpRakedThreadMap<cutlass::PitchLinearShape<(int)128, (int)128>, (int)256, cutlass::PitchLinearShape<(int)8, (int)4>, (int)16>, cutlass::AlignedArray<signed char, (int)16, (int)16>, (bool)0>, cutlass::transform::threadblock::RegularTileAccessIterator<cutlass::MatrixShape<(int)128, (int)128>, signed char, cutlass::layout::ColumnMajorTensorOpMultiplicandCrosswise<(int)8, (int)128>, (int)1, cutlass::transform::PitchLinearWarpRakedThreadMap<cutlass::PitchLinearShape<(int)128, (int)128>, (int)256, cutlass::PitchLinearShape<(int)8, (int)4>, (int)16>, (int)16>, (cutlass::arch::CacheOperation::Kind)1, cutlass::gemm::threadblock::MmaPolicy<cutlass::gemm::warp::MmaTensorOp<cutlass::gemm::GemmShape<(int)64, (int)64, (int)64>, signed char, cutlass::layout::RowMajorTensorOpMultiplicandCrosswise<(int)8, (int)128>, signed char, cutlass::layout::ColumnMajorTensorOpMultiplicandCrosswise<(int)8, (int)128>, int, cutlass::layout::RowMajor, cutlass::gemm::warp::MmaTensorOpPolicy<cutlass::arch::Mma<cutlass::gemm::GemmShape<(int)16, (int)8, (int)32>, (int)32, signed char, cutlass::layout::RowMajor, signed char, cutlass::layout::ColumnMajor, int, cutlass::layout::RowMajor, cutlass::arch::OpMultiplyAddSaturate>, cutlass::MatrixShape<(int)1, (int)1>>, (int)2, (bool)0, bool>, cutlass::MatrixShape<(int)0, (int)0>, cutlass::MatrixShape<(int)0, (int)0>, (int)2>, (int)3, bool>, cutlass::epilogue::threadblock::EpilogueWithVisitorCallbacks<cutlass::epilogue::threadblock::Epilogue<cutlass::gemm::GemmShape<(int)128, (int)128, (int)128>, cutlass::gemm::warp::MmaTensorOp<cutlass::gemm::GemmShape<(int)64, (int)64, (int)64>, signed char, cutlass::layout::RowMajorTensorOpMultiplicandCrosswise<(int)8, (int)128>, signed char, cutlass::layout::ColumnMajorTensorOpMultiplicandCrosswise<(int)8, (int)128>, int, cutlass::layout::RowMajor, cutlass::gemm::warp::MmaTensorOpPolicy<cutlass::arch::Mma<cutlass::gemm::GemmShape<(int)16, (int)8, (int)32>, (int)32, signed char, cutlass::layout::RowMajor, signed char, cutlass::layout::ColumnMajor, int, cutlass::layout::RowMajor, cutlass::arch::OpMultiplyAddSaturate>, cutlass::MatrixShape<(int)1, (int)1>>, (int)2, (bool)0, bool>, (int)2, cutlass::epilogue::threadblock::PredicatedTileIteratorConv<cutlass::epilogue::threadblock::OutputTileOptimalThreadMap<cutlass::epilogue::threadblock::OutputTileShape<(int)128, (int)8, (int)2, (int)1, (int)1>, cutlass::epilogue::threadblock::OutputTileShape<(int)1, (int)8, (int)1, (int)1, (int)8>, (int)256, (int)8, (int)16>, cutlass::half_t, (bool)0, cutlass::layout::NoPermute, (bool)0, (int)4>, cutlass::epilogue::warp::FragmentIteratorTensorOp<cutlass::gemm::GemmShape<(int)64, (int)64, (int)64>, cutlass::gemm::GemmShape<(int)16, (int)8, (int)32>, int, cutlass::Array<int, (int)4, (bool)1>, cutlass::layout::RowMajor>, cutlass::epilogue::warp::TileIteratorTensorOpMixed<cutlass::gemm::GemmShape<(int)64, (int)64, (int)64>, cutlass::gemm::GemmShape<(int)16, (int)8, (int)32>, int, (int)32, (int)16, (int)8, (int)8, (bool)0>, cutlass::epilogue::threadblock::SharedLoadIteratorMixed<cutlass::epilogue::threadblock::OutputTileOptimalThreadMap<cutlass::epilogue::threadblock::OutputTileShape<(int)128, (int)8, (int)2, (int)1, (int)1>, cutlass::epilogue::threadblock::OutputTileShape<(int)1, (int)8, (int)1, (int)1, (int)8>, (int)256, (int)8, (int)16>::CompactedThreadMap, int, (int)32, (int)16, (int)8, (int)8, (bool)0>, cutlass::epilogue::thread::LinearCombination<cutlass::half_t, (int)8, int, float, (cutlass::epilogue::thread::ScaleType::Kind)0, (cutlass::FloatRoundStyle)2, cutlass::half_t>, cutlass::MatrixShape<(int)0, (int)8>, (int)1, (int)1>, cutlass::epilogue::threadblock::TreeVisitor2x<cutlass::epilogue::threadblock::VisitorAuxStore<cutlass::epilogue::threadblock::OutputTileThreadLayout<cutlass::gemm::GemmShape<(int)128, (int)128, (int)128>, cutlass::gemm::GemmShape<(int)64, (int)64, (int)64>, cutlass::half_t, (int)8, (int)1>, cutlass::half_t, (cutlass::FloatRoundStyle)2, cute::tuple<long, cute::C<(int)1>, long>>, cutlass::epilogue::threadblock::TreeVisitor2x<cutlass::epilogue::threadblock::VisitorCompute<cutlass::plus, float, float, (cutlass::FloatRoundStyle)2, void>, cutlass::epilogue::threadblock::TreeVisitor2x<cutlass::epilogue::threadblock::VisitorCompute<cutlass::multiplies, float, float, (cutlass::FloatRoundStyle)2, void>, cutlass::epilogue::threadblock::TreeVisitor2x<cutlass::epilogue::threadblock::VisitorCompute<cutlass::multiplies, float, float, (cutlass::FloatRoundStyle)2, void>, cutlass::epilogue::threadblock::VisitorAccFetch, cutlass::epilogue::threadblock::VisitorScalarBroadcast<float, cute::tuple<cute::C<(int)0>, cute::C<(int)0>, cute::C<(int)0>>, (int)1, cutlass::multiplies>>, cutlass::epilogue::threadblock::VisitorRowBroadcast<cutlass::epilogue::threadblock::OutputTileThreadLayout<cutlass::gemm::GemmShape<(int)128, (int)128, (int)128>, cutlass::gemm::GemmShape<(int)64, (int)64, (int)64>, cutlass::half_t, (int)8, (int)1>, float, cute::tuple<cute::C<(int)0>, cute::C<(int)1>, int>, (bool)1>>, cutlass::epilogue::threadblock::VisitorRowBroadcast<cutlass::epilogue::threadblock::OutputTileThreadLayout<cutlass::gemm::GemmShape<(int)128, (int)128, (int)128>, cutlass::gemm::GemmShape<(int)64, (int)64, (int)64>, cutlass::half_t, (int)8, (int)1>, float, cute::tuple<cute::C<(int)0>, cute::C<(int)1>, int>, (bool)1>>>, (int)1, (int)1>, cutlass::gemm::threadblock::GemmIdentityThreadblockSwizzle<(int)1>, (cutlass::conv::Operator)0, cutlass::conv::Conv2dProblemSize>>(T1::Params)",2979385.0
L|resblock_updown|C768|T4,"void cutlass::Kernel<modiff::ImplicitGemmConvolutionEVT<cutlass::conv::threadblock::ImplicitGemmMultistage<cutlass::gemm::GemmShape<(int)128, (int)128, (int)128>, cutlass::conv::threadblock::Conv2dFpropActivationTileAccessIteratorOptimized<cutlass::MatrixShape<(int)128, (int)128>, signed char, cutlass::layout::TensorNHWC, cutlass::transform::PitchLinearWarpRakedThreadMap<cutlass::PitchLinearShape<(int)128, (int)128>, (int)256, cutlass::PitchLinearShape<(int)8, (int)4>, (int)16>, cutlass::AlignedArray<signed char, (int)16, (int)16>>, cutlass::transform::threadblock::RegularTileAccessIterator<cutlass::MatrixShape<(int)128, (int)128>, signed char, cutlass::layout::RowMajorTensorOpMultiplicandCrosswise<(int)8, (int)128>, (int)0, cutlass::transform::PitchLinearWarpRakedThreadMap<cutlass::PitchLinearShape<(int)128, (int)128>, (int)256, cutlass::PitchLinearShape<(int)8, (int)4>, (int)16>, (int)16>, (cutlass::arch::CacheOperation::Kind)0, cutlass::conv::threadblock::Conv2dFpropFilterTileAccessIteratorOptimized<cutlass::MatrixShape<(int)128, (int)128>, signed char, cutlass::layout::TensorNHWC, cutlass::transform::PitchLinearWarpRakedThreadMap<cutlass::PitchLinearShape<(int)128, (int)128>, (int)256, cutlass::PitchLinearShape<(int)8, (int)4>, (int)16>, cutlass::AlignedArray<signed char, (int)16, (int)16>, (bool)0>, cutlass::transform::threadblock::RegularTileAccessIterator<cutlass::MatrixShape<(int)128, (int)128>, signed char, cutlass::layout::ColumnMajorTensorOpMultiplicandCrosswise<(int)8, (int)128>, (int)1, cutlass::transform::PitchLinearWarpRakedThreadMap<cutlass::PitchLinearShape<(int)128, (int)128>, (int)256, cutlass::PitchLinearShape<(int)8, (int)4>, (int)16>, (int)16>, (cutlass::arch::CacheOperation::Kind)1, cutlass::gemm::threadblock::MmaPolicy<cutlass::gemm::warp::MmaTensorOp<cutlass::gemm::GemmShape<(int)64, (int)64, (int)64>, signed char, cutlass::layout::RowMajorTensorOpMultiplicandCrosswise<(int)8, (int)128>, signed char, cutlass::layout::ColumnMajorTensorOpMultiplicandCrosswise<(int)8, (int)128>, int, cutlass::layout::RowMajor, cutlass::gemm::warp::MmaTensorOpPolicy<cutlass::arch::Mma<cutlass::gemm::GemmShape<(int)16, (int)8, (int)32>, (int)32, signed char, cutlass::layout::RowMajor, signed char, cutlass::layout::ColumnMajor, int, cutlass::layout::RowMajor, cutlass::arch::OpMultiplyAddSaturate>, cutlass::MatrixShape<(int)1, (int)1>>, (int)2, (bool)0, bool>, cutlass::MatrixShape<(int)0, (int)0>, cutlass::MatrixShape<(int)0, (int)0>, (int)2>, (int)3, bool>, cutlass::epilogue::threadblock::EpilogueWithVisitorCallbacks<cutlass::epilogue::threadblock::Epilogue<cutlass::gemm::GemmShape<(int)128, (int)128, (int)128>, cutlass::gemm::warp::MmaTensorOp<cutlass::gemm::GemmShape<(int)64, (int)64, (int)64>, signed char, cutlass::layout::RowMajorTensorOpMultiplicandCrosswise<(int)8, (int)128>, signed char, cutlass::layout::ColumnMajorTensorOpMultiplicandCrosswise<(int)8, (int)128>, int, cutlass::layout::RowMajor, cutlass::gemm::warp::MmaTensorOpPolicy<cutlass::arch::Mma<cutlass::gemm::GemmShape<(int)16, (int)8, (int)32>, (int)32, signed char, cutlass::layout::RowMajor, signed char, cutlass::layout::ColumnMajor, int, cutlass::layout::RowMajor, cutlass::arch::OpMultiplyAddSaturate>, cutlass::MatrixShape<(int)1, (int)1>>, (int)2, (bool)0, bool>, (int)2, cutlass::epilogue::threadblock::PredicatedTileIteratorConv<cutlass::epilogue::threadblock::OutputTileOptimalThreadMap<cutlass::epilogue::threadblock::OutputTileShape<(int)128, (int)8, (int)2, (int)1, (int)1>, cutlass::epilogue::threadblock::OutputTileShape<(int)1, (int)8, (int)1, (int)1, (int)8>, (int)256, (int)8, (int)16>, cutlass::half_t, (bool)0, cutlass::layout::NoPermute, (bool)0, (int)4>, cutlass::epilogue::warp::FragmentIteratorTensorOp<cutlass::gemm::GemmShape<(int)64, (int)64, (int)64>, cutlass::gemm::GemmShape<(int)16, (int)8, (int)32>, int, cutlass::Array<int, (int)4, (bool)1>, cutlass::layout::RowMajor>, cutlass::epilogue::warp::TileIteratorTensorOpMixed<cutlass::gemm::GemmShape<(int)64, (int)64, (int)64>, cutlass::gemm::GemmShape<(int)16, (int)8, (int)32>, int, (int)32, (int)16, (int)8, (int)8, (bool)0>, cutlass::epilogue::threadblock::SharedLoadIteratorMixed<cutlass::epilogue::threadblock::OutputTileOptimalThreadMap<cutlass::epilogue::threadblock::OutputTileShape<(int)128, (int)8, (int)2, (int)1, (int)1>, cutlass::epilogue::threadblock::OutputTileShape<(int)1, (int)8, (int)1, (int)1, (int)8>, (int)256, (int)8, (int)16>::CompactedThreadMap, int, (int)32, (int)16, (int)8, (int)8, (bool)0>, cutlass::epilogue::thread::LinearCombination<cutlass::half_t, (int)8, int, float, (cutlass::epilogue::thread::ScaleType::Kind)0, (cutlass::FloatRoundStyle)2, cutlass::half_t>, cutlass::MatrixShape<(int)0, (int)8>, (int)1, (int)1>, cutlass::epilogue::threadblock::TreeVisitor2x<cutlass::epilogue::threadblock::VisitorAuxStore<cutlass::epilogue::threadblock::OutputTileThreadLayout<cutlass::gemm::GemmShape<(int)128, (int)128, (int)128>, cutlass::gemm::GemmShape<(int)64, (int)64, (int)64>, cutlass::half_t, (int)8, (int)1>, cutlass::half_t, (cutlass::FloatRoundStyle)2, cute::tuple<long, cute::C<(int)1>, long>>, cutlass::epilogue::threadblock::TreeVisitor2x<cutlass::epilogue::threadblock::VisitorCompute<cutlass::plus, float, float, (cutlass::FloatRoundStyle)2, void>, cutlass::epilogue::threadblock::TreeVisitor2x<cutlass::epilogue::threadblock::VisitorCompute<cutlass::multiplies, float, float, (cutlass::FloatRoundStyle)2, void>, cutlass::epilogue::threadblock::TreeVisitor2x<cutlass::epilogue::threadblock::VisitorCompute<cutlass::multiplies, float, float, (cutlass::FloatRoundStyle)2, void>, cutlass::epilogue::threadblock::VisitorAccFetch, cutlass::epilogue::threadblock::VisitorScalarBroadcast<float, cute::tuple<cute::C<(int)0>, cute::C<(int)0>, cute::C<(int)0>>, (int)1, cutlass::multiplies>>, cutlass::epilogue::threadblock::VisitorRowBroadcast<cutlass::epilogue::threadblock::OutputTileThreadLayout<cutlass::gemm::GemmShape<(int)128, (int)128, (int)128>, cutlass::gemm::GemmShape<(int)64, (int)64, (int)64>, cutlass::half_t, (int)8, (int)1>, float, cute::tuple<cute::C<(int)0>, cute::C<(int)1>, int>, (bool)1>>, cutlass::epilogue::threadblock::VisitorRowBroadcast<cutlass::epilogue::threadblock::OutputTileThreadLayout<cutlass::gemm::GemmShape<(int)128, (int)128, (int)128>, cutlass::gemm::GemmShape<(int)64, (int)64, (int)64>, cutlass::half_t, (int)8, (int)1>, float, cute::tuple<cute::C<(int)0>, cute::C<(int)1>, int>, (bool)1>>>, (int)1, (int)1>, cutlass::gemm::threadblock::GemmIdentityThreadblockSwizzle<(int)1>, (cutlass::conv::Operator)0, cutlass::conv::Conv2dProblemSize>>(T1::Params)",2966328.0
L|attention|C384|T64,"void group_norm_silu_quantize_nhwc_vec2_kernel<__half, (bool)1>(const T1 *, signed char *, const T1 *, const T1 *, const T1 *, const T1 *, const float *, const float *, int, long, int, float, bool)",2872438.0
L|resblock_plain|C576|T256,sm86_xmma_fprop_implicit_gemm_f16f16_f16f32_f32_nhwckrsc_nhwc_tilesize128x128x32_stage3_warpsize2x2x1_g1_tensor16x8x16_execute_kernel__5x_cudnn,2871318.0
L|resblock_updown|C384|T64,"void at::native::unrolled_elementwise_kernel<at::native::direct_copy_kernel_cuda(at::TensorIteratorBase &)::[lambda() (instance 3)]::operator ()() const::[lambda() (instance 10)]::operator ()() const::[lambda(c10::Half) (instance 1)], at::detail::Array<char *, (int)2>, TrivialOffsetCalculator<(int)1, unsigned int>, TrivialOffsetCalculator<(int)1, unsigned int>, at::native::memory::LoadWithCast<(int)1>, at::native::memory::StoreWithCast<(int)1>>(int, T1, T2, T3, T4, T5, T6)",2698484.0
L|resblock_updown|C384|T256,"void at::native::unrolled_elementwise_kernel<at::native::direct_copy_kernel_cuda(at::TensorIteratorBase &)::[lambda() (instance 3)]::operator ()() const::[lambda() (instance 7)]::operator ()() const::[lambda(float) (instance 1)], at::detail::Array<char *, (int)2>, TrivialOffsetCalculator<(int)1, unsigned int>, TrivialOffsetCalculator<(int)1, unsigned int>, at::native::memory::LoadWithCast<(int)1>, at::native::memory::StoreWithCast<(int)1>>(int, T1, T2, T3, T4, T5, T6)",2687509.0
L|resblock_updown|C384|T256,"void at::native::<unnamed>::avg_pool2d_out_cuda_frame_nhwc<c10::Half, float>(int, const T1 *, long, long, long, int, int, int, int, int, int, int, int, T1 *, int, bool, bool)",2630356.0
L|resblock_plain|C1152|T64,"void cutlass::Kernel<modiff::ImplicitGemmConvolutionEVT<cutlass::conv::threadblock::ImplicitGemmMultistage<cutlass::gemm::GemmShape<(int)128, (int)128, (int)128>, cutlass::conv::threadblock::Conv2dFpropActivationTileAccessIteratorOptimized<cutlass::MatrixShape<(int)128, (int)128>, signed char, cutlass::layout::TensorNHWC, cutlass::transform::PitchLinearWarpRakedThreadMap<cutlass::PitchLinearShape<(int)128, (int)128>, (int)256, cutlass::PitchLinearShape<(int)8, (int)4>, (int)16>, cutlass::AlignedArray<signed char, (int)16, (int)16>>, cutlass::transform::threadblock::RegularTileAccessIterator<cutlass::MatrixShape<(int)128, (int)128>, signed char, cutlass::layout::RowMajorTensorOpMultiplicandCrosswise<(int)8, (int)128>, (int)0, cutlass::transform::PitchLinearWarpRakedThreadMap<cutlass::PitchLinearShape<(int)128, (int)128>, (int)256, cutlass::PitchLinearShape<(int)8, (int)4>, (int)16>, (int)16>, (cutlass::arch::CacheOperation::Kind)0, cutlass::conv::threadblock::Conv2dFpropFilterTileAccessIteratorOptimized<cutlass::MatrixShape<(int)128, (int)128>, signed char, cutlass::layout::TensorNHWC, cutlass::transform::PitchLinearWarpRakedThreadMap<cutlass::PitchLinearShape<(int)128, (int)128>, (int)256, cutlass::PitchLinearShape<(int)8, (int)4>, (int)16>, cutlass::AlignedArray<signed char, (int)16, (int)16>, (bool)0>, cutlass::transform::threadblock::RegularTileAccessIterator<cutlass::MatrixShape<(int)128, (int)128>, signed char, cutlass::layout::ColumnMajorTensorOpMultiplicandCrosswise<(int)8, (int)128>, (int)1, cutlass::transform::PitchLinearWarpRakedThreadMap<cutlass::PitchLinearShape<(int)128, (int)128>, (int)256, cutlass::PitchLinearShape<(int)8, (int)4>, (int)16>, (int)16>, (cutlass::arch::CacheOperation::Kind)1, cutlass::gemm::threadblock::MmaPolicy<cutlass::gemm::warp::MmaTensorOp<cutlass::gemm::GemmShape<(int)64, (int)64, (int)64>, signed char, cutlass::layout::RowMajorTensorOpMultiplicandCrosswise<(int)8, (int)128>, signed char, cutlass::layout::ColumnMajorTensorOpMultiplicandCrosswise<(int)8, (int)128>, int, cutlass::layout::RowMajor, cutlass::gemm::warp::MmaTensorOpPolicy<cutlass::arch::Mma<cutlass::gemm::GemmShape<(int)16, (int)8, (int)32>, (int)32, signed char, cutlass::layout::RowMajor, signed char, cutlass::layout::ColumnMajor, int, cutlass::layout::RowMajor, cutlass::arch::OpMultiplyAddSaturate>, cutlass::MatrixShape<(int)1, (int)1>>, (int)2, (bool)0, bool>, cutlass::MatrixShape<(int)0, (int)0>, cutlass::MatrixShape<(int)0, (int)0>, (int)2>, (int)3, bool>, cutlass::epilogue::threadblock::EpilogueWithVisitorCallbacks<cutlass::epilogue::threadblock::Epilogue<cutlass::gemm::GemmShape<(int)128, (int)128, (int)128>, cutlass::gemm::warp::MmaTensorOp<cutlass::gemm::GemmShape<(int)64, (int)64, (int)64>, signed char, cutlass::layout::RowMajorTensorOpMultiplicandCrosswise<(int)8, (int)128>, signed char, cutlass::layout::ColumnMajorTensorOpMultiplicandCrosswise<(int)8, (int)128>, int, cutlass::layout::RowMajor, cutlass::gemm::warp::MmaTensorOpPolicy<cutlass::arch::Mma<cutlass::gemm::GemmShape<(int)16, (int)8, (int)32>, (int)32, signed char, cutlass::layout::RowMajor, signed char, cutlass::layout::ColumnMajor, int, cutlass::layout::RowMajor, cutlass::arch::OpMultiplyAddSaturate>, cutlass::MatrixShape<(int)1, (int)1>>, (int)2, (bool)0, bool>, (int)2, cutlass::epilogue::threadblock::PredicatedTileIteratorConv<cutlass::epilogue::threadblock::OutputTileOptimalThreadMap<cutlass::epilogue::threadblock::OutputTileShape<(int)128, (int)8, (int)2, (int)1, (int)1>, cutlass::epilogue::threadblock::OutputTileShape<(int)1, (int)8, (int)1, (int)1, (int)8>, (int)256, (int)8, (int)16>, cutlass::half_t, (bool)0, cutlass::layout::NoPermute, (bool)0, (int)4>, cutlass::epilogue::warp::FragmentIteratorTensorOp<cutlass::gemm::GemmShape<(int)64, (int)64, (int)64>, cutlass::gemm::GemmShape<(int)16, (int)8, (int)32>, int, cutlass::Array<int, (int)4, (bool)1>, cutlass::layout::RowMajor>, cutlass::epilogue::warp::TileIteratorTensorOpMixed<cutlass::gemm::GemmShape<(int)64, (int)64, (int)64>, cutlass::gemm::GemmShape<(int)16, (int)8, (int)32>, int, (int)32, (int)16, (int)8, (int)8, (bool)0>, cutlass::epilogue::threadblock::SharedLoadIteratorMixed<cutlass::epilogue::threadblock::OutputTileOptimalThreadMap<cutlass::epilogue::threadblock::OutputTileShape<(int)128, (int)8, (int)2, (int)1, (int)1>, cutlass::epilogue::threadblock::OutputTileShape<(int)1, (int)8, (int)1, (int)1, (int)8>, (int)256, (int)8, (int)16>::CompactedThreadMap, int, (int)32, (int)16, (int)8, (int)8, (bool)0>, cutlass::epilogue::thread::LinearCombination<cutlass::half_t, (int)8, int, float, (cutlass::epilogue::thread::ScaleType::Kind)0, (cutlass::FloatRoundStyle)2, cutlass::half_t>, cutlass::MatrixShape<(int)0, (int)8>, (int)1, (int)1>, cutlass::epilogue::threadblock::TreeVisitor2x<cutlass::epilogue::threadblock::VisitorAuxStore<cutlass::epilogue::threadblock::OutputTileThreadLayout<cutlass::gemm::GemmShape<(int)128, (int)128, (int)128>, cutlass::gemm::GemmShape<(int)64, (int)64, (int)64>, cutlass::half_t, (int)8, (int)1>, cutlass::half_t, (cutlass::FloatRoundStyle)2, cute::tuple<long, cute::C<(int)1>, long>>, cutlass::epilogue::threadblock::TreeVisitor2x<cutlass::epilogue::threadblock::VisitorCompute<cutlass::plus, float, float, (cutlass::FloatRoundStyle)2, void>, cutlass::epilogue::threadblock::TreeVisitor2x<cutlass::epilogue::threadblock::VisitorCompute<cutlass::plus, float, float, (cutlass::FloatRoundStyle)2, void>, cutlass::epilogue::threadblock::TreeVisitor2x<cutlass::epilogue::threadblock::VisitorCompute<cutlass::multiplies, float, float, (cutlass::FloatRoundStyle)2, void>, cutlass::epilogue::threadblock::TreeVisitor2x<cutlass::epilogue::threadblock::VisitorCompute<cutlass::multiplies, float, float, (cutlass::FloatRoundStyle)2, void>, cutlass::epilogue::threadblock::VisitorAccFetch, cutlass::epilogue::threadblock::VisitorScalarBroadcast<float, cute::tuple<cute::C<(int)0>, cute::C<(int)0>, cute::C<(int)0>>, (int)1, cutlass::multiplies>>, cutlass::epilogue::threadblock::VisitorRowBroadcast<cutlass::epilogue::threadblock::OutputTileThreadLayout<cutlass::gemm::GemmShape<(int)128, (int)128, (int)128>, cutlass::gemm::GemmShape<(int)64, (int)64, (int)64>, cutlass::half_t, (int)8, (int)1>, float, cute::tuple<cute::C<(int)0>, cute::C<(int)1>, int>, (bool)1>>, cutlass::epilogue::threadblock::VisitorRowBroadcast<cutlass::epilogue::threadblock::OutputTileThreadLayout<cutlass::gemm::GemmShape<(int)128, (int)128, (int)128>, cutlass::gemm::GemmShape<(int)64, (int)64, (int)64>, cutlass::half_t, (int)8, (int)1>, float, cute::tuple<cute::C<(int)0>, cute::C<(int)1>, int>, (bool)1>>, cutlass::epilogue::threadblock::VisitorAuxLoad<cutlass::epilogue::threadblock::OutputTileThreadLayout<cutlass::gemm::GemmShape<(int)128, (int)128, (int)128>, cutlass::gemm::GemmShape<(int)64, (int)64, (int)64>, cutlass::half_t, (int)8, (int)1>, cutlass::half_t, cute::tuple<long, cute::C<(int)1>, long>>>>, (int)1, (int)1>, cutlass::gemm::threadblock::GemmIdentityThreadblockSwizzle<(int)1>, (cutlass::conv::Operator)0, cutlass::conv::Conv2dProblemSize>>(T1::Params)",2598932.0
L|resblock_plain|C1536|T4,"void group_norm_silu_quantize_nhwc_vec2_kernel<__half, (bool)0>(const T1 *, signed char *, const T1 *, const T1 *, const T1 *, const T1 *, const float *, const float *, int, long, int, float, bool)",2476908.0
L|resblock_plain|C768|T64,sm86_xmma_fprop_implicit_gemm_f16f16_f16f32_f32_nhwckrsc_nhwc_tilesize64x128x32_stage4_warpsize2x2x1_g1_tensor16x8x16_execute_kernel__5x_cudnn,2371282.0
L|resblock_plain|C768|T4,"void group_norm_silu_quantize_nhwc_vec2_kernel<__half, (bool)0>(const T1 *, signed char *, const T1 *, const T1 *, const T1 *, const T1 *, const float *, const float *, int, long, int, float, bool)",2337714.0
L|resblock_updown|C768|T16,"void at::native::<unnamed>::upsample_nearest2d_nhwc_out_frame<float, &at::native::nearest_neighbor_compute_source_index>(const T1 *, T1 *, unsigned long, unsigned long, unsigned long, unsigned long, unsigned long, float, float, unsigned long)",2306450.0
L|resblock_plain|C768|T16,"void group_norm_silu_quantize_nhwc_vec2_kernel<__half, (bool)0>(const T1 *, signed char *, const T1 *, const T1 *, const T1 *, const T1 *, const float *, const float *, int, long, int, float, bool)",2278739.0
L|resblock_plain|C1536|T16,sm80_xmma_gemm_f16f16_f16f32_f32_tn_n_tilesize96x128x32_stage4_warpsize2x2x1_tensor16x8x16_kernel,2276500.0
L|resblock_updown|C384|T256,"void group_norm_silu_quantize_resize_nhwc_kernel<__half, (bool)1, (bool)0, (bool)0>(const T1 *, signed char *, const T1 *, const T1 *, const T1 *, const T1 *, const float *, const float *, int, long, int, float, bool, int, int)",2173137.0
L|resblock_plain|C192|T256,"void at::native::elementwise_kernel<(int)128, (int)4, void at::native::gpu_kernel_impl_nocast<at::native::CUDAFunctor_add<c10::Half>>(at::TensorIteratorBase &, const T1 &)::[lambda(int) (instance 1)]>(int, T3)",1954573.0
L|resblock_plain|C576|T256,"void at::native::elementwise_kernel<(int)128, (int)4, void at::native::gpu_kernel_impl_nocast<at::native::CUDAFunctor_add<c10::Half>>(at::TensorIteratorBase &, const T1 &)::[lambda(int) (instance 1)]>(int, T3)",1953325.0
,sm80_xmma_fprop_implicit_gemm_indexed_wo_smem_f16f16_f16f32_f32_nhwckrsc_nhwc_tilesize128x32x64_stage1_warpsize4x1x1_g1_tensor16x8x16_aligna8_alignc8_execute_kernel__5x_cudnn,1922288.0
L|attention|C768|T16,"void group_norm_silu_quantize_nhwc_vec2_kernel<__half, (bool)1>(const T1 *, signed char *, const T1 *, const T1 *, const T1 *, const T1 *, const float *, const float *, int, long, int, float, bool)",1789845.0
L|resblock_plain|C384|T16,"void group_norm_silu_quantize_nhwc_vec2_kernel<__half, (bool)0>(const T1 *, signed char *, const T1 *, const T1 *, const T1 *, const T1 *, const float *, const float *, int, long, int, float, bool)",1684557.0
L|resblock_plain|C384|T16,"void cutlass::Kernel<modiff::ImplicitGemmConvolutionEVT<cutlass::conv::threadblock::ImplicitGemmMultistage<cutlass::gemm::GemmShape<(int)128, (int)128, (int)128>, cutlass::conv::threadblock::Conv2dFpropActivationTileAccessIteratorOptimized<cutlass::MatrixShape<(int)128, (int)128>, signed char, cutlass::layout::TensorNHWC, cutlass::transform::PitchLinearWarpRakedThreadMap<cutlass::PitchLinearShape<(int)128, (int)128>, (int)256, cutlass::PitchLinearShape<(int)8, (int)4>, (int)16>, cutlass::AlignedArray<signed char, (int)16, (int)16>>, cutlass::transform::threadblock::RegularTileAccessIterator<cutlass::MatrixShape<(int)128, (int)128>, signed char, cutlass::layout::RowMajorTensorOpMultiplicandCrosswise<(int)8, (int)128>, (int)0, cutlass::transform::PitchLinearWarpRakedThreadMap<cutlass::PitchLinearShape<(int)128, (int)128>, (int)256, cutlass::PitchLinearShape<(int)8, (int)4>, (int)16>, (int)16>, (cutlass::arch::CacheOperation::Kind)0, cutlass::conv::threadblock::Conv2dFpropFilterTileAccessIteratorOptimized<cutlass::MatrixShape<(int)128, (int)128>, signed char, cutlass::layout::TensorNHWC, cutlass::transform::PitchLinearWarpRakedThreadMap<cutlass::PitchLinearShape<(int)128, (int)128>, (int)256, cutlass::PitchLinearShape<(int)8, (int)4>, (int)16>, cutlass::AlignedArray<signed char, (int)16, (int)16>, (bool)0>, cutlass::transform::threadblock::RegularTileAccessIterator<cutlass::MatrixShape<(int)128, (int)128>, signed char, cutlass::layout::ColumnMajorTensorOpMultiplicandCrosswise<(int)8, (int)128>, (int)1, cutlass::transform::PitchLinearWarpRakedThreadMap<cutlass::PitchLinearShape<(int)128, (int)128>, (int)256, cutlass::PitchLinearShape<(int)8, (int)4>, (int)16>, (int)16>, (cutlass::arch::CacheOperation::Kind)1, cutlass::gemm::threadblock::MmaPolicy<cutlass::gemm::warp::MmaTensorOp<cutlass::gemm::GemmShape<(int)64, (int)64, (int)64>, signed char, cutlass::layout::RowMajorTensorOpMultiplicandCrosswise<(int)8, (int)128>, signed char, cutlass::layout::ColumnMajorTensorOpMultiplicandCrosswise<(int)8, (int)128>, int, cutlass::layout::RowMajor, cutlass::gemm::warp::MmaTensorOpPolicy<cutlass::arch::Mma<cutlass::gemm::GemmShape<(int)16, (int)8, (int)32>, (int)32, signed char, cutlass::layout::RowMajor, signed char, cutlass::layout::ColumnMajor, int, cutlass::layout::RowMajor, cutlass::arch::OpMultiplyAddSaturate>, cutlass::MatrixShape<(int)1, (int)1>>, (int)2, (bool)0, bool>, cutlass::MatrixShape<(int)0, (int)0>, cutlass::MatrixShape<(int)0, (int)0>, (int)2>, (int)3, bool>, cutlass::epilogue::threadblock::EpilogueWithVisitorCallbacks<cutlass::epilogue::threadblock::Epilogue<cutlass::gemm::GemmShape<(int)128, (int)128, (int)128>, cutlass::gemm::warp::MmaTensorOp<cutlass::gemm::GemmShape<(int)64, (int)64, (int)64>, signed char, cutlass::layout::RowMajorTensorOpMultiplicandCrosswise<(int)8, (int)128>, signed char, cutlass::layout::ColumnMajorTensorOpMultiplicandCrosswise<(int)8, (int)128>, int, cutlass::layout::RowMajor, cutlass::gemm::warp::MmaTensorOpPolicy<cutlass::arch::Mma<cutlass::gemm::GemmShape<(int)16, (int)8, (int)32>, (int)32, signed char, cutlass::layout::RowMajor, signed char, cutlass::layout::ColumnMajor, int, cutlass::layout::RowMajor, cutlass::arch::OpMultiplyAddSaturate>, cutlass::MatrixShape<(int)1, (int)1>>, (int)2, (bool)0, bool>, (int)2, cutlass::epilogue::threadblock::PredicatedTileIteratorConv<cutlass::epilogue::threadblock::OutputTileOptimalThreadMap<cutlass::epilogue::threadblock::OutputTileShape<(int)128, (int)8, (int)2, (int)1, (int)1>, cutlass::epilogue::threadblock::OutputTileShape<(int)1, (int)8, (int)1, (int)1, (int)8>, (int)256, (int)8, (int)16>, cutlass::half_t, (bool)0, cutlass::layout::NoPermute, (bool)0, (int)4>, cutlass::epilogue::warp::FragmentIteratorTensorOp<cutlass::gemm::GemmShape<(int)64, (int)64, (int)64>, cutlass::gemm::GemmShape<(int)16, (int)8, (int)32>, int, cutlass::Array<int, (int)4, (bool)1>, cutlass::layout::RowMajor>, cutlass::epilogue::warp::TileIteratorTensorOpMixed<cutlass::gemm::GemmShape<(int)64, (int)64, (int)64>, cutlass::gemm::GemmShape<(int)16, (int)8, (int)32>, int, (int)32, (int)16, (int)8, (int)8, (bool)0>, cutlass::epilogue::threadblock::SharedLoadIteratorMixed<cutlass::epilogue::threadblock::OutputTileOptimalThreadMap<cutlass::epilogue::threadblock::OutputTileShape<(int)128, (int)8, (int)2, (int)1, (int)1>, cutlass::epilogue::threadblock::OutputTileShape<(int)1, (int)8, (int)1, (int)1, (int)8>, (int)256, (int)8, (int)16>::CompactedThreadMap, int, (int)32, (int)16, (int)8, (int)8, (bool)0>, cutlass::epilogue::thread::LinearCombination<cutlass::half_t, (int)8, int, float, (cutlass::epilogue::thread::ScaleType::Kind)0, (cutlass::FloatRoundStyle)2, cutlass::half_t>, cutlass::MatrixShape<(int)0, (int)8>, (int)1, (int)1>, cutlass::epilogue::threadblock::TreeVisitor2x<cutlass::epilogue::threadblock::VisitorAuxStore<cutlass::epilogue::threadblock::OutputTileThreadLayout<cutlass::gemm::GemmShape<(int)128, (int)128, (int)128>, cutlass::gemm::GemmShape<(int)64, (int)64, (int)64>, cutlass::half_t, (int)8, (int)1>, cutlass::half_t, (cutlass::FloatRoundStyle)2, cute::tuple<long, cute::C<(int)1>, long>>, cutlass::epilogue::threadblock::TreeVisitor2x<cutlass::epilogue::threadblock::VisitorCompute<cutlass::plus, float, float, (cutlass::FloatRoundStyle)2, void>, cutlass::epilogue::threadblock::TreeVisitor2x<cutlass::epilogue::threadblock::VisitorCompute<cutlass::multiplies, float, float, (cutlass::FloatRoundStyle)2, void>, cutlass::epilogue::threadblock::TreeVisitor2x<cutlass::epilogue::threadblock::VisitorCompute<cutlass::multiplies, float, float, (cutlass::FloatRoundStyle)2, void>, cutlass::epilogue::threadblock::VisitorAccFetch, cutlass::epilogue::threadblock::VisitorScalarBroadcast<float, cute::tuple<cute::C<(int)0>, cute::C<(int)0>, cute::C<(int)0>>, (int)1, cutlass::multiplies>>, cutlass::epilogue::threadblock::VisitorRowBroadcast<cutlass::epilogue::threadblock::OutputTileThreadLayout<cutlass::gemm::GemmShape<(int)128, (int)128, (int)128>, cutlass::gemm::GemmShape<(int)64, (int)64, (int)64>, cutlass::half_t, (int)8, (int)1>, float, cute::tuple<cute::C<(int)0>, cute::C<(int)1>, int>, (bool)1>>, cutlass::epilogue::threadblock::VisitorRowBroadcast<cutlass::epilogue::threadblock::OutputTileThreadLayout<cutlass::gemm::GemmShape<(int)128, (int)128, (int)128>, cutlass::gemm::GemmShape<(int)64, (int)64, (int)64>, cutlass::half_t, (int)8, (int)1>, float, cute::tuple<cute::C<(int)0>, cute::C<(int)1>, int>, (bool)1>>>, (int)1, (int)1>, cutlass::gemm::threadblock::GemmIdentityThreadblockSwizzle<(int)1>, (cutlass::conv::Operator)0, cutlass::conv::Conv2dProblemSize>>(T1::Params)",1611660.0
L|resblock_plain|C1152|T64,sm86_xmma_fprop_implicit_gemm_f16f16_f16f32_f32_nhwckrsc_nhwc_tilesize128x128x32_stage3_warpsize2x2x1_g1_tensor16x8x16_execute_kernel__5x_cudnn,1602315.0
L|resblock_plain|C192|T256,sm86_xmma_fprop_implicit_gemm_f16f16_f16f32_f32_nhwckrsc_nhwc_tilesize128x64x32_stage4_warpsize2x2x1_g1_tensor16x8x16_execute_kernel__5x_cudnn,1599370.0
L|resblock_updown|C768|T16,"void at::native::unrolled_elementwise_kernel<at::native::direct_copy_kernel_cuda(at::TensorIteratorBase &)::[lambda() (instance 3)]::operator ()() const::[lambda() (instance 10)]::operator ()() const::[lambda(c10::Half) (instance 1)], at::detail::Array<char *, (int)2>, TrivialOffsetCalculator<(int)1, unsigned int>, TrivialOffsetCalculator<(int)1, unsigned int>, at::native::memory::LoadWithCast<(int)1>, at::native::memory::StoreWithCast<(int)1>>(int, T1, T2, T3, T4, T5, T6)",1371051.0
L|resblock_plain|C1536|T4,ampere_fp16_s16816gemm_fp16_128x64_ldg8_f2f_stages_32x6_tn,1231914.0
L|resblock_updown|C768|T4,"void group_norm_silu_quantize_nhwc_vec2_kernel<__half, (bool)0>(const T1 *, signed char *, const T1 *, const T1 *, const T1 *, const T1 *, const float *, const float *, int, long, int, float, bool)",1173800.0
L|resblock_updown|C384|T64,"void group_norm_silu_quantize_resize_nhwc_kernel<__half, (bool)1, (bool)1, (bool)0>(const T1 *, signed char *, const T1 *, const T1 *, const T1 *, const T1 *, const float *, const float *, int, long, int, float, bool, int, int)",1146537.0
L|resblock_plain|C768|T64,"void at::native::elementwise_kernel<(int)128, (int)4, void at::native::gpu_kernel_impl_nocast<at::native::CUDAFunctor_add<c10::Half>>(at::TensorIteratorBase &, const T1 &)::[lambda(int) (instance 1)]>(int, T3)",1064520.0
L|resblock_plain|C1152|T16,ampere_fp16_s1688gemm_fp16_128x128_ldg8_f2f_stages_32x1_tn,942248.0
L|resblock_plain|C768|T4,ampere_fp16_s16816gemm_fp16_64x64_sliced1x2_ldg8_relu_f2f_stages_64x5_tn,782212.0
L|resblock_updown|C384|T64,"void at::native::<unnamed>::avg_pool2d_out_cuda_frame_nhwc<c10::Half, float>(int, const T1 *, long, long, long, int, int, int, int, int, int, int, int, T1 *, int, bool, bool)",731075.0
L|resblock_updown|C384|T64,"void at::native::unrolled_elementwise_kernel<at::native::direct_copy_kernel_cuda(at::TensorIteratorBase &)::[lambda() (instance 3)]::operator ()() const::[lambda() (instance 7)]::operator ()() const::[lambda(float) (instance 1)], at::detail::Array<char *, (int)2>, TrivialOffsetCalculator<(int)1, unsigned int>, TrivialOffsetCalculator<(int)1, unsigned int>, at::native::memory::LoadWithCast<(int)1>, at::native::memory::StoreWithCast<(int)1>>(int, T1, T2, T3, T4, T5, T6)",712483.0
L|resblock_updown|C384|T64,"void group_norm_silu_quantize_resize_nhwc_kernel<__half, (bool)1, (bool)0, (bool)0>(const T1 *, signed char *, const T1 *, const T1 *, const T1 *, const T1 *, const float *, const float *, int, long, int, float, bool, int, int)",647047.0
L|attention|C768|T4,"gemm_w8a8_kernel_awq(const signed char *, const signed char *, const float *, float, __half *, int, int, int, int, const __half *, const __half *)",624069.0
L|resblock_plain|C1536|T4,ampere_fp16_s16816gemm_fp16_64x64_sliced1x2_ldg8_relu_f2f_stages_64x5_tn,577864.0
L|resblock_updown|C768|T4,"void at::native::<unnamed>::upsample_nearest2d_nhwc_out_frame<float, &at::native::nearest_neighbor_compute_source_index>(const T1 *, T1 *, unsigned long, unsigned long, unsigned long, unsigned long, unsigned long, float, float, unsigned long)",545795.0
L|resblock_updown|C768|T16,"void group_norm_silu_quantize_resize_nhwc_kernel<__half, (bool)1, (bool)1, (bool)0>(const T1 *, signed char *, const T1 *, const T1 *, const T1 *, const T1 *, const float *, const float *, int, long, int, float, bool, int, int)",516803.0
L|resblock_plain|C1152|T64,"void at::native::elementwise_kernel<(int)128, (int)4, void at::native::gpu_kernel_impl_nocast<at::native::CUDAFunctor_add<c10::Half>>(at::TensorIteratorBase &, const T1 &)::[lambda(int) (instance 1)]>(int, T3)",510661.0
L|resblock_updown|C768|T16,"void group_norm_silu_quantize_resize_nhwc_kernel<__half, (bool)1, (bool)0, (bool)0>(const T1 *, signed char *, const T1 *, const T1 *, const T1 *, const T1 *, const float *, const float *, int, long, int, float, bool, int, int)",460866.0
L|resblock_plain|C1536|T16,ampere_fp16_s16816gemm_fp16_64x64_sliced1x2_ldg8_relu_f2f_stages_64x5_tn,447872.0
L|resblock_plain|C384|T16,ampere_fp16_s16816gemm_fp16_256x128_ldg8_f2f_stages_32x3_tn,443556.0
L|resblock_plain|C1536|T16,"void at::native::elementwise_kernel<(int)128, (int)4, void at::native::gpu_kernel_impl_nocast<at::native::CUDAFunctor_add<c10::Half>>(at::TensorIteratorBase &, const T1 &)::[lambda(int) (instance 1)]>(int, T3)",441025.0
L|resblock_plain|C768|T4,"void at::native::elementwise_kernel<(int)128, (int)4, void at::native::gpu_kernel_impl_nocast<at::native::direct_copy_kernel_cuda(at::TensorIteratorBase &)::[lambda() (instance 3)]::operator ()() const::[lambda() (instance 10)]::operator ()() const::[lambda(c10::Half) (instance 1)]>(at::TensorIteratorBase &, const T1 &)::[lambda(int) (instance 1)]>(int, T3)",439619.0
L|attention|C768|T4,"void gemm_w8a8_kernel_awq_out_i8<(int)0>(const signed char *, const signed char *, const float *, float, const float *, const __half *, signed char *, int, int, int, int, signed char *, signed char *, signed char *, int, int, int, int)",433923.0
L|resblock_updown|C768|T16,ampere_fp16_s16816gemm_fp16_64x64_sliced1x2_ldg8_relu_f2f_stages_64x5_tn,410307.0
,"void at::native::elementwise_kernel<(int)128, (int)4, void at::native::gpu_kernel_impl<at::native::CUDAFunctor_add<float>>(at::TensorIteratorBase &, const T1 &)::[lambda(int) (instance 1)]>(int, T3)",378850.0
L|resblock_updown|C768|T16,"void at::native::<unnamed>::avg_pool2d_out_cuda_frame_nhwc<c10::Half, float>(int, const T1 *, long, long, long, int, int, int, int, int, int, int, int, T1 *, int, bool, bool)",375809.0
L|resblock_updown|C768|T16,"void at::native::unrolled_elementwise_kernel<at::native::direct_copy_kernel_cuda(at::TensorIteratorBase &)::[lambda() (instance 3)]::operator ()() const::[lambda() (instance 7)]::operator ()() const::[lambda(float) (instance 1)], at::detail::Array<char *, (int)2>, TrivialOffsetCalculator<(int)1, unsigned int>, TrivialOffsetCalculator<(int)1, unsigned int>, at::native::memory::LoadWithCast<(int)1>, at::native::memory::StoreWithCast<(int)1>>(int, T1, T2, T3, T4, T5, T6)",362658.0
L|resblock_updown|C768|T4,"void at::native::unrolled_elementwise_kernel<at::native::direct_copy_kernel_cuda(at::TensorIteratorBase &)::[lambda() (instance 3)]::operator ()() const::[lambda() (instance 10)]::operator ()() const::[lambda(c10::Half) (instance 1)], at::detail::Array<char *, (int)2>, TrivialOffsetCalculator<(int)1, unsigned int>, TrivialOffsetCalculator<(int)1, unsigned int>, at::native::memory::LoadWithCast<(int)1>, at::native::memory::StoreWithCast<(int)1>>(int, T1, T2, T3, T4, T5, T6)",355876.0
L|resblock_plain|C1536|T4,"void at::native::elementwise_kernel<(int)128, (int)4, void at::native::gpu_kernel_impl_nocast<at::native::direct_copy_kernel_cuda(at::TensorIteratorBase &)::[lambda() (instance 3)]::operator ()() const::[lambda() (instance 10)]::operator ()() const::[lambda(c10::Half) (instance 1)]>(at::TensorIteratorBase &, const T1 &)::[lambda(int) (instance 1)]>(int, T3)",350852.0
L|resblock_plain|C768|T256,"void at::native::elementwise_kernel<(int)128, (int)4, void at::native::gpu_kernel_impl_nocast<at::native::direct_copy_kernel_cuda(at::TensorIteratorBase &)::[lambda() (instance 3)]::operator ()() const::[lambda() (instance 10)]::operator ()() const::[lambda(c10::Half) (instance 1)]>(at::TensorIteratorBase &, const T1 &)::[lambda(int) (instance 1)]>(int, T3)",341155.0
L|resblock_plain|C384|T64,sm80_xmma_gemm_f16f16_f16f32_f32_tn_n_tilesize32x32x64_stage6_warpsize2x2x1_tensor16x8x16_kernel,334082.0
L|resblock_plain|C768|T256,sm80_xmma_gemm_f16f16_f16f32_f32_tn_n_tilesize32x32x64_stage6_warpsize2x2x1_tensor16x8x16_kernel,331524.0
L|resblock_updown|C384|T64,sm80_xmma_gemm_f16f16_f16f32_f32_tn_n_tilesize32x32x64_stage6_warpsize2x2x1_tensor16x8x16_kernel,330945.0
L|resblock_plain|C768|T64,"void at::native::elementwise_kernel<(int)128, (int)4, void at::native::gpu_kernel_impl_nocast<at::native::direct_copy_kernel_cuda(at::TensorIteratorBase &)::[lambda() (instance 3)]::operator ()() const::[lambda() (instance 10)]::operator ()() const::[lambda(c10::Half) (instance 1)]>(at::TensorIteratorBase &, const T1 &)::[lambda(int) (instance 1)]>(int, T3)",327714.0
L|resblock_plain|C384|T1024,"void at::native::elementwise_kernel<(int)128, (int)4, void at::native::gpu_kernel_impl_nocast<at::native::direct_copy_kernel_cuda(at::TensorIteratorBase &)::[lambda() (instance 3)]::operator ()() const::[lambda() (instance 10)]::operator ()() const::[lambda(c10::Half) (instance 1)]>(at::TensorIteratorBase &, const T1 &)::[lambda(int) (instance 1)]>(int, T3)",327712.0
L|resblock_plain|C768|T64,sm80_xmma_gemm_f16f16_f16f32_f32_tn_n_tilesize32x32x64_stage6_warpsize2x2x1_tensor16x8x16_kernel,324355.0
L|resblock_updown|C384|T256,sm80_xmma_gemm_f16f16_f16f32_f32_tn_n_tilesize32x32x64_stage6_warpsize2x2x1_tensor16x8x16_kernel,323301.0
L|resblock_plain|C1536|T16,"void at::native::elementwise_kernel<(int)128, (int)4, void at::native::gpu_kernel_impl_nocast<at::native::direct_copy_kernel_cuda(at::TensorIteratorBase &)::[lambda() (instance 3)]::operator ()() const::[lambda() (instance 10)]::operator ()() const::[lambda(c10::Half) (instance 1)]>(at::TensorIteratorBase &, const T1 &)::[lambda(int) (instance 1)]>(int, T3)",306849.0
L|resblock_updown|C768|T16,"void at::native::elementwise_kernel<(int)128, (int)4, void at::native::gpu_kernel_impl_nocast<at::native::direct_copy_kernel_cuda(at::TensorIteratorBase &)::[lambda() (instance 3)]::operator ()() const::[lambda() (instance 10)]::operator ()() const::[lambda(c10::Half) (instance 1)]>(at::TensorIteratorBase &, const T1 &)::[lambda(int) (instance 1)]>(int, T3)",287202.0
L|resblock_updown|C768|T4,"void group_norm_silu_quantize_resize_nhwc_kernel<__half, (bool)1, (bool)1, (bool)0>(const T1 *, signed char *, const T1 *, const T1 *, const T1 *, const T1 *, const float *, const float *, int, long, int, float, bool, int, int)",283041.0
L|resblock_updown|C384|T64,"void at::native::elementwise_kernel<(int)128, (int)4, void at::native::gpu_kernel_impl_nocast<at::native::direct_copy_kernel_cuda(at::TensorIteratorBase &)::[lambda() (instance 3)]::operator ()() const::[lambda() (instance 10)]::operator ()() const::[lambda(c10::Half) (instance 1)]>(at::TensorIteratorBase &, const T1 &)::[lambda(int) (instance 1)]>(int, T3)",276771.0
L|resblock_updown|C384|T256,"void at::native::elementwise_kernel<(int)128, (int)4, void at::native::gpu_kernel_impl_nocast<at::native::direct_copy_kernel_cuda(at::TensorIteratorBase &)::[lambda() (instance 3)]::operator ()() const::[lambda() (instance 10)]::operator ()() const::[lambda(c10::Half) (instance 1)]>(at::TensorIteratorBase &, const T1 &)::[lambda(int) (instance 1)]>(int, T3)",276129.0
L|resblock_plain|C1536|T4,"void at::native::elementwise_kernel<(int)128, (int)4, void at::native::gpu_kernel_impl_nocast<at::native::CUDAFunctor_add<c10::Half>>(at::TensorIteratorBase &, const T1 &)::[lambda(int) (instance 1)]>(int, T3)",240514.0
L|attention|C768|T4,"void group_norm_silu_quantize_nhwc_vec2_kernel<__half, (bool)1>(const T1 *, signed char *, const T1 *, const T1 *, const T1 *, const T1 *, const float *, const float *, int, long, int, float, bool)",232005.0
L|resblock_plain|C1152|T16,ampere_fp16_s16816gemm_fp16_64x64_sliced1x2_ldg8_relu_f2f_stages_64x5_tn,226338.0
L|resblock_plain|C192|T1024,sm80_xmma_gemm_f16f16_f16f32_f32_tn_n_tilesize32x32x64_stage6_warpsize2x2x1_tensor16x8x16_kernel,220450.0
L|resblock_plain|C768|T16,ampere_fp16_s16816gemm_fp16_64x64_sliced1x2_ldg8_relu_f2f_stages_64x5_tn,216993.0
L|resblock_plain|C384|T64,"void at::native::elementwise_kernel<(int)128, (int)4, void at::native::gpu_kernel_impl_nocast<at::native::direct_copy_kernel_cuda(at::TensorIteratorBase &)::[lambda() (instance 3)]::operator ()() const::[lambda() (instance 10)]::operator ()() const::[lambda(c10::Half) (instance 1)]>(at::TensorIteratorBase &, const T1 &)::[lambda(int) (instance 1)]>(int, T3)",212993.0
L|resblock_plain|C384|T1024,sm80_xmma_gemm_f16f16_f16f32_f32_tn_n_tilesize32x32x64_stage6_warpsize2x2x1_tensor16x8x16_kernel,207811.0
L|resblock_plain|C192|T1024,"void at::native::elementwise_kernel<(int)128, (int)4, void at::native::gpu_kernel_impl_nocast<at::native::direct_copy_kernel_cuda(at::TensorIteratorBase &)::[lambda() (instance 3)]::operator ()() const::[lambda() (instance 10)]::operator ()() const::[lambda(c10::Half) (instance 1)]>(at::TensorIteratorBase &, const T1 &)::[lambda(int) (instance 1)]>(int, T3)",204993.0
L|resblock_plain|C384|T16,ampere_fp16_s16816gemm_fp16_64x64_sliced1x2_ldg8_relu_f2f_stages_64x5_tn,204545.0
L|resblock_updown|C768|T4,ampere_fp16_s16816gemm_fp16_64x64_sliced1x2_ldg8_relu_f2f_stages_64x5_tn,203907.0
L|resblock_plain|C768|T4,"void at::native::vectorized_elementwise_kernel<(int)4, at::native::<unnamed>::silu_kernel(at::TensorIteratorBase &)::[lambda() (instance 1)]::operator ()() const::[lambda() (instance 5)]::operator ()() const::[lambda(c10::Half) (instance 1)], at::detail::Array<char *, (int)2>>(int, T2, T3)",194848.0
,"void nhwcAddPaddingKernel<__half, __half, float, (bool)1, (cudnnKernelDataType_t)0>(int, int, int, int, int, int, int, int, const T1 *, T2 *, int, int, int, int, T3, T3, cudnn::reduced_divisor, cudnn::reduced_divisor, cudnn::reduced_divisor)",191458.0
L|resblock_plain|C1152|T16,"void at::native::elementwise_kernel<(int)128, (int)4, void at::native::gpu_kernel_impl_nocast<at::native::CUDAFunctor_add<c10::Half>>(at::TensorIteratorBase &, const T1 &)::[lambda(int) (instance 1)]>(int, T3)",187617.0
L|resblock_plain|C384|T16,"void at::native::elementwise_kernel<(int)128, (int)4, void at::native::gpu_kernel_impl_nocast<at::native::CUDAFunctor_add<c10::Half>>(at::TensorIteratorBase &, const T1 &)::[lambda(int) (instance 1)]>(int, T3)",187072.0
L|resblock_plain|C192|T256,"void at::native::elementwise_kernel<(int)128, (int)4, void at::native::gpu_kernel_impl_nocast<at::native::direct_copy_kernel_cuda(at::TensorIteratorBase &)::[lambda() (instance 3)]::operator ()() const::[lambda() (instance 10)]::operator ()() const::[lambda(c10::Half) (instance 1)]>(at::TensorIteratorBase &, const T1 &)::[lambda(int) (instance 1)]>(int, T3)",171171.0
L|resblock_plain|C576|T256,"void at::native::elementwise_kernel<(int)128, (int)4, void at::native::gpu_kernel_impl_nocast<at::native::direct_copy_kernel_cuda(at::TensorIteratorBase &)::[lambda() (instance 3)]::operator ()() const::[lambda() (instance 10)]::operator ()() const::[lambda(c10::Half) (instance 1)]>(at::TensorIteratorBase &, const T1 &)::[lambda(int) (instance 1)]>(int, T3)",170370.0
L|attention|C768|T4,"void flash_attn_int8_qi8packed_small_qout_kernel<(int)4, (int)96, (int)4, (bool)0>(const signed char *, const float *, signed char *, int, int, float, float, float, int)",168768.0
L|resblock_plain|C192|T256,sm80_xmma_gemm_f16f16_f16f32_f32_tn_n_tilesize32x32x64_stage6_warpsize2x2x1_tensor16x8x16_kernel,167396.0
L|resblock_plain|C1152|T64,"void at::native::elementwise_kernel<(int)128, (int)4, void at::native::gpu_kernel_impl_nocast<at::native::direct_copy_kernel_cuda(at::TensorIteratorBase &)::[lambda() (instance 3)]::operator ()() const::[lambda() (instance 10)]::operator ()() const::[lambda(c10::Half) (instance 1)]>(at::TensorIteratorBase &, const T1 &)::[lambda(int) (instance 1)]>(int, T3)",166146.0
L|resblock_plain|C576|T256,sm80_xmma_gemm_f16f16_f16f32_f32_tn_n_tilesize32x32x64_stage6_warpsize2x2x1_tensor16x8x16_kernel,165409.0
L|resblock_plain|C1536|T4,"void at::native::vectorized_elementwise_kernel<(int)4, at::native::<unnamed>::silu_kernel(at::TensorIteratorBase &)::[lambda() (instance 1)]::operator ()() const::[lambda() (instance 5)]::operator ()() const::[lambda(c10::Half) (instance 1)], at::detail::Array<char *, (int)2>>(int, T2, T3)",164896.0
L|resblock_plain|C576|T1024,"void at::native::elementwise_kernel<(int)128, (int)4, void at::native::gpu_kernel_impl_nocast<at::native::direct_copy_kernel_cuda(at::TensorIteratorBase &)::[lambda() (instance 3)]::operator ()() const::[lambda() (instance 10)]::operator ()() const::[lambda(c10::Half) (instance 1)]>(at::TensorIteratorBase &, const T1 &)::[lambda(int) (instance 1)]>(int, T3)",164256.0
L|resblock_plain|C384|T256,sm80_xmma_gemm_f16f16_f16f32_f32_tn_n_tilesize32x32x64_stage6_warpsize2x2x1_tensor16x8x16_kernel,164227.0
L|resblock_plain|C1152|T64,sm80_xmma_gemm_f16f16_f16f32_f32_tn_n_tilesize32x32x64_stage6_warpsize2x2x1_tensor16x8x16_kernel,163617.0
,sm80_xmma_gemm_f16f16_f16f32_f32_tn_n_tilesize32x32x64_stage6_warpsize2x2x1_tensor16x8x16_kernel,161699.0
,"void at::native::vectorized_elementwise_kernel<(int)4, at::native::AUnaryFunctor<c10::Half, c10::Half, c10::Half, at::native::binary_internal::MulFunctor<float>>, at::detail::Array<char *, (int)2>>(int, T2, T3)",157058.0
L|resblock_updown|C768|T4,"void at::native::elementwise_kernel<(int)128, (int)4, void at::native::gpu_kernel_impl_nocast<at::native::direct_copy_kernel_cuda(at::TensorIteratorBase &)::[lambda() (instance 3)]::operator ()() const::[lambda() (instance 10)]::operator ()() const::[lambda(c10::Half) (instance 1)]>(at::TensorIteratorBase &, const T1 &)::[lambda(int) (instance 1)]>(int, T3)",156928.0
L|resblock_plain|C1152|T16,"void at::native::elementwise_kernel<(int)128, (int)4, void at::native::gpu_kernel_impl_nocast<at::native::direct_copy_kernel_cuda(at::TensorIteratorBase &)::[lambda() (instance 3)]::operator ()() const::[lambda() (instance 10)]::operator ()() const::[lambda(c10::Half) (instance 1)]>(at::TensorIteratorBase &, const T1 &)::[lambda(int) (instance 1)]>(int, T3)",150913.0
L|resblock_plain|C384|T16,"void at::native::elementwise_kernel<(int)128, (int)4, void at::native::gpu_kernel_impl_nocast<at::native::direct_copy_kernel_cuda(at::TensorIteratorBase &)::[lambda() (instance 3)]::operator ()() const::[lambda() (instance 10)]::operator ()() const::[lambda(c10::Half) (instance 1)]>(at::TensorIteratorBase &, const T1 &)::[lambda(int) (instance 1)]>(int, T3)",144864.0
L|resblock_plain|C384|T64,"void at::native::vectorized_elementwise_kernel<(int)4, at::native::<unnamed>::silu_kernel(at::TensorIteratorBase &)::[lambda() (instance 1)]::operator ()() const::[lambda() (instance 5)]::operator ()() const::[lambda(c10::Half) (instance 1)], at::detail::Array<char *, (int)2>>(int, T2, T3)",121858.0
L|resblock_plain|C768|T64,"void at::native::vectorized_elementwise_kernel<(int)4, at::native::<unnamed>::silu_kernel(at::TensorIteratorBase &)::[lambda() (instance 1)]::operator ()() const::[lambda() (instance 5)]::operator ()() const::[lambda(c10::Half) (instance 1)], at::detail::Array<char *, (int)2>>(int, T2, T3)",120803.0
L|resblock_plain|C192|T1024,"void at::native::vectorized_elementwise_kernel<(int)4, at::native::<unnamed>::silu_kernel(at::TensorIteratorBase &)::[lambda() (instance 1)]::operator ()() const::[lambda() (instance 5)]::operator ()() const::[lambda(c10::Half) (instance 1)], at::detail::Array<char *, (int)2>>(int, T2, T3)",119427.0
L|resblock_plain|C768|T256,"void at::native::vectorized_elementwise_kernel<(int)4, at::native::<unnamed>::silu_kernel(at::TensorIteratorBase &)::[lambda() (instance 1)]::operator ()() const::[lambda() (instance 5)]::operator ()() const::[lambda(c10::Half) (instance 1)], at::detail::Array<char *, (int)2>>(int, T2, T3)",119040.0
,"void at::native::vectorized_elementwise_kernel<(int)4, at::native::AUnaryFunctor<float, float, float, at::native::binary_internal::MulFunctor<float>>, at::detail::Array<char *, (int)2>>(int, T2, T3)",118688.0
L|resblock_plain|C1536|T16,"void at::native::vectorized_elementwise_kernel<(int)4, at::native::<unnamed>::silu_kernel(at::TensorIteratorBase &)::[lambda() (instance 1)]::operator ()() const::[lambda() (instance 5)]::operator ()() const::[lambda(c10::Half) (instance 1)], at::detail::Array<char *, (int)2>>(int, T2, T3)",117730.0
L|resblock_updown|C384|T64,"void at::native::vectorized_elementwise_kernel<(int)4, at::native::<unnamed>::silu_kernel(at::TensorIteratorBase &)::[lambda() (instance 1)]::operator ()() const::[lambda() (instance 5)]::operator ()() const::[lambda(c10::Half) (instance 1)], at::detail::Array<char *, (int)2>>(int, T2, T3)",117474.0
L|resblock_updown|C384|T256,"void at::native::vectorized_elementwise_kernel<(int)4, at::native::<unnamed>::silu_kernel(at::TensorIteratorBase &)::[lambda() (instance 1)]::operator ()() const::[lambda() (instance 5)]::operator ()() const::[lambda(c10::Half) (instance 1)], at::detail::Array<char *, (int)2>>(int, T2, T3)",116896.0
L|resblock_updown|C768|T4,"void at::native::unrolled_elementwise_kernel<at::native::direct_copy_kernel_cuda(at::TensorIteratorBase &)::[lambda() (instance 3)]::operator ()() const::[lambda() (instance 7)]::operator ()() const::[lambda(float) (instance 1)], at::detail::Array<char *, (int)2>, TrivialOffsetCalculator<(int)1, unsigned int>, TrivialOffsetCalculator<(int)1, unsigned int>, at::native::memory::LoadWithCast<(int)1>, at::native::memory::StoreWithCast<(int)1>>(int, T1, T2, T3, T4, T5, T6)",116673.0
L|resblock_plain|C768|T16,"void at::native::elementwise_kernel<(int)128, (int)4, void at::native::gpu_kernel_impl_nocast<at::native::direct_copy_kernel_cuda(at::TensorIteratorBase &)::[lambda() (instance 3)]::operator ()() const::[lambda() (instance 10)]::operator ()() const::[lambda(c10::Half) (instance 1)]>(at::TensorIteratorBase &, const T1 &)::[lambda(int) (instance 1)]>(int, T3)",114336.0
L|resblock_updown|C768|T16,"void at::native::vectorized_elementwise_kernel<(int)4, at::native::<unnamed>::silu_kernel(at::TensorIteratorBase &)::[lambda() (instance 1)]::operator ()() const::[lambda() (instance 5)]::operator ()() const::[lambda(c10::Half) (instance 1)], at::detail::Array<char *, (int)2>>(int, T2, T3)",111649.0
L|resblock_plain|C384|T1024,"void at::native::vectorized_elementwise_kernel<(int)4, at::native::<unnamed>::silu_kernel(at::TensorIteratorBase &)::[lambda() (instance 1)]::operator ()() const::[lambda() (instance 5)]::operator ()() const::[lambda(c10::Half) (instance 1)], at::detail::Array<char *, (int)2>>(int, T2, T3)",111648.0
L|resblock_plain|C384|T256,"void at::native::elementwise_kernel<(int)128, (int)4, void at::native::gpu_kernel_impl_nocast<at::native::direct_copy_kernel_cuda(at::TensorIteratorBase &)::[lambda() (instance 3)]::operator ()() const::[lambda() (instance 10)]::operator ()() const::[lambda(c10::Half) (instance 1)]>(at::TensorIteratorBase &, const T1 &)::[lambda(int) (instance 1)]>(int, T3)",107201.0
L|resblock_updown|C192|T1024,sm80_xmma_gemm_f16f16_f16f32_f32_tn_n_tilesize32x32x64_stage6_warpsize2x2x1_tensor16x8x16_kernel,106241.0
L|resblock_updown|C192|T1024,"void at::native::elementwise_kernel<(int)128, (int)4, void at::native::gpu_kernel_impl_nocast<at::native::direct_copy_kernel_cuda(at::TensorIteratorBase &)::[lambda() (instance 3)]::operator ()() const::[lambda() (instance 10)]::operator ()() const::[lambda(c10::Half) (instance 1)]>(at::TensorIteratorBase &, const T1 &)::[lambda(int) (instance 1)]>(int, T3)",104737.0
L|resblock_plain|C576|T1024,sm80_xmma_gemm_f16f16_f16f32_f32_tn_n_tilesize32x32x64_stage6_warpsize2x2x1_tensor16x8x16_kernel,103521.0
,void cutlass::Kernel2<cutlass_80_wmma_tensorop_f16_s161616gemm_f16_32x32_128x2_tn_align8>(T1::Params),93761.0
,"void at::native::reduce_kernel<(int)512, (int)1, at::native::ReduceOp<long, at::native::func_wrapper_t<long, at::native::MaxNanFunctor<long>>, unsigned int, long, (int)4>>(T3)",69825.0
,"void at::native::<unnamed>::ComputeFusedParamsCUDAKernel<float>(long, long, long, const T1 *, const T1 *, const T1 *, const T1 *, at::AccumulateType<T1, (bool)1>::type *, at::AccumulateType<T1, (bool)1>::type *)",69312.0
,"void at::native::<unnamed>::indexSelectLargeIndex<float, long, unsigned int, (int)2, (int)2, (int)-2, (bool)1>(at::cuda::detail::TensorInfo<T1, T3>, at::cuda::detail::TensorInfo<const T1, T3>, at::cuda::detail::TensorInfo<const T2, T3>, int, int, T3, T3, long)",64448.0
L|resblock_updown|C768|T4,"void at::native::vectorized_elementwise_kernel<(int)4, at::native::<unnamed>::silu_kernel(at::TensorIteratorBase &)::[lambda() (instance 1)]::operator ()() const::[lambda() (instance 5)]::operator ()() const::[lambda(c10::Half) (instance 1)], at::detail::Array<char *, (int)2>>(int, T2, T3)",61473.0
L|resblock_plain|C192|T256,"void at::native::vectorized_elementwise_kernel<(int)4, at::native::<unnamed>::silu_kernel(at::TensorIteratorBase &)::[lambda() (instance 1)]::operator ()() const::[lambda() (instance 5)]::operator ()() const::[lambda(c10::Half) (instance 1)], at::detail::Array<char *, (int)2>>(int, T2, T3)",61089.0
L|resblock_plain|C384|T16,"void at::native::vectorized_elementwise_kernel<(int)4, at::native::<unnamed>::silu_kernel(at::TensorIteratorBase &)::[lambda() (instance 1)]::operator ()() const::[lambda() (instance 5)]::operator ()() const::[lambda(c10::Half) (instance 1)], at::detail::Array<char *, (int)2>>(int, T2, T3)",59265.0
L|resblock_plain|C384|T256,"void at::native::vectorized_elementwise_kernel<(int)4, at::native::<unnamed>::silu_kernel(at::TensorIteratorBase &)::[lambda() (instance 1)]::operator ()() const::[lambda() (instance 5)]::operator ()() const::[lambda(c10::Half) (instance 1)], at::detail::Array<char *, (int)2>>(int, T2, T3)",59265.0
L|resblock_plain|C576|T256,"void at::native::vectorized_elementwise_kernel<(int)4, at::native::<unnamed>::silu_kernel(at::TensorIteratorBase &)::[lambda() (instance 1)]::operator ()() const::[lambda() (instance 5)]::operator ()() const::[lambda(c10::Half) (instance 1)], at::detail::Array<char *, (int)2>>(int, T2, T3)",59009.0
L|resblock_plain|C1152|T16,"void at::native::vectorized_elementwise_kernel<(int)4, at::native::<unnamed>::silu_kernel(at::TensorIteratorBase &)::[lambda() (instance 1)]::operator ()() const::[lambda() (instance 5)]::operator ()() const::[lambda(c10::Half) (instance 1)], at::detail::Array<char *, (int)2>>(int, T2, T3)",58816.0
L|resblock_plain|C1152|T64,"void at::native::vectorized_elementwise_kernel<(int)4, at::native::<unnamed>::silu_kernel(at::TensorIteratorBase &)::[lambda() (instance 1)]::operator ()() const::[lambda() (instance 5)]::operator ()() const::[lambda(c10::Half) (instance 1)], at::detail::Array<char *, (int)2>>(int, T2, T3)",58593.0
L|resblock_updown|C192|T1024,"void at::native::vectorized_elementwise_kernel<(int)4, at::native::<unnamed>::silu_kernel(at::TensorIteratorBase &)::[lambda() (instance 1)]::operator ()() const::[lambda() (instance 5)]::operator ()() const::[lambda(c10::Half) (instance 1)], at::detail::Array<char *, (int)2>>(int, T2, T3)",55969.0
L|resblock_plain|C768|T16,"void at::native::vectorized_elementwise_kernel<(int)4, at::native::<unnamed>::silu_kernel(at::TensorIteratorBase &)::[lambda() (instance 1)]::operator ()() const::[lambda() (instance 5)]::operator ()() const::[lambda(c10::Half) (instance 1)], at::detail::Array<char *, (int)2>>(int, T2, T3)",55585.0
L|resblock_plain|C576|T1024,"void at::native::vectorized_elementwise_kernel<(int)4, at::native::<unnamed>::silu_kernel(at::TensorIteratorBase &)::[lambda() (instance 1)]::operator ()() const::[lambda() (instance 5)]::operator ()() const::[lambda(c10::Half) (instance 1)], at::detail::Array<char *, (int)2>>(int, T2, T3)",54561.0
,"void at::native::vectorized_elementwise_kernel<(int)4, at::native::<unnamed>::silu_kernel(at::TensorIteratorBase &)::[lambda() (instance 1)]::operator ()() const::[lambda() (instance 5)]::operator ()() const::[lambda(c10::Half) (instance 1)], at::detail::Array<char *, (int)2>>(int, T2, T3)",35744.0
,"void at::native::vectorized_elementwise_kernel<(int)4, at::native::FillFunctor<long>, at::detail::Array<char *, (int)1>>(int, T2, T3)",31072.0
,"void at::native::<unnamed>::distribution_elementwise_grid_stride_kernel<float, (int)4, void at::native::templates::cuda::normal_and_transform<float, float, (unsigned long)4, at::CUDAGeneratorImpl *, void at::native::templates::cuda::normal_kernel<at::CUDAGeneratorImpl *>(const at::TensorBase &, double, double, T1)::[lambda() (instance 1)]::operator ()() const::[lambda() (instance 2)]::operator ()() const::[lambda(float) (instance 1)]>(at::TensorIteratorBase &, T4, T5)::[lambda(curandStatePhilox4_32_10 *) (instance 2)], void at::native::<unnamed>::distribution_nullary_kernel<float, float, (int)4, at::CUDAGeneratorImpl *, void at::native::templates::cuda::normal_and_transform<float, float, (unsigned long)4, at::CUDAGeneratorImpl *, void at::native::templates::cuda::normal_kernel<at::CUDAGeneratorImpl *>(const at::TensorBase &, double, double, T1)::[lambda() (instance 1)]::operator ()() const::[lambda() (instance 2)]::operator ()() const::[lambda(float) (instance 1)]>(at::TensorIteratorBase &, T4, T5)::[lambda(curandStatePhilox4_32_10 *) (instance 2)], void at::native::templates::cuda::normal_kernel<at::CUDAGeneratorImpl *>(const at::TensorBase &, double, double, T1)::[lambda() (instance 1)]::operator ()() const::[lambda() (instance 2)]::operator ()() const::[lambda(float) (instance 1)]>(at::TensorIteratorBase &, T4, const T5 &, T6)::[lambda(int, float) (instance 1)]>(int, at::PhiloxCudaState, T3, T4)",6720.0
,"void at::native::vectorized_elementwise_kernel<(int)4, at::native::CUDAFunctorOnOther_add<float>, at::detail::Array<char *, (int)2>>(int, T2, T3)",4032.0
,"void at::native::vectorized_elementwise_kernel<(int)4, at::native::BinaryFunctor<float, float, float, at::native::binary_internal::DivFunctor<float>>, at::detail::Array<char *, (int)3>>(int, T2, T3)",3264.0
,"void at::native::vectorized_elementwise_kernel<(int)4, at::native::sqrt_kernel_cuda(at::TensorIteratorBase &)::[lambda() (instance 2)]::operator ()() const::[lambda() (instance 2)]::operator ()() const::[lambda(float) (instance 1)], at::detail::Array<char *, (int)2>>(int, T2, T3)",1568.0
,"void at::native::vectorized_elementwise_kernel<(int)4, at::native::BinaryFunctor<float, float, float, at::native::binary_internal::MulFunctor<float>>, at::detail::Array<char *, (int)3>>(int, T2, T3)",1408.0
